snapshot_date,port,status,berth_name,vessel_name,vessel_type,vessel_dimensions,cargo,cargo_category,quantity_mts,quantity_mts_numeric,direction,arrival_or_eta,berth_or_etb,etc_or_etcd,origin_destination,shipper_receiver,agent,remarks
10-08-2026,KARAIKAL,Expected,,MV. ZAHAB JAHAN 1,,,GYPSUM,Dry/General Bulk,54850,54850,IMP,12-08-2026,,,,,,
10-08-2026,KARAIKAL,Expected,,MV. CHRISEA,,,COAL,Dry/General Bulk,75850,75850,IMP,13-08-2026,,,,,,
10-08-2026,KARAIKAL,Expected,,MV. VSG PIONEER,,,COAL,Dry/General Bulk,75000,75000,IMP,14-08-2026,,,,,,
10-08-2026,KARAIKAL,Expected,,MV. SAKIZAAYA VICTORY,,,COAL,Dry/General Bulk,77000,77000,IMP,14-08-2026,,,,,,
10-08-2026,GOPALPUR,Working,MPB-1,MV SKIATHOS,,,MET COKE,Dry/General Bulk,22791,22791,D,08-08-2026,08-08-2026,10-08-2026,,,EVEREADY (OPA)/ ALAP CARRIERS (CA),
10-08-2026,GOPALPUR,Expected,MPB-1,MV TONG YING,,,MET COKE,Dry/General Bulk,22322,22322,D,13-08-2026,13-08-2026,15-08-2026,,,OMPL,
10-08-2026,GOPALPUR,Expected,MPB-2,MV CHOLA DESTINY,,,GYPSUM,Dry/General Bulk,50000,50000,D,15-08-2026,15-08-2026,17-08-2026,,,ACCESS DEVELOPER PVT. LTD.,
10-08-2026,GOPALPUR,Expected,MPB-3,MV LH ANTHEA,,,LIMESTONE,Dry/General Bulk,74509,74509,D,19-08-2026,19-08-2026,22-08-2026,,,SEATRANS,
10-08-2026,CHENNAI,Working,JD1,KHOJALY,,,J BAG-SODA ASH/PROJ/STEEL,Dry/General Bulk,25551/750/8481,,D/D/D,04-08-2026,04-08-2026,11-08-2026,,,UNITRANS,
10-08-2026,CHENNAI,Expected,JD5,AMNS POLAR,,,S.COILS/ST.PLATES,Dry/General Bulk,13040,13040,D,12-08-2026,12-08-2026,14-08-2026,,,SAMSARA,
10-08-2026,CHENNAI,Expected,SQ1/JD1,ONE AND ONLY,,,PROJ,Other,600,600,L,12-08-2026,12-08-2026,14-08-2026,,,NTC,
10-08-2026,CHENNAI,Expected,JD2,LEOPARD II,,,BARY,Other,55000,55000,L,13-08-2026,13-08-2026,17-08-2026,,,ATLANTIC,
10-08-2026,CHENNAI,Expected,WQ3/4,QUEEN COARL,,,SCOIL,Other,2462,2462,D,13-08-2026,13-08-2026,14-08-2026,,,PUYVAST,
10-08-2026,CHENNAI,Expected,WQ2,GLOVIS SILVER,,,CARS,Other,4500,4500,L,14-08-2026,14-08-2026,15-08-2026,,,CARTRANS,
10-08-2026,CHENNAI,Expected,SQ1/JD1,SEA STELLAR,,,PROJ/STEEL,Dry/General Bulk,795-7843,,D/D,14-08-2026,14-08-2026,16-08-2026,,,UNITRANS,
10-08-2026,CHENNAI,Expected,,STAR LYSEFJORD,,,PROJ,Other,110,110,L,15-08-2026,15-08-2026,16-08-2026,,,PEARL,
10-08-2026,CHENNAI,Expected,,HT LOTUS,,,FLOU,Other,10000,10000,D,16-08-2026,16-08-2026,18-08-2026,,,SEAGREEN,
10-08-2026,CHENNAI,Expected,JD1/3/5,CHARLIE,,,PROJ,Other,4,4,D,20-08-2026,20-08-2026,22-08-2026,,,PAREKH,
10-08-2026,CHENNAI,Expected,,ECO CHEYENNE,,,PROJ,Other,,,L,20-08-2026,20-08-2026,22-08-2026,,,MARCONS,
10-08-2026,ENNORE,Working,CB1,CHENNAI VALARCHI,,,T COAL,Dry/General Bulk,74268,74268,D,08-08-2026,CB1,11-08-2026,,,SEAPORT,COASTAL
10-08-2026,ENNORE,Working,CB2,APJ ANGAD 2,,,T COAL,Dry/General Bulk,75230,75230,D,09-08-2026,CB2,11-08-2026,,,JESPA,COASTAL
10-08-2026,ENNORE,Working,MLT,Diwakar,,,HSD/MS,Liquid/Chemical Bulk,23000,23000,D,09-08-2026,MLT,10-08-2026,,,GREAT VOYAGE,COASTAL
10-08-2026,ENNORE,Working,ECTPL,Trood Osoak,,,S.COAL,Dry/General Bulk,82000,82000,D,08-08-2026,ECTPL,12-08-2026,,,UNICORN,
10-08-2026,ENNORE,Working,EBTPL,Royal Lavrel,,,BARITES,Other,77000,77000,L,06-08-2026,EBTPL,11-08-2026,,,SL SHIPPING,
10-08-2026,ENNORE,Waiting,EBTPL,BRONE LADY,,,ST.WI.ROD,Other,11500,11500,L,20-07-2026,12-08-2026,14-08-2026,,,SEAGREEN,
10-08-2026,ENNORE,Waiting,MLT,Stena Progressive,,,HSD/MS,Liquid/Chemical Bulk,15000,15000,D,09-08-2026,10-08-2026,11-08-2026,,,ATLANTIC,COASTAL
10-08-2026,ENNORE,Waiting,MLT,WILOWS,,,HSD/MS,Liquid/Chemical Bulk,19000,19000,D,09-08-2026,11-08-2026,12-08-2026,,,SAMSARA,COASTAL
10-08-2026,ENNORE,Expected,ECTPL,Alasia,,,T COAL,Dry/General Bulk,59400,59400,D,11-08-2026,12-08-2026,13-08-2026,,,MERCHANT,COASTAL
10-08-2026,ENNORE,Expected,GCB,Orion Highway,,,AUTOMOBILE,Other,600,600,L,11-08-2026,11-08-2026,12-08-2026,,,K STEAM,
10-08-2026,ENNORE,Expected,CB1,CHOLA LEGACY,,,T COAL,Dry/General Bulk,76410,76410,D,11-08-2026,11-08-2026,14-08-2026,,,SEAPORT,
10-08-2026,ENNORE,Expected,ECTPL,TIDE JUPITER,,,S COAL,Dry/General Bulk,75702,75702,D,14-08-2026,16-08-2026,18-08-2026,,,PEARL,
10-08-2026,ENNORE,Expected,GCB,TARUS LEADER,,,AUTOMOBILE,Other,18000,18000,L,14-08-2026,14-08-2026,15-08-2026,,,NYK,
10-08-2026,ENNORE,Expected,EBTPL,SHENLI,,,BARYTES,Other,54000,54000,D,14-08-2026,14-08-2026,17-08-2026,,,EVERWIN,
10-08-2026,ENNORE,Expected,ECTPL,STAR EVA,,,S COAL,Dry/General Bulk,103901,103901,D,15-08-2026,19-08-2026,23-08-2026,,,MERCHANT,
10-08-2026,ENNORE,Expected,ECTPL,SUNRISE I,,,S COAL,Dry/General Bulk,40952,40952,D,14-08-2026,18-08-2026,19-08-2026,,,PEARL,
10-08-2026,ENNORE,Expected,GCB,Jasper Arrow,,,AUTOMOBILE,Other,900,900,L,24-08-2026,24-08-2026,25-08-2026,,,K STEAM,
10-08-2026,KRISHNAPATNAM,Working,WB-3,MV PIONEER KIRA,,,FELDSPAR,Other,27000,27000,L,07-08-2026,08-08-2026,11-08-2026,BANGLADESH,,ATLANTIC GLOBAL SHIPPING PVT LTD,
10-08-2026,KRISHNAPATNAM,Working,WB-2,MT ZY LUNA,,,CPO,Other,15528.647000000001,15528.647,D,03-08-2026,09-08-2026,12-08-2026,MALAYSIA,,MARINELINKS SHIPPING AGENCIES,
10-08-2026,KRISHNAPATNAM,Working,S4,MV LILA SEOUL,,,GYPSUM,Dry/General Bulk,76442,76442,D,07-08-2026,07-08-2026,11-08-2026,OMAN,,SEATRANS MARINE PVT LTD.,
10-08-2026,KRISHNAPATNAM,Working,7,MV LADY,,,COAL,Dry/General Bulk,61500,61500,D,09-08-2026,09-08-2026,12-08-2026,HALDIA & PARADIP,,SARAT CHATTERJEE & CO (VSP) PVT LTD,
10-08-2026,KRISHNAPATNAM,Working,6,MV DORIC KATANA,,,COAL,Dry/General Bulk,79000,79000,D,07-08-2026,08-08-2026,11-08-2026,PARADIP,,M/S.SARAT CHATTERJEE & CO (VSP) PVT LTD,
10-08-2026,KRISHNAPATNAM,Working,5,MV XH META,,,IRON ORE FINES,Dry/General Bulk,188824,188824,D,07-08-2026,08-08-2026,13-08-2026,BRAZIL,,GPR MARITIME AGENCIES.,
10-08-2026,KRISHNAPATNAM,Working,4,MV MEDUSA,,,UREA,Other,47000,47000,D,07-08-2026,08-08-2026,12-08-2026,CHINA,,TAURUS SHIPPING,
10-08-2026,KRISHNAPATNAM,Working,3,MV PATMOS JOHN,,,BARYTES,Other,27225,27225,L,09-08-2026,09-08-2026,10-08-2026,"YANBU, SAUDI ARABIA",,SRI SRINIVASA MARINE AGENCIES,
10-08-2026,KRISHNAPATNAM,Working,2,MV PRINCESS GRACE,,,COAL,Dry/General Bulk,73035,73035,D,09-08-2026,09-08-2026,14-08-2026,RUSSIA,,UNICORN MARITIMES (INDIA) PVT LTD,
10-08-2026,KRISHNAPATNAM,Expected,3,MV XIN HAI TONG 17,,,GYPSUM,Dry/General Bulk,54878,54878,D,11-08-2026,11-08-2026,15-08-2026,OMAN,,SEAGREEN STEVEDORING AND LOGISTICS PVT LTD,
10-08-2026,KRISHNAPATNAM,Expected,WB-3,MT KEYSTONE,,,CPO-8800MT & RBD -3008MT,Other,11808,11808,D,11-08-2026,11-08-2026,13-08-2026,INDONESIA,,ATLANTIC GLOBAL SHIPPING PVT LTD,
10-08-2026,KRISHNAPATNAM,Expected,WB-1,MT THERESA LEO,,,CPO,Other,15997.700999999999,15997.701,D,11-08-2026,11-08-2026,14-08-2026,MALAYSIA,,INTEROCEAN SHIPPING(INDIA)PVT LTD,
10-08-2026,KRISHNAPATNAM,Expected,4,MV JUNO PACIFIC,,,AMMONIUM PHOSHATE,Other,30530,30530,D,12-08-2026,12-08-2026,15-08-2026,"LUBUK GAUNG, INDONESIA",,ALAP CARRIERS,
10-08-2026,KRISHNAPATNAM,Expected,S4A,MV ELIM COURAGE,,,GRANITE,Other,10500,10500,L,12-08-2026,12-08-2026,14-08-2026,CHINA,,PUYVAST LOGISTICS PVT LTD,
10-08-2026,KRISHNAPATNAM,Expected,1,MV NAN XIN 9,,,COAL,Dry/General Bulk,45500,45500,D,13-08-2026,13-08-2026,16-08-2026,RUSSIA,,SEATRANS MARINE PVT. LTD,
10-08-2026,KRISHNAPATNAM,Expected,8,MV LADY J,,,COAL,Dry/General Bulk,67500,67500,D,13-08-2026,13-08-2026,15-08-2026,INDONESIA,,J M BAXI MARINE SERVICES PVT. LTD.,
10-08-2026,KRISHNAPATNAM,Expected,6,M.V GIORGAKIS,,,COAL,Dry/General Bulk,79000,79000,D,13-08-2026,13-08-2026,15-08-2026,PARADIP,,M/S.SARAT CHATTERJEE & CO,
10-08-2026,KRISHNAPATNAM,Expected,2,MV CAPT EUGENE,,,FERTILIZER,Dry/General Bulk,34262,34262,D,14-08-2026,14-08-2026,18-08-2026,MOROCCO,,ATLANTIC GLOBAL SHIPPING PVT LTD,
10-08-2026,KRISHNAPATNAM,Expected,S4,MV DOUKATO,,,THERMAL COAL,Dry/General Bulk,83680,83680,D,15-08-2026,15-08-2026,19-08-2026,"NACALA PORT, MOZAMBIQUE",,SPARTANS MARINE SERVICES PRIVATE LIMITED,
10-08-2026,KRISHNAPATNAM,Expected,5,MV CAPE TAIZHOU,,,IRON ORE FINES,Dry/General Bulk,156326,156326,D,15-08-2026,15-08-2026,20-08-2026,RUSSIA,,MERCHANT SHIPPING SERVICES PVT. LTD.,
10-08-2026,KRISHNAPATNAM,Expected,6,MV ANDROS SPIRIT,,,COAL,Dry/General Bulk,79927,79927,D,16-08-2026,16-08-2026,18-08-2026,"RICHARDS BAY, SOUTH AFRICA",,JYOTHI MARINE SERVICES PVT LTD- OPA GAC SHIPPING,
10-08-2026,KRISHNAPATNAM,Expected,4,MV LV DAISY,,,DAP,Other,31400,31400,D,18-08-2026,18-08-2026,21-08-2026,"AQABA INDUSTRIAL, JORDAN",,***,
10-08-2026,KRISHNAPATNAM,Expected,1,MV XIN CHEN HAI YANG,,,SHIP UNLOADERS,Other,4098.8469999999998,4098.847,D,19-08-2026,19-08-2026,25-08-2026,CHINA,,SAMSARA SHIPPING PVT LTD,
10-08-2026,KRISHNAPATNAM,Expected,3,MV WESER POINT,,,LIMESTONE,Dry/General Bulk,76200,76200,D,19-08-2026,19-08-2026,22-08-2026,CHINA,,MERCHANT SHIPPING SERVICES PVT. LTD.,
10-08-2026,KRISHNAPATNAM,Expected,2,MV. SUN ISLAND,,,COAL,Dry/General Bulk,38230,38230,D,20-08-2026,20-08-2026,22-08-2026,"HAYPOINT, AUSTRALIA",,ASSOCIATED SHIPPING SERVICES,
10-08-2026,KRISHNAPATNAM,Expected,1,MV VITA MELODY,,,COAL,Dry/General Bulk,48871,48871,D,28-05-2026,28-05-2026,31-05-2026,INDONESIA,,JYOTHI MARINE,
10-08-2026,SANDHEADS,Working,,PELOPIDAS,,G'LESS,REVERT,Other,,,,NOT READY,090600,REVERT,,,N/A,
10-08-2026,SANDHEADS,Working,,THERE ARE 4 VIRTUAL ANCHORAGE POINTS AT SAGAR AND 4 VESSELS CAN WORK SIMULTANEOUSLY SUB PORT CONSIDERATION,,,,Other,,,,,,,,,,
10-08-2026,SANDHEADS,Working,,"VESSEL'S BERTHING MOVEMENT DEPENDS ON ALL FAVORABLE CONDITIONS SUCH AS CGO DOCS READINESS, VSL'S SENIORITY,",,,,Other,,,,,,,,,,
10-08-2026,SANDHEADS,Working,,"WEATHER CONDITIONS, CONGESTION & BERTH AVAILABILITY",,,,Other,,,,,,,,,,
10-08-2026,SANDHEADS,Working,,Port Working Hours: 24 x 7 basis,,,,Other,,,,,,,,,,
10-08-2026,SANDHEADS,Working,,COASTAL VESSELS HAVE OUSTING PRIORITY,,,,Other,,,,,,,,,,
10-08-2026,SAGAR,Waiting,,MV. WELL DREAM,,GEARED,LIMESTONE,Dry/General Bulk,,,,15-08-2026,16-08-2026,17-08-2026,,,GAC SHIPPING,
10-08-2026,SAGAR,Waiting,,MV. SEA FALCON,,GEARED,MANGANESE ORE,Dry/General Bulk,,,,15-08-2026,18-08-2026,19-08-2026,,,BOTHRA,
10-08-2026,HALDIA,Working,4B,MV. METTLE STARE-I,,GEARLESS,COKING COAL,Dry/General Bulk,32000,32000,DISCH,22-10-2025,23-10-2025,24-10-2025,,TATA STEEL,TMILL,
10-08-2026,HALDIA,Working,2,MV. PACIFIC STAR,,GEARLESS,STEAM COAL,Dry/General Bulk,23270,23270,DISCH,09-08-2026,10-08-2026,12-08-2026,,ANAND CARBO,SEATRANS,
10-08-2026,HALDIA,Working,3,MV. CHOLA PROSPERITY,,GEARLESS,THERMAL COAL,Dry/General Bulk,23050,23050,LOAD,09-08-2026,09-08-2026,10-08-2026,,APPDCL,SEATRANS,
10-08-2026,HALDIA,Working,4,MV. BADGER,,GEARLESS,PCI COAL,Dry/General Bulk,35000,35000,DISCH,06-08-2026,08-08-2026,10-08-2026,,SAIL,AQUA PORT,
10-08-2026,HALDIA,Working,10,MV. EAST WIND 1,,GEARED,YELLOW PEAS,Other,20000,20000,DISCH,28-07-2026,07-08-2026,14-08-2026,,VARIOUS,SEAVISION,
10-08-2026,HALDIA,Working,13,MV. ULTRA LYNX,,GEARLESS,LIMESTONE,Dry/General Bulk,35183,35183,DISCH,08-08-2026,09-08-2026,11-08-2026,,TATA STEEL,WILHELMSEN,
10-08-2026,HALDIA,Waiting,5,MV. AMAZON,,GEARLESS,COKING COAL,Dry/General Bulk,30000,30000,DISCH,09-08-2026,10-08-2026,12-08-2026,,TATA STEEL,TMILL,B/5
10-08-2026,HALDIA,Waiting,1,MV. PAN CERES,,GEARLESS,STEAM COAL,Dry/General Bulk,35000,35000,DISCH,11-08-2026,11-08-2026,13-08-2026,,BALAJI MALTS,SEATRANS,B/1
10-08-2026,HALDIA,Waiting,2,MV. SHINE RUBY,,GEARLESS,COKING COAL,Dry/General Bulk,30000,30000,DISCH,10-08-2026,11-08-2026,13-08-2026,,TATA INTERNATIONAL,SEATRANS,B/2
10-08-2026,HALDIA,Waiting,9,MV. SKIATHOS,,GEARLESS,METALLURGICAL COKE,Dry/General Bulk,32000,32000,DISCH,11-08-2026,12-08-2026,14-08-2026,,ORISSA METALIKS & RASHMI GREEN,EVEREADY,B/9
10-08-2026,HALDIA,Waiting,14,MV.LORIENT,,GEARLESS,STEAM COAL,Dry/General Bulk,33000,33000,DISCH,11-08-2026,12-08-2026,14-08-2026,,HPL,GAC SHIPPING,B/14
10-08-2026,HALDIA,Expected,12,MV. PACIFIC ADVANCE,,GEARED,GYPSUM,Dry/General Bulk,30610,30610,DISCH,11-08-2026,12-08-2026,14-08-2026,,ACCESS DEVELOPER & GYPMART INDIA,ALAP,DECLEAR FOR TMILL BERTH
10-08-2026,HALDIA,Expected,"2,8,9 & 13",MV. JIN MING 82,,GEARED,MANGANESE ORE,Dry/General Bulk,21050,21050,DISCH,13-08-2026,14-08-2026,16-08-2026,,VARIOUS,GAC SHIPPING,DECLEAR FOR MHC BERTH
10-08-2026,HALDIA,Expected,4B,MV. ODYSSEAS L,,GEARLESS,COKING COAL,Dry/General Bulk,30000,30000,DISCH,13-08-2026,14-08-2026,16-08-2026,,TATA STEEL,TMILL,DECLEAR FOR GBTPL BERTH
10-08-2026,HALDIA,Expected,12,MV. BASIC FORTUNE,,GEARLESS,LIMESTONE,Dry/General Bulk,30000,30000,DISCH,14-08-2026,16-08-2026,18-08-2026,,TATA STEEL,TMILL,DECLEAR FOR TMILL BERTH
10-08-2026,HALDIA,Expected,"2,8,9 & 13",MV. SEA FALCON,,GEARED,MANGANESE ORE,Dry/General Bulk,28000,28000,DISCH,15-08-2026,20-08-2026,22-08-2026,,VARIOUS,BOTHRA,"DECLEAR FOR MHC BERTH ,(TO LIGHTEN AT SAGAR 4500 MT)"
10-08-2026,HALDIA,Expected,"2,8,9 & 13",MV. WELL DREAM,,GEARED,LIMESTONE,Dry/General Bulk,26639,26639,DISCH,15-08-2026,18-08-2026,20-08-2026,,SHYAM SEL,GAC SHIPPING,"DECLEAR FOR MHC BERTH , (TO LIGHTEN AT SAGAR 4000 MT)"
10-08-2026,HALDIA,Expected,"2,8,9 & 13",MV. ACHILLEAS S,,GEARED,MANGANESE ORE,Dry/General Bulk,17660,17660,DISCH,17-08-2026,18-08-2026,20-08-2026,,VARIOUS,GAC SHIPPING,DECLEAR FOR MHC BERTH
10-08-2026,DHAMRA,Working,B -3/17/350,MV APJ JAOUAD,PANAMAX,,THERMAL COAL,Dry/General Bulk,,,LOADING,01-08-2026,B -3/17/350,10-08-2026,,TANGEDCO,JIGSAN,
10-08-2026,DHAMRA,Working,B-3 A /14.5/350,MV CHOLA MELODY,PANAMAX,,THERMAL COAL,Dry/General Bulk,,,LOADING,05-08-2026,B-3 A /14.5/350,11-08-2026,,NTECL,BOTHRA,
10-08-2026,DHAMRA,Working,B-3A S /13.5,MV MH ARPEGGIO,HANDIMAX,,IRON ORE PELLETS,Dry/General Bulk,,,LOADING,02-08-2026,B-3A S /13.5,11-08-2026,,RUNGTA SONS,GAC,
10-08-2026,DHAMRA,Working,B-4/17/300,MV APJ SHIRINI,HANDIMAX,,PYROXENITE,Other,,,DISCHARGE,01-08-2026,B-4/17/300,12-08-2026,,PARAG VINMAY,SMPL,
10-08-2026,DHAMRA,Working,B-5/17/300,MV YANGTZE DAWN,HANDIMAX,,UREA,Other,,,DISCHARGE,31-07-2026,B-5/17/300,12-08-2026,,INDIAN POTASH LTD,SMPL,
10-08-2026,DHAMRA,Waiting,B-3A,MV BASIC FORTUNE,PANAMAX,,LIMESTONE,Dry/General Bulk,45000 MT,45000,DISCHARGE,08-08-2026,10-08-2026,13-08-2026,,TATA,TMIL,
10-08-2026,DHAMRA,Waiting,B-3,MV INCE ISTANBUL,PANAMAX,,IRON ORE PELLETS,Dry/General Bulk,75000 MT,75000,LOADING,09-08-2026,14-08-2026,17-08-2026,,ORISSA METALICES PVT LTD/SHYAM METALICS,ATLANTIC,
10-08-2026,DHAMRA,Waiting,B-5,MV GCL SABARMATI,CAPE,,LIMESTONE,Dry/General Bulk,105000 MT,105000,DISCHARGE,09-08-2026,12-08-2026,18-08-2026,,TATA,TMIL/SAMSARA,
10-08-2026,DHAMRA,Waiting,B-4,MV PRINCESS JONNA,HANDIMAX,,HR COIL,Other,40000 MT,40000,LOADING,10-08-2026,12-08-2026,16-08-2026,,TATA,TMIL,
10-08-2026,DHAMRA,Expected,B-1,MV ODYSSEAS,PANAMAX,,COAL,Dry/General Bulk,45000 MT,45000,DISCHARGE,10-08-2026,09-08-2026,10-08-2026,,TATA,TMIL,
10-08-2026,DHAMRA,Expected,B-3,MV MAHIC PERSEUS,PANAMAX,,THERMAL COAL,Dry/General Bulk,76460 MT,76460,LOADING,10-08-2026,11-08-2026,14-08-2026,,MOXIE POWER,GAC,
10-08-2026,DHAMRA,Expected,B-3A,MV SAKIZAYA XCEL,PANAMAX,,LIMESTONE,Dry/General Bulk,45000 MT,45000,DISCHARGE,10-08-2026,13-08-2026,16-08-2026,,TATA,TMIL,
10-08-2026,DHAMRA,Expected,B-3AS,MV PORTLAND,HANDIMAX,,SLAG,Other,55000 MT,55000,LOADING,10-08-2026,14-08-2026,18-08-2026,,TATA,EIPL,
10-08-2026,DHAMRA,Expected,B-3AS,MV OCEAN HOPE,HANDIMAX,,IRON ORE FINES,Dry/General Bulk,55000 MT,55000,LOADING,11-08-2026,12-08-2026,14-08-2026,,LAXMI EXPORTS,SPARTANS,
10-08-2026,DHAMRA,Expected,B-2,MV CELINA,PANAMAX,,COKING COAL,Dry/General Bulk,75000 MT,75000,DISCHARGE,12-08-2026,12-08-2026,14-08-2026,,SAIL,SMPL/INTEROCEAN/SPARTANS,
10-08-2026,DHAMRA,Expected,B-4,MV PORT NARA,HANDIMAX,,THERMAL COAL,Dry/General Bulk,32000 MT,32000,LOADING,13-08-2026,16-08-2026,18-08-2026,,ORISSA METALICES PVT LTD/SHYAM METALICS,ATLANTIC,
10-08-2026,DHAMRA,Expected,B-3A,MV GREEK SEAS,PANAMAX,,LIMESTONE,Dry/General Bulk,45000 MT,45000,DISCHARGE,13-08-2026,16-08-2026,19-08-2026,,TATA,TMIL,
10-08-2026,DHAMRA,Expected,B-5,MV SAFESEA SINDOOR,HANDIMAX,,COIL/SLAB,Dry/General Bulk,30000 MT,30000,LOADING,15-08-2026,18-08-2026,22-08-2026,,JINDAL STEEL LTD,JM BAXI,
10-08-2026,DHAMRA,Expected,B-1,MV ANDRO SPIRIT,PANAMAX,,COKING COAL,Dry/General Bulk,38000 MT,38000,DISCHARGE,20-08-2026,20-08-2026,21-08-2026,,ADANI ENTERPRISES LTD,JYOTHI,
10-08-2026,DHAMRA,Expected,B-2,MV EASTERN QUINCE,PANAMAX,,COKING COAL,Dry/General Bulk,78000 MT,78000,DISCHARGE,21-08-2026,21-08-2026,23-08-2026,,TATA,TMIL/BEN LINE,
10-08-2026,PARADIP PORT,Waiting & Expected,,MV. ENDLESS HORIZON,,189.99/13.00,ROCK PHOSPHATE,Dry/General Bulk,56038 MT,56038,DISCHARGE,08/1624 HRS,,,HIGH SEAS,PPL,OSL,
10-08-2026,PARADIP PORT,Waiting & Expected,,MV. OTHRYS,,199.99/12.50,ROCK PHOSPHATE,Dry/General Bulk,54705 MT,54705,DISCHARGE,08/0420 HRS,,,HIGH SEAS,PPL,SSS,
10-08-2026,PARADIP PORT,Waiting & Expected,,MT. NORELIA,,274.00/,CRUDE OIL,Liquid/Chemical Bulk,137216MT,137216,DISCHARGE,09/1848 HRS,,,HIGHSEAS,IOCL,NAVSHIP,
10-08-2026,PARADIP PORT,Waiting & Expected,,MT. PLATA SOUTH,,333.00/,CRUDE OIL,Liquid/Chemical Bulk,269855 MT,269855,DISCHARGE,10/1600 HRS,,,HIGH SEAS,IOCL PLD,GAC,
10-08-2026,PARADIP PORT,Waiting & Expected,,MT. ATHERINA,,339.76/21.50,CRUDE OIL,Liquid/Chemical Bulk,286442 MT,286442,DISCHARGE,11/2000 HRS,,,HIGH SEAS,IOCL PLD,ISIPL,
10-08-2026,PARADIP PORT,Waiting & Expected,,MV. VISHVA JYOTI,,229.00/14.45,THERMAL COAL,Dry/General Bulk,36800 MT,36800,LOADING,24/0618 HRS,10-08-2026,11-08-2026,ENNORE,OPG,SEA SHIPS,
10-08-2026,PARADIP PORT,Waiting & Expected,,MV. APJ SETHU,,224.86/,THERMAL COAL,Dry/General Bulk,75000 MT,75000,LOADING,07/0354 HRS,11-08-2026,12-08-2026,HIGH SEAS,TNPGCL,SEAPORT,NOT READY
10-08-2026,PARADIP PORT,Waiting & Expected,,MV. STAR ISLAND,,199.99/13.30,THERMAL COAL,Dry/General Bulk,60000 MT,60000,LOADING,08/0800 HRS,11-08-2026,12-08-2026,DHARAMTAR,MAHAGENCO,SSS,NOT READY
10-08-2026,PARADIP PORT,Waiting & Expected,,MV. MARINE FORTUNE I,,225.00/13.80,THERMAL COAL,Dry/General Bulk,72000 MT,72000,LOADING,08/1624 HRS,11-08-2026,12-08-2026,HIGH SEAS,TNPGCL,SEAPORT,NOT READY
10-08-2026,PARADIP PORT,Waiting & Expected,,MV. VOSCO OCEAN,,189.99/13.00,THERMAL COAL,Dry/General Bulk,55000 MT,55000,LOADING,09/1545 HRS,10-08-2026,13-08-2026,ENNORE,OPG,SEA SHIPS,
10-08-2026,PARADIP PORT,Waiting & Expected,,MV. LILA FUJI,,229.00/14.50,THERMAL COAL,Dry/General Bulk,77000 MT,77000,LOADING,10/0600 HRS,12-08-2026,13-08-2026,KRISHNAPATNAM,NTPC/KUDGI,GAC,SUB TO READINESS
10-08-2026,PARADIP PORT,Waiting & Expected,,MV. JAL VAIBHAV,,228.05/14.50,THERMAL COAL,Dry/General Bulk,85000 MT,85000,LOADING,10/1100 HRS,12-08-2026,13-08-2026,KRISHNAPATNAM,NTECL/SARAT,BOTHRA,SUB TO READINESS
10-08-2026,PARADIP PORT,Waiting & Expected,,MV. AQUASTAR,,199.92/,THERMAL COAL,Dry/General Bulk,60000 MT,60000,LOADING,10/1100 HRS,12-08-2026,13-08-2026,KRISHNAPATNAM,MAHAGENCO,ACEC,SUB TO READINESS
10-08-2026,PARADIP PORT,Waiting & Expected,,MV. PACIFIC STAR,,224.90/14.50,THERMAL COAL,Dry/General Bulk,74000MT,74000,LOADING,11/0600 HRS,12-08-2026,13-08-2026,KRISHNAPATNAM,SEMBCORP,SCC(VSP),SUB TO READINESS
10-08-2026,PARADIP PORT,Waiting & Expected,,MV. VIOLETTA K,,228.99/14.50,THERMAL COAL,Dry/General Bulk,75000 MT,75000,LOADING,11/0645 HRS,13-08-2026,14-08-2026,ENNORE,APPDCL/ADANI,GAC,SUB TO READINESS
10-08-2026,PARADIP PORT,Waiting & Expected,,MV. RIPLEY PINNACLE,,225.00/14.50,THERMAL COAL,Dry/General Bulk,74000 MT,74000,LOADING,11/1800 HRS,13-08-2026,14-08-2026,ENNORE,APGEN/RIPLEY,SSS,SUB TO READINESS
10-08-2026,PARADIP PORT,Waiting & Expected,,MV. AFRICAN ISABELLE,,199.98/13.50,THERMAL COAL,Dry/General Bulk,60000 MT,60000,LOADING,13/0600 HRS,13-08-2026,14-08-2026,KAKINADA,APG/SC,SCC(VSP),SUB TO READINESS
10-08-2026,PARADIP PORT,Waiting & Expected,,MV TAN BINH 259,,175.53/9.50,STEEL COILS,Dry/General Bulk,25391 MT,25391,DISCHARGE,22/1625 HRS,12-08-2026,14-08-2026,BAHODOPI,JINDAL STAINLESS,SSS,SUB TO READINESS
10-08-2026,PARADIP PORT,Waiting & Expected,,MV. CONCARAN,,199.98/13.42,PIG IRON,Dry/General Bulk,51500 MT,51500,LOADING,29/1300 HRS,12-08-2026,16-08-2026,CORPUS CHR,MSC AGENCY,GAC,CONTAINER PRIORITY
10-08-2026,PARADIP PORT,Waiting & Expected,,MV. STAR HELSINKI,,199.90/12.23,UREA,Other,49350 MT,49350,DISCHARGE,09/0712 HRS,17-08-2026,21-08-2026,UST-LUGA,BRAHMAPUTRA,SSS,SUB TO READINESS
10-08-2026,PARADIP PORT,Waiting & Expected,,MV. MAGIC ARIEL,,229.00/7.50,PIG IRON,Dry/General Bulk,66000 MT,66000,LOADING,09/1124 HRS,14-08-2026,17-08-2026,SINGAPORE,OMPL,J M BAXIMSPL,SUB TO READINESS
10-08-2026,PARADIP PORT,Waiting & Expected,,MV. DELAVITA,,229.00/7.50,PIG IRON,Dry/General Bulk,60500 MT,60500,LOADING,10/0130 HRS,17-08-2026,22-08-2026,SINGAPORE,RAMSARUP,GAC,SUB TO READINESS
10-08-2026,PARADIP PORT,Waiting & Expected,,MV. DP WORLD THAMIRABARANI,,142.70/6.90,CONTAINER,Container,10324 MT,10324,LOADING,10/0130 HRS,11-08-2026,12-08-2026,HALDIA,SWS/JSL/SAL,UNIFEEDER,CONTAINER PRIORITY
10-08-2026,PARADIP PORT,Waiting & Expected,,MV. MSC MAKOTO II,,175.49/7.50,CONTAINER,Container,10324 MT,10324,LOADING,15/1800 HRS,16-08-2026,17-08-2026,COLOMBO,MSC AGENGY,MSC AGENGY,CONTAINER PRIORITY
10-08-2026,PARADIP PORT,Waiting & Expected,,MV. MARINE CRYSTAL,,249.88/15.15,HARD COKING COAL,Dry/General Bulk,111185 MT,111185,DISCHARGE,09/2000 HRS,12-08-2026,15-08-2026,ABBOT POINT,JSPL/JSOL,SWS,SUB TO READINESS
10-08-2026,PARADIP PORT,Waiting & Expected,,MV. YM DELIGHT,,228.99/9.88,HARD COKING COAL,Dry/General Bulk,32000 MT,32000,DISCHARGE,10/0248 HRS,,,SINGAPORE,JSW JFE,J M BAXIMSPL,SUB TO READINESS
10-08-2026,PARADIP PORT,Waiting & Expected,,MV. DDS MARINA,,126.80/9.10,AMMONIUM NITRATE,Other,11327 MT,11327,DISCHARGE,16/0600 HRS,,,HIGH SEAS,SPECIAL,SRAVAN,SQ
10-08-2026,PARADIP PORT,Waiting & Expected,,MV. BBG KINDNESS,,199.90/13.16,IRON ORE FINES,Dry/General Bulk,60000 MT,60000,LOADING,04/0430 HRS,,,CHINA,RSPL,GAC,
10-08-2026,PARADIP PORT,Waiting & Expected,,MV. YANGTZE DAWN,,189.99/,IRON ORE PELLET,Dry/General Bulk,55000 MT,55000,LOADING,12/0600 HRS,,,HIGH SEAS,RSPL,GAC,
10-08-2026,PARADIP PORT,Waiting & Expected,,MV. OCEAN WINNER,,225.00/14.35,IRON ORE FINES,Dry/General Bulk,73000 MT,73000,LOADING,05/2118 HRS,,,CHINA,OCL IRON,BOTHRA,
10-08-2026,PARADIP PORT,Waiting & Expected,,MV. QING QUAN SHAN,,199.90/,IRON ORE PELLET,Dry/General Bulk,35000 MT,35000,LOADING,09/0229 HRS,09-08-2026,10-08-2026,CHINA,RMLL,GAC,
10-08-2026,PARADIP PORT,Waiting & Expected,,MT. NV AQUAMARINE,,225.12/,BUTANE/PROPANE,Liquid/Chemical Bulk,24000 MT,24000,DISCHARGE,19/1912 HRS,,,HIGHSEAS,IOCL,ISIPL,
10-08-2026,PARADIP PORT,Waiting & Expected,,MT. SOPRANO SERENE,,179.88/11.80,HSD/M.SPIRIT,Liquid/Chemical Bulk,19500 MT,19500,DISCHARGE,01/1000 HRS,,,HALDIA,BPCL,AGS,
10-08-2026,PARADIP PORT,Waiting & Expected,,MT. NOVA BREEZE,,180.00/10.40,AMMONIA,Liquid/Chemical Bulk,25000 MT,25000,DISCHARGE,03/0812 HRS,,,HIGHSEAS,IFFCO/PPL,J M BAXIMSPL,
10-08-2026,PARADIP PORT,Waiting & Expected,,MT. SANMAR SHEHNAI,,182.50/7.70,NAPTHA,Other,14000MT,14000,LOADING,10/1000 HRS,,,KANDLA,IOCL,J M BAXIMSPL,
10-08-2026,PARADIP PORT,Waiting & Expected,,MV. GCL YAMUNA,,253.50/13.90,LIMESTONE,Dry/General Bulk,105000 MT,105000,DISCHARGE,05/0530 HRS,11-08-2026,15-08-2026,SALALAH,TATA,TMIL,CQ-1/SHIFTS SQ 11.08.2026 (AFTER ACHIEVING SQ DRAFT
10-08-2026,PARADIP PORT,Waiting & Expected,,MV. BLUE SPIRIT,,229.00/14.45,COKING COAL,Dry/General Bulk,78001 MT,78001,DISCHARGE,05/1512 HRS,11-08-2026,15-08-2026,TAMAN,JSPL,SSS,MPB
10-08-2026,PARADIP PORT,Waiting & Expected,,MV. AMNSI MAXIMUS,,229.00/13.50,PYROXENITE,Other,40000 MT,40000,DISCHARGE,06/0818 HRS,11-08-2026,13-08-2026,FUJAIRAH,TATA,TMIL,CQ-2
10-08-2026,PARADIP PORT,Waiting & Expected,,MV. HOANG ANH 03,,140.19/,R P COKE,Dry/General Bulk,10000 MT,10000,DISCHARGE,09/0600 HRS,12-08-2026,13-08-2026,LUMUT,GCL,ACEC,CQ-1
10-08-2026,PARADIP PORT,Waiting & Expected,,MV. OTHONOI,,229.00/14.45,COKING COAL,Dry/General Bulk,79100 MT,79100,DISCHARGE,09/2054HRS,13-08-2026,17-08-2026,HAYPOINT,JSPL,JMS,CQ-2
10-08-2026,PARADIP PORT,Waiting & Expected,,MV. EVER SUPERIOR,,116.99/7.90,FERRO CHROM,Dry/General Bulk,8900 MT,8900,DISCHARGE,11/0600 HRS,13-08-2026,14-08-2026,POHANG,IMFA,CHOWGULE,CQ-1
10-08-2026,PARADIP PORT,Waiting & Expected,,MV. ERACLEA,,189.98/10.20,HARD COKING COAL,Dry/General Bulk,37155 MT,37155,DISCHARGE,11/1800 HRS,15-08-2026,17-08-2026,BEIRA,JSPL,SSS,SQ
10-08-2026,PARADIP PORT,Waiting & Expected,,MV. SERENITY,,186.40/,MET COKE,Dry/General Bulk,17720 MT,17720,DISCHARGE,14/0600 HRS,15-08-2026,16-08-2026,BARRANQUILLA,IMFA,OSL,MPB
10-08-2026,PARADIP PORT,Waiting & Expected,,"PRIORITY BERTHING ALLOWED FOR ALL IMPORT/EXPORT DRY BULK CARGO TO M/S. JSPL, TATA, JSW SAMBALPUR AT GCB.",,,,Other,,,,,,,,,,
10-08-2026,PARADIP PORT,Waiting & Expected,,"VESSEL WHICH CAN NOT PERFORM AS THE REQUIRED PORT NORMS, SHE WILL BE SHIFTED TO ROADS AND HER BERTHING WILL BE DECIDED AS THE LAST VESSEL ON SERIAL.",,,,Other,,,,,,,,,,
10-08-2026,PARADIP PORT,Waiting & Expected,,"MAXIMUM OF TWO COASTAL VESSELS WILL BE TAKEN AT A TIME IN THE CONVENTIONAL BERTH W.E.F 07-OCT-2018,TILL FURTHER ORDER",,,,Other,,,,,,,,,,
10-08-2026,KAKINADA,Waiting,,M.T. SEA LEGEND,,,EDIBLE OIL,Other,13060,13060,,09-08-2026,,,,LOHIYA,INTEROCEAN,
10-08-2026,KAKINADA,Waiting,,SAILED VESSELS::,,,,Other,,,,,,,,,,
10-08-2026,KAKINADA,Waiting,,M.V.SENORITA,,,,Other,,,,09-07-2026,,,,,,
10-08-2026,KAKINADA,Waiting,,M.V.RG ATHENA,,,,Other,,,,06-08-2026,,,,,,
10-08-2026,KAKINADA,Waiting,,M.V. MARLA CHAMPION,,,,Other,,,,01-08-2026,,,,,,
10-08-2026,KAKINADA,Waiting,,M.T. FAIRWAY,,,,Other,,,,09-08-2026,,,,,,
10-08-2026,KAKINADA,Waiting,,M.T. DAEWOO DIAMOND,,,,Other,,,,07-08-2026,,,,,,
10-08-2026,KAKINADA,Waiting,,M.T.BOW ORION,,,,Other,,,,07-08-2026,,,,,,
10-08-2026,KAKINADA,Waiting,,M.T.MARIANA VICTORY,,,,Other,,,,05-08-2026,,,,,,
10-08-2026,KAKINADA,Expected,,M.V.BC LIBERTY,,,RICE,Dry/General Bulk,37400,37400,,10-08-2026,,,,,LOTUS,
10-08-2026,KAKINADA,Expected,,M.V.LIBRA,,,RICE,Dry/General Bulk,50000,50000,,15-08-2026,,,,,LOTUS,
10-08-2026,KAKINADA,Expected,,M.V.ALEXANDROS III,,,RICE,Dry/General Bulk,7500,7500,,15-08-2026,,,,,LOTUS,
10-08-2026,KAKINADA,Expected,,M.V.ZURICH STAR,,,MOP,Other,78900,78900,,10-08-2026,,,,"CIL, INDORAMA",BOTHRA,
10-08-2026,KAKINADA,Expected,,M.V. BLOOM HALO,,,IRON ORE PELLETS,Dry/General Bulk,63550,63550,,11-08-2026,,,,LLOYDS METALS,BOTHRA,
10-08-2026,KAKINADA,Expected,,M.V.VIVA ECLIPSE,,,DAP,Other,49500,49500,,11-08-2026,,,,KRIBHCO,ANLINE,
10-08-2026,KAKINADA,Expected,,M.V. ECO CZAR,,,COAL,Dry/General Bulk,75000,75000,,11-08-2026,,,,A.P.GENCO,BOTHRA,
10-08-2026,KAKINADA,Expected,,M.T. DIWAKAR,,,DIESEL MOTOR SPIRIT,Liquid/Chemical Bulk,25000,25000,,11-08-2026,,,,NAYARA,SRI OCEANIC,
10-08-2026,KAKINADA,Expected,,M.T. ORCHID SYLT,,,SULPHURIC ACID,Liquid/Chemical Bulk,20500,20500,,13-08-2026,,,,CIL,SEAPHOENIX,
10-08-2026,KAKINADA,Expected,,M.V. BOSHI 78,,,ALUMINA,Dry/General Bulk,30653,30653,,13-08-2026,,,,BALCO,ESDI MARITIME,
10-08-2026,KAKINADA,Expected,,M.V.DEBBIE,,,GENERAL CARGO,Other,133,133,,19-08-2026,,,,SCHLUMERGER ASIA SERVICES,PAREKH MARINE,
10-08-2026,KAKINADA,Expected,,M.V.RISHABH,,,,Other,,,,05-02-2026,,,,,,
10-08-2026,GANGAVARAM,Working,B1,MV ND THELIX,,,GRANULATED SLAG,Other,56570,56570,,08-07-2026,B1,11-08-2026,,MINISTRANS,GPR MARITIME,MANUAL BERTH / SHIP CRANES
10-08-2026,GANGAVARAM,Working,B2,MV GESELA OLDENDORFF,,,LIMESTONE,Dry/General Bulk,77750,77750,,08-07-2026,B2,12-08-2026,,THE COMMODITY HUB,SPARTANS,
10-08-2026,GANGAVARAM,Working,B3,MV VISHVA VIKAS,,,IRON ORE FINES,Dry/General Bulk,54275,54275,,08-07-2026,B3,10-07-2026,,RINL,SEAWAYS,HMC BERTH
10-08-2026,GANGAVARAM,Working,B4,MV AKTI,,,IRON ORE FINES,Dry/General Bulk,56545,56545,,05-08-2026,B4,10-08-2026,,JSW,JYOTHI,
10-08-2026,GANGAVARAM,Working,B6,MV MARAN UNITY,,,BAUXITE,Dry/General Bulk,169274,169274,,06-08-2026,B6,13-08-2026,,PIONEER ALUMINA,RICHMARK,MECHNICAL CONCEYOR DISCH BERTH
10-08-2026,GANGAVARAM,Working,B7,MV KOBE HARMONY,,,CP COKE,Dry/General Bulk,26250,26250,,31-07-2026,B7,15-08-2026,,VEDANTA/BALCO,SPARTANS,MANUAL BERTH / SHIP CRANES
10-08-2026,GANGAVARAM,Working,B8,MV LORIENT,,,STEAM COAL,Dry/General Bulk,46255,46255,,07-08-2026,B8,09-08-2026,,ADANI,JYOTHI,HMC BERTH
10-08-2026,GANGAVARAM,Waiting,B4,MV VISHVA PRERNA,,,IRON ORE FINES,Dry/General Bulk,55000,55000,,07-08-2026,B4,12-08-2026,,KIOCL,SEATRANS,
10-08-2026,GANGAVARAM,Expected,B1,MV LIA,,,STEEL BILLETS,Dry/General Bulk,40000,40000,,11-08-2026,B1,18-08-2026,,RINL,SPARTANS,
10-08-2026,GANGAVARAM,Expected,B5/B6,MV VISHVA CHETNA,,,COKING COAL,Dry/General Bulk,47200,47200,,11-08-2026,B5/B6,,,SAIL,,
10-08-2026,GANGAVARAM,Expected,B3,MV AQUAPRIMA,,,LIMESTONE,Dry/General Bulk,75000,75000,,11-08-2026,B3,,,,,
10-08-2026,VISAKHAPATNAM,Working,OB-1,MV PORTO DOLICHA,,,IRON ORE FINES,Dry/General Bulk,53420,53420,L,09-08-2026,OB-1,10-08-2026,,,JYOTHI,
10-08-2026,VISAKHAPATNAM,Working,VGCB,MV ALPHA TROPHY,,,BAUXITE IN BULK,Dry/General Bulk,198041,198041,D,06-08-2026,VGCB,16-08-2026,,,IMPERIAL,
10-08-2026,VISAKHAPATNAM,Working,CB-3,MV MSC MAKOTO II,,,CONTAINERS,Container,8000,8000,D/L,10-08-2026,CB-3,10-08-2026,,,MSC LINES,
10-08-2026,VISAKHAPATNAM,Working,CB-4,MV SM MANALI,,,CONTAINERS,Container,40000,40000,D/L,09-08-2026,CB-4,11-08-2026,,,SIMA MARINE,
10-08-2026,VISAKHAPATNAM,Working,EQ-3,MV ALEXANDROS III,,,RICE IN BAGS,Dry/General Bulk,29400,29400,L,04-08-2026,EQ-3,14-08-2026,,,DHANISHTA,
10-08-2026,VISAKHAPATNAM,Working,EQ-4,MV CYMONAEAGLE,,,AMMONIUM SULPHTE IN BULK,Other,29400,29400,D,05-08-2026,EQ-4,10-08-2026,,,SEATRANS,
10-08-2026,VISAKHAPATNAM,Working,EQ-6,MV LIAN YI DA 1 HAO,,,ALUMINA IN BULK,Dry/General Bulk,31300,31300,L,01-08-2026,EQ-6,12-08-2026,,,INTEROCEAN,
10-08-2026,VISAKHAPATNAM,Working,EQ-7,MT BOW ORION,,,PHOSPHERIC ACID,Other,10000,10000,D,09-08-2026,EQ-7,11-08-2026,,,GAC,
10-08-2026,VISAKHAPATNAM,Working,EQ-8 (VSPL),MV W SAPPHIRE,,,COKING COAL,Dry/General Bulk,78723,78723,D,06-08-2026,EQ-8 (VSPL),10-08-2026,,,ORISSA STEVEDORS LTD,VGCB QTY : 40000 & SHIFTED TO [EQ-8][VSPL] ON 08.08.2026 WITH BAL OF 38722.849
10-08-2026,VISAKHAPATNAM,Working,EQ-9 (VSPL),MV BELLA OLYMPIA,,,COKING COAL,Dry/General Bulk,28321,28321,D,09-08-2026,EQ-9 (VSPL),11-08-2026,,,INFINITY,
10-08-2026,VISAKHAPATNAM,Working,WQ-1,MV ONE AND ONLY,,,FERRO MANGANESE IN BULK & BAGS & STEEL CARGO.,Dry/General Bulk,28092,28092,L,23-07-2026,WQ-1,12-08-2026,,,SAIANS,SHIFTS TO WQ-1 ON 07.08.2026
10-08-2026,VISAKHAPATNAM,Working,WQ-2,MV JIN MING 82,,,MANGANESE ORE,Dry/General Bulk,33470,33470,D,05-08-2026,WQ-2,11-08-2026,,,INTEGRAL,
10-08-2026,VISAKHAPATNAM,Working,WQ-3,MV TATEV,,,ALUMINA IN BAGS,Dry/General Bulk,31500,31500,L,07-08-2026,WQ-3,16-08-2026,,,INTEROCEAN,
10-08-2026,VISAKHAPATNAM,Working,WQ-6,MV KIRAN CARIBEAN,,,IRON ORE FINES,Dry/General Bulk,55000,55000,L,04-08-2026,WQ-6,10-08-2026,,,ORISSA STEVEDORS LTD,
10-08-2026,VISAKHAPATNAM,Working,WQ-7,Handed over to m/s VMBCTPL for projecdt development,,,,Other,,,,,WQ-7,,,,,
10-08-2026,VISAKHAPATNAM,Working,OR-1,OR -1 Berth spared for Revamping by CE department,,,,Other,,,,,OR-1,,,,,
10-08-2026,VISAKHAPATNAM,Working,OR-2,MT NURA KARA,,,FURNACE OIL,Liquid/Chemical Bulk,35502,35502,L,06-08-2026,OR-2,10-08-2026,,,ATLANTIC,
10-08-2026,VISAKHAPATNAM,Working,OR-3,MT SWARNA PUSHP,,,ATF,Liquid/Chemical Bulk,3000,3000,D,07-08-2026,OR-3,11-08-2026,,,HARIKA,
10-08-2026,VISAKHAPATNAM,Waiting,1,MV WELL DREAM,,,QUICK LIME IN BAGS,Other,4000,4000,D,26-06-2026,1,,,,SPARTANS,
10-08-2026,VISAKHAPATNAM,Waiting,2,LPG/C. SEARMBLER,,,ANDHROUS AMMONIA,Liquid/Chemical Bulk,10000,10000,D,17-07-2026,2,,,,GAC,RE-ANCH
10-08-2026,VISAKHAPATNAM,Waiting,3,MT DAWN HARIDWAR,,,VLSFO,Other,7000,7000,D,08-08-2026,3,,,,HARIKA,
10-08-2026,VISAKHAPATNAM,Waiting,4,LPG/C. GAS PRIME,,,LPG,Other,22000,22000,D,08-08-2026,4,,,,INTEROCEAN,
10-08-2026,VISAKHAPATNAM,Waiting,5,MT AB OLIVIA,,,TRSP/ NAPTHA,Other,10000,10000,L,09-08-2026,5,,,,ATLANTIC,
10-08-2026,VISAKHAPATNAM,Waiting,6,MT LOURDES,,,HSD & MS,Liquid/Chemical Bulk,6000,6000,L,10-08-2026,6,,,,ATLANTIC,
10-08-2026,VISAKHAPATNAM,Expected,,MV DONG FANG WEI YE,,,ALUMINA IN BAGS,Dry/General Bulk,31500,31500,L,10-08-2026,,,,,ESHWAR,
10-08-2026,VISAKHAPATNAM,Expected,,MV PAULA TRADER,,,FERRO MANGANESE & STEEL CARGO,Dry/General Bulk,20350,20350,L,10-08-2026,,,,,SAIANS,
10-08-2026,VISAKHAPATNAM,Expected,,MV SERENITY,,,LAM COKE,Dry/General Bulk,7000,7000,D,10-08-2026,,,,,K.R & SONS,
10-08-2026,VISAKHAPATNAM,Expected,,MV YASA RUBY,,,COKING COAL,Dry/General Bulk,79841,79841,D,10-08-2026,,,,,IMPERIAL,
10-08-2026,VISAKHAPATNAM,Expected,,MV KONA EXPLORER,,,LIMESTONE,Dry/General Bulk,19321,19321,D,10-08-2026,,,,,WALTER CUMIN,
10-08-2026,VISAKHAPATNAM,Expected,,MV SNL HAIKOU,,,CONTAINERS,Container,8000,8000,D/L,10-08-2026,,,,,P A MARITIME,
10-08-2026,VISAKHAPATNAM,Expected,,MV SANTA ANGELINA,,,IRON ORE FINES,Dry/General Bulk,55000,55000,L,11-08-2026,,,,,JYOTHI,
10-08-2026,VISAKHAPATNAM,Expected,,MT VT QUEEN,,,TRSP/ NAPTHA,Other,10000,10000,L,11-08-2026,,,,,ATLANTIC,
10-08-2026,VISAKHAPATNAM,Expected,,MV NESTORS,,,UREA,Other,55000,55000,D,11-08-2026,,,,,INTEROCEAN,
10-08-2026,VISAKHAPATNAM,Expected,,MV XIN HAI TONG 807,,,STEAM COAL,Dry/General Bulk,78260,78260,D,11-08-2026,,,,,SEATRANS,
10-08-2026,VISAKHAPATNAM,Expected,,MV ACHILLEAS S,,,MANGANESE ORE,Dry/General Bulk,38831,38831,D,11-08-2026,,,,,GAC,
10-08-2026,VISAKHAPATNAM,Expected,,MV SEA FALCON,,,MANGANESE ORE,Dry/General Bulk,19321,19321,D,11-08-2026,,,,,NAVSHIP,
10-08-2026,VISAKHAPATNAM,Expected,,MV HONG YAO,,,CONTAINERS,Container,5000,5000,D/L,11-08-2026,,,,,P.V.RAMANMUR,
10-08-2026,VISAKHAPATNAM,Expected,,MV INFINITY,,,ALUMINA POWDER IN BULK,Dry/General Bulk,30600,30600,L,12-08-2026,,,,,RVSS,
10-08-2026,VISAKHAPATNAM,Expected,,MV CHENNAI VALARCHI,,,THERMAL COAL,Dry/General Bulk,77000,77000,L,12-08-2026,,,,,SEAPORT,
10-08-2026,VISAKHAPATNAM,Expected,,MV SSI IRRSISTIBLE,,,AMMONIUM SULPHTE IN BULK,Other,40500,40500,D,12-08-2026,,,,,SEATRANS,
10-08-2026,VISAKHAPATNAM,Expected,,MV KATERINA III,,,M.COKE & NUT COKE,Dry/General Bulk,30010,30010,D,12-08-2026,,,,,GAC,
10-08-2026,VISAKHAPATNAM,Expected,,LPG/C ETERNAL GLORY,,,LPG,Other,23000,23000,D,12-08-2026,,,,,BOTHRA,
10-08-2026,VISAKHAPATNAM,Expected,,MV GCL YAMUNA,,,IRON ORE PELLETS,Dry/General Bulk,105000,105000,L,13-08-2026,,,,,JYOTHI,
10-08-2026,VISAKHAPATNAM,Expected,,MV PANDA,,,ALUMINA IN BAGS,Dry/General Bulk,33000,33000,L,13-08-2026,,,,,INTEROCEAN,
10-08-2026,VISAKHAPATNAM,Expected,,MT MARAN AJAX,,,CRUDE OIL,Liquid/Chemical Bulk,248000,248000,D,13-08-2026,,,,,ATLANTIC,
10-08-2026,VISAKHAPATNAM,Expected,,MV HALDI,,,"STONE AGGREGATE ,CEMENT & GENERAL CARGO",Dry/General Bulk,5000,5000,L,14-08-2026,,,,,FAIRMACS,
10-08-2026,VISAKHAPATNAM,Expected,,MV BAO CHANG,,,ROCK PHOSPHATE,Dry/General Bulk,45000,45000,D,14-08-2026,,,,,RDS OIL,
10-08-2026,VISAKHAPATNAM,Expected,,MV THEOSKEPASTI,,,STEAM COAL,Dry/General Bulk,71670,71670,D,14-08-2026,,,,,SEATRANS,
10-08-2026,VISAKHAPATNAM,Expected,,MV OAK ANTON,,,NUT COKE IN BULK,Dry/General Bulk,17700,17700,D,14-08-2026,,,,,NAVSHIP,
10-08-2026,VISAKHAPATNAM,Expected,,MV SSL SABARIMALAI,,,CONTAINERS,Container,8500,8500,D/L,14-08-2026,,,,,UNIFEEDEER,
10-08-2026,VISAKHAPATNAM,Expected,,MV NAVIOS BAHAMAS,,,CONTAINERS,Container,20000,20000,D/L,15-08-2026,,,,,UNIFEEDEER,
10-08-2026,VISAKHAPATNAM,Expected,,MV AFRICAN PEACOCK,,,C.P.COKE,Dry/General Bulk,16000,16000,L,16-08-2026,,,,,ESHWAR,
10-08-2026,VISAKHAPATNAM,Expected,,MV DARLEAKAY,,,MANGANESE ORE,Dry/General Bulk,25000,25000,D,16-08-2026,,,,,BOTHRA,
10-08-2026,VISAKHAPATNAM,Expected,,MV MOGRAL,,,CONTAINERS,Container,40000,40000,D/L,16-08-2026,,,,,SIMA MARINE,
10-08-2026,VISAKHAPATNAM,Expected,,MV GCL SABARMATI,,,IRON ORE PELLETS,Dry/General Bulk,105000,105000,L,17-08-2026,,,,,JYOTHI,
10-08-2026,VISAKHAPATNAM,Expected,,MV MINI ATLAS,,,MANGANESE ORE,Dry/General Bulk,4800,4800,L,17-08-2026,,,,,GAC,
10-08-2026,VISAKHAPATNAM,Expected,,MV SSI CONQUEST,,,TSP & DAP,Other,52700,52700,D,17-08-2026,,,,,BOTHRA,
10-08-2026,VISAKHAPATNAM,Expected,,MV ODELMAR,,,UREA,Other,13000,13000,D,17-08-2026,,,,,ALAP,
10-08-2026,VISAKHAPATNAM,Expected,,MV ATP FORTUNE,,,MANGANESE ORE,Dry/General Bulk,23500,23500,D,18-08-2026,,,,,K.R.SONS,
10-08-2026,VISAKHAPATNAM,Expected,,MV SHIN SHUN,,,STEAM COAL,Dry/General Bulk,56836,56836,D,19-08-2026,,,,,SEATRANS,
10-08-2026,VISAKHAPATNAM,Expected,,MV AGRAFA,,,MANGANESE ORE,Dry/General Bulk,35596,35596,D,19-08-2026,,,,,BOTHRA,
10-08-2026,VISAKHAPATNAM,Expected,,MV STAR COPENHAGEN,,,UREA,Other,54266,54266,D,20-08-2026,,,,,CROSS TRADING,
10-08-2026,VISAKHAPATNAM,Expected,,MV MILAS,,,ROCK PHOSPHATE,Dry/General Bulk,47900,47900,D,21-08-2026,,,,,RDS OIL,
10-08-2026,VISAKHAPATNAM,Expected,,MV NORSE MOBILE,,,FERRO MANGANESE & STEEL CARGO,Dry/General Bulk,29200,29200,L,23-08-2026,,,,,SAIANS,
10-08-2026,VISAKHAPATNAM,Expected,,MV SM MANALI,,,CONTAINERS,Container,40000,40000,D/L,24-08-2026,,,,,SIMA MARINE,
10-08-2026,VISAKHAPATNAM,Expected,,MV MOGRAL,,,CONTAINERS,Container,40000,40000,D/L,26-08-2026,,,,,SIMA MARINE,
11-08-2026,KARAIKAL,Expected,,MV. ZAHAB JAHAN 1,,,GYPSUM,Dry/General Bulk,54850,54850,IMP,12-08-2026,,,,,,
11-08-2026,KARAIKAL,Expected,,MV. CHRISEA,,,COAL,Dry/General Bulk,75850,75850,IMP,13-08-2026,,,,,,
11-08-2026,KARAIKAL,Expected,,MV. VSG PIONEER,,,COAL,Dry/General Bulk,75000,75000,IMP,14-08-2026,,,,,,
11-08-2026,KARAIKAL,Expected,,MV. SAKIZAAYA VICTORY,,,COAL,Dry/General Bulk,77000,77000,IMP,14-08-2026,,,,,,
11-08-2026,GOPALPUR,Expected,MPB-1,MV TONG YING,,,MET COKE,Dry/General Bulk,22322,22322,D,14-08-2026,14-08-2026,16-08-2026,,,PAREKH(CA)/EVEREADY(OPA),
11-08-2026,GOPALPUR,Expected,MPB-2,MV CHOLA DESTINY,,,GYPSUM,Dry/General Bulk,50000,50000,D,16-08-2026,16-08-2026,19-08-2026,,,SEATRANS,
11-08-2026,GOPALPUR,Expected,MPB-3,MV LH ANTHEA,,,LIMESTONE,Dry/General Bulk,74509,74509,D,19-08-2026,19-08-2026,22-08-2026,,,SEATRANS,
11-08-2026,CHENNAI,Working,JD1,KHOJALY,,,J BAG-SODA ASH/PROJ/STEEL,Dry/General Bulk,25551/750/8481,,D/D/D,04-08-2026,04-08-2026,11-08-2026,,,UNITRANS,
11-08-2026,CHENNAI,Expected,JD5,AMNS POLAR,,,S.COILS/ST.PLATES,Dry/General Bulk,13040,13040,D,12-08-2026,12-08-2026,14-08-2026,,,SAMSARA,
11-08-2026,CHENNAI,Expected,SQ1/JD1,ONE AND ONLY,,,PROJ,Other,600,600,L,12-08-2026,12-08-2026,14-08-2026,,,NTC,
11-08-2026,CHENNAI,Expected,JD2,LEOPARD II,,,BARY,Other,55000,55000,L,13-08-2026,13-08-2026,17-08-2026,,,ATLANTIC,
11-08-2026,CHENNAI,Expected,WQ3/4,QUEEN COARL,,,SCOIL,Other,2462,2462,D,13-08-2026,13-08-2026,14-08-2026,,,PUYVAST,
11-08-2026,CHENNAI,Expected,WQ2,GLOVIS SILVER,,,CARS,Other,4500,4500,L,14-08-2026,14-08-2026,15-08-2026,,,CARTRANS,
11-08-2026,CHENNAI,Expected,SQ1/JD1,SEA STELLAR,,,PROJ/STEEL,Dry/General Bulk,795-7843,,D/D,14-08-2026,14-08-2026,16-08-2026,,,UNITRANS,
11-08-2026,CHENNAI,Expected,,STAR LYSEFJORD,,,PROJ,Other,110,110,L,15-08-2026,15-08-2026,16-08-2026,,,PEARL,
11-08-2026,CHENNAI,Expected,,HT LOTUS,,,FLOU,Other,10000,10000,D,16-08-2026,16-08-2026,18-08-2026,,,SEAGREEN,
11-08-2026,CHENNAI,Expected,JD1/3/5,CHARLIE,,,PROJ,Other,4,4,D,20-08-2026,20-08-2026,22-08-2026,,,PAREKH,
11-08-2026,CHENNAI,Expected,,ECO CHEYENNE,,,PROJ,Other,,,L,20-08-2026,20-08-2026,22-08-2026,,,MARCONS,
11-08-2026,ENNORE,Working,CB1,CHENNAI VALARCHI,,,T COAL,Dry/General Bulk,74268,74268,D,08-08-2026,CB1,11-08-2026,,,SEAPORT,COASTAL
11-08-2026,ENNORE,Working,CB2,APJ ANGAD 2,,,T COAL,Dry/General Bulk,75230,75230,D,09-08-2026,CB2,11-08-2026,,,JESPA,COASTAL
11-08-2026,ENNORE,Working,MLT,WILOWS,,,HSD/MS,Liquid/Chemical Bulk,19000,19000,D,09-08-2026,MLT,12-08-2026,,,SAMSARA,COASTAL
11-08-2026,ENNORE,Working,ECTPL,Trood Osoak,,,S.COAL,Dry/General Bulk,82000,82000,D,08-08-2026,ECTPL,12-08-2026,,,UNICORN,
11-08-2026,ENNORE,Working,EBTPL,BRONE LADY,,,ST.WI.ROD,Other,11500,11500,L,20-07-2026,EBTPL,14-08-2026,,,SEAGREEN,
11-08-2026,ENNORE,Waiting,ECTPL,Alasia,,,T COAL,Dry/General Bulk,59400,59400,D,11-08-2026,12-08-2026,13-08-2026,,,MERCHANT,COASTAL
11-08-2026,ENNORE,Expected,GCB,Orion Highway,,,AUTOMOBILE,Other,600,600,L,11-08-2026,11-08-2026,12-08-2026,,,K STEAM,
11-08-2026,ENNORE,Expected,CB1,CHOLA LEGACY,,,T COAL,Dry/General Bulk,76410,76410,D,11-08-2026,11-08-2026,14-08-2026,,,SEAPORT,
11-08-2026,ENNORE,Expected,ECTPL,TIDE JUPITER,,,S COAL,Dry/General Bulk,75702,75702,D,14-08-2026,16-08-2026,18-08-2026,,,PEARL,
11-08-2026,ENNORE,Expected,GCB,TARUS LEADER,,,AUTOMOBILE,Other,18000,18000,L,14-08-2026,14-08-2026,15-08-2026,,,NYK,
11-08-2026,ENNORE,Expected,EBTPL,SHENLI,,,BARYTES,Other,54000,54000,D,14-08-2026,14-08-2026,17-08-2026,,,EVERWIN,
11-08-2026,ENNORE,Expected,ECTPL,STAR EVA,,,S COAL,Dry/General Bulk,103901,103901,D,15-08-2026,19-08-2026,23-08-2026,,,MERCHANT,
11-08-2026,ENNORE,Expected,ECTPL,SUNRISE I,,,S COAL,Dry/General Bulk,40952,40952,D,14-08-2026,18-08-2026,19-08-2026,,,PEARL,
11-08-2026,ENNORE,Expected,GCB,Jasper Arrow,,,AUTOMOBILE,Other,900,900,L,24-08-2026,24-08-2026,25-08-2026,,,K STEAM,
11-08-2026,KRISHNAPATNAM,Working,WB-3,MV PIONEER KIRA,,,FELDSPAR,Other,27000,27000,L,07-08-2026,08-08-2026,11-08-2026,BANGLADESH,,ATLANTIC GLOBAL SHIPPING PVT LTD,
11-08-2026,KRISHNAPATNAM,Working,WB-2,MT ZY LUNA,,,CPO,Other,15528.647000000001,15528.647,D,03-08-2026,09-08-2026,12-08-2026,MALAYSIA,,MARINELINKS SHIPPING AGENCIES,
11-08-2026,KRISHNAPATNAM,Working,WB-1,MT KEYSTONE,,,CPO-8800MT & RBD -3008MT,Other,11808,11808,D,11-08-2026,11-08-2026,13-08-2026,INDONESIA,,ATLANTIC GLOBAL SHIPPING PVT LTD,
11-08-2026,KRISHNAPATNAM,Working,S4,MV LILA SEOUL,,,GYPSUM,Dry/General Bulk,76442,76442,D,07-08-2026,07-08-2026,11-08-2026,OMAN,,SEATRANS MARINE PVT LTD.,
11-08-2026,KRISHNAPATNAM,Working,7,MV LADY,,,COAL,Dry/General Bulk,61500,61500,D,09-08-2026,09-08-2026,12-08-2026,HALDIA & PARADIP,,SARAT CHATTERJEE & CO (VSP) PVT LTD,
11-08-2026,KRISHNAPATNAM,Working,6,MV DORIC KATANA,,,COAL,Dry/General Bulk,79000,79000,D,07-08-2026,08-08-2026,12-08-2026,PARADIP,,M/S.SARAT CHATTERJEE & CO (VSP) PVT LTD,
11-08-2026,KRISHNAPATNAM,Working,5,MV XH META,,,IRON ORE FINES,Dry/General Bulk,188824,188824,D,07-08-2026,08-08-2026,13-08-2026,BRAZIL,,GPR MARITIME AGENCIES.,
11-08-2026,KRISHNAPATNAM,Working,4,MV MEDUSA,,,UREA,Other,47000,47000,D,07-08-2026,08-08-2026,13-08-2026,CHINA,,TAURUS SHIPPING,
11-08-2026,KRISHNAPATNAM,Working,3,MV XIN HAI TONG 17,,,GYPSUM,Dry/General Bulk,54878,54878,D,11-08-2026,11-08-2026,13-08-2026,OMAN,,SEAGREEN STEVEDORING AND LOGISTICS PVT LTD,
11-08-2026,KRISHNAPATNAM,Working,2,MV PRINCESS GRACE,,,COAL,Dry/General Bulk,73035,73035,D,09-08-2026,09-08-2026,14-08-2026,RUSSIA,,UNICORN MARITIMES (INDIA) PVT LTD,
11-08-2026,KRISHNAPATNAM,Expected,8,MV DECCAN PRIDE,,,COAL,Dry/General Bulk,73658,73658,D,11-08-2026,11-08-2026,13-08-2026,PARADIP,,J M BAXI MARINE SERVICES PVT. LTD.,
11-08-2026,KRISHNAPATNAM,Expected,4,MV JUNO PACIFIC,,,FERTILIZER,Dry/General Bulk,30530,30530,D,12-08-2026,13-08-2026,16-08-2026,"LUBUK GAUNG, INDONESIA",,ALAP CARRIERS,
11-08-2026,KRISHNAPATNAM,Expected,S4A,MV ELIM COURAGE,,,GRANITE,Other,10500,10500,L,12-08-2026,12-08-2026,14-08-2026,CHINA,,PUYVAST LOGISTICS PVT LTD,
11-08-2026,KRISHNAPATNAM,Expected,WB-2,MT THERESA LEO,,,CPO,Other,15997.700999999999,15997.701,D,12-08-2026,13-08-2026,16-08-2026,MALAYSIA,,INTEROCEAN SHIPPING(INDIA)PVT LTD,
11-08-2026,KRISHNAPATNAM,Expected,1,MV NAN XIN 9,,,COAL,Dry/General Bulk,30500,30500,D,13-08-2026,13-08-2026,16-08-2026,RUSSIA,,SEATRANS MARINE PVT. LTD,
11-08-2026,KRISHNAPATNAM,Expected,6,MV LADY J,,,COAL,Dry/General Bulk,67500,67500,D,13-08-2026,13-08-2026,15-08-2026,INDONESIA,,J M BAXI MARINE SERVICES PVT. LTD.,
11-08-2026,KRISHNAPATNAM,Expected,8,M.V GIORGAKIS,,,COAL,Dry/General Bulk,79000,79000,D,13-08-2026,13-08-2026,15-08-2026,PARADIP,,M/S.SARAT CHATTERJEE & CO,
11-08-2026,KRISHNAPATNAM,Expected,2,MV CAPT EUGENE,,,TSP FERTILIZER,Dry/General Bulk,34262,34262,D,14-08-2026,14-08-2026,18-08-2026,MOROCCO,,ATLANTIC GLOBAL SHIPPING PVT LTD,
11-08-2026,KRISHNAPATNAM,Expected,6,MV PACIFIC STAR,,,COAL,Dry/General Bulk,75000,75000,D,14-08-2026,15-08-2026,17-08-2026,PARADIP,,SARAT CHATTERJEE & CO (VSP) PVT LTD,
11-08-2026,KRISHNAPATNAM,Expected,7,MV VIOLETTA K,,,COAL,Dry/General Bulk,75000,75000,D,15-08-2026,15-08-2026,17-08-2026,PARADIP,,GAC SHIPPING PVT LTD.,
11-08-2026,KRISHNAPATNAM,Expected,S4,MV DOUKATO,,,COAL,Dry/General Bulk,83680,83680,D,15-08-2026,15-08-2026,19-08-2026,"NACALA PORT, MOZAMBIQUE",,SPARTANS MARINE SERVICES PRIVATE LIMITED,
11-08-2026,KRISHNAPATNAM,Expected,3,MV CAPE TAIZHOU,,,COAL,Dry/General Bulk,156326,156326,D,15-08-2026,15-08-2026,20-08-2026,RUSSIA,,MERCHANT SHIPPING SERVICES PVT. LTD.,
11-08-2026,KRISHNAPATNAM,Expected,5,MV MINERAL FAITH,,,IRON ORE,Dry/General Bulk,170000,170000,D,16-08-2026,16-08-2026,21-08-2026,"WESTERN AUSTRALIA, PORT HEDLAND",,GPR MARITIME AGENCIES,
11-08-2026,KRISHNAPATNAM,Expected,8,MV CHOLA PROSPERITY,,,COAL,Dry/General Bulk,74960,74960,D,16-08-2026,16-08-2026,18-08-2026,PARADIP,,ATLANTIC GLOBAL SHIPPING PVT LTD,
11-08-2026,KRISHNAPATNAM,Expected,6,MV ANDROS SPIRIT,,,COAL,Dry/General Bulk,49927,49927,D,16-08-2026,17-08-2026,19-08-2026,"RICHARDS BAY, SOUTH AFRICA",,JYOTHI MARINE SERVICES PVT LTD- OPA GAC SHIPPING,
11-08-2026,KRISHNAPATNAM,Expected,4,MV LV DAISY,,,DAP,Other,31400,31400,D,18-08-2026,18-08-2026,21-08-2026,"AQABA INDUSTRIAL, JORDAN",,***,
11-08-2026,KRISHNAPATNAM,Expected,1,MV XIN CHEN HAI YANG,,,SHIP UNLOADERS,Other,4098.8469999999998,4098.847,D,19-08-2026,19-08-2026,25-08-2026,CHINA,,SAMSARA SHIPPING PVT LTD,
11-08-2026,KRISHNAPATNAM,Expected,3,MV WESER POINT,,,LIMESTONE,Dry/General Bulk,76200,76200,D,19-08-2026,20-08-2026,23-08-2026,CHINA,,MERCHANT SHIPPING SERVICES PVT. LTD.,
11-08-2026,KRISHNAPATNAM,Expected,2,MV. SUN ISLAND,,,COAL,Dry/General Bulk,38230,38230,D,20-08-2026,20-08-2026,22-08-2026,"HAYPOINT, AUSTRALIA",,ASSOCIATED SHIPPING SERVICES,
11-08-2026,KRISHNAPATNAM,Expected,1,MV VITA MELODY,,,COAL,Dry/General Bulk,48871,48871,D,28-05-2026,28-05-2026,31-05-2026,INDONESIA,,JYOTHI MARINE,
11-08-2026,SANDHEADS,Working,,PELOPIDAS,,G'LESS,REVERT,Other,,,,NOT READY,090600,REVERT,,,N/A,
11-08-2026,SANDHEADS,Working,,THERE ARE 4 VIRTUAL ANCHORAGE POINTS AT SAGAR AND 4 VESSELS CAN WORK SIMULTANEOUSLY SUB PORT CONSIDERATION,,,,Other,,,,,,,,,,
11-08-2026,SANDHEADS,Working,,"VESSEL'S BERTHING MOVEMENT DEPENDS ON ALL FAVORABLE CONDITIONS SUCH AS CGO DOCS READINESS, VSL'S SENIORITY,",,,,Other,,,,,,,,,,
11-08-2026,SANDHEADS,Working,,"WEATHER CONDITIONS, CONGESTION & BERTH AVAILABILITY",,,,Other,,,,,,,,,,
11-08-2026,SANDHEADS,Working,,Port Working Hours: 24 x 7 basis,,,,Other,,,,,,,,,,
11-08-2026,SANDHEADS,Working,,COASTAL VESSELS HAVE OUSTING PRIORITY,,,,Other,,,,,,,,,,
11-08-2026,SAGAR,Waiting,,MV. SEA FALCON,,GEARED,MANGANESE ORE,Dry/General Bulk,,,,14-08-2026,15-08-2026,16-08-2026,,,BOTHRA,
11-08-2026,SAGAR,Waiting,,MV. WELL DREAM,,GEARED,LIMESTONE,Dry/General Bulk,,,,20-08-2026,21-08-2026,22-08-2026,,,GAC SHIPPING,
11-08-2026,HALDIA,Working,4B,MV. METTLE STARE-I,,GEARLESS,COKING COAL,Dry/General Bulk,32000,32000,DISCH,22-10-2025,23-10-2025,24-10-2025,,TATA STEEL,TMILL,
11-08-2026,HALDIA,Working,5,MV. AMAZON,,GEARLESS,COKING COAL,Dry/General Bulk,30000,30000,DISCH,09-08-2026,10-08-2026,12-08-2026,,TATA STEEL,TMILL,
11-08-2026,HALDIA,Working,10,MV. EAST WIND 1,,GEARED,YELLOW PEAS,Other,20000,20000,DISCH,28-07-2026,07-08-2026,14-08-2026,,VARIOUS,SEAVISION,
11-08-2026,HALDIA,Working,13,MV. ULTRA LYNX,,GEARLESS,LIMESTONE,Dry/General Bulk,35183,35183,DISCH,08-08-2026,09-08-2026,11-08-2026,,TATA STEEL,WILHELMSEN,
11-08-2026,HALDIA,Waiting,2,MV. SHINE RUBY,,GEARLESS,COKING COAL,Dry/General Bulk,30000,30000,DISCH,10-08-2026,11-08-2026,13-08-2026,,TATA INTERNATIONAL,SEATRANS,
11-08-2026,HALDIA,Waiting,1,MV. PAN CERES,,GEARLESS,STEAM COAL,Dry/General Bulk,35000,35000,DISCH,11-08-2026,11-08-2026,13-08-2026,,BALAJI MALTS,SEATRANS,
11-08-2026,HALDIA,Waiting,13,MV. PACIFIC ADVANCE,,GEARED,GYPSUM,Dry/General Bulk,30610,30610,DISCH,11-08-2026,12-08-2026,14-08-2026,,ACCESS DEVELOPER & GYPMART INDIA,ALAP,
11-08-2026,HALDIA,Waiting,14,MV.LORIENT,,GEARLESS,STEAM COAL,Dry/General Bulk,33000,33000,DISCH,11-08-2026,12-08-2026,14-08-2026,,HPL,GAC SHIPPING,
11-08-2026,HALDIA,Waiting,9,MV. SKIATHOS,,GEARLESS,METALLURGICAL COKE,Dry/General Bulk,32000,32000,DISCH,11-08-2026,12-08-2026,14-08-2026,,ORISSA METALIKS & RASHMI GREEN,EVEREADY,
11-08-2026,HALDIA,Expected,12,MV.HT PIONEER,,GEARED,STEEL ROUNDS,Dry/General Bulk,10730,10730,DISH,11-08-2026,,,,Jindal Steel,SEATRANS,
11-08-2026,HALDIA,Expected,"2,8,9 & 13",MV. JIN MING 82,,GEARED,MANGANESE ORE,Dry/General Bulk,21050,21050,DISCH,12-08-2026,14-08-2026,16-08-2026,,VARIOUS,GAC SHIPPING,DECLEAR FOR MHC BERTH
11-08-2026,HALDIA,Expected,"2,8,9 & 13",MV. SEA FALCON,,GEARED,MANGANESE ORE,Dry/General Bulk,28000,28000,DISCH,14-08-2026,17-08-2026,22-08-2026,,VARIOUS,BOTHRA,"DECLEAR FOR MHC BERTH ,(TO LIGHTEN AT SAGAR 4500 MT)"
11-08-2026,HALDIA,Expected,12,MV. BASIC FORTUNE,,GEARLESS,LIMESTONE,Dry/General Bulk,30000,30000,DISCH,14-08-2026,16-08-2026,18-08-2026,,TATA STEEL,TMILL,DECLEAR FOR TMILL BERTH
11-08-2026,HALDIA,Expected,"2,8,9 & 13",MV. AMNSI MAXIMUS,,GEARLESS,PYROXENITE,Other,34200,34200,DISCH,14-08-2026,16-08-2026,18-08-2026,,TATA STEEL,SAMSARA,DECLEAR FOR TMILL BERTH
11-08-2026,HALDIA,Expected,4B,MV. ODYSSEAS L,,GEARLESS,COKING COAL,Dry/General Bulk,30000,30000,DISCH,15-08-2026,17-08-2026,19-08-2026,,TATA STEEL,TMILL,DECLEAR FOR GBTPL BERTH
11-08-2026,HALDIA,Expected,"2,8,9 & 13",MV. ACHILLEAS S,,GEARED,MANGANESE ORE,Dry/General Bulk,17660,17660,DISCH,17-08-2026,18-08-2026,20-08-2026,,VARIOUS,GAC SHIPPING,DECLEAR FOR MHC BERTH
11-08-2026,HALDIA,Expected,"2,8,9 & 13",MV.SAKIZAYA XCEL,,GEARLESS,LIMESTONE,Dry/General Bulk,33000,33000,DISCH,18-08-2026,19-08-2026,21-08-2026,,TATA STEEL,KANOOO,DECLEAR FOR TMILL BERTH
11-08-2026,HALDIA,Expected,"2,8,9 & 13",MV.GOLDEN ARSENAL,,GEARED,ROCK PHOSPHATE,Dry/General Bulk,18600,18600,DISCH,18-08-2026,19-08-2026,21-08-2026,,"Indorama India,Jay Shree Tea & Teesta Agro Industries",ALAP,DECLEAR FOR TMILL BERTH
11-08-2026,HALDIA,Expected,"2,8,9 & 13",MV. WELL DREAM,,GEARED,LIMESTONE,Dry/General Bulk,26639,26639,DISCH,20-08-2026,23-08-2026,25-05-2026,,SHYAM SEL,GAC SHIPPING,"DECLEAR FOR MHC BERTH , (TO LIGHTEN AT SAGAR 4000 MT)"
11-08-2026,DHAMRA,Working,B -3/17/350,MV CHOLA MELODY,PANAMAX,,THERMAL COAL,Dry/General Bulk,,,LOADING,05-08-2026,B -3/17/350,12-08-2026,,NTECL,BOTHRA,
11-08-2026,DHAMRA,Working,B-3 A /14.5/350,MV BASIC FORTUNE,PANAMAX,,LIMESTONE,Dry/General Bulk,,,DISCHARGE,08-08-2026,B-3 A /14.5/350,14-08-2026,,TATA,TMIL,
11-08-2026,DHAMRA,Working,B-3A S /13.5,MV MH ARPEGGIO,HANDIMAX,,IRON ORE PELLETS,Dry/General Bulk,,,LOADING,02-08-2026,B-3A S /13.5,13-08-2026,,RUNGTA SONS,GAC,
11-08-2026,DHAMRA,Working,B-4/17/300,MV APJ SHIRINI,HANDIMAX,,PYROXENITE,Other,,,DISCHARGE,01-08-2026,B-4/17/300,13-08-2026,,PARAG VINMAY,SMPL,
11-08-2026,DHAMRA,Working,B-5/17/300,MV YANGTZE DAWN,HANDIMAX,,UREA,Other,,,DISCHARGE,31-07-2026,B-5/17/300,11-08-2026,,INDIAN POTASH LTD,SMPL,
11-08-2026,DHAMRA,Waiting,B-3,MV INCE ISTANBUL,PANAMAX,,IRON ORE PELLETS,Dry/General Bulk,75000 MT,75000,LOADING,09-08-2026,12-08-2026,14-08-2026,,ORISSA METALICES PVT LTD/SHYAM METALICS,ATLANTIC,
11-08-2026,DHAMRA,Waiting,B-5,MV GCL SABARMATI,CAPE,,LIMESTONE,Dry/General Bulk,105000 MT,105000,DISCHARGE,09-08-2026,14-08-2026,20-08-2026,,TATA,TMIL/SAMSARA,
11-08-2026,DHAMRA,Waiting,B-4,MV PRINCESS JONNA,HANDIMAX,,HR COIL,Other,40000 MT,40000,LOADING,10-08-2026,13-08-2026,16-08-2026,,TATA,TMIL,
11-08-2026,DHAMRA,Waiting,B-3,MV MAHIC PERSEUS,PANAMAX,,THERMAL COAL,Dry/General Bulk,76460 MT,76460,LOADING,10-08-2026,14-08-2026,17-08-2026,,MOXIE POWER,GAC,
11-08-2026,DHAMRA,Waiting,B-3AS,MV SAKIZAYA XCEL,PANAMAX,,LIMESTONE,Dry/General Bulk,45000 MT,45000,DISCHARGE,10-08-2026,13-08-2026,16-08-2026,,TATA,TMIL,
11-08-2026,DHAMRA,Expected,B-3,MV ENGIADINA,HANDIMAX,,IRON ORE PELLETS,Dry/General Bulk,55000 MT,55000,LOADING,11-08-2026,17-08-2026,18-08-2026,,RUNGTA MINES,INFINITY,
11-08-2026,DHAMRA,Expected,B-1,MV ODYSSEAS,PANAMAX,,COAL,Dry/General Bulk,45000 MT,45000,DISCHARGE,12-08-2026,12-08-2026,13-08-2026,,TATA,TMIL,
11-08-2026,DHAMRA,Expected,B-3A,MV OCEAN HOPE,HANDIMAX,,IRON ORE FINES,Dry/General Bulk,55000 MT,55000,LOADING,12-08-2026,12-08-2026,15-08-2026,,LAXMI EXPORTS,SPARTANS,
11-08-2026,DHAMRA,Expected,B-2,MV CELINA,PANAMAX,,COKING COAL,Dry/General Bulk,75000 MT,75000,DISCHARGE,12-08-2026,12-08-2026,13-08-2026,,SAIL,SMPL/INTEROCEAN/SPARTANS,
11-08-2026,DHAMRA,Expected,B-3AS,MV GREEK SEAS,PANAMAX,,LIMESTONE,Dry/General Bulk,45000 MT,45000,DISCHARGE,13-08-2026,17-08-2026,20-08-2026,,TATA,TMIL,
11-08-2026,DHAMRA,Expected,B-3,MV PORT NARA,HANDIMAX,,THERMAL COAL,Dry/General Bulk,32000 MT,32000,LOADING,13-08-2026,18-08-2026,19-08-2026,,ORISSA METALICES PVT LTD/SHYAM METALICS,ATLANTIC,
11-08-2026,DHAMRA,Expected,B-4,MV SAFESEA SINDOOR,HANDIMAX,,COIL/SLAB,Dry/General Bulk,30000 MT,30000,LOADING,15-08-2026,16-08-2026,22-08-2026,,JINDAL STEEL LTD,JM BAXI,
11-08-2026,DHAMRA,Expected,B-3,MV PORTLAND,HANDIMAX,,SLAG,Other,55000 MT,55000,LOADING,15-08-2026,19-08-2026,21-08-2026,,TATA,EIPL,
11-08-2026,DHAMRA,Expected,B-1,MV ANDRO SPIRIT,PANAMAX,,COKING COAL,Dry/General Bulk,38000 MT,38000,DISCHARGE,20-08-2026,20-08-2026,21-08-2026,,ADANI ENTERPRISES LTD,JYOTHI,
11-08-2026,DHAMRA,Expected,B-2,MV EASTERN QUINCE,PANAMAX,,COKING COAL,Dry/General Bulk,78000 MT,78000,DISCHARGE,21-08-2026,21-08-2026,23-08-2026,,TATA,TMIL/BEN LINE,
11-08-2026,PARADIP PORT,Waiting & Expected,,MV. ENDLESS HORIZON,,189.99/13.00,ROCK PHOSPHATE,Dry/General Bulk,56038 MT,56038,DISCHARGE,08/1624 HRS,,,HIGH SEAS,PPL,OSL,
11-08-2026,PARADIP PORT,Waiting & Expected,,MV. ANASTASIA K,,229.00/,ROCK PHOSPHATE,Dry/General Bulk,76015 MT,76015,DISCHARGE,13/1800 HRS,,,HIGH SEAS,IFFCO,JMS,
11-08-2026,PARADIP PORT,Waiting & Expected,,MT. PLATA SOUTH,,333.00/,CRUDE OIL,Liquid/Chemical Bulk,269855 MT,269855,DISCHARGE,10/2106HRS,,,HIGH SEAS,IOCL PLD,GAC,
11-08-2026,PARADIP PORT,Waiting & Expected,,MT. ATHERINA,,339.76/21.50,CRUDE OIL,Liquid/Chemical Bulk,286442 MT,286442,DISCHARGE,11/2000 HRS,,,HIGH SEAS,IOCL PLD,ISIPL,
11-08-2026,PARADIP PORT,Waiting & Expected,,MV. APJ SETHU,,224.86/,THERMAL COAL,Dry/General Bulk,75000 MT,75000,LOADING,07/0354 HRS,11-08-2026,12-08-2026,HIGH SEAS,TNPGCL,SEAPORT,NOT READY
11-08-2026,PARADIP PORT,Waiting & Expected,,MV. MARINE FORTUNE I,,225.00/13.80,THERMAL COAL,Dry/General Bulk,72000 MT,72000,LOADING,08/1624 HRS,11-08-2026,12-08-2026,HIGH SEAS,TNPGCL,SEAPORT,NOT READY
11-08-2026,PARADIP PORT,Waiting & Expected,,MV. LILA FUJI,,229.00/14.50,THERMAL COAL,Dry/General Bulk,77000 MT,77000,LOADING,10/1436 HRS,12-08-2026,13-08-2026,KRISHNAPATNAM,NTPC/KUDGI,GAC,SUB TO READINESS
11-08-2026,PARADIP PORT,Waiting & Expected,,MV. JAL VAIBHAV,,228.05/14.50,THERMAL COAL,Dry/General Bulk,85000 MT,85000,LOADING,10/1242 HRS,12-08-2026,13-08-2026,KRISHNAPATNAM,NTECL/SARAT,BOTHRA,SUB TO READINESS
11-08-2026,PARADIP PORT,Waiting & Expected,,MV. AQUASTAR,,199.92/,THERMAL COAL,Dry/General Bulk,60000 MT,60000,LOADING,10/1245 HRS,12-08-2026,13-08-2026,KRISHNAPATNAM,MAHAGENCO,ACEC,SUB TO READINESS
11-08-2026,PARADIP PORT,Waiting & Expected,,MV. PACIFIC STAR,,224.90/14.50,THERMAL COAL,Dry/General Bulk,74000MT,74000,LOADING,11/0600 HRS,12-08-2026,13-08-2026,KRISHNAPATNAM,SEMBCORP,SCC(VSP),SUB TO READINESS
11-08-2026,PARADIP PORT,Waiting & Expected,,MV. VIOLETTA K,,228.99/14.50,THERMAL COAL,Dry/General Bulk,75000 MT,75000,LOADING,11/0906 HRS,13-08-2026,14-08-2026,ENNORE,APPDCL/ADANI,GAC,SUB TO READINESS
11-08-2026,PARADIP PORT,Waiting & Expected,,MV. RIPLEY PINNACLE,,225.00/14.50,THERMAL COAL,Dry/General Bulk,74000 MT,74000,LOADING,11/1800 HRS,13-08-2026,14-08-2026,ENNORE,APGEN/RIPLEY,SSS,SUB TO READINESS
11-08-2026,PARADIP PORT,Waiting & Expected,,MV. CHOLA PROSPERITY,,225.00/14.50,THERMAL COAL,Dry/General Bulk,44000 MT,44000,LOADING,11/2130 HRS,13-08-2026,14-08-2026,KRISHNAPATNAM,KPCLA/C CLPL,SSS,SUB TO READINESS
11-08-2026,PARADIP PORT,Waiting & Expected,,MV. W SAPPHIRE,,229.00/14.50,THERMAL COAL,Dry/General Bulk,75000 MT,75000,LOADING,12/0600 HRS,14-08-2026,15-08-2026,KRISHNAPATNAM,APPDCL/ADANI,GAC,SUB TO READINESS
11-08-2026,PARADIP PORT,Waiting & Expected,,MV. APJ KABIR ANAND,,225.00/14.50,THERMAL COAL,Dry/General Bulk,75000 MT,75000,LOADING,13/1800 HRS,14-08-2026,15-08-2026,HIGH SEAS,TNPGCL,SEAPORT,NOT READY
11-08-2026,PARADIP PORT,Waiting & Expected,,MV. AFRICAN ISABELLE,,199.98/13.50,THERMAL COAL,Dry/General Bulk,74000 MT,74000,LOADING,14/0600 HRS,14-08-2026,15-08-2026,KAKINADA,APG/SC,SCC(VSP),SUB TO READINESS
11-08-2026,PARADIP PORT,Waiting & Expected,,MV TAN BINH 259,,175.53/9.50,STEEL COILS,Dry/General Bulk,25391 MT,25391,DISCHARGE,22/1625 HRS,12-08-2026,14-08-2026,BAHODOPI,JINDAL STAINLESS,SSS,SUB TO READINESS
11-08-2026,PARADIP PORT,Waiting & Expected,,MV. CONCARAN,,199.98/13.42,PIG IRON,Dry/General Bulk,51500 MT,51500,LOADING,29/1300 HRS,12-08-2026,16-08-2026,CORPUS CHR,MSC AGENCY,GAC,CONTAINER PRIORITY
11-08-2026,PARADIP PORT,Waiting & Expected,,MV. STAR HELSINKI,,199.90/12.23,UREA,Other,49350 MT,49350,DISCHARGE,09/0712 HRS,17-08-2026,21-08-2026,UST-LUGA,BRAHMAPUTRA,SSS,SUB TO READINESS
11-08-2026,PARADIP PORT,Waiting & Expected,,MV. MAGIC ARIEL,,229.00/7.50,PIG IRON,Dry/General Bulk,66000 MT,66000,LOADING,09/1124 HRS,14-08-2026,17-08-2026,SINGAPORE,OMPL,J M BAXIMSPL,SUB TO READINESS
11-08-2026,PARADIP PORT,Waiting & Expected,,MV. DELAVITA,,229.00/7.50,PIG IRON,Dry/General Bulk,60500 MT,60500,LOADING,10/0130 HRS,17-08-2026,22-08-2026,SINGAPORE,RAMSARUP,GAC,SUB TO READINESS
11-08-2026,PARADIP PORT,Waiting & Expected,,MV. DP WORLD THAMIRABARANI,,142.70/6.90,CONTAINER,Container,10324 MT,10324,LOADING,10/0130 HRS,11-08-2026,12-08-2026,HALDIA,SWS/JSL/SAL,UNIFEEDER,CONTAINER PRIORITY
11-08-2026,PARADIP PORT,Waiting & Expected,,MV. MSC MAKOTO II,,175.49/7.50,CONTAINER,Container,10324 MT,10324,LOADING,17/1800 HRS,16-08-2026,17-08-2026,COLOMBO,MSC AGENGY,MSC AGENGY,CONTAINER PRIORITY
11-08-2026,PARADIP PORT,Waiting & Expected,,MV. MARINE CRYSTAL,,249.88/15.15,HARD COKING COAL,Dry/General Bulk,111185 MT,111185,DISCHARGE,09/2000 HRS,12-08-2026,15-08-2026,ABBOT POINT,JSPL/JSOL,SWS,SUB TO READINESS
11-08-2026,PARADIP PORT,Waiting & Expected,,MV. YM DELIGHT,,228.99/9.88,HARD COKING COAL,Dry/General Bulk,32000 MT,32000,DISCHARGE,10/0248 HRS,,,SINGAPORE,JSW JFE,J M BAXIMSPL,SUB TO READINESS
11-08-2026,PARADIP PORT,Waiting & Expected,,MV. DDS MARINA,,126.80/9.10,AMMONIUM NITRATE,Other,11327 MT,11327,DISCHARGE,16/0600 HRS,,,HIGH SEAS,SPECIAL,SRAVAN,SQ
11-08-2026,PARADIP PORT,Waiting & Expected,,MV. JIN HAI RUN,,199.85/13.65,IRON ORE PELLET,Dry/General Bulk,61920 MT,61920,LOADING,11/1300 HRS,,,HIGH SEAS,RSPL,INFINITY,
11-08-2026,PARADIP PORT,Waiting & Expected,,MV. YANGTZE DAWN,,189.99/,IRON ORE PELLET,Dry/General Bulk,55000 MT,55000,LOADING,12/0600 HRS,,,HIGH SEAS,RSPL,GAC,
11-08-2026,PARADIP PORT,Waiting & Expected,,MV. OCEAN WINNER,,225.00/14.35,IRON ORE FINES,Dry/General Bulk,73000 MT,73000,LOADING,05/2118 HRS,,,CHINA,OCL IRON,BOTHRA,
11-08-2026,PARADIP PORT,Waiting & Expected,,MV. QING QUAN SHAN,,199.90/,IRON ORE PELLET,Dry/General Bulk,35000 MT,35000,LOADING,09/0229 HRS,09-08-2026,10-08-2026,CHINA,RMLL,GAC,
11-08-2026,PARADIP PORT,Waiting & Expected,,MT. NV AQUAMARINE,,225.12/,BUTANE/PROPANE,Liquid/Chemical Bulk,24000 MT,24000,DISCHARGE,19/1912 HRS,,,HIGHSEAS,IOCL,ISIPL,
11-08-2026,PARADIP PORT,Waiting & Expected,,MT. SOPRANO SERENE,,179.88/11.80,HSD/M.SPIRIT,Liquid/Chemical Bulk,19500 MT,19500,DISCHARGE,01/1000 HRS,,,HALDIA,BPCL,AGS,
11-08-2026,PARADIP PORT,Waiting & Expected,,MT. NOVA BREEZE,,180.00/10.40,AMMONIA,Liquid/Chemical Bulk,25000 MT,25000,DISCHARGE,03/0812 HRS,,,HIGHSEAS,IFFCO/PPL,J M BAXIMSPL,
11-08-2026,PARADIP PORT,Waiting & Expected,,MT. FAIRWAY,,274.00/7.70,NAPTHA,Other,14000 MT,14000,LOADING,11/1000 HRS,,,HIGHSEAS,IOCL,AGS,
11-08-2026,PARADIP PORT,Waiting & Expected,,MT. SANMAR SHEHNAI,,182.50/7.70,NAPTHA,Other,14000MT,14000,LOADING,12/1000 HRS,,,KANDLA,IOCL,J M BAXIMSPL,
11-08-2026,PARADIP PORT,Waiting & Expected,,MV. BLUE SPIRIT,,229.00/14.45,COKING COAL,Dry/General Bulk,78001 MT,78001,DISCHARGE,05/1512 HRS,11-08-2026,15-08-2026,TAMAN,JSPL,SSS,MPB
11-08-2026,PARADIP PORT,Waiting & Expected,,MV. AMNSI MAXIMUS,,229.00/13.50,PYROXENITE,Other,40000 MT,40000,DISCHARGE,06/0818 HRS,11-08-2026,13-08-2026,FUJAIRAH,TATA,TMIL,CQ-2
11-08-2026,PARADIP PORT,Waiting & Expected,,MV. HOANG ANH 03,,140.19/,R P COKE,Dry/General Bulk,10000 MT,10000,DISCHARGE,09/0600 HRS,12-08-2026,13-08-2026,LUMUT,GCL,ACEC,CQ-1
11-08-2026,PARADIP PORT,Waiting & Expected,,MV. OTHONOI,,229.00/14.45,COKING COAL,Dry/General Bulk,79100 MT,79100,DISCHARGE,09/2054HRS,13-08-2026,17-08-2026,HAYPOINT,JSPL,JMS,CQ-2
11-08-2026,PARADIP PORT,Waiting & Expected,,MV. EVER SUPERIOR,,116.99/7.90,FERRO CHROM,Dry/General Bulk,8900 MT,8900,DISCHARGE,11/0600 HRS,13-08-2026,14-08-2026,POHANG,IMFA,CHOWGULE,CQ-1
11-08-2026,PARADIP PORT,Waiting & Expected,,MV. BASIC STAR,,189.98/10.20,C.COAL/PCI COAL,Dry/General Bulk,44000 MT,44000,DISCHARGE,12/1230 HRS,14-08-2026,16-08-2026,HALDIA,TATA,TMIL,CQ-1
11-08-2026,PARADIP PORT,Waiting & Expected,,MV. ERACLEA,,189.98/10.20,HARD COKING COAL,Dry/General Bulk,37155 MT,37155,DISCHARGE,12/1530 HRS,15-08-2026,17-08-2026,BEIRA,JSPL,SSS,SQ
11-08-2026,PARADIP PORT,Waiting & Expected,,MV. SERENITY,,186.40/,MET COKE,Dry/General Bulk,17720 MT,17720,DISCHARGE,14/0600 HRS,15-08-2026,16-08-2026,BARRANQUILLA,IMFA,OSL,MPB
11-08-2026,PARADIP PORT,Waiting & Expected,,MV. BRILLIANT ADVANCE,,228.99/14.53,COKING COAL,Dry/General Bulk,79300 MT,79300,DISCHARGE,16/0600 HRS,17-08-2026,20-08-2026,HIGH SEAS,TATA,TMIL,MPB
11-08-2026,PARADIP PORT,Waiting & Expected,,"PRIORITY BERTHING ALLOWED FOR ALL IMPORT/EXPORT DRY BULK CARGO TO M/S. JSPL, TATA, JSW SAMBALPUR AT GCB.",,,,Other,,,,,,,,,,
11-08-2026,PARADIP PORT,Waiting & Expected,,"VESSEL WHICH CAN NOT PERFORM AS THE REQUIRED PORT NORMS, SHE WILL BE SHIFTED TO ROADS AND HER BERTHING WILL BE DECIDED AS THE LAST VESSEL ON SERIAL.",,,,Other,,,,,,,,,,
11-08-2026,PARADIP PORT,Waiting & Expected,,"MAXIMUM OF TWO COASTAL VESSELS WILL BE TAKEN AT A TIME IN THE CONVENTIONAL BERTH W.E.F 07-OCT-2018,TILL FURTHER ORDER",,,,Other,,,,,,,,,,
11-08-2026,KAKINADA,Waiting,,M.V. BLOOM HALO,,,IRON ORE PELLETS,Dry/General Bulk,63550,63550,,11-08-2026,,,,LLOYDS METALS,BOTHRA,
11-08-2026,KAKINADA,Waiting,,SAILED VESSELS::,,,,Other,,,,,,,,,,
11-08-2026,KAKINADA,Waiting,,M.V.AM PROGRESS,,,,Other,,,,06-08-2026,,,,,,
11-08-2026,KAKINADA,Waiting,,M.T. NORD VANQUISH,,,,Other,,,,09-08-2026,,,,,,
11-08-2026,KAKINADA,Waiting,,M.V. THAI BINH 02,,,,Other,,,,07-08-2026,,,,,,
11-08-2026,KAKINADA,Expected,,M.V.ESPERITA,,,RICE,Dry/General Bulk,50000,50000,,14-08-2026,,,,,IMPERIAL,
11-08-2026,KAKINADA,Expected,,M.V.LIBRA,,,RICE,Dry/General Bulk,50000,50000,,15-08-2026,,,,,LOTUS,
11-08-2026,KAKINADA,Expected,,M.V.ALEXANDROS III,,,RICE,Dry/General Bulk,7500,7500,,15-08-2026,,,,,LOTUS,
11-08-2026,KAKINADA,Expected,,M.T. DIWAKAR,,,DIESEL MOTOR SPIRIT,Liquid/Chemical Bulk,9537 3958,,,11-08-2026,,,,NAYARA,SRI OCEANIC,
11-08-2026,KAKINADA,Expected,,M.V.VIVA ECLIPSE,,,DAP,Other,49500,49500,,11-08-2026,,,,KRIBHCO,ANLINE,
11-08-2026,KAKINADA,Expected,,M.V. ECO CZAR,,,COAL,Dry/General Bulk,75000,75000,,12-08-2026,,,,A.P.GENCO,BOTHRA,
11-08-2026,KAKINADA,Expected,,M.T. ORCHID SYLT,,,SULPHURIC ACID,Liquid/Chemical Bulk,20500,20500,,13-08-2026,,,,CIL,SEAPHOENIX,
11-08-2026,KAKINADA,Expected,,M.V. BOSHI 78,,,ALUMINA,Dry/General Bulk,30653,30653,,13-08-2026,,,,BALCO,ESDI MARITIME,
11-08-2026,KAKINADA,Expected,,M.V. ROYAL FALCON,,,ALUMINA,Dry/General Bulk,31499,31499,,15-08-2026,,,,BALCO,JYOTHI MARINE,
11-08-2026,KAKINADA,Expected,,M.T. DX PIONEER,,,EDIBLE OIL,Other,13000,13000,,17-08-2026,,,,"GEMINI , NAVABHARAT PATANJALI SANTHOSHIMATHAA",SEAPORT SERVICES,
11-08-2026,KAKINADA,Expected,,M.V.DEBBIE,,,GENERAL CARGO,Other,133,133,,19-08-2026,,,,SCHLUMERGER ASIA SERVICES,PAREKH MARINE,
11-08-2026,KAKINADA,Expected,,M.V.RISHABH,,,,Other,,,,05-02-2026,,,,,,
11-08-2026,GANGAVARAM,Working,B1,MV ND THELIX,,,GRANULATED SLAG,Other,56570,56570,,08-07-2026,B1,11-08-2026,,MINISTRANS,GPR MARITIME,MANUAL BERTH / SHIP CRANES
11-08-2026,GANGAVARAM,Working,B2,MV GESELA OLDENDORFF,,,LIMESTONE,Dry/General Bulk,77750,77750,,08-07-2026,B2,12-08-2026,,THE COMMODITY HUB,SPARTANS,
11-08-2026,GANGAVARAM,Working,B4,MV VISHVA PRERNA,,,IRON ORE FINES,Dry/General Bulk,52625,52625,,10-08-2026,B4,12-08-2026,,KIOCL,SEAWAYS,MECHNICAL CONCEYOR LOADING BERTH
11-08-2026,GANGAVARAM,Working,B6,MV MARAN UNITY,,,BAUXITE,Dry/General Bulk,169274,169274,,06-08-2026,B6,13-08-2026,,PIONEER ALUMINA,RICHMARK,MECHNICAL CONCEYOR DISCH BERTH
11-08-2026,GANGAVARAM,Working,B7,MV KOBE HARMONY,,,CP COKE,Dry/General Bulk,26250,26250,,31-07-2026,B7,14-08-2026,,VEDANTA/BALCO,SPARTANS,MANUAL BERTH / SHIP CRANES
11-08-2026,GANGAVARAM,Working,B8,MV RIPLEY PROSPERITY,,,THERMAL COAL,Dry/General Bulk,75000,75000,,11-08-2026,B8,14-08-2026,COASTAL,ADANI,JYOTHI,HMC BERTH
11-08-2026,GANGAVARAM,Waiting,B4,MV VISHVA VIKAS,,,IRON ORE FINES,Dry/General Bulk,55000,55000,,11-08-2026,B4,14-08-2026,,KIOCL,SEAWAYS,
11-08-2026,GANGAVARAM,Expected,B1,MV LIA,,,STEEL BILLETS,Dry/General Bulk,40000,40000,,12-08-2026,B1,18-08-2026,,RINL,SPARTANS,
11-08-2026,GANGAVARAM,Expected,B3,MV AQUAPRIMA,,,LIMESTONE,Dry/General Bulk,75000,75000,,12-08-2026,B3,15-08-2026,,JSW,ATLANTIC,
11-08-2026,GANGAVARAM,Expected,B5,MV VISHVA CHETNA,,,COKING COAL,Dry/General Bulk,47200,47200,,12-08-2026,B5,14-08-2026,,SAIL,SEAWAYS,
11-08-2026,GANGAVARAM,Expected,B6,MV FIRST HUNTER,,,COKING COAL,Dry/General Bulk,46800,46800,,12-08-2026,B6,13-08-2026,,SAIL,GAC,
11-08-2026,GANGAVARAM,Expected,B5,SERENDIPITY,,,COKING COAL,Dry/General Bulk,46500,46500,,14-08-2026,B5,15-08-2026,,SAIL,GAC,
11-08-2026,VISAKHAPATNAM,Working,OB-1,MV PORTO DOLICHA,,,IRON ORE FINES,Dry/General Bulk,53420,53420,L,09-08-2026,OB-1,10-08-2026,,,JYOTHI,SAILED
11-08-2026,VISAKHAPATNAM,Working,VGCB,MV ALPHA TROPHY,,,BAUXITE IN BULK,Dry/General Bulk,198041,198041,D,06-08-2026,VGCB,17-08-2026,,,IMPERIAL,
11-08-2026,VISAKHAPATNAM,Working,CB-3,MV SNL HAIKOU,,,CONTAINERS,Container,12445,12445,D/L,10-08-2026,CB-3,11-08-2026,,,P A MARITIME,
11-08-2026,VISAKHAPATNAM,Working,CB-4,MV SM MANALI,,,CONTAINERS,Container,39356,39356,D/L,09-08-2026,CB-4,11-08-2026,,,SIMA MARINE,
11-08-2026,VISAKHAPATNAM,Working,AVCTPL[EQ-1A],MV KONA EXPLORER,,,LIMESTONE,Dry/General Bulk,78846,78846,D,10-08-2026,AVCTPL[EQ-1A],14-08-2026,,,WALTER CUMIN,
11-08-2026,VISAKHAPATNAM,Working,EQ-3,MV ALEXANDROS III,,,RICE IN BAGS,Dry/General Bulk,23070,23070,L,04-08-2026,EQ-3,16-08-2026,,,DHANISHTA,
11-08-2026,VISAKHAPATNAM,Working,EQ-4,MV CYMONAEAGLE,,,AMMONIUM SULPHTE IN BULK,Other,29400,29400,D,05-08-2026,EQ-4,11-08-2026,,,SEATRANS,
11-08-2026,VISAKHAPATNAM,Working,EQ-6,MV LIAN YI DA 1 HAO,,,ALUMINA IN BULK,Dry/General Bulk,28400,28400,L,01-08-2026,EQ-6,12-08-2026,,,INTEROCEAN,
11-08-2026,VISAKHAPATNAM,Working,EQ-7,MT BOW ORION,,,PHOSPHERIC ACID,Other,10000,10000,D,09-08-2026,EQ-7,11-08-2026,,,GAC,
11-08-2026,VISAKHAPATNAM,Working,EQ-8 (VSPL),MV YASA RUBY,,,COKING COAL,Dry/General Bulk,79841,79841,D,10-08-2026,EQ-8 (VSPL),14-08-2026,,,IMPERIAL,
11-08-2026,VISAKHAPATNAM,Working,EQ-9 (VSPL),MV BELLA OLYMPIA,,,COKING COAL,Dry/General Bulk,28321,28321,D,09-08-2026,EQ-9 (VSPL),11-08-2026,,,INFINITY,
11-08-2026,VISAKHAPATNAM,Working,WQ-1,MV ONE AND ONLY,,,FERRO MANGANESE IN BULK & BAGS & STEEL CARGO.,Dry/General Bulk,28092,28092,L,23-07-2026,WQ-1,13-08-2026,,,SAIANS,SHIFTS TO WQ-1 ON 07.08.2026
11-08-2026,VISAKHAPATNAM,Working,WQ-2,MV JIN MING 82,,,MANGANESE ORE,Dry/General Bulk,34100,34100,D,05-08-2026,WQ-2,11-08-2026,,,INTEGRAL,
11-08-2026,VISAKHAPATNAM,Working,WQ-3,MV TATEV,,,ALUMINA IN BAGS,Dry/General Bulk,27600,27600,L,07-08-2026,WQ-3,17-08-2026,,,INTEROCEAN,
11-08-2026,VISAKHAPATNAM,Working,WQ-5,MV SERENITY,,,LAM COKE,Dry/General Bulk,7000,7000,D,10-08-2026,WQ-5,12-08-2026,,,K.R & SONS,
11-08-2026,VISAKHAPATNAM,Working,WQ-7,Handed over to m/s VMBCTPL for projecdt development,,,,Other,,,,,WQ-7,,,,,
11-08-2026,VISAKHAPATNAM,Working,OR-1,OR -1 Berth spared for Revamping by CE department,,,,Other,,,,,OR-1,,,,,
11-08-2026,VISAKHAPATNAM,Working,OR-2,MT DAWN HARIDWAR,,,VLSFO,Other,7000,7000,D,08-08-2026,OR-2,12-08-2026,,,HARIKA,
11-08-2026,VISAKHAPATNAM,Working,OR-3,MT SWARNA PUSHP,,,ATF,Liquid/Chemical Bulk,3827,3827,D,07-08-2026,OR-3,11-08-2026,,,HARIKA,
11-08-2026,VISAKHAPATNAM,Waiting,1,MV WELL DREAM,,,QUICK LIME IN BAGS,Other,4000,4000,D,26-06-2026,1,,,,SPARTANS,
11-08-2026,VISAKHAPATNAM,Waiting,2,LPG/C. SEARMBLER,,,ANDHROUS AMMONIA,Liquid/Chemical Bulk,10000,10000,D,17-07-2026,2,,,,GAC,RE-ANCH
11-08-2026,VISAKHAPATNAM,Waiting,3,LPG/C. GAS PRIME,,,LPG,Other,22000,22000,D,08-08-2026,3,,,,INTEROCEAN,
11-08-2026,VISAKHAPATNAM,Waiting,4,MT AB OLIVIA,,,TRSP/ NAPTHA,Other,10000,10000,L,10-08-2026,4,,,,ATLANTIC,
11-08-2026,VISAKHAPATNAM,Waiting,5,MT LOURDES,,,HSD & MS,Liquid/Chemical Bulk,6000,6000,L,10-08-2026,5,12-08-2026,,,ATLANTIC,
11-08-2026,VISAKHAPATNAM,Waiting,6,MV SANTA ANGELINA,,,IRON ORE FINES,Dry/General Bulk,55000,55000,L,11-08-2026,6,,,,JYOTHI,
11-08-2026,VISAKHAPATNAM,Waiting,7,MV PAULA TRADER,,,FERRO MANGANESE & STEEL CARGO,Dry/General Bulk,20350,20350,L,11-08-2026,7,,,,SAIANS,
11-08-2026,VISAKHAPATNAM,Waiting,8,MV NESTORS,,,UREA,Other,55000,55000,D,11-08-2026,8,,,,INTEROCEAN,
11-08-2026,VISAKHAPATNAM,Waiting,9,MV SEA FALCON,,,MANGANESE ORE,Dry/General Bulk,19321,19321,D,11-08-2026,9,,,,NAVSHIP,
11-08-2026,VISAKHAPATNAM,Waiting,10,MV DONG FANG WEI YE,,,ALUMINA IN BAGS,Dry/General Bulk,31500,31500,L,11-08-2026,10,,,,ESHWAR,
11-08-2026,VISAKHAPATNAM,Expected,,MT VT QUEEN,,,TRSP/ NAPTHA,Other,10000,10000,L,11-08-2026,,,,,ATLANTIC,
11-08-2026,VISAKHAPATNAM,Expected,,MT SANCHI,,,HSD,Liquid/Chemical Bulk,6000,6000,L,11-08-2026,12-08-2026,,,,INTEROCEAN,
11-08-2026,VISAKHAPATNAM,Expected,,MV XIN HAI TONG 807,,,STEAM COAL,Dry/General Bulk,78260,78260,D,11-08-2026,,,,,SEATRANS,
11-08-2026,VISAKHAPATNAM,Expected,,MV ACHILLEAS S,,,MANGANESE ORE,Dry/General Bulk,38831,38831,D,11-08-2026,12-08-2026,,,,GAC,
11-08-2026,VISAKHAPATNAM,Expected,,MV HONG YAO,,,CONTAINERS,Container,5000,5000,D/L,11-08-2026,11-08-2026,,,,P.V.RAMANMUR,
11-08-2026,VISAKHAPATNAM,Expected,,MV CHENNAI VALARCHI,,,THERMAL COAL,Dry/General Bulk,77000,77000,L,12-08-2026,,,,,SEAPORT,
11-08-2026,VISAKHAPATNAM,Expected,,MV INFINITY,,,ALUMINA POWDER IN BULK,Dry/General Bulk,30600,30600,L,12-08-2026,12-08-2026,,,,RVSS,
11-08-2026,VISAKHAPATNAM,Expected,,LPG/C ETERNAL GLORY,,,LPG,Other,23000,23000,D,12-08-2026,,,,,BOTHRA,
11-08-2026,VISAKHAPATNAM,Expected,,MV GCL YAMUNA,,,IRON ORE PELLETS,Dry/General Bulk,105000,105000,L,13-08-2026,,,,,JYOTHI,
11-08-2026,VISAKHAPATNAM,Expected,,MV HAI DUONG 68,,,STEEL CARGO,Dry/General Bulk,5000,5000,L,13-08-2026,,,,,SPARTANS,
11-08-2026,VISAKHAPATNAM,Expected,,MV PANDA,,,ALUMINA IN BAGS,Dry/General Bulk,33000,33000,L,13-08-2026,,,,,INTEROCEAN,
11-08-2026,VISAKHAPATNAM,Expected,,MV SSI IRRSISTIBLE,,,AMMONIUM SULPHTE IN BULK,Other,40500,40500,D,13-08-2026,,,,,SEATRANS,
11-08-2026,VISAKHAPATNAM,Expected,,MV KATERINA III,,,M.COKE & NUT COKE,Dry/General Bulk,30010,30010,D,13-08-2026,,,,,GAC,
11-08-2026,VISAKHAPATNAM,Expected,,MT MARAN AJAX,,,CRUDE OIL,Liquid/Chemical Bulk,248000,248000,D,13-08-2026,,,,,ATLANTIC,
11-08-2026,VISAKHAPATNAM,Expected,,MV HALDI,,,"STONE AGGREGATE ,CEMENT & GENERAL CARGO",Dry/General Bulk,5000,5000,L,14-08-2026,,,,,FAIRMACS,
11-08-2026,VISAKHAPATNAM,Expected,,MV BAO CHANG,,,ROCK PHOSPHATE,Dry/General Bulk,45000,45000,D,14-08-2026,,,,,RDS OIL,
11-08-2026,VISAKHAPATNAM,Expected,,MV THEOSKEPASTI,,,STEAM COAL,Dry/General Bulk,71670,71670,D,14-08-2026,,,,,SEATRANS,
11-08-2026,VISAKHAPATNAM,Expected,,MV OAK ANTON,,,NUT COKE IN BULK,Dry/General Bulk,17700,17700,D,14-08-2026,,,,,NAVSHIP,
11-08-2026,VISAKHAPATNAM,Expected,,MV SITC PORTKLANG,,,CONTAINERS,Container,10200,10200,D/L,14-08-2026,,,,,ELS,
11-08-2026,VISAKHAPATNAM,Expected,,MV ZHONG GU XIONG AN,,,CONTAINERS,Container,25000,25000,D/L,15-08-2026,,,,,BTL,
11-08-2026,VISAKHAPATNAM,Expected,,MV AFRICAN PEACOCK,,,C.P.COKE,Dry/General Bulk,16000,16000,L,16-08-2026,,,,,ESHWAR,
11-08-2026,VISAKHAPATNAM,Expected,,MV DARLEAKAY,,,MANGANESE ORE,Dry/General Bulk,25000,25000,D,16-08-2026,,,,,BOTHRA,
11-08-2026,VISAKHAPATNAM,Expected,,MV MOGRAL,,,CONTAINERS,Container,40000,40000,D/L,16-08-2026,,,,,SIMA MARINE,
11-08-2026,VISAKHAPATNAM,Expected,,MV GCL SABARMATI,,,IRON ORE PELLETS,Dry/General Bulk,105000,105000,L,17-08-2026,,,,,JYOTHI,
11-08-2026,VISAKHAPATNAM,Expected,,MV MINI ATLAS,,,MANGANESE ORE,Dry/General Bulk,4800,4800,L,17-08-2026,,,,,GAC,
11-08-2026,VISAKHAPATNAM,Expected,,MV ODELMAR,,,UREA,Other,13000,13000,D,17-08-2026,,,,,ALAP,
11-08-2026,VISAKHAPATNAM,Expected,,MV SSI CONQUEST,,,TSP & DAP,Other,52700,52700,D,17-08-2026,,,,,BOTHRA,
11-08-2026,VISAKHAPATNAM,Expected,,MV NAVIOS BAHAMAS,,,CONTAINERS,Container,20000,20000,D/L,17-08-2026,,,,,UNIFEEDEER,
11-08-2026,VISAKHAPATNAM,Expected,,MV SEA TOPAZ,,,ALUMINA IN BULK,Dry/General Bulk,31500,31500,L,18-08-2026,,,,,INTEROCEAN,
11-08-2026,VISAKHAPATNAM,Expected,,MV ATP FORTUNE,,,MANGANESE ORE,Dry/General Bulk,23500,23500,D,18-08-2026,,,,,K.R.SONS,
11-08-2026,VISAKHAPATNAM,Expected,,MV SHIN SHUN,,,STEAM COAL,Dry/General Bulk,56836,56836,D,19-08-2026,,,,,SEATRANS,
11-08-2026,VISAKHAPATNAM,Expected,,MV AGRAFA,,,MANGANESE ORE,Dry/General Bulk,35596,35596,D,19-08-2026,,,,,BOTHRA,
11-08-2026,VISAKHAPATNAM,Expected,,MV STAR COPENHAGEN,,,UREA,Other,54266,54266,D,20-08-2026,,,,,CROSS TRADING,
11-08-2026,VISAKHAPATNAM,Expected,,MV MILAS,,,ROCK PHOSPHATE,Dry/General Bulk,47900,47900,D,21-08-2026,,,,,RDS OIL,
11-08-2026,VISAKHAPATNAM,Expected,,MV NORSE MOBILE,,,FERRO MANGANESE & STEEL CARGO,Dry/General Bulk,29200,29200,L,23-08-2026,,,,,SAIANS,
11-08-2026,VISAKHAPATNAM,Expected,,MV SSL SABARIMALAI,,,CONTAINERS,Container,8500,8500,D/L,24-08-2026,,,,,UNIFEEDEER,
11-08-2026,VISAKHAPATNAM,Expected,,MV SM MANALI,,,CONTAINERS,Container,40000,40000,D/L,24-08-2026,,,,,SIMA MARINE,
11-08-2026,VISAKHAPATNAM,Expected,,MV MOGRAL,,,CONTAINERS,Container,40000,40000,D/L,26-08-2026,,,,,SIMA MARINE,
12-08-2026,KARAIKAL,Working,I,MV. ZAHAB JAHAN 1,,,GYPSUM,Dry/General Bulk,54850,54850,IMP,12-08-2026,12-08-2026,14-08-2026,,,,
12-08-2026,KARAIKAL,Expected,,MV. ND THELKIS,,,SLAG,Other,56570,56570,IMP,13-08-2026,13-08-2026,15-08-2026,,,,
12-08-2026,KARAIKAL,Expected,,MV. CHRISEA,,,COAL,Dry/General Bulk,75850,75850,IMP,13-08-2026,16-08-2026,18-08-2026,,,,
12-08-2026,KARAIKAL,Expected,,MV. SAKIZAAYA VICTORY,,,COAL,Dry/General Bulk,77000,77000,IMP,14-08-2026,14-08-2026,16-08-2026,,,,
12-08-2026,KARAIKAL,Expected,,MV. VSG PIONEER,,,COAL,Dry/General Bulk,75000,75000,IMP,14-08-2026,15-08-2026,17-08-2026,,,,
12-08-2026,KARAIKAL,Expected,,MV. BAO RUN,,,UREA,Other,42000,42000,IMP,18-08-2026,18-08-2026,20-08-2026,,,,
12-08-2026,GOPALPUR,Expected,MPB-1,MV TONG YING,,,MET COKE,Dry/General Bulk,22322,22322,D,14-08-2026,14-08-2026,16-08-2026,,,PAREKH(CA)/EVEREADY(OPA),
12-08-2026,GOPALPUR,Expected,MPB-2,MV CHOLA DESTINY,,,GYPSUM,Dry/General Bulk,50000,50000,D,16-08-2026,16-08-2026,19-08-2026,,,SEATRANS,
12-08-2026,GOPALPUR,Expected,MPB-3,MV LH ANTHEA,,,LIMESTONE,Dry/General Bulk,74509,74509,D,19-08-2026,19-08-2026,22-08-2026,,,SEATRANS,
12-08-2026,CHENNAI,Working,JD1,AMNS POLAR,,,S.COILS/ST.PLATES,Dry/General Bulk,13040,13040,D,12-08-2026,12-08-2026,14-08-2026,,,SAMSARA,
12-08-2026,CHENNAI,Expected,JD4,RADHA MOHAN,,,BITUMEN,Other,4228,4228,D,12-08-2026,12-08-2026,14-08-2026,,,ATLANTIC,
12-08-2026,CHENNAI,Expected,WQ2,GLOVIS SILVER,,,CARS,Other,4500,4500,L,13-08-2026,13-08-2026,14-08-2026,,,CARTRANS,
12-08-2026,CHENNAI,Expected,WQ3/CQ,QUEEN COARL,,,SCOIL,Other,2462,2462,D,13-08-2026,13-08-2026,15-08-2026,,,PUYVAST,
12-08-2026,CHENNAI,Expected,JD2,LEOPARD II,,,BARY,Other,54000,54000,L,13-08-2026,13-08-2026,16-08-2026,,,ATLANTIC,
12-08-2026,CHENNAI,Expected,SQ1/JD1,ONE AND ONLY,,,PROJ,Other,600,600,L,14-08-2026,14-08-2026,16-08-2026,,,NTC,
12-08-2026,CHENNAI,Expected,SQ1/JD1,SEA STELLAR,,,PROJ/STEEL,Dry/General Bulk,795-7843,,D/D,15-08-2026,15-08-2026,17-08-2026,,,UNITRANS,
12-08-2026,CHENNAI,Expected,WQ1/2,MRC SEDEF,,,CSFO,Other,6000,6000,D,15-08-2026,15-08-2026,17-08-2026,,,INTEROCEAN,
12-08-2026,CHENNAI,Expected,SQ1/JD1/3,STAR LYSEFJORD,,,PROJ,Other,110,110,L,15-08-2026,15-08-2026,16-08-2026,,,PEARL,
12-08-2026,CHENNAI,Expected,JD,SJ LILY,,,S.COILS/ST.PLATES,Dry/General Bulk,8720,8720,D,16-08-2026,16-08-2026,17-08-2026,,,SAMSARA,
12-08-2026,CHENNAI,Expected,JD1/SQ1,HT LOTUS,,,FLOU,Other,10000,10000,D,16-08-2026,16-08-2026,20-08-2026,,,SEAGREEN,
12-08-2026,CHENNAI,Expected,WQ1/2/BD2,FORTUNE GLORY,,,CSFO,Other,8000,8000,D,18-08-2026,18-08-2026,20-08-2026,,,GAC,
12-08-2026,CHENNAI,Expected,JD1/3/5,CHARLIE,,,PROJ,Other,4,4,D,20-08-2026,20-08-2026,22-08-2026,,,PAREKH,
12-08-2026,CHENNAI,Expected,,BRIGHT STAR,,,ST.COILS/HR.COILS/ST.BAR/ST.PLATES,Dry/General Bulk,7702/5498/696/306,,D,20-08-2026,20-08-2026,22-08-2026,,,SAMSARA,
12-08-2026,CHENNAI,Expected,JD6/2/5,ECO CHEYENNE,,,PROJ,Other,1712,1712,L,20-08-2026,20-08-2026,22-08-2026,,,MARCONS,
12-08-2026,ENNORE,Working,CB1,Chola Serenity,,,T COAL,Dry/General Bulk,75410,75410,D,11-08-2026,CB1,13-08-2026,,,SEAPORT,COASTAL
12-08-2026,ENNORE,Working,MLT,WILOWS,,,HSD/MS,Liquid/Chemical Bulk,19000,19000,D,09-08-2026,MLT,12-08-2026,,,SAMSARA,COASTAL
12-08-2026,ENNORE,Working,LNGT,LNG/C San Navigator,,,LNG,Other,62100,62100,D,12-08-2026,LNGT,13-08-2026,,,ATLANTIC,
12-08-2026,ENNORE,Working,EBTPL,BRONE LADY,,,ST.WI.ROD,Other,11500,11500,L,20-07-2026,EBTPL,14-08-2026,,,SEAGREEN,
12-08-2026,ENNORE,Waiting,ECTPL,Alasia,,,T COAL,Dry/General Bulk,59400,59400,D,11-08-2026,12-08-2026,14-08-2026,,,MERCHANT,COASTAL
12-08-2026,ENNORE,Expected,GCB,Orion Highway,,,AUTOMOBILE,Other,600,600,L,12-08-2026,12-08-2026,13-08-2026,,,K STEAM,
12-08-2026,ENNORE,Expected,CB1,CHOLA LEGACY,,,T COAL,Dry/General Bulk,76410,76410,D,13-08-2026,13-08-2026,16-08-2026,,,SEAPORT,COASTAL
12-08-2026,ENNORE,Expected,ECTPL,Vishva Jyoti,,,T.COAL,Dry/General Bulk,68500,68500,D,14-08-2026,14-08-2026,16-08-2026,,,SEAGREEN,COASTAL
12-08-2026,ENNORE,Expected,ECTPL,TIDE JUPITER,,,S COAL,Dry/General Bulk,75702,75702,D,14-08-2026,16-08-2026,18-08-2026,,,PEARL,
12-08-2026,ENNORE,Expected,CB2,Chola Melody,,,T COAL,Dry/General Bulk,74500,74500,D,14-08-2026,14-08-2026,16-08-2026,,,JESPA,COASTAL
12-08-2026,ENNORE,Expected,GCB,TARUS LEADER,,,AUTOMOBILE,Other,18000,18000,L,14-08-2026,14-08-2026,15-08-2026,,,NYK,
12-08-2026,ENNORE,Expected,EBTPL,SHENLI,,,BARYTES,Other,54000,54000,L,14-08-2026,15-08-2026,19-08-2026,,,EVERWIN,
12-08-2026,ENNORE,Expected,GCB,Sirius Highway,,,AUTOMOBILE,Other,18000,18000,L,14-08-2026,15-08-2026,16-08-2026,,,K STEAM,
12-08-2026,ENNORE,Expected,ECTPL,STAR EVA,,,S COAL,Dry/General Bulk,103901,103901,D,15-08-2026,19-08-2026,23-08-2026,,,MERCHANT,
12-08-2026,ENNORE,Expected,ECTPL,SUNRISE I,,,S COAL,Dry/General Bulk,40952,40952,D,14-08-2026,18-08-2026,19-08-2026,,,PEARL,
12-08-2026,ENNORE,Expected,ECTPL,Venus Star,,,S COAL,Dry/General Bulk,78547,78547,D,16-08-2026,19-08-2026,21-08-2026,,,GAC,
12-08-2026,ENNORE,Expected,EBTPL,Fortune Sunshine,,,L.STONE,Other,71037,71037,D,18-08-2026,19-08-2026,22-08-2026,,,PEARL,
12-08-2026,ENNORE,Expected,GCB,Jasper Arrow,,,AUTOMOBILE,Other,900,900,L,24-08-2026,24-08-2026,25-08-2026,,,K STEAM,
12-08-2026,KRISHNAPATNAM,Working,WB-2,MV JUNO PACIFIC,,,FERTILIZER,Dry/General Bulk,30530,30530,D,12-08-2026,12-08-2026,16-08-2026,"LUBUK GAUNG, INDONESIA",,ALAP CARRIERS,
12-08-2026,KRISHNAPATNAM,Working,WB-1,MT KEYSTONE,,,CPO-8800MT & RBD -3008MT,Other,11808,11808,D,11-08-2026,11-08-2026,13-08-2026,INDONESIA,,ATLANTIC GLOBAL SHIPPING PVT LTD,
12-08-2026,KRISHNAPATNAM,Working,8,MV DECCAN PRIDE,,,COAL,Dry/General Bulk,73658,73658,D,12-08-2026,12-08-2026,14-08-2026,PARADIP,,J M BAXI MARINE SERVICES PVT. LTD.,
12-08-2026,KRISHNAPATNAM,Working,7,MV LADY,,,COAL,Dry/General Bulk,61500,61500,D,09-08-2026,09-08-2026,12-08-2026,HALDIA & PARADIP,,SARAT CHATTERJEE & CO (VSP) PVT LTD,
12-08-2026,KRISHNAPATNAM,Working,5,MV XH META,,,IRON ORE FINES,Dry/General Bulk,188824,188824,D,07-08-2026,08-08-2026,14-08-2026,BRAZIL,,GPR MARITIME AGENCIES.,
12-08-2026,KRISHNAPATNAM,Working,4,MV MEDUSA,,,UREA,Other,47000,47000,D,07-08-2026,08-08-2026,14-08-2026,CHINA,,TAURUS SHIPPING,
12-08-2026,KRISHNAPATNAM,Working,3,MV XIN HAI TONG 17,,,GYPSUM,Dry/General Bulk,54878,54878,D,11-08-2026,11-08-2026,13-08-2026,OMAN,,SEAGREEN STEVEDORING AND LOGISTICS PVT LTD,
12-08-2026,KRISHNAPATNAM,Working,2,MV PRINCESS GRACE,,,COAL,Dry/General Bulk,73035,73035,D,09-08-2026,09-08-2026,14-08-2026,RUSSIA,,UNICORN MARITIMES (INDIA) PVT LTD,
12-08-2026,KRISHNAPATNAM,Expected,WB-3,MT THERESA LEO,,,CPO,Other,15997.700999999999,15997.701,D,12-08-2026,12-08-2026,15-08-2026,MALAYSIA,,INTEROCEAN SHIPPING(INDIA)PVT LTD,
12-08-2026,KRISHNAPATNAM,Expected,S4A,MV ELIM COURAGE,,,GRANITE,Other,14000,14000,L,13-08-2026,13-08-2026,15-08-2026,CHINA,,PUYVAST LOGISTICS PVT LTD,
12-08-2026,KRISHNAPATNAM,Expected,1,MV NAN XIN 9,,,COAL,Dry/General Bulk,30500,30500,D,13-08-2026,13-08-2026,16-08-2026,RUSSIA,,SEATRANS MARINE PVT. LTD,
12-08-2026,KRISHNAPATNAM,Expected,6,MV LADY J,,,COAL,Dry/General Bulk,67500,67500,D,13-08-2026,13-08-2026,15-08-2026,INDONESIA,,J M BAXI MARINE SERVICES PVT. LTD.,
12-08-2026,KRISHNAPATNAM,Expected,8,M.V GIORGAKIS,,,COAL,Dry/General Bulk,79000,79000,D,13-08-2026,14-08-2026,16-08-2026,PARADIP,,M/S.SARAT CHATTERJEE & CO,
12-08-2026,KRISHNAPATNAM,Expected,7,MV W-SAPPHIRE,,,COAL,Dry/General Bulk,75000,75000,D,14-08-2026,14-08-2026,16-08-2026,PARADIP,,GAC SHIPPING PVT LTD.,
12-08-2026,KRISHNAPATNAM,Expected,WB-1,MV PENNA SURAKSHA,,,CEMENT,Dry/General Bulk,25000,25000,L,14-08-2026,14-08-2026,17-08-2026,COCHIN,,MBK LOGISTIX PVT LTD,
12-08-2026,KRISHNAPATNAM,Expected,2,MV CAPT EUGENE,,,TSP FERTILIZER,Dry/General Bulk,34262,34262,D,14-08-2026,14-08-2026,18-08-2026,MOROCCO,,ATLANTIC GLOBAL SHIPPING PVT LTD,
12-08-2026,KRISHNAPATNAM,Expected,6,MV AQUASTAR,,,COAL,Dry/General Bulk,59611,59611,D,14-08-2026,15-08-2026,17-08-2026,PARADIP,,SARAT CHATTERJEE & CO (VSP) PVT LTD,
12-08-2026,KRISHNAPATNAM,Expected,8,MV PACIFIC STAR,,,COAL,Dry/General Bulk,75000,75000,D,14-08-2026,15-08-2026,17-08-2026,PARADIP,,SARAT CHATTERJEE & CO (VSP) PVT LTD,
12-08-2026,KRISHNAPATNAM,Expected,7,MV VIOLETTA K,,,COAL,Dry/General Bulk,75000,75000,D,15-08-2026,16-08-2026,18-08-2026,PARADIP,,GAC SHIPPING PVT LTD.,
12-08-2026,KRISHNAPATNAM,Expected,S4,MV DOUKATO,,,COAL,Dry/General Bulk,83680,83680,D,15-08-2026,15-08-2026,19-08-2026,"NACALA PORT, MOZAMBIQUE",,SPARTANS MARINE SERVICES PRIVATE LIMITED,
12-08-2026,KRISHNAPATNAM,Expected,3,MV CAPE TAIZHOU,,,COAL,Dry/General Bulk,156326,156326,D,15-08-2026,15-08-2026,20-08-2026,RUSSIA,,MERCHANT SHIPPING SERVICES PVT. LTD.,
12-08-2026,KRISHNAPATNAM,Expected,5,MV MINERAL FAITH,,,IRON ORE,Dry/General Bulk,170000,170000,D,16-08-2026,16-08-2026,21-08-2026,"WESTERN AUSTRALIA, PORT HEDLAND",,GPR MARITIME AGENCIES,
12-08-2026,KRISHNAPATNAM,Expected,8,MV CHOLA PROSPERITY,,,COAL,Dry/General Bulk,74960,74960,D,16-08-2026,17-08-2026,19-08-2026,PARADIP,,ATLANTIC GLOBAL SHIPPING PVT LTD,
12-08-2026,KRISHNAPATNAM,Expected,WB-3,MT DALMACIJA,,,CDSBO,Other,8280.25,8280.25,D,16-08-2026,16-08-2026,18-08-2026,"SANLORENZO, ARGENTINA",,INTEROCEAN SHIPPING(INDIA)PVT LTD,
12-08-2026,KRISHNAPATNAM,Expected,4,MV LV DAISY,,,DAP,Other,31400,31400,D,17-08-2026,17-08-2026,21-08-2026,AQABA SEAPORT OF JORDAN,,***,
12-08-2026,KRISHNAPATNAM,Expected,6,MV ANDROS SPIRIT,,,COAL,Dry/General Bulk,49927,49927,D,17-08-2026,17-08-2026,19-08-2026,"RICHARDS BAY, SOUTH AFRICA",,JYOTHI MARINE SERVICES PVT LTD- OPA GAC SHIPPING,
12-08-2026,KRISHNAPATNAM,Expected,WB-1,MT SH GLORY,,,CDSBO,Other,11000,11000,D,19-08-2026,19-08-2026,21-08-2026,CHINA,,ATLANTIC GLOBAL SHIPPING PVT LTD,
12-08-2026,KRISHNAPATNAM,Expected,1,MV XIN CHEN HAI YANG,,,SHIP UNLOADERS,Other,4098.8469999999998,4098.847,D,19-08-2026,19-08-2026,25-08-2026,CHINA,,SAMSARA SHIPPING PVT LTD,
12-08-2026,KRISHNAPATNAM,Expected,3,MV WESER POINT,,,LIMESTONE,Dry/General Bulk,76200,76200,D,19-08-2026,20-08-2026,23-08-2026,CHINA,,MERCHANT SHIPPING SERVICES PVT. LTD.,
12-08-2026,KRISHNAPATNAM,Expected,2,MV. SUN ISLAND,,,COAL,Dry/General Bulk,38230,38230,D,20-08-2026,20-08-2026,22-08-2026,"HAYPOINT, AUSTRALIA",,ASSOCIATED SHIPPING SERVICES,
12-08-2026,KRISHNAPATNAM,Expected,5,MV WEI HE,,,LIMESTONE,Dry/General Bulk,77000,77000,D,20-08-2026,21-08-2026,24-08-2026,CHINA,,MERCHANT SHIPPING SERVICES PVT. LTD.,
12-08-2026,KRISHNAPATNAM,Expected,1,MV VITA MELODY,,,COAL,Dry/General Bulk,48871,48871,D,28-05-2026,28-05-2026,31-05-2026,INDONESIA,,JYOTHI MARINE,
12-08-2026,KATTUPALLI,Working,CB3,EATERN BANGKOK,,,SILICA SANT,Other,30300,30300,D,09-08-2026,09-08-2026,12-08-2026,,,SEAGREEN,
12-08-2026,KATTUPALLI,Expected,CB3,CL LINDY,,,DOLOMITE,Dry/General Bulk,60500,60500,D,16-08-2026,16-08-2026,20-08-2026,,,PEARL/SEAGREEN,
12-08-2026,SANDHEADS,Working,,PELOPIDAS,,G'LESS,REVERT,Other,,,,NOT READY,090600,REVERT,,,N/A,
12-08-2026,SANDHEADS,Working,,THERE ARE 4 VIRTUAL ANCHORAGE POINTS AT SAGAR AND 4 VESSELS CAN WORK SIMULTANEOUSLY SUB PORT CONSIDERATION,,,,Other,,,,,,,,,,
12-08-2026,SANDHEADS,Working,,"VESSEL'S BERTHING MOVEMENT DEPENDS ON ALL FAVORABLE CONDITIONS SUCH AS CGO DOCS READINESS, VSL'S SENIORITY,",,,,Other,,,,,,,,,,
12-08-2026,SANDHEADS,Working,,"WEATHER CONDITIONS, CONGESTION & BERTH AVAILABILITY",,,,Other,,,,,,,,,,
12-08-2026,SANDHEADS,Working,,Port Working Hours: 24 x 7 basis,,,,Other,,,,,,,,,,
12-08-2026,SANDHEADS,Working,,COASTAL VESSELS HAVE OUSTING PRIORITY,,,,Other,,,,,,,,,,
12-08-2026,SAGAR,Waiting,,MV. SEA FALCON,,GEARED,MANGANESE ORE,Dry/General Bulk,,,,14-08-2026,15-08-2026,16-08-2026,,,BOTHRA,
12-08-2026,SAGAR,Waiting,,MV. WELL DREAM,,GEARED,LIMESTONE,Dry/General Bulk,,,,20-08-2026,21-08-2026,22-08-2026,,,GAC SHIPPING,
12-08-2026,HALDIA,Working,4B,MV. METTLE STARE-I,,GEARLESS,COKING COAL,Dry/General Bulk,32000,32000,DISCH,22-10-2025,23-10-2025,24-10-2025,,TATA STEEL,TMILL,
12-08-2026,HALDIA,Working,1,MV. PAN CERES,,GEARLESS,STEAM COAL,Dry/General Bulk,35000,35000,DISCH,11-08-2026,11-08-2026,13-08-2026,,BALAJI MALTS,SEATRANS,
12-08-2026,HALDIA,Working,2,MV. SHINE RUBY,,GEARLESS,COKING COAL,Dry/General Bulk,30000,30000,DISCH,10-08-2026,11-08-2026,13-08-2026,,TATA INTERNATIONAL,SEATRANS,
12-08-2026,HALDIA,Working,10,MV. EAST WIND 1,,GEARED,YELLOW PEAS,Other,20000,20000,DISCH,28-07-2026,07-08-2026,14-08-2026,,VARIOUS,SEAVISION,
12-08-2026,HALDIA,Working,13,MV. PACIFIC ADVANCE,,GEARED,GYPSUM,Dry/General Bulk,30610,30610,DISCH,11-08-2026,12-08-2026,14-08-2026,,ACCESS DEVELOPER & GYPMART INDIA,ALAP,
12-08-2026,HALDIA,Working,9,MV. SKIATHOS,,GEARLESS,METALLURGICAL COKE,Dry/General Bulk,32000,32000,DISCH,11-08-2026,12-08-2026,14-08-2026,,ORISSA METALIKS & RASHMI GREEN,EVEREADY,
12-08-2026,HALDIA,Working,14,MV.LORIENT,,GEARLESS,STEAM COAL,Dry/General Bulk,33000,33000,DISCH,11-08-2026,12-08-2026,14-08-2026,,HPL,GAC SHIPPING,
12-08-2026,HALDIA,Waiting,12,MV. JIN MING 82,,GEARED,MANGANESE ORE,Dry/General Bulk,21050,21050,DISCH,12-08-2026,13-08-2026,15-08-2026,,VARIOUS,GAC SHIPPING,DECLEAR FOR MHC BERTH
12-08-2026,HALDIA,Expected,12,MV.HT PIONEER,,GEARED,STEEL ROUNDS,Dry/General Bulk,10730,10730,DISCH,11-08-2026,17-08-2026,22-08-2026,,Jindal Steel,SEATRANS,
12-08-2026,HALDIA,Expected,"2,8,9 & 13",MV. SEA FALCON,,GEARED,MANGANESE ORE,Dry/General Bulk,28000,28000,DISCH,14-08-2026,17-08-2026,20-08-2026,,VARIOUS,BOTHRA SHIPP,"DECLEAR FOR MHC BERTH ,(TO LIGHTEN AT SAGAR 4500 MT)"
12-08-2026,HALDIA,Expected,12,MV. BASIC FORTUNE,,GEARLESS,LIMESTONE,Dry/General Bulk,33000,33000,DISCH,14-08-2026,15-08-2026,17-08-2026,,TATA STEEL,TMILL,DECLEAR FOR TMILL BERTH
12-08-2026,HALDIA,Expected,12,MV. AMNSI MAXIMUS,,GEARLESS,PYROXENITE,Other,34200,34200,DISCH,15-08-2026,16-08-2026,18-08-2026,,TATA STEEL,SAMSARA SHIPP,DECLEAR FOR TMILL BERTH
12-08-2026,HALDIA,Expected,"2,8,",MV. VISHVA CHETNA,,GEARLESS,COKING COAL,Dry/General Bulk,33000,33000,DISCH,16-08-2026,17-08-2026,19-08-2026,,SAIL,SCI,
12-08-2026,HALDIA,Expected,"2,8,9 & 13",MV. TONG YING,,GEARLESS,MET COKE,Dry/General Bulk,32010,32010,DISCH,16-08-2026,18-08-2026,20-08-2026,,Orissa Metaliks &,EVEREADY SHIPP,
12-08-2026,HALDIA,Expected,4B,MV. ODYSSEAS L,,GEARLESS,COKING COAL,Dry/General Bulk,34000,34000,DISCH,17-08-2026,18-08-2026,20-08-2026,,TATA STEEL,TMILL,DECLEAR FOR GBTPL BERTH
12-08-2026,HALDIA,Expected,"2,8,9 & 13",MV. ACHILLEAS S,,GEARED,MANGANESE ORE,Dry/General Bulk,17660,17660,DISCH,17-08-2026,18-08-2026,20-08-2026,,VARIOUS,GAC SHIPPING,DECLEAR FOR MHC BERTH
12-08-2026,HALDIA,Expected,12,MV.SAKIZAYA XCEL,,GEARLESS,LIMESTONE,Dry/General Bulk,33000,33000,DISCH,18-08-2026,19-08-2026,21-08-2026,,TATA STEEL,KANOO SHIPP,DECLEAR FOR TMILL BERTH
12-08-2026,HALDIA,Expected,12,MV.GOLDEN ARSENAL,,GEARED,ROCK PHOPHATE,Other,18600,18600,DISCH,18-08-2026,19-08-2026,21-08-2026,,VARIOUS,ALAP CARRIERS,DECLEAR FOR TMILL BERTH
12-08-2026,HALDIA,Expected,"2,8,9 & 13",MV. WELL DREAM,,GEARED,LIMESTONE,Dry/General Bulk,22639,22639,DISCH,20-08-2026,23-08-2026,25-05-2026,,SHYAM SEL,GAC SHIPPING,"DECLEAR FOR MHC BERTH , (TO LIGHTEN AT SAGAR 4000 MT)"
12-08-2026,DHAMRA,Working,B -3/17/350,MV INCE ISTANBUL,PANAMAX,,IRON ORE PELLETS,Dry/General Bulk,,,LOADING,09-08-2026,B -3/17/350,14-08-2026,,ORISSA METALICES PVT LTD/SHYAM METALICS,ATLANTIC,
12-08-2026,DHAMRA,Working,B-3 A /14.5/350,MV BASIC FORTUNE,PANAMAX,,LIMESTONE,Dry/General Bulk,,,DISCHARGE,08-08-2026,B-3 A /14.5/350,14-08-2026,,TATA,TMIL,
12-08-2026,DHAMRA,Working,B-3A S /13.5,MV ARPEGGIO,HANDIMAX,,IRON ORE PELLETS,Dry/General Bulk,,,LOADING,02-08-2026,B-3A S /13.5,15-08-2026,,RUNGTA SONS,GAC,
12-08-2026,DHAMRA,Working,B-4/17/300,MV APJ SHIRINI,HANDIMAX,,PYROXENITE,Other,,,DISCHARGE,01-08-2026,B-4/17/300,13-08-2026,,PARAG VINMAY,SMPL,
12-08-2026,DHAMRA,Working,B-5/17/300,MV YANGTZE DAWN,HANDIMAX,,UREA,Other,,,DISCHARGE,31-07-2026,B-5/17/300,12-08-2026,,INDIAN POTASH LTD,SMPL,
12-08-2026,DHAMRA,Waiting,B-5,MV GCL SABARMATI,CAPE,,LIMESTONE,Dry/General Bulk,105000 MT,105000,DISCHARGE,09-08-2026,13-08-2026,19-08-2026,,TATA,TMIL/SAMSARA,
12-08-2026,DHAMRA,Waiting,B-4,MV PRINCESS JONNA,HANDIMAX,,HR COIL,Other,40000 MT,40000,LOADING,10-08-2026,13-08-2026,16-08-2026,,TATA,TMIL,
12-08-2026,DHAMRA,Waiting,B-3,MV MAHIC PERSEUS,PANAMAX,,THERMAL COAL,Dry/General Bulk,76460 MT,76460,LOADING,10-08-2026,14-08-2026,16-08-2026,,MOXIE POWER,GAC,
12-08-2026,DHAMRA,Waiting,B-3AS,MV SAKIZAYA XCEL,PANAMAX,,LIMESTONE,Dry/General Bulk,45000 MT,45000,DISCHARGE,10-08-2026,15-08-2026,16-08-2026,,TATA,TMIL,
12-08-2026,DHAMRA,Waiting,B-3,MV ENGIADINA,HANDIMAX,,IRON ORE PELLETS,Dry/General Bulk,55000 MT,55000,LOADING,11-08-2026,16-08-2026,18-08-2026,,RUNGTA MINES,INFINITY,
12-08-2026,DHAMRA,Waiting,B-3A,MV OCEAN HOPE,HANDIMAX,,IRON ORE FINES,Dry/General Bulk,55000 MT,55000,LOADING,11-08-2026,13-08-2026,16-08-2026,,LAXMI EXPORTS,SPARTANS,
12-08-2026,DHAMRA,Expected,B-2,MV CELINA,PANAMAX,,COKING COAL,Dry/General Bulk,45000 MT,45000,DISCHARGE,12-08-2026,12-08-2026,13-08-2026,,SAIL,SMPL/INFINITY/SPARTANS,
12-08-2026,DHAMRA,Expected,B-3,MV APJ KABIR ANAND,PANAMAX,,THERMAL COAL,Dry/General Bulk,75000 MT,75000,LOADING,13-08-2026,18-08-2026,21-08-2026,,TANGEDCO,JIGSAN,
12-08-2026,DHAMRA,Expected,B-1,MV ODYSSEAS,PANAMAX,,COKING COAL,Dry/General Bulk,45000 MT,45000,DISCHARGE,13-08-2026,13-08-2026,14-08-2026,,TATA,TMIL,
12-08-2026,DHAMRA,Expected,B-5,MV GREEK SEAS,PANAMAX,,LIMESTONE,Dry/General Bulk,45000 MT,45000,DISCHARGE,13-08-2026,19-08-2026,22-08-2026,,TATA,TMIL,
12-08-2026,DHAMRA,Expected,B-3A,MV PORT NARA,HANDIMAX,,THERMAL COAL,Dry/General Bulk,32000 MT,32000,LOADING,13-08-2026,16-08-2026,18-08-2026,,ORISSA METALICES PVT LTD/SHYAM METALICS,ATLANTIC,
12-08-2026,DHAMRA,Expected,B-3AS,MV SHAHRIAR JAHAN,HANDIMAX,,SLAG,Other,46000 MT,46000,LOADING,14-08-2026,16-08-2026,20-08-2026,,TATA,EIPL,
12-08-2026,DHAMRA,Expected,B-4,MV SAFESEA SINDOOR,HANDIMAX,,COIL/SLAB,Dry/General Bulk,30000 MT,30000,LOADING,15-08-2026,16-08-2026,22-08-2026,,JINDAL STEEL LTD,JM BOXI,
12-08-2026,DHAMRA,Expected,B-3,MV PORTLAND,HANDIMAX,,SLAG,Other,55000 MT,55000,LOADING,15-08-2026,21-08-2026,23-08-2026,,TATA,EIPL,
12-08-2026,DHAMRA,Expected,B-2,MV EASTERN QUINCE,PANAMAX,,COKING COAL,Dry/General Bulk,78000 MT,78000,DISCHARGE,21-08-2026,21-08-2026,23-08-2026,,TATA,TMIL/BEN LINE,
12-08-2026,DHAMRA,Expected,B-1,MV ANDROS SPIRIT,PANAMAX,,COKING COAL,Dry/General Bulk,38000 MT,38000,DISCHARGE,23-08-2026,23-08-2026,24-08-2026,,ADANI ENTERPRISES LTD,JYOTHI/GPR,
12-08-2026,PARADIP PORT,Waiting & Expected,,MV. ENDLESS HORIZON,,189.99/13.00,ROCK PHOSPHATE,Dry/General Bulk,56038 MT,56038,DISCHARGE,08/1624 HRS,,,HIGH SEAS,PPL,OSL,
12-08-2026,PARADIP PORT,Waiting & Expected,,MV. ANASTASIA K,,229.00/,ROCK PHOSPHATE,Dry/General Bulk,76015 MT,76015,DISCHARGE,13/1800 HRS,,,HIGH SEAS,IFFCO,JMS,
12-08-2026,PARADIP PORT,Waiting & Expected,,MV. KANG SHUN,,189.90/12.42,ROCK PHOSPHATE,Dry/General Bulk,52500 MT,52500,DISCHARGE,13/1800 HRS,,,HIGH SEAS,PPL,OSL,
12-08-2026,PARADIP PORT,Waiting & Expected,,MT. PLATA SOUTH,,333.00/,CRUDE OIL,Liquid/Chemical Bulk,269855 MT,269855,DISCHARGE,10/2106HRS,,,HIGH SEAS,IOCL PLD,GAC,
12-08-2026,PARADIP PORT,Waiting & Expected,,MT. ATHERINA,,339.76/21.50,CRUDE OIL,Liquid/Chemical Bulk,286442 MT,286442,DISCHARGE,11/1812 HRS,,,HIGH SEAS,IOCL PLD,ISIPL,
12-08-2026,PARADIP PORT,Waiting & Expected,,MV. APJ SETHU,,224.86/,THERMAL COAL,Dry/General Bulk,75000 MT,75000,LOADING,07/0354 HRS,12-08-2026,14-08-2026,HIGH SEAS,TNPGCL,SEAPORT,NOT READY
12-08-2026,PARADIP PORT,Waiting & Expected,,MV. MARINE FORTUNE I,,225.00/13.80,THERMAL COAL,Dry/General Bulk,72000 MT,72000,LOADING,08/1624 HRS,13-08-2026,14-08-2026,HIGH SEAS,TNPGCL,SEAPORT,NOT READY
12-08-2026,PARADIP PORT,Waiting & Expected,,MV. JAL VAIBHAV,,228.05/14.50,THERMAL COAL,Dry/General Bulk,85000 MT,85000,LOADING,10/1242 HRS,14-08-2026,15-08-2026,KRISHNAPATNAM,NTECL/SARAT,BOTHRA,SUB TO READINESS
12-08-2026,PARADIP PORT,Waiting & Expected,,MV. LILA FUJI,,229.00/14.50,THERMAL COAL,Dry/General Bulk,77000 MT,77000,LOADING,10/1436 HRS,14-08-2026,15-08-2026,KRISHNAPATNAM,NTPC/KUDGI,GAC,SUB TO READINESS
12-08-2026,PARADIP PORT,Waiting & Expected,,MV. PACIFIC STAR,,224.90/14.50,THERMAL COAL,Dry/General Bulk,74000MT,74000,LOADING,11/1850 HRS,13-08-2026,14-08-2026,KRISHNAPATNAM,SEMBCORP,SCC(VSP),SUB TO READINESS
12-08-2026,PARADIP PORT,Waiting & Expected,,MV. RIPLEY PINNACLE,,225.00/14.50,THERMAL COAL,Dry/General Bulk,74000 MT,74000,LOADING,11/2030 HRS,14-08-2026,15-08-2026,ENNORE,APGEN/RIPLEY,SSS,SUB TO READINESS
12-08-2026,PARADIP PORT,Waiting & Expected,,MV. CHOLA PROSPERITY,,225.00/14.50,THERMAL COAL,Dry/General Bulk,44000 MT,44000,LOADING,11/2100 HRS,12-08-2026,13-08-2026,KRISHNAPATNAM,KPCLA/C CLPL,SSS,SUB TO READINESS
12-08-2026,PARADIP PORT,Waiting & Expected,,MV. W SAPPHIRE,,229.00/14.50,THERMAL COAL,Dry/General Bulk,75000 MT,75000,LOADING,12/1230 HRS,15-08-2026,16-08-2026,KRISHNAPATNAM,APPDCL/ADANI,GAC,SUB TO READINESS
12-08-2026,PARADIP PORT,Waiting & Expected,,MV. APJ KABIR ANAND,,225.00/14.50,THERMAL COAL,Dry/General Bulk,75000 MT,75000,LOADING,13/0300 HRS,15-08-2026,16-08-2026,HIGH SEAS,TNPGCL,SEAPORT,NOT READY
12-08-2026,PARADIP PORT,Waiting & Expected,,MV. APJ ANGAD 2,,224.94/14.50,THERMAL COAL,Dry/General Bulk,75000 MT,75000,LOADING,13/1800 HRS,15-08-2026,16-08-2026,HIGH SEAS,NTECL/SARAT,BOTHRA,NOT READY
12-08-2026,PARADIP PORT,Waiting & Expected,,MV. AFRICAN ISABELLE,,199.98/13.50,THERMAL COAL,Dry/General Bulk,74000 MT,74000,LOADING,14/0600 HRS,15-08-2026,16-08-2026,KAKINADA,APG/SC,SCC(VSP),SUB TO READINESS
12-08-2026,PARADIP PORT,Waiting & Expected,,MV TAN BINH 259,,175.53/9.50,STEEL COILS,Dry/General Bulk,25391 MT,25391,DISCHARGE,22/1625 HRS,17-08-2026,19-08-2026,BAHODOPI,JINDAL STAINLESS,SSS,SUB TO READINESS
12-08-2026,PARADIP PORT,Waiting & Expected,,MV. STAR HELSINKI,,199.90/12.23,UREA,Other,49350 MT,49350,DISCHARGE,09/0712 HRS,13-08-2026,20-08-2026,UST-LUGA,BRAHMAPUTRA,SSS,SUB TO READINESS
12-08-2026,PARADIP PORT,Waiting & Expected,,MV. MAGIC ARIEL,,229.00/7.50,PIG IRON,Dry/General Bulk,66000 MT,66000,LOADING,09/1124 HRS,19-08-2026,24-08-2026,SINGAPORE,OMPL,J M BAXIMSPL,SUB TO READINESS
12-08-2026,PARADIP PORT,Waiting & Expected,,MV. DELAVITA,,229.00/7.50,PIG IRON,Dry/General Bulk,60500 MT,60500,LOADING,10/0130 HRS,20-08-2026,26-08-2026,SINGAPORE,RAMSARUP,GAC,SUB TO READINESS
12-08-2026,PARADIP PORT,Waiting & Expected,,MV. DP WORLD THAMIRABARANI,,142.70/6.90,CONTAINER,Container,10324 MT,10324,LOADING,11/0818 HRS,16-08-2026,17-08-2026,HALDIA,SWS/JSL/SAL,UNIFEEDER,CONTAINER PRIORITY
12-08-2026,PARADIP PORT,Waiting & Expected,,MV. MSC MAKOTO II,,175.49/7.50,CONTAINER,Container,350 MT,350,LOADING,17/1800 HRS,17-08-2026,17-08-2026,COLOMBO,MSC AGENGY,MSC AGENGY,CONTAINER PRIORITY
12-08-2026,PARADIP PORT,Waiting & Expected,,MV. MARINE CRYSTAL,,249.88/15.15,HARD COKING COAL,Dry/General Bulk,111185 MT,111185,DISCHARGE,09/2000 HRS,13-08-2026,16-08-2026,ABBOT POINT,JSPL/JSOL,SWS,SUB TO READINESS
12-08-2026,PARADIP PORT,Waiting & Expected,,MV. OTHONOI,,229.00/14.45,COKING COAL,Dry/General Bulk,79100 MT,79100,DISCHARGE,09/2054HRS,16-08-2026,18-08-2026,ABBOT POINT,JSPL,JMS,SUB TO READINESS
12-08-2026,PARADIP PORT,Waiting & Expected,,MV. BASIC STAR,,189.98/10.20,C.COAL/PCI COAL,Dry/General Bulk,44000 MT,44000,DISCHARGE,12/0900 HRS,18-08-2026,19-08-2026,ABBOT POINT,TATA,TMIL,SUB TO READINESS
12-08-2026,PARADIP PORT,Waiting & Expected,,MV. GRACE LOUISE,,228.99/14.38,COKING COAL,Dry/General Bulk,42000 MT,42000,DISCHARGE,15/0600 HRS,19-08-2026,20-08-2026,NORFOLK,TATA,TMIL,SUB TO READINESS
12-08-2026,PARADIP PORT,Waiting & Expected,,MV. BRILLIANT ADVANCE,,228.99/14.53,COKING COAL,Dry/General Bulk,79300 MT,79300,DISCHARGE,15/0800 HRS,20-08-2026,22-08-2026,HAYPOINT,TATA,TMIL,SUB TO READINESS
12-08-2026,PARADIP PORT,Waiting & Expected,,MV. GLORY LOONG,,224.95/13.86,COKING COAL,Dry/General Bulk,72667 MT,72667,DISCHARGE,15/0800 HRS,22-08-2026,24-08-2026,UST-LUGA,JSW/JSW JFE,SSS,SUB TO READINESS
12-08-2026,PARADIP PORT,Waiting & Expected,,MV. BLUE SPIRIT,,228.96/14.00,IRON ORE PELLET,Dry/General Bulk,75000 MT,75000,LOADING,13/0600 HRS,,,HAJIRA,AMNSIL,SAMSARA,
12-08-2026,PARADIP PORT,Waiting & Expected,,MV. OCEAN WINNER,,225.00/14.35,IRON ORE FINES,Dry/General Bulk,73000 MT,73000,LOADING,05/2118 HRS,,,CHINA,OCL IRON,BOTHRA,
12-08-2026,PARADIP PORT,Waiting & Expected,,MV. QING QUAN SHAN,,199.90/,IRON ORE PELLET,Dry/General Bulk,35000 MT,35000,LOADING,09/0229 HRS,12-08-2026,13-08-2026,CHINA,RMLL,GAC,
12-08-2026,PARADIP PORT,Waiting & Expected,,MV. JIN HAI RUN,,199.85/13.65,IRON ORE PELLET,Dry/General Bulk,61920 MT,61920,LOADING,11/1200 HRS,13-08-2026,15-08-2026,HIGH SEAS,RSPL,INFINITY,
12-08-2026,PARADIP PORT,Waiting & Expected,,MV. YANGTZE DAWN,,189.99/,IRON ORE PELLET,Dry/General Bulk,55000 MT,55000,LOADING,13/0600 HRS,15-08-2026,16-08-2026,HIGH SEAS,RSPL,GAC,
12-08-2026,PARADIP PORT,Waiting & Expected,,MT. NV AQUAMARINE,,225.12/,BUTANE/PROPANE,Liquid/Chemical Bulk,24000 MT,24000,DISCHARGE,19/1912 HRS,,,HIGHSEAS,IOCL,ISIPL,
12-08-2026,PARADIP PORT,Waiting & Expected,,MT. SOPRANO SERENE,,179.88/11.80,HSD/M.SPIRIT,Liquid/Chemical Bulk,19500 MT,19500,DISCHARGE,01/1000 HRS,,,HALDIA,BPCL,AGS,
12-08-2026,PARADIP PORT,Waiting & Expected,,MT. NOVA BREEZE,,180.00/10.40,AMMONIA,Liquid/Chemical Bulk,25000 MT,25000,DISCHARGE,03/0812 HRS,,,HIGHSEAS,IFFCO/PPL,J M BAXIMSPL,
12-08-2026,PARADIP PORT,Waiting & Expected,,MT. FAIRWAY,,274.00/7.70,NAPTHA,Other,14000 MT,14000,LOADING,11/0742 HRS,,,HIGHSEAS,IOCL,AGS,
12-08-2026,PARADIP PORT,Waiting & Expected,,MT. JAG PARTH,,183.00/8.20,GAS OIL,Other,40000 MT,40000,LOADING,12/1530 HRS,,,COLOMBO,IOCL,ISIPL,
12-08-2026,PARADIP PORT,Waiting & Expected,,MT. SANMAR SHEHNAI,,182.50/7.70,NAPTHA,Other,14000 MT,14000,LOADING,12/2300 HRS,,,KANDLA,IOCL,J M BAXIMSPL,
12-08-2026,PARADIP PORT,Waiting & Expected,,MV. YM DELIGHT,,228.99/9.88,HARD COKING COAL,Dry/General Bulk,32000 MT,32000,DISCHARGE,10/0248 HRS,,,SINGAPORE,JSW JFE,J M BAXIMSPL,
12-08-2026,PARADIP PORT,Waiting & Expected,,MV. ERACLEA,,189.98/10.20,HARD COKING COAL,Dry/General Bulk,37155 MT,37155,DISCHARGE,12/1630 HRS,13-08-2026,15-08-2026,BEIRA,JSPL,SSS,CQ-1
12-08-2026,PARADIP PORT,Waiting & Expected,,MV. EVER SUPERIOR,,116.99/7.90,FERRO CHROM,Dry/General Bulk,8900 MT,8900,LOADING,12/2130 HRS,12-08-2026,14-08-2026,POHANG,IMFA,CHOWGULE,NQ-2
12-08-2026,PARADIP PORT,Waiting & Expected,,MV. SERENITY,,186.40/,MET COKE,Dry/General Bulk,17720 MT,17720,DISCHARGE,14/0600 HRS,14-08-2026,16-08-2026,BARRANQUILLA,IMFA,OSL,SQ
12-08-2026,PARADIP PORT,Waiting & Expected,,MV. GREEK SEAS,,229.00/,LIME STONE,Other,40000 MT,40000,DISCHARGE,14/1400 HRS,15-08-2026,17-08-2026,FANGCHEN,TATA,TMIL,MPB
12-08-2026,PARADIP PORT,Waiting & Expected,,MV. DDS MARINA,,126.80/9.10,AMMONIUM NITRATE,Other,11327 MT,11327,DISCHARGE,16/0600 HRS,16-08-2026,19-08-2026,NAKHODA,SPECIAL,SRAVAN,CQ-2
12-08-2026,PARADIP PORT,Waiting & Expected,,MV. PHC SURYA,,118.00/,GYPSUM,Dry/General Bulk,10000 MT,10000,LOADING,17/0600 HRS,17-08-2026,18-08-2026,NAKHODA,SMPL,OSL,CQ-1
12-08-2026,PARADIP PORT,Waiting & Expected,,"PRIORITY BERTHING ALLOWED FOR ALL IMPORT/EXPORT DRY BULK CARGO TO M/S. JSPL, TATA, JSW SAMBALPUR AT GCB.",,,,Other,,,,,,,,,,
12-08-2026,PARADIP PORT,Waiting & Expected,,"VESSEL WHICH CAN NOT PERFORM AS THE REQUIRED PORT NORMS, SHE WILL BE SHIFTED TO ROADS AND HER BERTHING WILL BE DECIDED AS THE LAST VESSEL ON SERIAL.",,,,Other,,,,,,,,,,
12-08-2026,PARADIP PORT,Waiting & Expected,,"MAXIMUM OF TWO COASTAL VESSELS WILL BE TAKEN AT A TIME IN THE CONVENTIONAL BERTH W.E.F 07-OCT-2018,TILL FURTHER ORDER",,,,Other,,,,,,,,,,
12-08-2026,KAKINADA,Waiting,,M.V. BLOOM HALO,,,IRON ORE PELLETS,Dry/General Bulk,63550,63550,,11-08-2026,,,,LLOYDS METALS,BOTHRA,
12-08-2026,KAKINADA,Waiting,,M.V.VIVA ECLIPSE,,,DAP,Other,49500,49500,,11-08-2026,,,,KRIBHCO,ANLINE,
12-08-2026,KAKINADA,Waiting,,M.T.STENA PROGRESSIVE,,,"DIESEL, PETROL",Other,"9604, 2,402",,,12-08-2026,,,,ATLANTIC,RELIANCE,
12-08-2026,KAKINADA,Waiting,,SAILED VESSELS::,,,,Other,,,,,,,,,,
12-08-2026,KAKINADA,Waiting,,M.V. THAI BINH 02,,,,Other,,,,07-08-2026,,,,,,
12-08-2026,KAKINADA,Waiting,,M.V. EVER SUPERIOR,,,,Other,,,,08-08-2026,,,,,,
12-08-2026,KAKINADA,Waiting,,M.T.ONSAN CHEMI,,,,Other,,,,09-08-2026,,,,,,
12-08-2026,KAKINADA,Expected,,M.V.ESPERITA,,,RICE,Dry/General Bulk,50000,50000,,14-08-2026,,,,,IMPERIAL,
12-08-2026,KAKINADA,Expected,,M.V.LIBRA,,,RICE,Dry/General Bulk,50000,50000,,15-08-2026,,,,,LOTUS,
12-08-2026,KAKINADA,Expected,,M.V.ALEXANDROS III,,,RICE,Dry/General Bulk,7500,7500,,15-08-2026,,,,,LOTUS,
12-08-2026,KAKINADA,Expected,,M.V. BOSHI 78,,,ALUMINA,Dry/General Bulk,30653,30653,,13-08-2026,,,,BALCO,ESDI MARITIME,
12-08-2026,KAKINADA,Expected,,M.T. ORCHID SYLT,,,SULPHURIC ACID,Liquid/Chemical Bulk,20500,20500,,13-08-2026,,,,CIL,SEAPHOENIX,
12-08-2026,KAKINADA,Expected,,M.V. ROYAL FALCON,,,ALUMINA,Dry/General Bulk,31499,31499,,15-08-2026,,,,BALCO,JYOTHI MARINE,
12-08-2026,KAKINADA,Expected,,M.T. DX PIONEER,,,EDIBLE OIL,Other,13000,13000,,17-08-2026,,,,"GEMINI , NAVABHARAT PATANJALI SANTHOSHIMATHAA",SEAPORT SERVICES,
12-08-2026,KAKINADA,Expected,,M.V.DEBBIE,,,GENERAL CARGO,Other,133,133,,19-08-2026,,,,SCHLUMERGER ASIA SERVICES,PAREKH MARINE,
12-08-2026,KAKINADA,Expected,,M.V.RISHABH,,,,Other,,,,05-02-2026,,,,,,
12-08-2026,GANGAVARAM,Working,B1,MV KOBE HARMONY,,,CP COKE,Dry/General Bulk,26250,26250,,31-07-2026,B1,13-08-2026,SHIFTED FROM B7 TO B1 ON 12.08.2026,VEDANTA/BALCO,SPARTANS,MANUAL BERTH / SHIP CRANES
12-08-2026,GANGAVARAM,Working,B2,MV GESELA OLDENDORFF,,,LIMESTONE,Dry/General Bulk,77750,77750,,08-07-2026,B2,13-08-2026,,THE COMMODITY HUB,SPARTANS,
12-08-2026,GANGAVARAM,Working,B4,MV VISHVA PRERNA,,,IRON ORE FINES,Dry/General Bulk,52625,52625,,10-08-2026,B4,12-08-2026,,KIOCL,SEAWAYS,MECHNICAL CONCEYOR LOADING BERTH
12-08-2026,GANGAVARAM,Working,B6,MV MARAN UNITY,,,BAUXITE,Dry/General Bulk,169274,169274,,06-08-2026,B6,12-08-2026,,PIONEER ALUMINA,RICHMARK,MECHNICAL CONCEYOR DISCH BERTH
12-08-2026,GANGAVARAM,Working,B8,MV RIPLEY PROSPERITY,,,THERMAL COAL,Dry/General Bulk,67000,67000,,11-08-2026,B8,13-08-2026,COASTAL,ADANI,JYOTHI,HMC BERTH
12-08-2026,GANGAVARAM,Working,B9,MV LIA,,,STEEL BILLETS,Dry/General Bulk,40000,40000,,12-08-2026,B9,19-08-2026,,RINL,SPARTANS,CONTAINER BERTH
12-08-2026,GANGAVARAM,Waiting,B4,MV VISHVA VIKAS,,,IRON ORE FINES,Dry/General Bulk,55000,55000,,11-08-2026,B4,14-08-2026,,KIOCL,SEAWAYS,
12-08-2026,GANGAVARAM,Expected,B3,MV AQUAPRIMA,,,LIMESTONE,Dry/General Bulk,75000,75000,,12-08-2026,B3,15-08-2026,,JSW,ATLANTIC,
12-08-2026,GANGAVARAM,Expected,B5,MV VISHVA CHETNA,,,COKING COAL,Dry/General Bulk,47200,47200,,12-08-2026,B5,14-08-2026,,SAIL,SEAWAYS,
12-08-2026,GANGAVARAM,Expected,B6,MV FIRST HUNTER,,,COKING COAL,Dry/General Bulk,46800,46800,,12-08-2026,B6,13-08-2026,,SAIL,GAC,
12-08-2026,GANGAVARAM,Expected,B5,MV SERENDIPITY,,,COKING COAL,Dry/General Bulk,46500,46500,,14-08-2026,B5,15-08-2026,,SAIL,GAC,
12-08-2026,GANGAVARAM,Expected,,MV AP PETKA,,,SODA ASH,Dry/General Bulk,25052,25052,,18-08-2026,,,,,SAMUDRA,
12-08-2026,VISAKHAPATNAM,Working,OB-2,MT VT QUEEN,,,TRSP/ NAPTHA,Other,9500,9500,L,11-08-2026,OB-2,12-08-2026,,,ATLANTIC,
12-08-2026,VISAKHAPATNAM,Working,OB-2 A/S,MT AB OLIVIA,,,TRSP/ NAPTHA,Other,9500,9500,L,10-08-2026,OB-2 A/S,12-08-2026,,,ATLANTIC,
12-08-2026,VISAKHAPATNAM,Working,VGCB,MV ALPHA TROPHY,,,BAUXITE IN BULK,Dry/General Bulk,198041,198041,D,06-08-2026,VGCB,17-08-2026,,,IMPERIAL,
12-08-2026,VISAKHAPATNAM,Working,CB-3,MV HONG YAO,,,CONTAINERS,Container,1571,1571,D/L,11-08-2026,CB-3,12-08-2026,,,P.V.RAMANMUR,
12-08-2026,VISAKHAPATNAM,Working,LPG,LPG/C. GAS PRIME,,,LPG,Other,23900,23900,D,08-08-2026,LPG,13-08-2026,,,INTEROCEAN,
12-08-2026,VISAKHAPATNAM,Working,AVCTPL[EQ-1A],MV KONA EXPLORER,,,LIMESTONE,Dry/General Bulk,78846,78846,D,10-08-2026,AVCTPL[EQ-1A],13-08-2026,,,WALTER CUMIN,
12-08-2026,VISAKHAPATNAM,Working,EQ-3,MV ALEXANDROS III,,,RICE IN BAGS,Dry/General Bulk,23070,23070,L,04-08-2026,EQ-3,16-08-2026,,,DHANISHTA,
12-08-2026,VISAKHAPATNAM,Working,EQ-4,MV NESTORS,,,UREA,Other,55000,55000,D,11-08-2026,EQ-4,20-08-2026,,,INTEROCEAN,
12-08-2026,VISAKHAPATNAM,Working,EQ-6,MV LIAN YI DA 1 HAO,,,ALUMINA IN BULK,Dry/General Bulk,28400,28400,L,01-08-2026,EQ-6,12-08-2026,,,INTEROCEAN,SAILED
12-08-2026,VISAKHAPATNAM,Working,EQ-7,MT BOW ORION,,,PHOSPHERIC ACID,Other,10000,10000,D,09-08-2026,EQ-7,12-08-2026,,,GAC,SAILED
12-08-2026,VISAKHAPATNAM,Working,EQ-8 (VSPL),MV YASA RUBY,,,COKING COAL,Dry/General Bulk,79841,79841,D,10-08-2026,EQ-8 (VSPL),14-08-2026,,,IMPERIAL,
12-08-2026,VISAKHAPATNAM,Working,WQ-1,MV ONE AND ONLY,,,FERRO MANGANESE IN BULK & BAGS & STEEL CARGO.,Dry/General Bulk,29630,29630,L,23-07-2026,WQ-1,13-08-2026,,,SAIANS,SHIFTS TO WQ-1 ON 07.08.2026
12-08-2026,VISAKHAPATNAM,Working,WQ-2,MV ACHILLEAS S,,,MANGANESE ORE,Dry/General Bulk,38831,38831,D,11-08-2026,WQ-2,16-08-2026,,,GAC,
12-08-2026,VISAKHAPATNAM,Working,WQ-3,MV TATEV,,,ALUMINA IN BAGS,Dry/General Bulk,27600,27600,L,07-08-2026,WQ-3,17-08-2026,,,INTEROCEAN,
12-08-2026,VISAKHAPATNAM,Working,WQ-5,MV SERENITY,,,LAM COKE,Dry/General Bulk,7000,7000,D,10-08-2026,WQ-5,12-08-2026,,,K.R & SONS,
12-08-2026,VISAKHAPATNAM,Working,WQ-6,MV SEA FALCON,,,MANGANESE ORE,Dry/General Bulk,16821,16821,D,11-08-2026,WQ-6,13-08-2026,,,NAVSHIP,
12-08-2026,VISAKHAPATNAM,Working,WQ-7,Handed over to m/s VMBCTPL for projecdt development,,,,Other,,,,,WQ-7,,,,,
12-08-2026,VISAKHAPATNAM,Working,OR-1,OR -1 Berth spared for Revamping by CE department,,,,Other,,,,,OR-1,,,,,
12-08-2026,VISAKHAPATNAM,Working,OR-2,MT DAWN HARIDWAR,,,VLSFO,Other,10346,10346,D,08-08-2026,OR-2,12-08-2026,,,HARIKA,
12-08-2026,VISAKHAPATNAM,Working,OR-3,MT LOURDES,,,HSD & MS,Liquid/Chemical Bulk,9258,9258,L,10-08-2026,OR-3,12-08-2026,,,ATLANTIC,
12-08-2026,VISAKHAPATNAM,Waiting,1,LPG/C. SEARMBLER,,,ANDHROUS AMMONIA,Liquid/Chemical Bulk,10000,10000,D,17-07-2026,1,,,,GAC,RE-ANCH
12-08-2026,VISAKHAPATNAM,Waiting,2,MV SANTA ANGELINA,,,IRON ORE FINES,Dry/General Bulk,55000,55000,L,11-08-2026,2,,,,JYOTHI,
12-08-2026,VISAKHAPATNAM,Waiting,3,MT SHAN CHI,,,FURNACE OIL,Liquid/Chemical Bulk,33000,33000,L,11-08-2026,3,,,,INTEROCEAN,
12-08-2026,VISAKHAPATNAM,Waiting,4,MV XIN HAI TONG 807,,,STEAM COAL,Dry/General Bulk,78260,78260,D,11-08-2026,4,,,,SEATRANS,
12-08-2026,VISAKHAPATNAM,Expected,,MV DONG FANG WEI YE,,,ALUMINA IN BAGS,Dry/General Bulk,31500,31500,L,12-08-2026,,,,,ESHWAR,
12-08-2026,VISAKHAPATNAM,Expected,,MV PAULA TRADER,,,FERRO MANGANESE & STEEL CARGO,Dry/General Bulk,20350,20350,L,12-08-2026,,,,,SAIANS,
12-08-2026,VISAKHAPATNAM,Expected,,MV CHENNAI VALARCHI,,,THERMAL COAL,Dry/General Bulk,77000,77000,L,12-08-2026,,,,,SEAPORT,
12-08-2026,VISAKHAPATNAM,Expected,,MV INFINITY,,,ALUMINA POWDER IN BULK,Dry/General Bulk,30600,30600,L,12-08-2026,12-08-2026,,,,RVSS,
12-08-2026,VISAKHAPATNAM,Expected,,LPG/C ETERNAL GLORY,,,LPG,Other,23000,23000,D,12-08-2026,,,,,BOTHRA,
12-08-2026,VISAKHAPATNAM,Expected,,MV GCL YAMUNA,,,IRON ORE PELLETS,Dry/General Bulk,105000,105000,L,13-08-2026,,,,,JYOTHI,
12-08-2026,VISAKHAPATNAM,Expected,,MV HAI DUONG 68,,,STEEL CARGO,Dry/General Bulk,5000,5000,L,13-08-2026,,,,,SPARTANS,
12-08-2026,VISAKHAPATNAM,Expected,,MV PANDA,,,ALUMINA IN BAGS,Dry/General Bulk,33000,33000,L,13-08-2026,,,,,INTEROCEAN,
12-08-2026,VISAKHAPATNAM,Expected,,MV SSI IRRSISTIBLE,,,AMMONIUM SULPHTE IN BULK,Other,40500,40500,D,13-08-2026,,,,,SEATRANS,
12-08-2026,VISAKHAPATNAM,Expected,,MV KATERINA III,,,M.COKE & NUT COKE,Dry/General Bulk,30010,30010,D,13-08-2026,,,,,GAC,
12-08-2026,VISAKHAPATNAM,Expected,,MV HALDI,,,"STONE AGGREGATE ,CEMENT & GENERAL CARGO",Dry/General Bulk,5000,5000,L,14-08-2026,,,,,FAIRMACS,
12-08-2026,VISAKHAPATNAM,Expected,,MV BAO CHANG,,,ROCK PHOSPHATE,Dry/General Bulk,45000,45000,D,14-08-2026,,,,,RDS OIL,
12-08-2026,VISAKHAPATNAM,Expected,,MV THEOSKEPASTI,,,STEAM COAL,Dry/General Bulk,71670,71670,D,14-08-2026,,,,,SEATRANS,
12-08-2026,VISAKHAPATNAM,Expected,,MV OAK ANTON,,,NUT COKE IN BULK,Dry/General Bulk,17700,17700,D,14-08-2026,,,,,NAVSHIP,
12-08-2026,VISAKHAPATNAM,Expected,,MV SITC PORTKLANG,,,CONTAINERS,Container,10200,10200,D/L,14-08-2026,,,,,ELS,
12-08-2026,VISAKHAPATNAM,Expected,,MT HAFINA MYNA,,,FURNACE OIL,Liquid/Chemical Bulk,33000,33000,L,15-08-2026,,,,,INTEROCEAN,
12-08-2026,VISAKHAPATNAM,Expected,,MV YU YAN,,,COKING COAL,Dry/General Bulk,46000,46000,D,15-08-2026,,,,,SAMSARA,
12-08-2026,VISAKHAPATNAM,Expected,,MV ZHONG GU XIONG AN,,,CONTAINERS,Container,25000,25000,D/L,15-08-2026,,,,,BTL,
12-08-2026,VISAKHAPATNAM,Expected,,MV AFRICAN PEACOCK,,,C.P.COKE,Dry/General Bulk,16000,16000,L,16-08-2026,,,,,ESHWAR,
12-08-2026,VISAKHAPATNAM,Expected,,MV DARLEAKAY,,,MANGANESE ORE,Dry/General Bulk,25000,25000,D,16-08-2026,,,,,BOTHRA,
12-08-2026,VISAKHAPATNAM,Expected,,MV MOGRAL,,,CONTAINERS,Container,40000,40000,D/L,16-08-2026,,,,,SIMA MARINE,
12-08-2026,VISAKHAPATNAM,Expected,,MT MARAN AJAX,,,CRUDE OIL,Liquid/Chemical Bulk,248000,248000,D,16-08-2026,,,,,ATLANTIC,
12-08-2026,VISAKHAPATNAM,Expected,,MV GCL SABARMATI,,,IRON ORE PELLETS,Dry/General Bulk,105000,105000,L,17-08-2026,,,,,JYOTHI,
12-08-2026,VISAKHAPATNAM,Expected,,MV MINI ATLAS,,,MANGANESE ORE,Dry/General Bulk,4800,4800,L,17-08-2026,,,,,GAC,
12-08-2026,VISAKHAPATNAM,Expected,,MV ODELMAR,,,UREA,Other,10000,10000,D,17-08-2026,,,,,ALAP,
12-08-2026,VISAKHAPATNAM,Expected,,MV SSI CONQUEST,,,TSP & DAP,Other,52700,52700,D,17-08-2026,,,,,BOTHRA,
12-08-2026,VISAKHAPATNAM,Expected,,MV ATP FORTUNE,,,MANGANESE ORE,Dry/General Bulk,23500,23500,D,17-08-2026,,,,,K.R.SONS,
12-08-2026,VISAKHAPATNAM,Expected,,MV NAVIOS BAHAMAS,,,CONTAINERS,Container,20000,20000,D/L,17-08-2026,,,,,UNIFEEDEER,
12-08-2026,VISAKHAPATNAM,Expected,,MV SEA TOPAZ,,,ALUMINA IN BULK,Dry/General Bulk,31500,31500,L,18-08-2026,,,,,INTEROCEAN,
12-08-2026,VISAKHAPATNAM,Expected,,MV SHIN SHUN,,,STEAM COAL,Dry/General Bulk,56836,56836,D,19-08-2026,,,,,SEATRANS,
12-08-2026,VISAKHAPATNAM,Expected,,MV AGRAFA,,,MANGANESE ORE,Dry/General Bulk,35596,35596,D,19-08-2026,,,,,BOTHRA,
12-08-2026,VISAKHAPATNAM,Expected,,MV STAR COPENHAGEN,,,UREA,Other,54266,54266,D,20-08-2026,,,,,CROSS TRADING,
12-08-2026,VISAKHAPATNAM,Expected,,MV MILAS,,,ROCK PHOSPHATE,Dry/General Bulk,47900,47900,D,21-08-2026,,,,,RDS OIL,
12-08-2026,VISAKHAPATNAM,Expected,,MV CRIMSON GLORY,,,MANGANESE ORE,Dry/General Bulk,30000,30000,D,21-08-2026,,,,,INTEGRAL,
12-08-2026,VISAKHAPATNAM,Expected,,MV NORSE MOBILE,,,FERRO MANGANESE & STEEL CARGO,Dry/General Bulk,29200,29200,L,23-08-2026,,,,,SAIANS,
12-08-2026,VISAKHAPATNAM,Expected,,MV SSL SABARIMALAI,,,CONTAINERS,Container,8500,8500,D/L,24-08-2026,,,,,UNIFEEDEER,
12-08-2026,VISAKHAPATNAM,Expected,,MV SM MANALI,,,CONTAINERS,Container,40000,40000,D/L,24-08-2026,,,,,SIMA MARINE,
12-08-2026,VISAKHAPATNAM,Expected,,MV MOGRAL,,,CONTAINERS,Container,40000,40000,D/L,26-08-2026,,,,,SIMA MARINE,
13-08-2026,KARAIKAL,Working,I,MV. ZAHAB JAHAN 1,,,GYPSUM,Dry/General Bulk,54850,54850,IMP,12-08-2026,12-08-2026,14-08-2026,,,,
13-08-2026,KARAIKAL,Expected,,MV. ND THELKIS,,,SLAG,Other,56570,56570,IMP,13-08-2026,13-08-2026,15-08-2026,,,,
13-08-2026,KARAIKAL,Expected,,MV. CHRISEA,,,COAL,Dry/General Bulk,75850,75850,IMP,14-08-2026,16-08-2026,18-08-2026,,,,
13-08-2026,KARAIKAL,Expected,,MV. SAKIZAAYA VICTORY,,,COAL,Dry/General Bulk,77000,77000,IMP,14-08-2026,14-08-2026,16-08-2026,,,,
13-08-2026,KARAIKAL,Expected,,MV. VSG PIONEER,,,COAL,Dry/General Bulk,75000,75000,IMP,14-08-2026,15-08-2026,17-08-2026,,,,
13-08-2026,KARAIKAL,Expected,,MV. BAO RUN,,,UREA,Other,42000,42000,IMP,18-08-2026,18-08-2026,20-08-2026,,,,
13-08-2026,GOPALPUR,Expected,MPB-1,MV TONG YING,,,MET COKE,Dry/General Bulk,22322,22322,D,14-08-2026,14-08-2026,16-08-2026,,,PAREKH(CA)/EVEREADY(OPA),
13-08-2026,GOPALPUR,Expected,MPB-2,MV CHOLA DESTINY,,,GYPSUM,Dry/General Bulk,50000,50000,D,17-08-2026,17-08-2026,20-08-2026,,,SEATRANS,
13-08-2026,GOPALPUR,Expected,MPB-3,MV LH ANTHEA,,,LIMESTONE,Dry/General Bulk,74509,74509,D,19-08-2026,19-08-2026,22-08-2026,,,BENLINE,
13-08-2026,GOPALPUR,Expected,MPB-1,MV C FORCE,,,LIMESTONE,Dry/General Bulk,78419,78419,D,19-08-2026,19-08-2026,23-08-2026,,,SEATRANS,
13-08-2026,CHENNAI,Working,JD1,AMNS POLAR,,,S.COILS/ST.PLATES,Dry/General Bulk,13040,13040,D,12-08-2026,12-08-2026,13-08-2026,,,SAMSARA,
13-08-2026,CHENNAI,Working,JD4,RADHA MOHAN,,,BITUMEN,Other,4228,4228,D,12-08-2026,12-08-2026,13-08-2026,,,ATLANTIC,
13-08-2026,CHENNAI,Expected,WQ2,GLOVIS SILVER,,,CARS,Other,4500,4500,L,13-08-2026,13-08-2026,14-08-2026,,,CARTRANS,
13-08-2026,CHENNAI,Expected,WQ3/CQ,QUEEN COARL,,,SCOIL,Other,2462,2462,D,13-08-2026,13-08-2026,15-08-2026,,,PUYVAST,
13-08-2026,CHENNAI,Expected,JD2,LEOPARD II,,,BARY,Other,54000,54000,L,14-08-2026,14-08-2026,16-08-2026,,,ATLANTIC,
13-08-2026,CHENNAI,Expected,SQ1/JD1,ONE AND ONLY,,,PROJ,Other,600,600,L,14-08-2026,14-08-2026,16-08-2026,,,NTC,
13-08-2026,CHENNAI,Expected,SQ1/JD1,SEA STELLAR,,,PROJ/STEEL,Dry/General Bulk,795-7843,,D/D,15-08-2026,15-08-2026,17-08-2026,,,UNITRANS,
13-08-2026,CHENNAI,Expected,WQ1/2,MRC SEDEF,,,CSFO,Other,6000,6000,D,15-08-2026,15-08-2026,17-08-2026,,,INTEROCEAN,
13-08-2026,CHENNAI,Expected,SQ1/JD1/3,STAR LYSEFJORD,,,PROJ,Other,110,110,L,15-08-2026,15-08-2026,16-08-2026,,,PEARL,
13-08-2026,CHENNAI,Expected,JD,SJ LILY,,,S.COILS/ST.PLATES,Dry/General Bulk,8720,8720,D,16-08-2026,16-08-2026,17-08-2026,,,SAMSARA,
13-08-2026,CHENNAI,Expected,JD1/SQ1,HT LOTUS,,,FLOU,Other,10000,10000,D,16-08-2026,16-08-2026,20-08-2026,,,SEAGREEN,
13-08-2026,CHENNAI,Expected,WQ1/2/BD2,FORTUNE GLORY,,,CSFO,Other,8000,8000,D,18-08-2026,18-08-2026,20-08-2026,,,GAC,
13-08-2026,CHENNAI,Expected,JD1/3/5,CHARLIE,,,PROJ,Other,4,4,D,20-08-2026,20-08-2026,22-08-2026,,,PAREKH,
13-08-2026,CHENNAI,Expected,,BRIGHT STAR,,,ST.COILS/HR.COILS/ST.BAR/ST.PLATES,Dry/General Bulk,7702/5498/696/306,,D,20-08-2026,20-08-2026,22-08-2026,,,SAMSARA,
13-08-2026,ENNORE,Working,CB1,Chola Serenity,,,T COAL,Dry/General Bulk,75410,75410,D,11-08-2026,CB1,14-08-2026,,,SEAPORT,COASTAL
13-08-2026,ENNORE,Working,MLT,hari priya,,,HSD/MS,Liquid/Chemical Bulk,19000,19000,D,11-08-2026,MLT,13-08-2026,,,SEAPORT,COASTAL
13-08-2026,ENNORE,Working,LNGT,LNG/C San Navigator,,,LNG,Other,62100,62100,D,12-08-2026,LNGT,13-08-2026,,,ATLANTIC,
13-08-2026,ENNORE,Working,ECTPL,Alasia,,,T COAL,Dry/General Bulk,59400,59400,D,11-08-2026,ECTPL,14-08-2026,,,MERCHANT,
13-08-2026,ENNORE,Working,EBTPL,BRONE LADY,,,ST.WI.ROD,Other,11500,11500,L,20-07-2026,EBTPL,16-08-2026,,,SEAGREEN,
13-08-2026,ENNORE,Expected,CB1,CHOLA LEGACY,,,T COAL,Dry/General Bulk,76410,76410,D,13-08-2026,13-08-2026,16-08-2026,,,SEAPORT,COASTAL
13-08-2026,ENNORE,Expected,MLT,BABYLON,,,HSD/MS,Liquid/Chemical Bulk,13000,13000,D,14-08-2026,14-08-2026,15-08-2026,,,ATLANTIC,
13-08-2026,ENNORE,Expected,ECTPL,TIDE JUPITER,,,S COAL,Dry/General Bulk,75702,75702,D,14-08-2026,14-08-2026,16-08-2026,,,PEARL,
13-08-2026,ENNORE,Expected,GCB,TARUS LEADER,,,AUTOMOBILE,Other,18000,18000,L,14-08-2026,14-08-2026,15-08-2026,,,NYK,
13-08-2026,ENNORE,Expected,EBTPL,SHENLI,,,BARYTES,Other,54000,54000,L,15-08-2026,16-08-2026,20-08-2026,,,EVERWIN,
13-08-2026,ENNORE,Expected,GCB,Sirius Highway,,,AUTOMOBILE,Other,18000,18000,L,14-08-2026,15-08-2026,16-08-2026,,,K STEAM,
13-08-2026,ENNORE,Expected,ECTPL,Vishva Jyoti,,,T.COAL,Dry/General Bulk,68500,68500,D,14-08-2026,16-08-2026,18-08-2026,,,SEAGREEN,COASTAL
13-08-2026,ENNORE,Expected,CB2,Chola Melody,,,T COAL,Dry/General Bulk,74500,74500,D,14-08-2026,14-08-2026,16-08-2026,,,JESPA,COASTAL
13-08-2026,ENNORE,Expected,ECTPL,STAR EVA,,,S COAL,Dry/General Bulk,103901,103901,D,15-08-2026,19-08-2026,23-08-2026,,,MERCHANT,
13-08-2026,ENNORE,Expected,ECTPL,SUNRISE I,,,S COAL,Dry/General Bulk,40952,40952,D,15-08-2026,18-08-2026,19-08-2026,,,PEARL,
13-08-2026,ENNORE,Expected,ECTPL,Venus Star,,,S COAL,Dry/General Bulk,78547,78547,D,16-08-2026,23-08-2026,25-08-2026,,,GAC,
13-08-2026,ENNORE,Expected,MLT,LPG/C REMEI,,,PROPANE/BUTANE,Liquid/Chemical Bulk,21000,21000,D,17-08-2026,24-08-2026,25-08-2026,,,ATLANTIC,
13-08-2026,ENNORE,Expected,MLT,LPG/C BW POLARIS,,,PROPANE/BUTANE,Liquid/Chemical Bulk,23000,23000,D,18-08-2026,18-08-2026,20-08-2026,,,WILHELMSEN,
13-08-2026,ENNORE,Expected,EBTPL,Fortune Sunshine,,,L.STONE,Other,71037,71037,D,18-08-2026,20-08-2026,23-08-2026,,,PEARL,
13-08-2026,ENNORE,Expected,GCB,Jasper Arrow,,,AUTOMOBILE,Other,900,900,L,24-08-2026,24-08-2026,25-08-2026,,,K STEAM,
13-08-2026,ENNORE,Expected,GCB,HOEGH TROOPER,,,AUTOMOBILE,Other,800,800,L,25-08-2026,25-08-2026,26-08-2026,,,SAMSARA,
13-08-2026,ENNORE,Expected,GCB,EUPHRATE HIGHWAY,,,AUTOMOBILE,Other,600,600,L,28-08-2026,28-08-2026,29-08-2026,,,JM BAXI,
13-08-2026,KRISHNAPATNAM,Working,WB-3,MT THERESA LEO,,,CPO,Other,15997.700999999999,15997.701,D,12-08-2026,12-08-2026,15-08-2026,MALAYSIA,,INTEROCEAN SHIPPING(INDIA)PVT LTD,
13-08-2026,KRISHNAPATNAM,Working,WB-2,MV JUNO PACIFIC,,,FERTILIZER,Dry/General Bulk,30530,30530,D,12-08-2026,12-08-2026,16-08-2026,"LUBUK GAUNG, INDONESIA",,ALAP CARRIERS,
13-08-2026,KRISHNAPATNAM,Working,WB-1,MT KEYSTONE,,,CPO-8800MT & RBD -3008MT,Other,11808,11808,D,11-08-2026,11-08-2026,14-08-2026,INDONESIA,,ATLANTIC GLOBAL SHIPPING PVT LTD,
13-08-2026,KRISHNAPATNAM,Working,8,MV DECCAN PRIDE,,,COAL,Dry/General Bulk,73658,73658,D,12-08-2026,12-08-2026,14-08-2026,PARADIP,,J M BAXI MARINE SERVICES PVT. LTD.,
13-08-2026,KRISHNAPATNAM,Working,6,MV PRINCESS GRACE,,,COAL,Dry/General Bulk,73035,73035,D,09-08-2026,09-08-2026,14-08-2026,RUSSIA,,UNICORN MARITIMES (INDIA) PVT LTD,
13-08-2026,KRISHNAPATNAM,Working,5,MV XH META,,,IRON ORE FINES,Dry/General Bulk,188824,188824,D,07-08-2026,08-08-2026,13-08-2026,BRAZIL,,GPR MARITIME AGENCIES.,
13-08-2026,KRISHNAPATNAM,Working,4,MV MEDUSA,,,UREA,Other,47000,47000,D,07-08-2026,08-08-2026,14-08-2026,CHINA,,TAURUS SHIPPING,
13-08-2026,KRISHNAPATNAM,Working,3,MV XIN HAI TONG 17,,,GYPSUM,Dry/General Bulk,54878,54878,D,11-08-2026,11-08-2026,13-08-2026,OMAN,,SEAGREEN STEVEDORING AND LOGISTICS PVT LTD,
13-08-2026,KRISHNAPATNAM,Expected,S4A,MV ELIM COURAGE,,,GRANITE,Other,14800,14800,L,13-08-2026,13-08-2026,15-08-2026,CHINA,,PUYVAST LOGISTICS PVT LTD,
13-08-2026,KRISHNAPATNAM,Expected,1,MV NAN XIN 9,,,COAL,Dry/General Bulk,45500,45500,D,13-08-2026,13-08-2026,16-08-2026,RUSSIA,,SEATRANS MARINE PVT. LTD,
13-08-2026,KRISHNAPATNAM,Expected,7,MV LADY J,,,COAL,Dry/General Bulk,67500,67500,D,13-08-2026,13-08-2026,15-08-2026,INDONESIA,,J M BAXI MARINE SERVICES PVT. LTD.,
13-08-2026,KRISHNAPATNAM,Expected,6,M.V GIORGAKIS,,,COAL,Dry/General Bulk,79000,79000,D,14-08-2026,14-08-2026,16-08-2026,PARADIP,,M/S.SARAT CHATTERJEE & CO,
13-08-2026,KRISHNAPATNAM,Expected,WB-1,MV PENNA SURAKSHA,,,CEMENT,Dry/General Bulk,25000,25000,L,14-08-2026,14-08-2026,17-08-2026,COCHIN,,MBK LOGISTIX PVT LTD,
13-08-2026,KRISHNAPATNAM,Expected,2,MV CAPT EUGENE,,,TSP FERTILIZER,Dry/General Bulk,54262,54262,D,14-08-2026,14-08-2026,18-08-2026,MOROCCO,,ATLANTIC GLOBAL SHIPPING PVT LTD,
13-08-2026,KRISHNAPATNAM,Expected,8,MV AQUASTAR,,,COAL,Dry/General Bulk,59611,59611,D,14-08-2026,14-08-2026,16-08-2026,PARADIP,,SARAT CHATTERJEE & CO (VSP) PVT LTD,
13-08-2026,KRISHNAPATNAM,Expected,7,MV PACIFIC STAR,,,COAL,Dry/General Bulk,75000,75000,D,14-08-2026,15-08-2026,17-08-2026,PARADIP,,SARAT CHATTERJEE & CO (VSP) PVT LTD,
13-08-2026,KRISHNAPATNAM,Expected,S4,MV DOUKATO,,,COAL,Dry/General Bulk,83680,83680,D,15-08-2026,15-08-2026,19-08-2026,"NACALA PORT, MOZAMBIQUE",,SPARTANS MARINE SERVICES PRIVATE LIMITED,
13-08-2026,KRISHNAPATNAM,Expected,6,MV VIOLETTA K,,,COAL,Dry/General Bulk,75000,75000,D,15-08-2026,16-08-2026,18-08-2026,PARADIP,,GAC SHIPPING PVT LTD.,
13-08-2026,KRISHNAPATNAM,Expected,3,MV CAPE TAIZHOU,,,COAL,Dry/General Bulk,156326,156326,D,15-08-2026,15-08-2026,20-08-2026,RUSSIA,,MERCHANT SHIPPING SERVICES PVT. LTD.,
13-08-2026,KRISHNAPATNAM,Expected,8,MV W-SAPPHIRE,,,COAL,Dry/General Bulk,79053,79053,D,16-08-2026,16-08-2026,18-08-2026,PARADIP,,GAC SHIPPING PVT LTD.,
13-08-2026,KRISHNAPATNAM,Expected,5,MV MINERAL FAITH,,,IRON ORE,Dry/General Bulk,163952,163952,D,16-08-2026,16-08-2026,21-08-2026,"WESTERN AUSTRALIA, PORT HEDLAND",,GPR MARITIME AGENCIES,
13-08-2026,KRISHNAPATNAM,Expected,7,MV CHOLA PROSPERITY,,,COAL,Dry/General Bulk,74960,74960,D,16-08-2026,17-08-2026,19-08-2026,PARADIP,,ATLANTIC GLOBAL SHIPPING PVT LTD,
13-08-2026,KRISHNAPATNAM,Expected,WB-2,MT DALMACIJA,,,CDSBO,Other,8280.25,8280.25,D,16-08-2026,16-08-2026,18-08-2026,"SANLORENZO, ARGENTINA",,INTEROCEAN SHIPPING(INDIA)PVT LTD,
13-08-2026,KRISHNAPATNAM,Expected,2,MV W HUANG PU,,,ROCK PHOSPHATE,Dry/General Bulk,13500,13500,D,17-08-2026,18-08-2026,20-08-2026,ABU GHOSOUN,,ALAP CARRIERS,
13-08-2026,KRISHNAPATNAM,Expected,4,MV LV DAISY,,,DAP,Other,31400,31400,D,17-08-2026,17-08-2026,21-08-2026,AQABA SEAPORT OF JORDAN,,***,
13-08-2026,KRISHNAPATNAM,Expected,1,MV ANDROS SPIRIT,,,COAL,Dry/General Bulk,30000,30000,D,17-08-2026,17-08-2026,20-08-2026,"RICHARDS BAY, SOUTH AFRICA",,JYOTHI MARINE SERVICES PVT LTD- OPA GAC SHIPPING,
13-08-2026,KRISHNAPATNAM,Expected,6,MV DIAMOND TRADER,,,COAL,Dry/General Bulk,46700,46700,D,18-08-2026,18-08-2026,21-08-2026,INDONESIA,,JYOTHI MARINE SERVICES PVT LTD- OPA GAC SHIPPING,
13-08-2026,KRISHNAPATNAM,Expected,3,MV WESER POINT,,,LIMESTONE,Dry/General Bulk,76200,76200,D,18-08-2026,20-08-2026,23-08-2026,CHINA,,MERCHANT SHIPPING SERVICES PVT. LTD.,
13-08-2026,KRISHNAPATNAM,Expected,WB-3,MT SH GLORY,,,CDSBO,Other,11000,11000,D,19-08-2026,19-08-2026,21-08-2026,CHINA,,ATLANTIC GLOBAL SHIPPING PVT LTD,
13-08-2026,KRISHNAPATNAM,Expected,1,MV XIN CHEN HAI YANG,,,SHIP UNLOADERS,Other,4098.8469999999998,4098.847,D,19-08-2026,20-08-2026,27-08-2026,CHINA,,SAMSARA SHIPPING PVT LTD,
13-08-2026,KRISHNAPATNAM,Expected,2,MV. SUN ISLAND,,,COAL,Dry/General Bulk,38230,38230,D,20-08-2026,20-08-2026,22-08-2026,"HAYPOINT, AUSTRALIA",,ASSOCIATED SHIPPING SERVICES,
13-08-2026,KRISHNAPATNAM,Expected,5,MV WEI HE,,,LIMESTONE,Dry/General Bulk,77000,77000,D,20-08-2026,21-08-2026,24-08-2026,CHINA,,MERCHANT SHIPPING SERVICES PVT. LTD.,
13-08-2026,KRISHNAPATNAM,Expected,1,MV VITA MELODY,,,COAL,Dry/General Bulk,48871,48871,D,28-05-2026,28-05-2026,31-05-2026,INDONESIA,,JYOTHI MARINE,
13-08-2026,KATTUPALLI,Expected,CB3,CL LINDY,,,DOLOMITE,Dry/General Bulk,60500,60500,D,16-08-2026,16-08-2026,20-08-2026,,,PEARL/SEAGREEN,
13-08-2026,SANDHEADS,Working,,PELOPIDAS,,G'LESS,REVERT,Other,,,,NOT READY,090600,REVERT,,,N/A,
13-08-2026,SANDHEADS,Working,,THERE ARE 4 VIRTUAL ANCHORAGE POINTS AT SAGAR AND 4 VESSELS CAN WORK SIMULTANEOUSLY SUB PORT CONSIDERATION,,,,Other,,,,,,,,,,
13-08-2026,SANDHEADS,Working,,"VESSEL'S BERTHING MOVEMENT DEPENDS ON ALL FAVORABLE CONDITIONS SUCH AS CGO DOCS READINESS, VSL'S SENIORITY,",,,,Other,,,,,,,,,,
13-08-2026,SANDHEADS,Working,,"WEATHER CONDITIONS, CONGESTION & BERTH AVAILABILITY",,,,Other,,,,,,,,,,
13-08-2026,SANDHEADS,Working,,Port Working Hours: 24 x 7 basis,,,,Other,,,,,,,,,,
13-08-2026,SANDHEADS,Working,,COASTAL VESSELS HAVE OUSTING PRIORITY,,,,Other,,,,,,,,,,
13-08-2026,SAGAR,Waiting,,MV. SEA FALCON,,GEARED,MANGANESE ORE,Dry/General Bulk,,,,14-08-2026,15-08-2026,16-08-2026,,,BOTHRA,
13-08-2026,SAGAR,Waiting,,MV. WELL DREAM,,GEARED,LIMESTONE,Dry/General Bulk,,,,20-08-2026,21-08-2026,23-08-2026,,,GAC SHIPPING,
13-08-2026,HALDIA,Working,4B,MV. METTLE STARE-I,,GEARLESS,COKING COAL,Dry/General Bulk,32000,32000,DISCH,22-10-2025,23-10-2025,24-10-2025,,TATA STEEL,TMILL,
13-08-2026,HALDIA,Working,1,MV. PAN CERES,,GEARLESS,STEAM COAL,Dry/General Bulk,35000,35000,DISCH,11-08-2026,11-08-2026,13-08-2026,,BALAJI MALTS,SEATRANS,
13-08-2026,HALDIA,Working,2,MV. SHINE RUBY,,GEARLESS,COKING COAL,Dry/General Bulk,30000,30000,DISCH,10-08-2026,11-08-2026,13-08-2026,,TATA INTERNATIONAL,SEATRANS,
13-08-2026,HALDIA,Working,9,MV. SKIATHOS,,GEARLESS,METALLURGICAL COKE,Dry/General Bulk,32000,32000,DISCH,11-08-2026,12-08-2026,14-08-2026,,ORISSA METALIKS & RASHMI GREEN,EVEREADY,
13-08-2026,HALDIA,Working,10,MV. EAST WIND 1,,GEARED,YELLOW PEAS,Other,20000,20000,DISCH,28-07-2026,07-08-2026,17-08-2026,,VARIOUS,SEAVISION,
13-08-2026,HALDIA,Working,13,MV. PACIFIC ADVANCE,,GEARED,GYPSUM,Dry/General Bulk,30610,30610,DISCH,11-08-2026,12-08-2026,14-08-2026,,ACCESS DEVELOPER & GYPMART INDIA,ALAP,
13-08-2026,HALDIA,Working,14,MV.LORIENT,,GEARLESS,STEAM COAL,Dry/General Bulk,33000,33000,DISCH,11-08-2026,12-08-2026,14-08-2026,,HPL,GAC SHIPPING,
13-08-2026,HALDIA,Waiting,1,MV. JIN MING 82,,GEARED,MANGANESE ORE,Dry/General Bulk,21050,21050,DISCH,12-08-2026,13-08-2026,15-08-2026,,VARIOUS,GAC SHIPPING,
13-08-2026,HALDIA,Waiting,13,MV. HT PIONEER,,GEARED,STEEL ROUNDS,Dry/General Bulk,10730,10730,DISCH,11-08-2026,14-08-2026,16-08-2026,,JINDAL STEEL,SEATRANS,
13-08-2026,HALDIA,Expected,"2,8,9 & 13",MV. BASIC FORTUNE,,GEARLESS,LIMESTONE,Dry/General Bulk,30000,30000,DISCH,14-08-2026,15-08-2026,17-08-2026,,TATA STEEL,TMILL,DECLEAR FOR TMILL BERTH
13-08-2026,HALDIA,Expected,"2,8,9 & 13",MV. SEA FALCON,,GEARED,MANGANESE ORE,Dry/General Bulk,28000,28000,DISCH,14-08-2026,17-08-2026,20-08-2026,,VARIOUS,BOTHRA,"DECLEAR FOR MHC BERTH ,(TO LIGHTEN AT SAGAR 4500 MT)"
13-08-2026,HALDIA,Expected,"2,8,",MV. VISHVA CHETNA,,GEARLESS,COKING COAL,Dry/General Bulk,33000,33000,DISCH,15-08-2026,16-08-2026,18-08-2026,,SAIL,THE SHIPPING,DECLEAR FOR MHC BERTH
13-08-2026,HALDIA,Expected,"2,8,9 & 13",MV. AMNSI MAXIMUS,,GEARLESS,PYROXENITE,Other,34200,34200,DISCH,15-08-2026,16-08-2026,18-08-2026,,TATA STEEL,SAMSARA,DECLEAR FOR TMILL BERTH
13-08-2026,HALDIA,Expected,"2,8,9 & 13",MV. TONG YING,,GEARLESS,MET COKE,Dry/General Bulk,32010,32010,DISCH,17-08-2026,18-08-2026,20-08-2026,,ORISSA METALIK / RASHMI GREEN,EVEREADY,DECLEAR FOR MHC BERTH
13-08-2026,HALDIA,Expected,"2,8,9 & 13",MV. ACHILLEAS S,,GEARED,MANGANESE ORE,Dry/General Bulk,17660,17660,DISCH,17-08-2026,18-08-2026,20-08-2026,,VARIOUS,GAC SHIPPING,DECLEAR FOR MHC BERTH
13-08-2026,HALDIA,Expected,"2,8,9 & 13",MV. KATERINA III,,GEARLESS,MET COKE,Dry/General Bulk,28648,28648,DISCH,17-08-2026,18-08-2026,20-08-2026,,VARIOUS,SEATRANS,DECLEAR FOR MHC BERTH
13-08-2026,HALDIA,Expected,"2,8,",MV. YU YAN,,GEARLESS,COKING COAL,Dry/General Bulk,33000,33000,DISCH,18-08-2026,19-08-2026,21-08-2026,,SAIL,V-OCEAN,DECLEAR FOR MHC BERTH
13-08-2026,HALDIA,Expected,4B,MV. ODYSSEAS L,,GEARLESS,COKING COAL,Dry/General Bulk,30000,30000,DISCH,18-08-2026,19-08-2026,21-08-2026,,TATA STEEL,TMILL,DECLEAR FOR GBTPL BERTH
13-08-2026,HALDIA,Expected,"2,8,9 & 13",MV. GREEK SEAS,,GEARLESS,LIMESTONE,Dry/General Bulk,34000,34000,DISCH,18-08-2026,19-08-2026,21-08-2026,,TATA STEEL,TMILL,DECLEAR FOR TMILL BERTH
13-08-2026,HALDIA,Expected,"2,8,",MV. YM MASCOT,,GEARLESS,COKING COAL,Dry/General Bulk,33000,33000,DISCH,18-08-2026,20-08-2026,22-08-2026,,SAIL,GAC,DECLEAR FOR MHC BERTH
13-08-2026,HALDIA,Expected,"2,8,9 & 13",MV.SAKIZAYA XCEL,,GEARLESS,LIMESTONE,Dry/General Bulk,33000,33000,DISCH,18-08-2026,21-08-2026,23-08-2026,,TATA STEEL,KANOOO,DECLEAR FOR TMILL BERTH
13-08-2026,HALDIA,Expected,"2,8,9 & 13",MV.GOLDEN ARSENAL,,GEARED,ROCK PHOSPHATE,Dry/General Bulk,18600,18600,DISCH,18-08-2026,25-08-2026,27-08-2026,,VARIOUS,ALAP,DECLEAR FOR TMILL BERTH
13-08-2026,HALDIA,Expected,4B,MV. BASIC STAR,,GEARLESS,COKING COAL/ PCI COAL,Dry/General Bulk,31906,31906,DISCH,19-08-2026,22-08-2026,24-08-2026,,TATA STEEL,TMILL,DECLEAR FOR GBTPL BERTH
13-08-2026,HALDIA,Expected,"2,8,9 & 13",MV. WELL DREAM,,GEARED,LIMESTONE,Dry/General Bulk,26639,26639,DISCH,20-08-2026,24-08-2026,26-05-2026,,SHYAM SEL,GAC SHIPPING,"DECLEAR FOR MHC BERTH , (TO LIGHTEN AT SAGAR 4000 MT)"
13-08-2026,HALDIA,Expected,4B,MV. GRACE LOUISE,,GEARLESS,COKING COAL,Dry/General Bulk,35000,35000,DISCH,20-08-2026,25-08-2026,27-08-2026,,TATA STEEL,TMILL,DECLEAR FOR GBTPL BERTH
13-08-2026,HALDIA,Expected,"2,8,9 & 13",MV. AGRAFA,,GEARED,MANGANESE ORE,Dry/General Bulk,23000,23000,DISCH,23-08-2026,24-08-2026,26-08-2026,,VARIOUS,BENLINE,DECLEAR FOR MHC BERTH
13-08-2026,DHAMRA,Working,B - 1/17.2/350,MV CELINA,PANAMAX,,COKING COAL,Dry/General Bulk,,,DISCHARGE,12-08-2026,B - 1/17.2/350,15-08-2026,,SAIL,SMPL/INFINITY/SPARTANS,
13-08-2026,DHAMRA,Working,B -3/17/350,MV INCE ISTANBUL,PANAMAX,,IRON ORE PELLETS,Dry/General Bulk,,,LOADING,09-08-2026,B -3/17/350,14-08-2026,,ORISSA METALICES PVT LTD/SHYAM METALICS,ATLANTIC,
13-08-2026,DHAMRA,Working,B-3 A /14.5/350,MV BASIC FORTUNE,PANAMAX,,LIMESTONE,Dry/General Bulk,,,DISCHARGE,08-08-2026,B-3 A /14.5/350,14-08-2026,,TATA,TMIL,
13-08-2026,DHAMRA,Working,B-3A S /13.5,MV MH ARPEGGIO,HANDIMAX,,IRON ORE PELLETS,Dry/General Bulk,,,LOADING,02-08-2026,B-3A S /13.5,15-08-2026,,RUNGTA SONS,GAC,
13-08-2026,DHAMRA,Working,B-4/17/300,MV APJ SHIRINI,HANDIMAX,,PYROXENITE,Other,,,DISCHARGE,01-08-2026,B-4/17/300,13-08-2026,,PARAG VINMAY,SMPL,
13-08-2026,DHAMRA,Working,B-5/17/300,MV YANGTZE DAWN,HANDIMAX,,UREA,Other,,,DISCHARGE,31-07-2026,B-5/17/300,13-08-2026,,INDIAN POTASH LTD,SMPL,
13-08-2026,DHAMRA,Waiting,B-5,MV GCL SABARMATI,CAPE,,LIMESTONE,Dry/General Bulk,105000 MT,105000,DISCHARGE,09-08-2026,13-08-2026,19-08-2026,,TATA,TMIL/SAMSARA,
13-08-2026,DHAMRA,Waiting,B-4,MV PRINCESS JONNA,HANDIMAX,,HR COIL,Other,40000 MT,40000,LOADING,10-08-2026,13-08-2026,16-08-2026,,TATA,TMIL,
13-08-2026,DHAMRA,Waiting,B-3,MV MAHIC PERSEUS,PANAMAX,,THERMAL COAL,Dry/General Bulk,76460 MT,76460,LOADING,10-08-2026,14-08-2026,16-08-2026,,MOXIE POWER,GAC,
13-08-2026,DHAMRA,Waiting,B-3AS,MV SAKIZAYA XCEL,PANAMAX,,LIMESTONE,Dry/General Bulk,45000 MT,45000,DISCHARGE,10-08-2026,15-08-2026,16-08-2026,,TATA,TMIL,
13-08-2026,DHAMRA,Waiting,B-3,MV ENGIADINA,HANDIMAX,,IRON ORE PELLETS,Dry/General Bulk,55000 MT,55000,LOADING,11-08-2026,16-08-2026,18-08-2026,,RUNGTA MINES,INFINITY,
13-08-2026,DHAMRA,Waiting,B-3A,MV OCEAN HOPE,HANDIMAX,,IRON ORE FINES,Dry/General Bulk,55000 MT,55000,LOADING,11-08-2026,13-08-2026,16-08-2026,,LAXMI EXPORTS,SPARTANS,
13-08-2026,DHAMRA,Waiting,B-3,MV APJ KABIR ANAND,PANAMAX,,THERMAL COAL,Dry/General Bulk,75000 MT,75000,LOADING,13-08-2026,18-08-2026,21-08-2026,,TANGEDCO,JIGSAN,
13-08-2026,DHAMRA,Expected,B-1,MV ODYSSEAS,PANAMAX,,COKING COAL,Dry/General Bulk,45000 MT,45000,DISCHARGE,13-08-2026,13-08-2026,14-08-2026,,TATA,TMIL,
13-08-2026,DHAMRA,Expected,B-5,MV GREEK SEAS,PANAMAX,,LIMESTONE,Dry/General Bulk,45000 MT,45000,DISCHARGE,13-08-2026,19-08-2026,22-08-2026,,TATA,TMIL,
13-08-2026,DHAMRA,Expected,B-3A,MV PORT NARA,HANDIMAX,,THERMAL COAL,Dry/General Bulk,32000 MT,32000,LOADING,13-08-2026,16-08-2026,18-08-2026,,ORISSA METALICES PVT LTD/SHYAM METALICS,ATLANTIC,
13-08-2026,DHAMRA,Expected,B-3AS,MV SHAHRIAR JAHAN,HANDIMAX,,SLAG,Other,46000 MT,46000,LOADING,14-08-2026,16-08-2026,20-08-2026,,TATA,EIPL,
13-08-2026,DHAMRA,Expected,B-4,MV SAFESEA SINDOOR,HANDIMAX,,COIL/SLAB,Dry/General Bulk,30000 MT,30000,LOADING,15-08-2026,16-08-2026,22-08-2026,,JINDAL STEEL LTD,JM BOXI,
13-08-2026,DHAMRA,Expected,B-3,MV PORTLAND,HANDIMAX,,SLAG,Other,55000 MT,55000,LOADING,15-08-2026,21-08-2026,23-08-2026,,TATA,EIPL,
13-08-2026,DHAMRA,Expected,B-2,MV EASTERN QUINCE,PANAMAX,,COKING COAL,Dry/General Bulk,78000 MT,78000,DISCHARGE,21-08-2026,21-08-2026,23-08-2026,,TATA,TMIL/BEN LINE,
13-08-2026,DHAMRA,Expected,B-1,MV ANDROS SPIRIT,PANAMAX,,COKING COAL,Dry/General Bulk,38000 MT,38000,DISCHARGE,23-08-2026,23-08-2026,24-08-2026,,ADANI ENTERPRISES LTD,JYOTHI/GPR,
13-08-2026,PARADIP PORT,Waiting & Expected,,MV. ENDLESS HORIZON,,189.99/13.00,ROCK PHOSPHATE,Dry/General Bulk,56038 MT,56038,DISCHARGE,08/1624 HRS,,,HIGH SEAS,PPL,OSL,
13-08-2026,PARADIP PORT,Waiting & Expected,,MV. ANASTASIA K,,229.00/,ROCK PHOSPHATE,Dry/General Bulk,76015 MT,76015,DISCHARGE,13/1800 HRS,,,HIGH SEAS,IFFCO,JMS,
13-08-2026,PARADIP PORT,Waiting & Expected,,MV. KANG SHUN,,189.90/12.42,ROCK PHOSPHATE,Dry/General Bulk,52500 MT,52500,DISCHARGE,15/1800 HRS,,,HIGH SEAS,PPL,OSL,
13-08-2026,PARADIP PORT,Waiting & Expected,,MT. PLATA SOUTH,,333.00/,CRUDE OIL,Liquid/Chemical Bulk,269855 MT,269855,DISCHARGE,10/2106HRS,,,HIGH SEAS,IOCL PLD,GAC,
13-08-2026,PARADIP PORT,Waiting & Expected,,MT. MAINI,,249.00/,CRUDE OIL,Liquid/Chemical Bulk,94486 MT,94486,DISCHARGE,12/2148 HRS,,,HIGH SEAS,IOCL PLD,NAVSHIP,
13-08-2026,PARADIP PORT,Waiting & Expected,,MT. SPARTAN,,274.00/,CRUDE OIL,Liquid/Chemical Bulk,125039 MT,125039,DISCHARGE,15/0800 HRS,,,HIGH SEAS,IOCL PLD,NAVSHIP,
13-08-2026,PARADIP PORT,Waiting & Expected,,MT. OLYMPIC FIGHTER,,274.22/15.00,CRUDE OIL,Liquid/Chemical Bulk,125159 MT,125159,DISCHARGE,15/2230 HRS,,,HIGH SEAS,IOCL PLD,AGS,
13-08-2026,PARADIP PORT,Waiting & Expected,,MV. APJ SETHU,,224.86/,THERMAL COAL,Dry/General Bulk,75000 MT,75000,LOADING,07/0354 HRS,14-08-2026,15-08-2026,HIGH SEAS,TNPGCL,SEAPORT,NOT READY
13-08-2026,PARADIP PORT,Waiting & Expected,,MV. MARINE FORTUNE I,,225.00/13.80,THERMAL COAL,Dry/General Bulk,72000 MT,72000,LOADING,08/1624 HRS,14-08-2026,15-08-2026,HIGH SEAS,TNPGCL,SEAPORT,NOT READY
13-08-2026,PARADIP PORT,Waiting & Expected,,MV. JAL VAIBHAV,,228.05/14.50,THERMAL COAL,Dry/General Bulk,85000 MT,85000,LOADING,10/1242 HRS,14-08-2026,15-08-2026,KRISHNAPATNAM,NTECL/SARAT,BOTHRA,SUB TO READINESS
13-08-2026,PARADIP PORT,Waiting & Expected,,MV. LILA FUJI,,229.00/14.50,THERMAL COAL,Dry/General Bulk,77000 MT,77000,LOADING,10/1436 HRS,13-08-2026,15-08-2026,GOA,NTPC/KUDGI,GAC,
13-08-2026,PARADIP PORT,Waiting & Expected,,MV. APJ INDRANI,,225.00/,THERMAL COAL,Dry/General Bulk,75000 MT,75000,LOADING,11/1454 HRS,15-08-2026,16-08-2026,HIGH SEAS,TNPGCL,SEAPORT,SUB TO READINESS
13-08-2026,PARADIP PORT,Waiting & Expected,,MV. RIPLEY PINNACLE,,225.00/14.50,THERMAL COAL,Dry/General Bulk,74000 MT,74000,LOADING,11/2030 HRS,15-08-2026,16-08-2026,ENNORE,APGEN/RIPLEY,SSS,SUB TO READINESS
13-08-2026,PARADIP PORT,Waiting & Expected,,MV. W SAPPHIRE,,229.00/14.50,THERMAL COAL,Dry/General Bulk,75000 MT,75000,LOADING,12/1212 HRS,15-08-2026,16-08-2026,KRISHNAPATNAM,APPDCL/ADANI,GAC,SUB TO READINESS
13-08-2026,PARADIP PORT,Waiting & Expected,,MV. APJ ANGAD 2,,224.94/14.50,THERMAL COAL,Dry/General Bulk,75000 MT,75000,LOADING,13/1800 HRS,16-08-2026,17-08-2026,ENNORE,NTECL/SARAT,BOTHRA,SUB TO READINESS
13-08-2026,PARADIP PORT,Waiting & Expected,,MV. AFRICAN ISABELLE,,199.98/13.50,THERMAL COAL,Dry/General Bulk,74000 MT,74000,LOADING,15/0600 HRS,16-08-2026,17-08-2026,KAKINADA,APG/SC,SCC(VSP),SUB TO READINESS
13-08-2026,PARADIP PORT,Waiting & Expected,,MV. DECCAN PRIDE,,225.00/14.50,THERMAL COAL,Dry/General Bulk,78360 MT,78360,LOADING,16/1200 HRS,16-08-2026,17-08-2026,KRISHNAPATNAM,SEMBCORP,J M BAXIMSPL,SUB TO READINESS
13-08-2026,PARADIP PORT,Waiting & Expected,,MV TAN BINH 259,,175.53/9.50,STEEL COILS,Dry/General Bulk,25391 MT,25391,DISCHARGE,22/1625 HRS,17-08-2026,19-08-2026,BAHODOPI,JINDAL STAINLESS,SSS,SUB TO READINESS
13-08-2026,PARADIP PORT,Waiting & Expected,,MV. STAR HELSINKI,,199.90/12.23,UREA,Other,49350 MT,49350,DISCHARGE,09/0712 HRS,14-08-2026,17-08-2026,UST-LUGA,BRAHMAPUTRA,SSS,SUB TO READINESS
13-08-2026,PARADIP PORT,Waiting & Expected,,MV. MAGIC ARIEL,,229.00/7.50,PIG IRON,Dry/General Bulk,66000 MT,66000,LOADING,09/1124 HRS,18-08-2026,22-08-2026,SINGAPORE,OMPL,J M BAXIMSPL,SUB TO READINESS
13-08-2026,PARADIP PORT,Waiting & Expected,,MV. DELAVITA,,229.00/7.50,PIG IRON,Dry/General Bulk,60500 MT,60500,LOADING,10/0130 HRS,19-08-2026,23-08-2026,SINGAPORE,RAMSARUP,GAC,SUB TO READINESS
13-08-2026,PARADIP PORT,Waiting & Expected,,MV. DP WORLD THAMIRABARANI,,142.70/6.90,CONTAINER,Container,10324 MT,10324,LOADING,11/0818 HRS,16-08-2026,17-08-2026,HALDIA,SWS/JSL/SAL,UNIFEEDER,CONTAINER PRIORITY
13-08-2026,PARADIP PORT,Waiting & Expected,,MV. AM PROGRESS,,176.54/,STEEL SLAB,Dry/General Bulk,30000 MT,30000,LOADING,14/0600 HRS,22-08-2026,25-08-2026,NEWPORT,TATA,TMIL,SUB TO READINESS
13-08-2026,PARADIP PORT,Waiting & Expected,,MV. MSC MAKOTO II,,175.49/7.50,CONTAINER,Container,350 MT,350,LOADING,17/1800 HRS,17-08-2026,17-08-2026,COLOMBO,MSC AGENGY,MSC AGENGY,CONTAINER PRIORITY
13-08-2026,PARADIP PORT,Waiting & Expected,,MV. MARINE CRYSTAL,,249.88/15.15,HARD COKING COAL,Dry/General Bulk,111185 MT,111185,DISCHARGE,09/2000 HRS,13-08-2026,16-08-2026,ABBOT POINT,JSPL/JSOL,SWS,SUB TO READINESS
13-08-2026,PARADIP PORT,Waiting & Expected,,MV. OTHONOI,,229.00/14.45,COKING COAL,Dry/General Bulk,79100 MT,79100,DISCHARGE,09/2054HRS,16-08-2026,18-08-2026,ABBOT POINT,JSPL,JMS,SUB TO READINESS
13-08-2026,PARADIP PORT,Waiting & Expected,,MV. BASIC STAR,,189.98/10.20,C.COAL/PCI COAL,Dry/General Bulk,44000 MT,44000,DISCHARGE,12/1724 HRS,18-08-2026,19-08-2026,ABBOT POINT,TATA,TMIL,SUB TO READINESS
13-08-2026,PARADIP PORT,Waiting & Expected,,MV. GRACE LOUISE,,228.99/14.38,COKING COAL,Dry/General Bulk,42000 MT,42000,DISCHARGE,15/0600 HRS,19-08-2026,20-08-2026,NORFOLK,TATA,TMIL,SUB TO READINESS
13-08-2026,PARADIP PORT,Waiting & Expected,,MV. BRILLIANT ADVANCE,,228.99/14.53,COKING COAL,Dry/General Bulk,79300 MT,79300,DISCHARGE,15/0800 HRS,20-08-2026,22-08-2026,HAYPOINT,TATA,TMIL,SUB TO READINESS
13-08-2026,PARADIP PORT,Waiting & Expected,,MV. GLORY LOONG,,224.95/13.86,COKING COAL,Dry/General Bulk,72667 MT,72667,DISCHARGE,15/2100 HRS,22-08-2026,24-08-2026,UST-LUGA,JSW/JSW JFE,SSS,SUB TO READINESS
13-08-2026,PARADIP PORT,Waiting & Expected,,MV. BLUE SPIRIT,,228.96/14.00,IRON ORE PELLET,Dry/General Bulk,75000 MT,75000,LOADING,15/0600 HRS,,,HAJIRA,AMNSIL,SAMSARA,
13-08-2026,PARADIP PORT,Waiting & Expected,,MV. OCEAN WINNER,,225.00/14.35,IRON ORE FINES,Dry/General Bulk,73000 MT,73000,LOADING,05/2118 HRS,,,CHINA,OCL IRON,BOTHRA,
13-08-2026,PARADIP PORT,Waiting & Expected,,MV. YANGTZE DAWN,,189.99/,IRON ORE PELLET,Dry/General Bulk,55000 MT,55000,LOADING,14/1800 HRS,15-08-2026,16-08-2026,HIGH SEAS,RSPL,GAC,
13-08-2026,PARADIP PORT,Waiting & Expected,,MT. NV AQUAMARINE,,225.12/,BUTANE/PROPANE,Liquid/Chemical Bulk,24000 MT,24000,DISCHARGE,19/1912 HRS,,,HIGHSEAS,IOCL,ISIPL,
13-08-2026,PARADIP PORT,Waiting & Expected,,MT. SOPRANO SERENE,,179.88/11.80,HSD/M.SPIRIT,Liquid/Chemical Bulk,19500 MT,19500,DISCHARGE,01/1000 HRS,,,HALDIA,BPCL,AGS,
13-08-2026,PARADIP PORT,Waiting & Expected,,MT. NOVA BREEZE,,180.00/10.40,AMMONIA,Liquid/Chemical Bulk,25000 MT,25000,DISCHARGE,03/0812 HRS,,,HIGHSEAS,IFFCO/PPL,J M BAXIMSPL,
13-08-2026,PARADIP PORT,Waiting & Expected,,MT. FAIRWAY,,274.00/7.70,NAPTHA,Other,14000 MT,14000,LOADING,11/0742 HRS,,,HIGHSEAS,IOCL,AGS,
13-08-2026,PARADIP PORT,Waiting & Expected,,MT. SANMAR SHEHNAI,,182.50/7.70,NAPTHA,Other,14000 MT,14000,LOADING,12/2054 HRS,,,KANDLA,IOCL,J M BAXIMSPL,
13-08-2026,PARADIP PORT,Waiting & Expected,,MT. SWARNA PUSHP,,184.95/8.10,ATF,Liquid/Chemical Bulk,8972 MT,8972,LOADING,13/0036 HRS,,,HIGHSEAS,IOCL,AGS,
13-08-2026,PARADIP PORT,Waiting & Expected,,MV. YM DELIGHT,,228.99/9.88,HARD COKING COAL,Dry/General Bulk,32000 MT,32000,DISCHARGE,10/0248 HRS,,,SINGAPORE,JSW JFE,J M BAXIMSPL,
13-08-2026,PARADIP PORT,Waiting & Expected,,MT. MANASAROVAR,,226.00/11.60,BUTANE/PROPANE,Liquid/Chemical Bulk,22700 MT,22700,DISCHARGE,16/0600 HRS,,,HIGHSEAS,IOCL,ISIPL,
13-08-2026,PARADIP PORT,Waiting & Expected,,MV. OCEAN WINNER,,225.00/14.35,IRON ORE FINES,Dry/General Bulk,73000 MT,73000,LOADING,05/2118 HRS,13-08-2026,16-08-2026,CHINA,OCL IRON,BOTHRA,CQ-1
13-08-2026,PARADIP PORT,Waiting & Expected,,MV. ERACLEA,,189.98/10.20,HARD COKING COAL,Dry/General Bulk,37155 MT,37155,DISCHARGE,12/1630 HRS,14-08-2026,16-08-2026,BEIRA,JSPL,SSS,CQ-2
13-08-2026,PARADIP PORT,Waiting & Expected,,MV. EVER SUPERIOR,,116.99/7.90,FERRO CHROM,Dry/General Bulk,8900 MT,8900,LOADING,12/2230 HRS,15-08-2026,16-08-2026,POHANG,IMFA,CHOWGULE,SQ
13-08-2026,PARADIP PORT,Waiting & Expected,,MV. SERENITY,,186.40/,MET COKE,Dry/General Bulk,17720 MT,17720,DISCHARGE,14/0600 HRS,15-08-2026,16-08-2026,BARRANQUILLA,IMFA,OSL,MPB
13-08-2026,PARADIP PORT,Waiting & Expected,,MV. GREEK SEAS,,229.00/,LIME STONE,Other,40000 MT,40000,DISCHARGE,14/1400 HRS,16-08-2026,18-08-2026,FANGCHEN,TATA,TMIL,CQ-1
13-08-2026,PARADIP PORT,Waiting & Expected,,MV. YM MASCOT,,228.95/,HARD COAL,Dry/General Bulk,43945 MT,43945,DISCHARGE,14/2000 HRS,16-08-2026,18-08-2026,NEWPORT,SAIL,SSS,CQ-2
13-08-2026,PARADIP PORT,Waiting & Expected,,MV. DDS MARINA,,126.80/9.10,AMMONIUM NITRATE,Other,11327 MT,11327,DISCHARGE,16/0600 HRS,16-08-2026,19-08-2026,NAKHODA,SPECIAL,SRAVAN,SQ
13-08-2026,PARADIP PORT,Waiting & Expected,,MV. PHC SURYA,,118.00/,GYPSUM,Dry/General Bulk,10000 MT,10000,LOADING,17/0600 HRS,17-08-2026,18-08-2026,NAKHODA,SMPL,OSL,MPB
13-08-2026,PARADIP PORT,Waiting & Expected,,"PRIORITY BERTHING ALLOWED FOR ALL IMPORT/EXPORT DRY BULK CARGO TO M/S. JSPL, TATA, JSW SAMBALPUR AT GCB.",,,,Other,,,,,,,,,,
13-08-2026,PARADIP PORT,Waiting & Expected,,"VESSEL WHICH CAN NOT PERFORM AS THE REQUIRED PORT NORMS, SHE WILL BE SHIFTED TO ROADS AND HER BERTHING WILL BE DECIDED AS THE LAST VESSEL ON SERIAL.",,,,Other,,,,,,,,,,
13-08-2026,PARADIP PORT,Waiting & Expected,,"MAXIMUM OF TWO COASTAL VESSELS WILL BE TAKEN AT A TIME IN THE CONVENTIONAL BERTH W.E.F 07-OCT-2018,TILL FURTHER ORDER",,,,Other,,,,,,,,,,
13-08-2026,KAKINADA,Waiting,,M.V.VIVA ECLIPSE,,,DAP,Other,49500,49500,,11-08-2026,,,,KRIBHCO,ANLINE,
13-08-2026,KAKINADA,Waiting,,SAILED VESSELS::,,,,Other,,,,,,,,,,
13-08-2026,KAKINADA,Waiting,,M.T. DIWAKAR,,,,Other,,,,11-08-2026,,,,,,
13-08-2026,KAKINADA,Waiting,,M.V. GREEN GENIE,,,,Other,,,,09-08-2026,,,,,,
13-08-2026,KAKINADA,Expected,,M.V.ESPERITA,,,RICE,Dry/General Bulk,50000,50000,,14-08-2026,,,,,IMPERIAL,
13-08-2026,KAKINADA,Expected,,M.V.LIBRA,,,RICE,Dry/General Bulk,50000,50000,,15-08-2026,,,,,LOTUS,
13-08-2026,KAKINADA,Expected,,M.V.ALEXANDROS III,,,RICE,Dry/General Bulk,7500,7500,,15-08-2026,,,,,LOTUS,
13-08-2026,KAKINADA,Expected,,M.V. BOSHI 78,,,ALUMINA,Dry/General Bulk,30653,30653,,13-08-2026,,,,BALCO,ESDI MARITIME,
13-08-2026,KAKINADA,Expected,,M.T. ORCHID SYLT,,,SULPHURIC ACID,Liquid/Chemical Bulk,20500,20500,,14-08-2026,,,,CIL,SEAPHOENIX,
13-08-2026,KAKINADA,Expected,,M.V. ROYAL FALCON,,,ALUMINA,Dry/General Bulk,31499,31499,,16-08-2026,,,,BALCO,JYOTHI MARINE,
13-08-2026,KAKINADA,Expected,,M.V. MAGPIE SW,,,ALUMINA,Dry/General Bulk,31500,31500,,17-08-2026,,,,VEDANTA & BALCO,CHOWGULE,
13-08-2026,KAKINADA,Expected,,M.V. CHOLA ETERNITY,,,COAL,Dry/General Bulk,49535,49535,,17-08-2026,,,,INDIA COKE AND POWER,GLORY FAITH,
13-08-2026,KAKINADA,Expected,,M.T. DX PIONEER,,,EDIBLE OIL,Other,13000,13000,,18-08-2026,,,,"GEMINI , NAVABHARAT PATANJALI SANTHOSHIMATHAA",SEAPORT SERVICES,
13-08-2026,KAKINADA,Expected,,M.V.DEBBIE,,,DRILLING EQUIPEMENT,Other,133,133,,19-08-2026,,,,"SCHLUMBERGER, SUBENO INDIA",PAREKH,
13-08-2026,KAKINADA,Expected,,M.V. SEA LYRA,,,MOP,Other,28000,28000,,19-08-2026,,,,CHAMBAL,BOTHRA,
13-08-2026,KAKINADA,Expected,,M.V. MILAS,,,ROCK PHOSPHATE,Dry/General Bulk,47900,47900,,20-08-2026,,,,CIL,RDS OIL & GAS,
13-08-2026,KAKINADA,Expected,,M.T. AZALEA,,,METHANOL,Other,4500,4500,,22-08-2026,,,,KLJ RESOURCES,GAC,
13-08-2026,KAKINADA,Expected,,M.V.RISHABH,,,,Other,,,,05-02-2026,,,,,,
13-08-2026,GANGAVARAM,Working,B1,MV KOBE HARMONY,,,CP COKE,Dry/General Bulk,26250,26250,,31-07-2026,B1,14-08-2026,SHIFTED FROM B7 TO B1 ON 12.08.2026,VEDANTA/BALCO,SPARTANS,MANUAL BERTH / SHIP CRANES
13-08-2026,GANGAVARAM,Working,B3,MV AQUAPRIMA,,,LIMESTONE,Dry/General Bulk,78710,78710,,12-08-2026,B3,16-08-2026,,JSW,ATLANTIC,HMC BERTH
13-08-2026,GANGAVARAM,Working,B4,MV VISHVA VIKAS,,,IRON ORE FINES,Dry/General Bulk,54850,54850,,11-08-2026,B4,15-08-2026,,KIOCL,SEAWAYS,MECHNICAL CONCEYOR LOADING BERTH
13-08-2026,GANGAVARAM,Working,B5,MV VISHVA CHETNA,,,COKING COAL,Dry/General Bulk,47200,47200,,12-08-2026,B5,14-08-2026,,SAIL,SEAWAYS,MECHNICAL CONCEYOR DISCH BERTH
13-08-2026,GANGAVARAM,Working,B8,MV RIPLEY PROSPERITY,,,THERMAL COAL,Dry/General Bulk,67000,67000,,11-08-2026,B8,13-08-2026,COASTAL,ADANI,JYOTHI,HMC BERTH
13-08-2026,GANGAVARAM,Working,B9,MV LIA,,,STEEL BILLETS,Dry/General Bulk,39720.74,39720.74,,12-08-2026,B9,25-08-2026,,RINL,SPARTANS,CONTAINER BERTH
13-08-2026,GANGAVARAM,Waiting,B6,MV FIRST HUNTER,,,COKING COAL,Dry/General Bulk,46800,46800,,12-08-2026,B6,15-08-2026,,SAIL,GAC,
13-08-2026,GANGAVARAM,Expected,B5,MV SERENDIPITY,,,COKING COAL,Dry/General Bulk,46500,46500,,14-08-2026,B5,15-08-2026,,SAIL,GAC,
13-08-2026,GANGAVARAM,Expected,B4,MV ZAHAB JAHAN,,,IRON ORE FINES,Dry/General Bulk,55000,55000,,15-08-2026,B4,17-08-2026,,KIOCL,,
13-08-2026,GANGAVARAM,Expected,,MV AP PETKA,,,SODA ASH,Dry/General Bulk,25052,25052,,18-08-2026,,,,,SAMUDRA,
13-08-2026,VISAKHAPATNAM,Working,OB-1,MV SANTA ANGELINA,,,IRON ORE FINES,Dry/General Bulk,56760,56760,L,11-08-2026,OB-1,14-08-2026,,,JYOTHI,
13-08-2026,VISAKHAPATNAM,Working,VGCB,MV ALPHA TROPHY,,,BAUXITE IN BULK,Dry/General Bulk,198041,198041,D,06-08-2026,VGCB,17-08-2026,,,IMPERIAL,
13-08-2026,VISAKHAPATNAM,Working,LPG,LPG/C. GAS PRIME,,,LPG,Other,23900,23900,D,08-08-2026,LPG,14-08-2026,,,INTEROCEAN,
13-08-2026,VISAKHAPATNAM,Working,AVCTPL[EQ-1A],MV KONA EXPLORER,,,LIMESTONE,Dry/General Bulk,78846,78846,D,10-08-2026,AVCTPL[EQ-1A],13-08-2026,,,WALTER CUMIN,
13-08-2026,VISAKHAPATNAM,Working,EQ-3,MV ALEXANDROS III,,,RICE IN BAGS,Dry/General Bulk,22830,22830,L,04-08-2026,EQ-3,15-08-2026,,,DHANISHTA,
13-08-2026,VISAKHAPATNAM,Working,EQ-4,MV NESTORS,,,UREA,Other,55000,55000,D,11-08-2026,EQ-4,20-08-2026,,,INTEROCEAN,
13-08-2026,VISAKHAPATNAM,Working,EQ-8 (VSPL),MV YASA RUBY,,,COKING COAL,Dry/General Bulk,79841,79841,D,10-08-2026,EQ-8 (VSPL),14-08-2026,,,IMPERIAL,
13-08-2026,VISAKHAPATNAM,Working,WQ-1,MV ONE AND ONLY,,,FERRO MANGANESE IN BULK & BAGS & STEEL CARGO.,Dry/General Bulk,29829,29829,L,23-07-2026,WQ-1,13-08-2026,,,SAIANS,SHIFTS TO WQ-1 ON 07.08.2026
13-08-2026,VISAKHAPATNAM,Working,WQ-2,MV ACHILLEAS S,,,MANGANESE ORE,Dry/General Bulk,38831,38831,D,11-08-2026,WQ-2,16-08-2026,,,GAC,
13-08-2026,VISAKHAPATNAM,Working,WQ-3,MV TATEV,,,ALUMINA IN BAGS,Dry/General Bulk,27600,27600,L,07-08-2026,WQ-3,19-08-2026,,,INTEROCEAN,
13-08-2026,VISAKHAPATNAM,Working,WQ-4,MV PAULA TRADER,,,FERRO MANGANESE & STEEL CARGO,Dry/General Bulk,23750,23750,L,12-08-2026,WQ-4,20-08-2026,,,SAIANS,
13-08-2026,VISAKHAPATNAM,Working,WQ-5,MV DONG FANG WEI YE,,,ALUMINA IN BAGS,Dry/General Bulk,31500,31500,L,12-08-2026,WQ-5,20-08-2026,,,ESHWAR,
13-08-2026,VISAKHAPATNAM,Working,WQ-6,MV SEA FALCON,,,MANGANESE ORE,Dry/General Bulk,16821,16821,D,11-08-2026,WQ-6,13-08-2026,,,NAVSHIP,
13-08-2026,VISAKHAPATNAM,Working,WQ-7,Handed over to m/s VMBCTPL for projecdt development,,,,Other,,,,,WQ-7,,,,,
13-08-2026,VISAKHAPATNAM,Working,OR-1,OR -1 Berth spared for Revamping by CE department,,,,Other,,,,,OR-1,,,,,
13-08-2026,VISAKHAPATNAM,Working,OR-3,MT SHAN CHI,,,FURNACE OIL,Liquid/Chemical Bulk,35502,35502,L,11-08-2026,OR-3,15-08-2026,,,INTEROCEAN,
13-08-2026,VISAKHAPATNAM,Waiting,1,LPG/C. SEARMBLER,,,ANDHROUS AMMONIA,Liquid/Chemical Bulk,10000,10000,D,17-07-2026,1,,,,GAC,RE-ANCH
13-08-2026,VISAKHAPATNAM,Waiting,2,MV XIN HAI TONG 807,,,STEAM COAL,Dry/General Bulk,78260,78260,D,11-08-2026,2,,,,SEATRANS,
13-08-2026,VISAKHAPATNAM,Waiting,3,MV CHENNAI VALARCHI,,,THERMAL COAL,Dry/General Bulk,77000,77000,L,12-08-2026,3,,,,SEAPORT,
13-08-2026,VISAKHAPATNAM,Waiting,4,MV INFINITY,,,ALUMINA POWDER IN BULK,Dry/General Bulk,30600,30600,L,12-08-2026,4,,,,RVSS,
13-08-2026,VISAKHAPATNAM,Waiting,5,LPG/C ETERNAL GLORY,,,LPG,Other,23000,23000,D,12-08-2026,5,,,,BOTHRA,
13-08-2026,VISAKHAPATNAM,Waiting,6,MV PANDA,,,ALUMINA IN BAGS,Dry/General Bulk,33000,33000,L,13-08-2026,6,,,,INTEROCEAN,
13-08-2026,VISAKHAPATNAM,Waiting,7,MV KATERINA III,,,M.COKE & NUT COKE,Dry/General Bulk,30010,30010,D,13-08-2026,7,,,,GAC,
13-08-2026,VISAKHAPATNAM,Waiting,8,MV HAI DUONG 68,,,STEEL CARGO,Dry/General Bulk,5000,5000,L,13-08-2026,8,,,,SPARTANS,
13-08-2026,VISAKHAPATNAM,Expected,,MV SSI IRRSISTIBLE,,,AMMONIUM SULPHTE IN BULK,Other,40500,40500,D,14-08-2026,,,,,SEATRANS,
13-08-2026,VISAKHAPATNAM,Expected,,MV BAO CHANG,,,ROCK PHOSPHATE,Dry/General Bulk,45000,45000,D,14-08-2026,,,,,RDS OIL,
13-08-2026,VISAKHAPATNAM,Expected,,MV THEOSKEPASTI,,,STEAM COAL,Dry/General Bulk,71670,71670,D,14-08-2026,14-08-2026,,,,SEATRANS,
13-08-2026,VISAKHAPATNAM,Expected,,MV OAK ANTON,,,NUT COKE IN BULK,Dry/General Bulk,17700,17700,D,14-08-2026,14-08-2026,,,,NAVSHIP,
13-08-2026,VISAKHAPATNAM,Expected,,MV SITC PORTKLANG,,,CONTAINERS,Container,10200,10200,D/L,14-08-2026,14-08-2026,,,,ELS,
13-08-2026,VISAKHAPATNAM,Expected,,MT HARI PRIYA,,,HSD,Liquid/Chemical Bulk,18361,18361,D,14-08-2026,,,,,HARIKA,
13-08-2026,VISAKHAPATNAM,Expected,,MV CHOLA SERENITY,,,THERMAL COAL,Dry/General Bulk,77000,77000,L,15-08-2026,,,,,SEAPORT,
13-08-2026,VISAKHAPATNAM,Expected,,MV YU YAN,,,COKING COAL,Dry/General Bulk,46000,46000,D,15-08-2026,,,,,SAMSARA,
13-08-2026,VISAKHAPATNAM,Expected,,MV ZHONG GU XIONG AN,,,CONTAINERS,Container,25000,25000,D/L,15-08-2026,,,,,BTL,
13-08-2026,VISAKHAPATNAM,Expected,,MV GCL YAMUNA,,,IRON ORE PELLETS,Dry/General Bulk,105000,105000,L,16-08-2026,,,,,JYOTHI,
13-08-2026,VISAKHAPATNAM,Expected,,MV AFRICAN PEACOCK,,,C.P.COKE,Dry/General Bulk,16000,16000,L,16-08-2026,,,,,ESHWAR,
13-08-2026,VISAKHAPATNAM,Expected,,MV DARLEAKAY,,,MANGANESE ORE,Dry/General Bulk,25000,25000,D,16-08-2026,,,,,BOTHRA,
13-08-2026,VISAKHAPATNAM,Expected,,MT MARAN AJAX,,,CRUDE OIL,Liquid/Chemical Bulk,248000,248000,D,16-08-2026,,,,,ATLANTIC,
13-08-2026,VISAKHAPATNAM,Expected,,MV MINI ATLAS,,,MANGANESE ORE,Dry/General Bulk,4800,4800,L,17-08-2026,,,,,GAC,
13-08-2026,VISAKHAPATNAM,Expected,,MT HAFINA MYNA,,,FURNACE OIL,Liquid/Chemical Bulk,33000,33000,L,17-08-2026,,,,,INTEROCEAN,
13-08-2026,VISAKHAPATNAM,Expected,,MV SSI CONQUEST,,,TSP & DAP,Other,52700,52700,D,17-08-2026,,,,,BOTHRA,
13-08-2026,VISAKHAPATNAM,Expected,,MV ODELMAR,,,UREA,Other,10000,10000,D,17-08-2026,,,,,ALAP,
13-08-2026,VISAKHAPATNAM,Expected,,MV ATP FORTUNE,,,MANGANESE ORE,Dry/General Bulk,23500,23500,D,17-08-2026,,,,,K.R.SONS,
13-08-2026,VISAKHAPATNAM,Expected,,MV NAVIOS BAHAMAS,,,CONTAINERS,Container,20000,20000,D/L,17-08-2026,,,,,UNIFEEDEER,
13-08-2026,VISAKHAPATNAM,Expected,,MV MOGRAL,,,CONTAINERS,Container,40000,40000,D/L,17-08-2026,,,,,SIMA MARINE,
13-08-2026,VISAKHAPATNAM,Expected,,MV SEA TOPAZ,,,ALUMINA IN BULK,Dry/General Bulk,31500,31500,L,18-08-2026,,,,,INTEROCEAN,
13-08-2026,VISAKHAPATNAM,Expected,,MV SHIN SHUN,,,STEAM COAL,Dry/General Bulk,56836,56836,D,19-08-2026,,,,,SEATRANS,
13-08-2026,VISAKHAPATNAM,Expected,,MV AGRAFA,,,MANGANESE ORE,Dry/General Bulk,35596,35596,D,19-08-2026,,,,,BOTHRA,
13-08-2026,VISAKHAPATNAM,Expected,,MV STAR COPENHAGEN,,,UREA,Other,54266,54266,D,20-08-2026,,,,,CROSS TRADING,
13-08-2026,VISAKHAPATNAM,Expected,,MV GCL SABARMATI,,,IRON ORE PELLETS,Dry/General Bulk,105000,105000,L,21-08-2026,,,,,JYOTHI,
13-08-2026,VISAKHAPATNAM,Expected,,MV CRIMSON GLORY,,,MANGANESE ORE,Dry/General Bulk,30000,30000,D,21-08-2026,,,,,INTEGRAL,
13-08-2026,VISAKHAPATNAM,Expected,,MV SSL SABARIMALAI,,,CONTAINERS,Container,8500,8500,D/L,24-08-2026,,,,,UNIFEEDEER,
13-08-2026,VISAKHAPATNAM,Expected,,MV SM MANALI,,,CONTAINERS,Container,40000,40000,D/L,24-08-2026,,,,,SIMA MARINE,
13-08-2026,VISAKHAPATNAM,Expected,,MV NORSE MOBILE,,,FERRO MANGANESE & STEEL CARGO,Dry/General Bulk,29200,29200,L,25-08-2026,,,,,SAIANS,
13-08-2026,VISAKHAPATNAM,Expected,,MV JPS BARCELONA,,,DAP,Other,52552,52552,D,25-08-2026,,,,,ANLINE SHIPPING,
13-08-2026,VISAKHAPATNAM,Expected,,MV HALDI,,,"STONE AGGREGATE ,CEMENT & GENERAL CARGO",Dry/General Bulk,5000,5000,L,26-08-2026,,,,,FAIRMACS,
13-08-2026,VISAKHAPATNAM,Expected,,MV MOGRAL,,,CONTAINERS,Container,40000,40000,D/L,26-08-2026,,,,,SIMA MARINE,
13-08-2026,VISAKHAPATNAM,Expected,,MV MILAS,,,ROCK PHOSPHATE,Dry/General Bulk,47900,47900,D,21-08-2026,,,,,RDS OIL,
17-08-2026,KARAIKAL,Working,II,MV. SAKIZAAYA VICTORY,,,COAL,Dry/General Bulk,77000,77000,IMP,14-08-2026,15-08-2026,18-08-2026,,,,
17-08-2026,KARAIKAL,Working,III,MV. VSG PIONEER,,,COAL,Dry/General Bulk,75000,75000,IMP,14-08-2026,16-08-2026,18-08-2026,,,,
17-08-2026,KARAIKAL,Working,IV,MV. ND THELKIS,,,SLAG,Other,56570,56570,IMP,14-08-2026,14-08-2026,18-08-2026,,,,
17-08-2026,KARAIKAL,Expected,,MV. BAO RUN,,,UREA,Other,42000,42000,IMP,18-08-2026,18-08-2026,20-08-2026,,,,
17-08-2026,KARAIKAL,Expected,,MV. APJ SETHU,,,COAL,Dry/General Bulk,80147,80147,IMP,18-08-2026,18-08-2026,20-08-2026,,,,
17-08-2026,KARAIKAL,Expected,,MV. HAI DUONG 36,,,CALCITE,Other,10200,10200,IMP,20-08-2026,20-08-2026,22-08-2026,,,,
17-08-2026,GOPALPUR,Waiting,MPB-1,MV CHOLA DESTINY,,,GYPSUM,Dry/General Bulk,40000,40000,D,17-08-2026,17-08-2026,20-08-2026,,,SEATRANS,
17-08-2026,GOPALPUR,Expected,MPB-2,MV C FORCE,,,LIMESTONE,Dry/General Bulk,78419,78419,D,19-08-2026,19-08-2026,23-08-2026,,,SEATRANS,
17-08-2026,GOPALPUR,Expected,MPB-3,MV LH ANTHEA,,,LIMESTONE,Dry/General Bulk,74509,74509,D,19-08-2026,19-08-2026,23-08-2026,,,BENLINE,
17-08-2026,CHENNAI,Working,SQ1,STAR LYSEFJORD,,,PROJ,Other,110,110,L,17-08-2026,17-08-2026,18-08-2026,,,PEARL,
17-08-2026,CHENNAI,Working,JD,SJ LILY,,,S.COILS/ST.PLATES,Dry/General Bulk,8720,8720,D,16-08-2026,16-08-2026,17-08-2026,,,SAMSARA,
17-08-2026,CHENNAI,Working,JD1,SEA STELLAR,,,PROJ/STEEL,Dry/General Bulk,795-7843,,D/D,15-08-2026,15-08-2026,17-08-2026,,,UNITRANS,
17-08-2026,CHENNAI,Expected,WQ1/2/BD2,FORTUNE GLORY,,,CSFO,Other,8000,8000,D,18-08-2026,18-08-2026,20-08-2026,,,GAC,
17-08-2026,CHENNAI,Expected,,BRIGHT STAR,,,ST.COILS/HR.COILS/ST.BAR/ST.PLATES,Dry/General Bulk,7702/5498/696/306,,D,20-08-2026,20-08-2026,22-08-2026,,,SAMSARA,
17-08-2026,CHENNAI,Expected,JD1/SQ1,HT LOTUS,,,FLOU,Other,10000,10000,D,23-08-2026,23-08-2026,28-08-2026,,,SEAGREEN,
17-08-2026,CHENNAI,Expected,JD1/3/5,CHARLIE,,,PROJ,Other,4,4,D,24-08-2026,24-08-2026,26-08-2026,,,PAREKH,
17-08-2026,ENNORE,Working,CB1,CHOLA LEGACY,,,T COAL,Dry/General Bulk,76410,76410,D,13-08-2026,CB1,17-08-2026,,,SEAPORT,COASTAL
17-08-2026,ENNORE,Working,CB2,Chola Melody,,,T COAL,Dry/General Bulk,74500,74500,D,15-08-2026,CB2,18-08-2026,,,JESPA,COASTAL
17-08-2026,ENNORE,Working,GCB2,OCEAN VOYAGER,,,CATERPILLAR,Other,10,10,L,16-08-2026,GCB2,18-08-2026,,,XLLENT,
17-08-2026,ENNORE,Working,ECTPL,TIDE JUPITER,,,S COAL,Dry/General Bulk,75702,75702,D,14-08-2026,ECTPL,17-08-2026,,,PEARL,
17-08-2026,ENNORE,Waiting,EBTPL,SHENLI,,,BARYTES,Other,54000,54000,L,15-08-2026,17-08-2026,20-08-2026,,,EVERWIN,
17-08-2026,ENNORE,Waiting,ECTPL,Vishva Jyoti,,,T.COAL,Dry/General Bulk,68500,68500,D,15-08-2026,21-08-2026,23-08-2026,,,SEAGREEN,COASTAL
17-08-2026,ENNORE,Waiting,ECTPL,STAR EVA,,,S COAL,Dry/General Bulk,103901,103901,D,15-08-2026,18-08-2026,21-08-2026,,,MERCHANT,
17-08-2026,ENNORE,Waiting,ECTPL,SUNRISE I,,,S COAL,Dry/General Bulk,40952,40952,D,15-08-2026,20-08-2026,23-08-2026,,,PEARL,
17-08-2026,ENNORE,Waiting,ECTPL,Venus Star,,,S COAL,Dry/General Bulk,78547,78547,D,16-08-2026,23-08-2026,25-08-2026,,,GAC,
17-08-2026,ENNORE,Expected,EBTPL,Fortune Sunshine,,,L.STONE,Other,71037,71037,D,18-08-2026,20-08-2026,23-08-2026,,,PEARL,
17-08-2026,ENNORE,Expected,MLT,LPG/C BW POLARIS,,,PROPANE/BUTANE,Liquid/Chemical Bulk,23000,23000,D,18-08-2026,18-08-2026,20-08-2026,,,WILHELMSEN,
17-08-2026,ENNORE,Expected,LNGT,LNG/C CELSIUS GEORGETOWN,,,LNG,Other,55000,55000,D,19-08-2026,19-08-2026,20-08-2026,,,SAMSARA,
17-08-2026,ENNORE,Expected,GCB,PRIMROSE ACE,,,AUTOMOBILE,Other,2100,2100,L,20-08-2026,20-08-2026,21-08-2026,,,MOL,
17-08-2026,ENNORE,Expected,GCB,Jasper Arrow,,,AUTOMOBILE,Other,900,900,L,24-08-2026,24-08-2026,25-08-2026,,,K STEAM,
17-08-2026,ENNORE,Expected,GCB,EUPHRATE HIGHWAY,,,AUTOMOBILE,Other,600,600,L,28-08-2026,28-08-2026,29-08-2026,,,JM BAXI,
17-08-2026,ENNORE,Expected,GCB,HOEGH TROOPER,,,AUTOMOBILE,Other,800,800,L,31-08-2026,31-08-2026,01-09-2026,,,SAMSARA,
17-08-2026,KRISHNAPATNAM,Working,WB-3,MT DALMACIJA,,,CDSBO,Other,8280.25,8280.25,D,16-08-2026,16-08-2026,18-08-2026,"SANLORENZO, ARGENTINA",,INTEROCEAN SHIPPING(INDIA)PVT LTD,
17-08-2026,KRISHNAPATNAM,Working,WB-2,MV CAPT EUGENE,,,TSP FERTILIZER,Dry/General Bulk,34262,34262,D,16-08-2026,16-08-2026,19-08-2026,MOROCCO,,ATLANTIC GLOBAL SHIPPING PVT LTD,
17-08-2026,KRISHNAPATNAM,Working,WB-1,MV PENNA SURAKSHA,,,CEMENT,Dry/General Bulk,25000,25000,L,14-08-2026,14-08-2026,17-08-2026,COCHIN,,MBK LOGISTIX PVT LTD,
17-08-2026,KRISHNAPATNAM,Working,S4,MV DOUKATO,,,THERMAL COAL,Dry/General Bulk,83680,83680,D,14-08-2026,15-08-2026,19-08-2026,"NACALA PORT, MOZAMBIQUE",,SPARTANS MARINE SERVICES PRIVATE LIMITED,
17-08-2026,KRISHNAPATNAM,Working,8,M.V GIORGAKIS,,,COAL,Dry/General Bulk,79000,79000,D,14-08-2026,15-08-2026,17-08-2026,PARADIP,,M/S.SARAT CHATTERJEE & CO,
17-08-2026,KRISHNAPATNAM,Working,7,MV AQUASTAR,,,COAL,Dry/General Bulk,59611,59611,D,15-08-2026,15-08-2026,17-08-2026,PARADIP,,SARAT CHATTERJEE & CO (VSP) PVT LTD,
17-08-2026,KRISHNAPATNAM,Working,6,MV CAPE TAIZHOU,,,IRON ORE FINES,Dry/General Bulk,156326,156326,D,15-08-2026,15-08-2026,19-08-2026,RUSSIA,,MERCHANT SHIPPING SERVICES PVT. LTD.,
17-08-2026,KRISHNAPATNAM,Working,5,MV MINERAL FAITH,,,IRON ORE FINES,Dry/General Bulk,170000,170000,D,16-08-2026,16-08-2026,20-08-2026,"WESTERN AUSTRALIA, PORT HEDLAND",,GPR MARITIME AGENCIES,
17-08-2026,KRISHNAPATNAM,Working,4,MV LV DAISY,,,DAP,Other,31400,31400,D,17-08-2026,17-08-2026,21-08-2026,AQABA SEAPORT OF JORDAN,,SPARTANS MARINE SERVICES PRIVATE LIMITED,
17-08-2026,KRISHNAPATNAM,Working,3,MV CHOLA PROSPERITY,,,COAL,Dry/General Bulk,74960,74960,D,16-08-2026,16-08-2026,19-08-2026,PARADIP,,ATLANTIC GLOBAL SHIPPING PVT LTD,
17-08-2026,KRISHNAPATNAM,Working,2,MV VIOLETTA K,,,COAL,Dry/General Bulk,75000,75000,D,15-08-2026,15-08-2026,20-08-2026,PARADIP,,GAC SHIPPING PVT LTD.,
17-08-2026,KRISHNAPATNAM,Waiting,7,MV PACIFIC STAR,,,COAL,Dry/General Bulk,75000,75000,D,16-08-2026,17-08-2026,19-08-2026,PARADIP,,SARAT CHATTERJEE & CO (VSP) PVT LTD,
17-08-2026,KRISHNAPATNAM,Waiting,3,MV W HUANG PU,,,ROCK PHOSPHATE,Dry/General Bulk,13500,13500,D,17-08-2026,19-08-2026,21-08-2026,ABU GHOSOUN,,ALAP CARRIERS,
17-08-2026,KRISHNAPATNAM,Expected,1,MV ANDROS SPIRIT,,,COAL,Dry/General Bulk,30000,30000,D,17-08-2026,18-08-2026,21-08-2026,"RICHARDS BAY, SOUTH AFRICA",,JYOTHI MARINE SERVICES PVT LTD- OPA GAC SHIPPING,
17-08-2026,KRISHNAPATNAM,Expected,8,MV W-SAPPHIRE,,,COAL,Dry/General Bulk,79053,79053,D,18-08-2026,19-08-2026,21-08-2026,PARADIP,,GAC SHIPPING PVT LTD.,
17-08-2026,KRISHNAPATNAM,Expected,S4A,MV YUN SHENG,,,GYPSUM,Dry/General Bulk,44900,44900,D,18-08-2026,19-08-2026,23-08-2026,,,SEATRANS MARINE PVT LTD.,
17-08-2026,KRISHNAPATNAM,Expected,6,MV DIAMOND TRADER,,,COAL,Dry/General Bulk,46700,46700,D,18-08-2026,19-08-2026,21-08-2026,INDONESIA,,GAC SHIPPING-OPA/ JYOTHI MARINE SERVICES PVT LTD-CA,
17-08-2026,KRISHNAPATNAM,Expected,3,MV WESER POINT,,,LIMESTONE,Dry/General Bulk,76200,76200,D,18-08-2026,19-08-2026,25-08-2026,CHINA,,MERCHANT SHIPPING SERVICES PVT. LTD.,
17-08-2026,KRISHNAPATNAM,Expected,2,MV PAMPERO,,,COAL,Dry/General Bulk,40432,40432,D,18-08-2026,20-08-2026,22-08-2026,"MOBILE,USA",,SEATRANS MARINE PVT LTD.,
17-08-2026,KRISHNAPATNAM,Expected,WB-3,MT SH GLORY,,,CDSBO,Other,11000,11000,D,19-08-2026,19-08-2026,21-08-2026,CHINA,,ATLANTIC GLOBAL SHIPPING PVT LTD,
17-08-2026,KRISHNAPATNAM,Expected,WB-1,MV. DARYA SHAAN,,,CEMENT,Dry/General Bulk,21000,21000,L,19-08-2026,19-08-2026,21-08-2026,,,MBK LOGISTICS,
17-08-2026,KRISHNAPATNAM,Expected,S4,MV POLYDEFKIS,,,METCOKE,Dry/General Bulk,51408,51408,D,19-08-2026,19-08-2026,22-08-2026,INDONESIA,,WALTERR CUMINNS SHIPPING SERVICES VRC-SLR METALIKS LTD,
17-08-2026,KRISHNAPATNAM,Expected,1,MV XIN CHEN HAI YANG,,,SHIP UNLOADERS,Other,4098.8469999999998,4098.847,D,19-08-2026,21-08-2026,28-08-2026,CHINA,,SAMSARA SHIPPING PVT LTD,
17-08-2026,KRISHNAPATNAM,Expected,2,MV. SUN ISLAND,,,COAL,Dry/General Bulk,38230,38230,D,20-08-2026,22-08-2026,25-08-2026,"HAYPOINT, AUSTRALIA",,ASSOCIATED SHIPPING SERVICES,
17-08-2026,KRISHNAPATNAM,Expected,6,MV WEI HE,,,LIMESTONE,Dry/General Bulk,77000,77000,D,20-08-2026,21-08-2026,24-08-2026,CHINA,,MERCHANT SHIPPING SERVICES PVT. LTD.,
17-08-2026,KRISHNAPATNAM,Expected,S4,MV CL DEMOCRACY,,,COAL,Dry/General Bulk,38498.97,38498.97,D,21-08-2026,22-08-2026,24-08-2026,***,,PAREKH MARINE,
17-08-2026,KRISHNAPATNAM,Expected,5,MV GREAT TRIUMPH,,,LIMESTONE,Dry/General Bulk,75024,75024,D,23-08-2026,23-08-2026,26-08-2026,CHINA,,MERCHANT SHIPPING SERVICES PVT. LTD.,
17-08-2026,KRISHNAPATNAM,Expected,1,MV VITA MELODY,,,COAL,Dry/General Bulk,48871,48871,D,28-05-2026,28-05-2026,31-05-2026,INDONESIA,,JYOTHI MARINE,
17-08-2026,KATTUPALLI,Expected,CB3,CL LINDY,,,DOLOMITE,Dry/General Bulk,60500,60500,D,17-08-2026,17-08-2026,22-08-2026,,,PEARL/SEAGREEN,
17-08-2026,KATTUPALLI,Expected,CB3,SCORPIO HONOUR,,,GYPSUM,Dry/General Bulk,56000,56000,D,22-08-2026,22-08-2026,26-08-2026,,,MINSOTRANS,
17-08-2026,SANDHEADS,Working,,PELOPIDAS,,G'LESS,REVERT,Other,,,,NOT READY,090600,REVERT,,,N/A,
17-08-2026,SANDHEADS,Working,,THERE ARE 4 VIRTUAL ANCHORAGE POINTS AT SAGAR AND 4 VESSELS CAN WORK SIMULTANEOUSLY SUB PORT CONSIDERATION,,,,Other,,,,,,,,,,
17-08-2026,SANDHEADS,Working,,"VESSEL'S BERTHING MOVEMENT DEPENDS ON ALL FAVORABLE CONDITIONS SUCH AS CGO DOCS READINESS, VSL'S SENIORITY,",,,,Other,,,,,,,,,,
17-08-2026,SANDHEADS,Working,,"WEATHER CONDITIONS, CONGESTION & BERTH AVAILABILITY",,,,Other,,,,,,,,,,
17-08-2026,SANDHEADS,Working,,Port Working Hours: 24 x 7 basis,,,,Other,,,,,,,,,,
17-08-2026,SANDHEADS,Working,,COASTAL VESSELS HAVE OUSTING PRIORITY,,,,Other,,,,,,,,,,
17-08-2026,SAGAR,Waiting,,MV. WELL DREAM,,GEARED,LIMESTONE,Dry/General Bulk,,,,20-08-2026,21-08-2026,23-08-2026,,,GAC SHIPPING,
17-08-2026,HALDIA,Working,4B,MV. METTLE STARE-I,,GEARLESS,COKING COAL,Dry/General Bulk,32000,32000,DISCH,22-10-2025,23-10-2025,24-10-2025,,TATA STEEL,TMILL,
17-08-2026,HALDIA,Working,10,MV. EAST WIND 1,,GEARED,YELLOW PEAS,Other,20000,20000,DISCH,28-07-2026,07-08-2026,20-08-2026,,VARIOUS,SEAVISION,
17-08-2026,HALDIA,Working,13,MV. HT PIONEER,,GEARED,STEEL ROUNDS,Dry/General Bulk,10730,10730,LOAD,11-08-2026,14-08-2026,20-08-2026,,JINDAL STEEL,SEATRANS,
17-08-2026,HALDIA,Working,1,MV. BASIC FORTUNE,,GEARLESS,LIMESTONE,Dry/General Bulk,30000,30000,DISCH,14-08-2026,15-08-2026,18-08-2026,,TATA STEEL,TMILL,
17-08-2026,HALDIA,Working,14,MV. SEA FALCON,,GEARED,MANGANESE ORE,Dry/General Bulk,28000,28000,DISCH,14-08-2026,17-08-2026,20-08-2026,,VARIOUS,BOTHRA,
17-08-2026,HALDIA,Working,9,MV.FIRST HUNTER,,GEARLESS,COKING COAL,Dry/General Bulk,33000,33000,DISCH,17-08-2026,17-08-2026,19-08-2026,,SAIL,GAC SHIPPING,
17-08-2026,HALDIA,Waiting,"2,8,",MV. VISHVA CHETNA,,GEARLESS,COKING COAL,Dry/General Bulk,33000,33000,DISCH,16-08-2026,19-08-2026,21-08-2026,,SAIL,THE SHIPPING,DECLEAR FOR MHC BERTH
17-08-2026,HALDIA,Waiting,1,MV. AMNSI MAXIMUS,,GEARLESS,PYROXENITE,Other,34200,34200,DISCH,15-08-2026,18-08-2026,20-08-2026,,TATA STEEL,SAMSARA,DECLEAR FOR TMILL BERTH
17-08-2026,HALDIA,Expected,"2,8,9 & 13",MV TONG YING,,GEARLESS,MET COKE,Dry/General Bulk,32010,32010,DISCH,17-08-2026,18-08-2026,20-08-2026,,ORISSA/RASHMI,EVEREADY,BAHUDOPI
17-08-2026,HALDIA,Expected,13,M.V. GOLDEN ARSENAL,,GEARED,ROCK PHOSPHATE,Dry/General Bulk,18600,18600,DISCH,17-08-2026,25-08-2026,27-08-2026,,"INDORAMA INDIA , JAY SHREE TEA & TEESTA AGRO INDUSTRIES",ALAP,HAMRAWEIL
17-08-2026,HALDIA,Expected,"2,8,",M.V. SERENDIPITY,,GEARLESS,COKING COAL,Dry/General Bulk,33000,33000,DISCH,17-08-2026,20-08-2026,22-08-2026,,SAIL,GAC,GLADSTONE
17-08-2026,HALDIA,Expected,"2,8,9 & 13",M.V. NAN XIN 9,,GEARLESS,PCI COAL,Dry/General Bulk,26800,26800,DISCH,18-08-2026,20-08-2026,22-08-2026,,"CARBON RESOURCES , ESL STEEL LTD , NARSINGH ISPAT LTD",SEATRANS,UST LUGA
17-08-2026,HALDIA,Expected,"5,9",M.V. ASAHI BULKER,,GEARLESS,LENTILS,Other,16824,16824,DISCH,18-08-2026,21-08-2026,23-08-2026,,VARIOUS,GAC,AUSTRALIA
17-08-2026,HALDIA,Expected,4B,M.V.ODYSSEAS L,,GEARLESS,COKING COAL,Dry/General Bulk,34000,34000,DISCH,19-08-2026,21-08-2026,23-08-2026,,TSL,TMILL,LONGKOU
17-08-2026,HALDIA,Expected,"2,8,",M.V. YU YAN,,GEARLESS,COKING COAL,Dry/General Bulk,33000,33000,DISCH,19-08-2026,22-08-2026,24-08-2026,,SAIL,V OCEAN,NAKHODKA
17-08-2026,HALDIA,Expected,4B,M.V. BASIC STAR,,GEARLESS,COKING COAL,Dry/General Bulk,31906,31906,DISCH,20-08-2026,22-08-2026,24-08-2026,,TSL,TMILL,ABBOT POINT
17-08-2026,HALDIA,Expected,12,M.V. GREEK SEAS,,GEARLESS,LIMESTONE,Dry/General Bulk,34000,34000,DISCH,20-08-2026,20-08-2026,22-08-2026,,TSL,TMILL,FENGCHENG
17-08-2026,HALDIA,Expected,"2,8,9 & 13",M.V. KATERINA III,,GEARLESS,MET COKE,Dry/General Bulk,28648,28648,DISCH,20-08-2026,21-08-2026,23-08-2026,,SHYAM SEL AND POWER / SHYAM FERRO ALLOYS,SEATRANS,BAHUDOPI
17-08-2026,HALDIA,Expected,"2,8,9 & 13",M.V. CHOLA DESTINY,,GEARLESS,GYPSUM,Dry/General Bulk,34679,34679,DISCH,20-08-2026,21-08-2026,23-08-2026,,ACCESS DEVLOPER PVT LTD,ALAP,
17-08-2026,HALDIA,Expected,"2,8,",M.V. YM MASCOT,,GEARLESS,COKING COAL,Dry/General Bulk,33000,33000,DISCH,20-08-2026,25-08-2026,27-08-2026,,SAIL,GAC,USA
17-08-2026,HALDIA,Expected,"2,8,9 & 13",M.V. ACHILLEAS S,,GEARED,MANGANIES ORE,Other,17660,17660,DISCH,20-08-2026,25-08-2026,27-08-2026,,VARIOUS,GAC,SALDANHA BAY
17-08-2026,HALDIA,Expected,"2,8,9 & 13",M.V. WELL DREAM,,GEARED,LIMESTONE,Dry/General Bulk,4000/22639,,DISCH,20-08-2026,24-08-2026,26-05-2026,,SHYAM SEL AND POWER,GAC,DIBBA PORT
17-08-2026,HALDIA,Expected,"2,8,9 & 13",M.V. OAK ANTON,,GEARLESS,NUT COKE,Dry/General Bulk,34000,34000,DISCH,20-08-2026,24-08-2026,26-05-2026,,VARIOUS,SAKURA,BAHUDOPI
17-08-2026,HALDIA,Expected,12,M.V. SAKIZAYA XCEL,,GEARLESS,LIMESTONE,Dry/General Bulk,33000,33000,DISCH,23-08-2026,25-08-2026,27-08-2026,,TSL,KANOO SHIPPING,FENGCHENG
17-08-2026,HALDIA,Expected,"2,8,9 & 13",M.V. DARLEAKAY,,GEARLESS,MANGANIES ORE,Other,17970,17970,DISCH,23-08-2026,25-08-2026,27-08-2026,,VARIOUS,BEN LINE,LIBREVILLE
17-08-2026,HALDIA,Expected,4B,M.V. GRACE LOUISE,,GEARLESS,COKING COAL,Dry/General Bulk,35000,35000,DISCH,24-08-2026,27-08-2026,29-08-2026,,TSL,TMILL,USA
17-08-2026,HALDIA,Expected,"2,8,9 & 13",M.V. AGRAFA,,GEARED,MANGANIES ORE,Other,23000,23000,DISCH,24-08-2026,27-08-2026,29-08-2026,,VARIOUS,BEN LINE,LIBREVILLE
17-08-2026,DHAMRA,Working,B -3/17/350,MV MAHIC PERSEUS,PANAMAX,,THERMAL COAL,Dry/General Bulk,,,LOADING,10-08-2026,B -3/17/350,18-08-2026,,MOXIE POWER,GAC,
17-08-2026,DHAMRA,Working,B-3 A /14.5/350,MV OCEAN HOPE,HANDIMAX,,IRON ORE FINES,Dry/General Bulk,,,LOADING,11-08-2026,B-3 A /14.5/350,19-08-2026,,LAXMI EXPORTS,SPARTANS,
17-08-2026,DHAMRA,Working,B-3A S /13.5,MV MH ARPEGGIO,HANDIMAX,,IRON ORE PELLETS,Dry/General Bulk,,,LOADING,02-08-2026,B-3A S /13.5,18-08-2026,,RUNGTA SONS,GAC,
17-08-2026,DHAMRA,Working,B-4/17/300,MV PRINCESS JONNA,HANDIMAX,,HR COIL,Other,,,LOADING,10-08-2026,B-4/17/300,18-08-2026,,TATA,TMIL,
17-08-2026,DHAMRA,Working,B-5/17/300,MV GCL SABARMATI,CAPE,,LIMESTONE,Dry/General Bulk,,,DISCHARGE,09-08-2026,B-5/17/300,20-08-2026,,TATA,TMIL/SAMSARA,
17-08-2026,DHAMRA,Waiting,B-5,MV SAKIZAYA XCEL,PANAMAX,,LIMESTONE,Dry/General Bulk,45000 MT,45000,DISCHARGE,10-08-2026,20-08-2026,23-08-2026,,TATA,TMIL,
17-08-2026,DHAMRA,Waiting,B-3,MV ENGIADINA,HANDIMAX,,IRON ORE PELLETS,Dry/General Bulk,55000 MT,55000,LOADING,11-08-2026,18-08-2026,20-08-2026,,RUNGTA MINES,INFINITY,
17-08-2026,DHAMRA,Waiting,B-3,MV APJ KABIR ANAND,PANAMAX,,THERMAL COAL,Dry/General Bulk,75000 MT,75000,LOADING,13-08-2026,20-08-2026,22-08-2026,,TANGEDCO,JIGSAN,
17-08-2026,DHAMRA,Waiting,B-4,MV PORT NARA,HANDIMAX,,THERMAL COAL,Dry/General Bulk,32000 MT,32000,LOADING,13-08-2026,18-08-2026,21-08-2026,,ORISSA METALICES PVT LTD/SHYAM METALICS,ATLANTIC,
17-08-2026,DHAMRA,Waiting,B-3AS,MV APJ ANGAD 2,PANAMAX,,THERMAL COAL,Dry/General Bulk,75000 MT,75000,LOADING,14-08-2026,18-08-2026,22-08-2026,,TANGEDCO,SEAPORT,
17-08-2026,DHAMRA,Waiting,B-3AS,MV SHAHRIAR JAHAN,HANDIMAX,,SLAG,Other,46000 MT,46000,LOADING,14-08-2026,18-08-2026,22-08-2026,,TATA,EIPL,
17-08-2026,DHAMRA,Waiting,B-3AS,MV CELINA,PANAMAX,,IRON ORE FINES,Dry/General Bulk,64000 MT,64000,LOADING,16-08-2026,22-08-2026,26-08-2026,,STARLIGHT,INFINITY,
17-08-2026,DHAMRA,Waiting,B-2,MV ELONA,PANAMAX,,COKING COAL,Dry/General Bulk,45000 MT,45000,DISCHARGE,17-08-2026,17-08-2026,18-08-2026,,SAIL,SMPL/JM BOXI,
17-08-2026,DHAMRA,Expected,B-3,MV PORTLAND,HANDIMAX,,SLAG,Other,55000 MT,55000,LOADING,17-08-2026,22-08-2026,25-08-2026,,TATA,EIPL,
17-08-2026,DHAMRA,Expected,B-1,MV ODYSSEAS,PANAMAX,,COKING COAL,Dry/General Bulk,45000 MT,45000,DISCHARGE,17-08-2026,17-08-2026,18-08-2026,,TATA,TMIL,
17-08-2026,DHAMRA,Expected,B-4,MV SAFESEA SINDOOR,HANDIMAX,,COIL/SLAB,Dry/General Bulk,30000 MT,30000,LOADING,17-08-2026,21-08-2026,30-08-2026,,JINDAL STEEL LTD,JM BAXI,
17-08-2026,DHAMRA,Expected,B-2,MV EASTERN QUINCE,PANAMAX,,COKING COAL,Dry/General Bulk,78000 MT,78000,DISCHARGE,23-08-2026,23-08-2026,25-08-2026,,TATA,TMIL/BEN LINE,
17-08-2026,DHAMRA,Expected,B-1,MV ANDROS SPIRIT,PANAMAX,,COKING COAL,Dry/General Bulk,38000 MT,38000,DISCHARGE,23-08-2026,23-08-2026,24-08-2026,,ADANI ENTERPRISES LTD,JYOTHI/GPR,
17-08-2026,DHAMRA,Expected,B-1,MV SHIN SHUN,CAPE,,STEAM COAL,Dry/General Bulk,109000 MT,109000,DISCHARGE,23-08-2026,24-08-2026,28-08-2026,,RUNGTA MINES,GAC,
17-08-2026,DHAMRA,Expected,B-2,MV STELLA NAVIS,PANAMAX,,COKING COAL,Dry/General Bulk,45000 MT,45000,DISCHARGE,27-08-2026,25-08-2026,26-08-2026,,SHYAM METALIKS,GAC,
17-08-2026,DHAMRA,Expected,B-1,MV NEW EXPLORER,PANAMAX,,PCI COAL,Dry/General Bulk,76000 MT,76000,DISCHARGE,26-08-2026,26-08-2026,28-08-2026,,FEE GRADE,SMPL/INFINITY,
17-08-2026,PARADIP PORT,Waiting & Expected,,MV. ENDLESS HORIZON,,189.99/13.00,ROCK PHOSPHATE,Dry/General Bulk,56038 MT,56038,DISCHARGE,08/1624 HRS,,,HIGH SEAS,PPL,OSL,
17-08-2026,PARADIP PORT,Waiting & Expected,,MV. KANG SHUN,,189.90/12.42,ROCK PHOSPHATE,Dry/General Bulk,52500 MT,52500,DISCHARGE,15/1612 HRS,,,HIGH SEAS,PPL,OSL,
17-08-2026,PARADIP PORT,Waiting & Expected,,MT. SPARTAN,,274.00/,CRUDE OIL,Liquid/Chemical Bulk,125039 MT,125039,DISCHARGE,15/2042 HRS,,,HIGH SEAS,IOCL PLD,NAVSHIP,
17-08-2026,PARADIP PORT,Waiting & Expected,,MV. APJ INDRANI,,225.00/,THERMAL COAL,Dry/General Bulk,75000 MT,75000,LOADING,11/1454 HRS,18-08-2026,19-08-2026,HIGH SEAS,TNPGCL,SEAPORT,SUB TO READINESS
17-08-2026,PARADIP PORT,Waiting & Expected,,MV. APJ SHIRIN,,189.99/,THERMAL COAL,Dry/General Bulk,57000 MT,57000,LOADING,14/1800 HRS,18-08-2026,19-08-2026,KRISHNAPATNAM,APPDCL/SARAT,BOTHRA,SUB TO READINESS
17-08-2026,PARADIP PORT,Waiting & Expected,,MV. AFRICAN ISABELLE,,199.98/13.50,THERMAL COAL,Dry/General Bulk,60000 MT,60000,LOADING,17/1600 HRS,18-08-2026,19-08-2026,KAKINADA,APG/SC,SCC(VSP),SUB TO READINESS
17-08-2026,PARADIP PORT,Waiting & Expected,,MV. ANASTASIA K,,229.00/14.50,THERMAL COAL,Dry/General Bulk,75000 MT,75000,LOADING,17/1600 HRS,19-08-2026,20-08-2026,PAJARMASIN,NTPL A/C KCT,GAC,
17-08-2026,PARADIP PORT,Waiting & Expected,,MV. GREEN K MAX 2,,229.00/14.45,THERMAL COAL,Dry/General Bulk,65000 MT,65000,LOADING,18/0600 HRS,19-08-2026,20-08-2026,ENNORE,OPG,SEA SHIPS,SUB TO READINESS
17-08-2026,PARADIP PORT,Waiting & Expected,,MV TAN BINH 259,,175.53/9.50,STEEL COILS,Dry/General Bulk,25391 MT,25391,DISCHARGE,22/1625 HRS,20-08-2026,22-08-2026,BAHODOPI,JINDAL STAINLESS,SSS,SUB TO READINESS
17-08-2026,PARADIP PORT,Waiting & Expected,,MV. MAGIC ARIEL,,229.00/7.50,PIG IRON,Dry/General Bulk,66000 MT,66000,LOADING,09/1124 HRS,20-08-2026,24-08-2026,SINGAPORE,OMPL,J M BAXIMSPL,SUB TO READINESS
17-08-2026,PARADIP PORT,Waiting & Expected,,MV. DELAVITA,,229.00/7.50,PIG IRON,Dry/General Bulk,60500 MT,60500,LOADING,10/0130 HRS,22-08-2026,26-08-2026,SINGAPORE,RAMSARUP,GAC,SUB TO READINESS
17-08-2026,PARADIP PORT,Waiting & Expected,,MV. DP WORLD THAMIRABARANI,,142.70/6.90,CONTAINER,Container,10324 MT,10324,LOADING,11/0818 HRS,18-08-2026,19-08-2026,HALDIA,SWS/JSL/SAL,UNIFEEDER,CONTAINER PRIORITY
17-08-2026,PARADIP PORT,Waiting & Expected,,MV. AM PROGRESS,,176.54/,STEEL SLAB,Dry/General Bulk,30000 MT,30000,LOADING,14/0536 HRS,24-08-2026,27-08-2026,NEWPORT,TATA,TMIL,SUB TO READINESS
17-08-2026,PARADIP PORT,Waiting & Expected,,MV. LILA MUNDRA,,190.00/,STEEL PLATES/COILS,Dry/General Bulk,44661 MT,44661,LOADING,17/1800 HRS,26-08-2026,02-09-2026,HIGH SEAS,JSPL,SPARTANS,SUB TO READINESS
17-08-2026,PARADIP PORT,Waiting & Expected,,MV. MSC MAKOTO II,,175.49/7.50,CONTAINER,Container,350 MT,350,LOADING,19/0600 HRS,19-08-2026,20-08-2026,COLOMBO,MSC AGENGY,MSC AGENGY,CONTAINER PRIORITY
17-08-2026,PARADIP PORT,Waiting & Expected,,MV. AP QUEEN,,110.67/8.77,FERRO NICKLE,Other,8250 MT,8250,DISCHARGE,20/0600 HRS,27-08-2026,28-08-2026,INDONESIA,JSL,PAREKH,SUB TO READINESS
17-08-2026,PARADIP PORT,Waiting & Expected,,MV. OTHONOI,,229.00/14.45,COKING COAL,Dry/General Bulk,79100 MT,79100,DISCHARGE,09/2054 HRS,17-08-2026,19-08-2026,ABBOT POINT,JSPL,JMS,SUB TO READINESS
17-08-2026,PARADIP PORT,Waiting & Expected,,MV. BASIC STAR,,189.98/10.20,C.COAL/PCI COAL,Dry/General Bulk,44000 MT,44000,DISCHARGE,12/0924 HRS,19-08-2026,20-08-2026,ABBOT POINT,TATA,TMIL,SUB TO READINESS
17-08-2026,PARADIP PORT,Waiting & Expected,,MV. BRILLIANT ADVANCE,,228.99/14.53,COKING COAL,Dry/General Bulk,79300 MT,79300,DISCHARGE,15/0830 HRS,20-08-2026,22-08-2026,HAYPOINT,TATA,TMIL,SUB TO READINESS
17-08-2026,PARADIP PORT,Waiting & Expected,,MV. GRACE LOUISE,,228.99/14.38,COKING COAL,Dry/General Bulk,42000 MT,42000,DISCHARGE,15/0900 HRS,22-08-2026,23-08-2026,NORFOLK,TATA,TMIL,SUB TO READINESS
17-08-2026,PARADIP PORT,Waiting & Expected,,MV. GLORY LOONG,,224.95/13.86,COKING COAL,Dry/General Bulk,72667 MT,72667,DISCHARGE,16/0242 HRS,23-08-2026,25-08-2026,UST-LUGA,JSW/JSW JFE,SSS,SUB TO READINESS
17-08-2026,PARADIP PORT,Waiting & Expected,,MV. YPERION,,229.00/14.53,PCI COAL,Dry/General Bulk,47541 MT,47541,DISCHARGE,19/2000 HRS,25-08-2026,26-08-2026,LYTTELTO,TATA,TMIL,SUB TO READINESS
17-08-2026,PARADIP PORT,Waiting & Expected,,MV. SENTINEL,,200.00/,COAL,Dry/General Bulk,,,DISCHARGE,06/09/26 HRS,06-09-2026,08-09-2026,HIGH SEAS,VULCAN,SPARTANS,SUB TO READINESS
17-08-2026,PARADIP PORT,Waiting & Expected,,MV. ALASIA,,199.98/12.50,IRON ORE FINES,Dry/General Bulk,50000 MT,50000,LOADING,17/0200 HRS,,,MUMBAI,JSW,SSS,
17-08-2026,PARADIP PORT,Waiting & Expected,,MV. OCEAN WINNER,,225.00/14.35,IRON ORE FINES,Dry/General Bulk,73000 MT,73000,LOADING,05/2118 HRS,,,CHINA,OCL IRON,BOTHRA,
17-08-2026,PARADIP PORT,Waiting & Expected,,MV. OTHRYS,,199.99/13.32,IRON ORE FINES,Dry/General Bulk,62000 MT,62000,LOADING,19/0600 HRS,,,CHINA,RSPL,SSS,
17-08-2026,PARADIP PORT,Waiting & Expected,,MV. GEOSTAR,,199.98/13.10,IRON ORE FINES,Dry/General Bulk,57000 MT,57000,LOADING,19/1800 HRS,,,CHINA,BAGADIYA,SSS,
17-08-2026,PARADIP PORT,Waiting & Expected,,MV. AMNSI MAXIMUS,,229.00/14.00,IRON ORE PELLET,Dry/General Bulk,55000 MT,55000,LOADING,20/0600 HRS,,,HAJIRA,AMNSIL,SAMSARA,
17-08-2026,PARADIP PORT,Waiting & Expected,,MT. SOPRANO SERENE,,179.88/11.80,HSD/M.SPIRIT,Liquid/Chemical Bulk,19500 MT,19500,DISCHARGE,01/1000 HRS,,,HALDIA,BPCL,AGS,
17-08-2026,PARADIP PORT,Waiting & Expected,,MT. NOVA BREEZE,,180.00/10.40,AMMONIA,Liquid/Chemical Bulk,25000 MT,25000,DISCHARGE,03/0812 HRS,,,HIGHSEAS,IFFCO/PPL,J M BAXIMSPL,
17-08-2026,PARADIP PORT,Waiting & Expected,,MT. FAIRWAY,,274.00/7.70,NAPTHA,Other,14000 MT,14000,LOADING,11/0742 HRS,,,HIGHSEAS,IOCL,AGS,
17-08-2026,PARADIP PORT,Waiting & Expected,,MT. SANMAR SHEHNAI,,182.50/7.70,NAPTHA,Other,14000 MT,14000,LOADING,12/2054 HRS,,,KANDLA,IOCL,J M BAXIMSPL,
17-08-2026,PARADIP PORT,Waiting & Expected,,MT. MANASAROVAR,,226.00/11.60,BUTANE/PROPANE,Liquid/Chemical Bulk,22700 MT,22700,DISCHARGE,16/0624 HRS,,,HIGHSEAS,IOCL,ISIPL,
17-08-2026,PARADIP PORT,Waiting & Expected,,MT. BW POLARIS,,229.90/12.22,BUTANE/PROPAN,Liquid/Chemical Bulk,20000 MT,20000,DISCHARGE,21/1000 HRS,,,NEW MANGALORE,IOCL,WILHELMSEN,
17-08-2026,PARADIP PORT,Waiting & Expected,,MV. YM MASCOT,,228.95/,HARD COAL,Dry/General Bulk,43945 MT,43945,DISCHARGE,14/2042 HRS,17-08-2026,20-08-2026,NEWPORT,SAIL,SSS,MPB/SHIFTS SQ 19.08.2026
17-08-2026,PARADIP PORT,Waiting & Expected,,MV. GREEK SEAS,,229.00/,LIME STONE,Other,40000 MT,40000,DISCHARGE,14/2354 HRS,18-08-2026,20-08-2026,FANGCHEN,TATA,TMIL,CQ-1
17-08-2026,PARADIP PORT,Waiting & Expected,,MV. GLORY LOONG,,224.95/13.86,COKING COAL,Dry/General Bulk,72667 MT,72667,DISCHARGE,16/0242 HRS,19-08-2026,23-08-2026,UST-LUGA,JSW/JSW JFE,SSS,MPB
17-08-2026,PARADIP PORT,Waiting & Expected,,MV. DDS MARINA,,126.80/9.10,AMMONIUM NITRATE,Other,11327 MT,11327,DISCHARGE,16/1000 HRS,,,NAKHODA,SPECIAL,SRAVAN,
17-08-2026,PARADIP PORT,Waiting & Expected,,MV. RISOLUTO,,228.90/14.50,LIME STONE,Other,40000 MT,40000,DISCHARGE,17/0100 HRS,20-08-2026,22-08-2026,ZHANGJIAN,TATA,TMIL,CQ-2
17-08-2026,PARADIP PORT,Waiting & Expected,,MV. PHC SURYA,,118.00/,GYPSUM,Dry/General Bulk,10000 MT,10000,LOADING,18/0600 HRS,20-08-2026,21-08-2026,NAKHODA,SMPL,OSL,SQ
17-08-2026,PARADIP PORT,Waiting & Expected,,MV. THERESA PRIDE,,199.99/13.39,DOLOMITE,Dry/General Bulk,60500 MT,60500,DISCHARGE,19/1800 HRS,20-08-2026,23-08-2026,KHANOM,TATA,TMIL,CQ-1
17-08-2026,PARADIP PORT,Waiting & Expected,,MV. SUNRISE I,,228.90/14.46,COKING COAL,Dry/General Bulk,33000 MT,33000,DISCHARGE,20/0600 HRS,22-08-2026,25-08-2026,HIGHSEAS,JSW JFE,GPR MARITIME,
17-08-2026,PARADIP PORT,Waiting & Expected,,MV. NIKGENIOUS,,199.90/13.06,A. SULPHATE,Dry/General Bulk,31500 MT,31500,DISCHARGE,22/0600 HRS,23-08-2026,26-08-2026,NEW MANGALORE,HURL,ADMIRAL,
17-08-2026,PARADIP PORT,Waiting & Expected,,MV. SENTINEL,,200.00/,COAL,Dry/General Bulk,,,DISCHARGE,05/09/26 HRS,05-09-2026,07-09-2026,NEW MANGALORE,VULCAN,SPARTANS,MPB
17-08-2026,PARADIP PORT,Waiting & Expected,,"PRIORITY BERTHING ALLOWED FOR ALL IMPORT/EXPORT DRY BULK CARGO TO M/S. JSPL, TATA, JSW SAMBALPUR AT GCB.",,,,Other,,,,,,,,,,
17-08-2026,PARADIP PORT,Waiting & Expected,,"VESSEL WHICH CAN NOT PERFORM AS THE REQUIRED PORT NORMS, SHE WILL BE SHIFTED TO ROADS AND HER BERTHING WILL BE DECIDED AS THE LAST VESSEL ON SERIAL.",,,,Other,,,,,,,,,,
17-08-2026,PARADIP PORT,Waiting & Expected,,"MAXIMUM OF TWO COASTAL VESSELS WILL BE TAKEN AT A TIME IN THE CONVENTIONAL BERTH W.E.F 07-OCT-2018,TILL FURTHER ORDER",,,,Other,,,,,,,,,,
17-08-2026,KAKINADA,Waiting,,M.T. ORCHID SYLT,,,SULPHURIC ACID,Liquid/Chemical Bulk,20500,20500,,14-08-2026,,,,CIL,SEAPHOENIX,
17-08-2026,KAKINADA,Waiting,,M.V. ROYAL FALCON,,,ALUMINA,Dry/General Bulk,31499,31499,,17-08-2026,,,,BALCO,JYOTHI MARINE,
17-08-2026,KAKINADA,Waiting,,SAILED VESSELS::,,,,Other,,,,,,,,,,
17-08-2026,KAKINADA,Waiting,,M.V.PRICE JOY,,,,Other,,,,16-07-2026,,,,,,
17-08-2026,KAKINADA,Waiting,,M.V.JAL KUMUD,,,,Other,,,,20-07-2026,,,,,,
17-08-2026,KAKINADA,Waiting,,M.V. ECO CZAR,,,,Other,,,,12-08-2026,,,,,,
17-08-2026,KAKINADA,Waiting,,M.V. BLOOM HALO,,,,Other,,,,11-08-2026,,,,,,
17-08-2026,KAKINADA,Waiting,,M.V.ATHOS,,,,Other,,,,05-08-2026,,,,,,
17-08-2026,KAKINADA,Expected,,M.V.LIBRA,,,RICE,Dry/General Bulk,50000,50000,,17-08-2026,,,,,LOTUS,
17-08-2026,KAKINADA,Expected,,M.V. LILA SEOUL,,,COAL,Dry/General Bulk,75000,75000,,17-08-2026,,,,AP GENCO,SARAT CHATTERJEE,
17-08-2026,KAKINADA,Expected,,M.V. MAGPIE SW,,,ALUMINA,Dry/General Bulk,31500,31500,,17-08-2026,,,,VEDANTA & BALCO,CHOWGULE,
17-08-2026,KAKINADA,Expected,,M.V. CHOLA ETERNITY,,,COAL,Dry/General Bulk,49535,49535,,18-08-2026,,,,INDIA COKE AND POWER,GLORY FAITH,
17-08-2026,KAKINADA,Expected,,M.T. DX PIONEER,,,EDIBLE OIL,Other,13000,13000,,19-08-2026,,,,"GEMINI , NAVABHARAT PATANJALI SANTHOSHIMATHAA",SEAPORT SERVICES,
17-08-2026,KAKINADA,Expected,,M.V. SEA LYRA,,,MOP,Other,28000,28000,,19-08-2026,,,,CHAMBAL,BOTHRA,
17-08-2026,KAKINADA,Expected,,M.V.DEBBIE,,,DRILLING EQUIPEMENT,Other,133,133,,19-08-2026,,,,"SCHLUMBERGER, SUBENO INDIA",PAREKH,
17-08-2026,KAKINADA,Expected,,M.T. DALMACIJA,,,EDIBLE OIL,Other,15000,15000,,19-08-2026,,,,LOHIYA,INTEROCEAN,
17-08-2026,KAKINADA,Expected,,M.V.ODELMAR,,,UREA,Other,23000,23000,,19-08-2026,,,,CIL,ALAP,
17-08-2026,KAKINADA,Expected,,M.V. MILAS,,,ROCK PHOSPHATE,Dry/General Bulk,47900,47900,,20-08-2026,,,,CIL,RDS OIL & GAS,
17-08-2026,KAKINADA,Expected,,M.V.AQUASTAR,,,IRON ORE,Dry/General Bulk,60000,60000,,20-08-2026,,,,LLOYDS METALS,BOTHRA,
17-08-2026,KAKINADA,Expected,,M.T. AZALEA,,,METHANOL,Other,4500,4500,,21-08-2026,,,,KLJ RESOURCES,GAC,
17-08-2026,KAKINADA,Expected,,M.T.GLOBAL JUPITER,,,EDIBLE OIL,Other,5000,5000,,22-08-2026,,,,AWL AGRI,SEAPORT,
17-08-2026,KAKINADA,Expected,,M.T. SWARNA MALA,,,"DIESEL, MOTOR SPIRIT",Liquid/Chemical Bulk,5654 946,,,22-08-2026,,,,RIL,ATLANTIC,
17-08-2026,KAKINADA,Expected,,M.V.JIU XU36,,,AMMONIUM SULPHATE,Dry/General Bulk,33000,33000,,23-08-2026,,,,HINDUSTAN URVAK,PRAVV SHIPPING,
17-08-2026,KAKINADA,Expected,,M.V. SALT LAKE,,,NPK,Other,65992,65992,,24-08-2026,,,,CIL,CROSS TRADE,
17-08-2026,KAKINADA,Expected,,M.V.RISHABH,,,,Other,,,,05-02-2026,,,,,,
17-08-2026,GANGAVARAM,Working,B9,MV LIA,,,STEEL BILLETS,Dry/General Bulk,39720.74,39720.74,,12-08-2026,B9,22-08-2026,,RINL,SPARTANS,CONTAINER BERTH
17-08-2026,GANGAVARAM,Expected,B5,MV AURIGA STAR,,,ANTHRACITE COAL,Dry/General Bulk,80090,80090,,17-08-2026,B5,19-08-2026,,JSW,SEATRANS,
17-08-2026,GANGAVARAM,Expected,B6,MV SIANS,,,COKING COAL,Dry/General Bulk,78000,78000,,17-08-2026,B6,20-08-2026,,NMDC,ESDI,
17-08-2026,GANGAVARAM,Expected,B7,MV AP PETKA,,,SODA ASH,Dry/General Bulk,25052,25052,,17-08-2026,B7,20-08-2026,,INTEGRAL,SRINIVASA,
17-08-2026,VISAKHAPATNAM,Working,VGCB,MV ALPHA TROPHY,,,BAUXITE IN BULK,Dry/General Bulk,198041,198041,D,06-08-2026,VGCB,18-08-2026,,,IMPERIAL,
17-08-2026,VISAKHAPATNAM,Working,CB-1,MV MSC SABRINA III,,,CONTAINERS,Container,28097,28097,D/L,16-08-2026,CB-1,18-08-2026,,,MSC LINES,
17-08-2026,VISAKHAPATNAM,Working,CB-2,MV ZHONG GU XIONG AN,,,CONTAINERS,Container,29989,29989,D/L,15-08-2026,CB-2,17-08-2026,,,BTL,
17-08-2026,VISAKHAPATNAM,Working,CB-3,MV ZEBRA,,,CONTAINERS,Container,30477,30477,D/L,16-08-2026,CB-3,17-08-2026,,,MAERSK,
17-08-2026,VISAKHAPATNAM,Working,SPM,MT MARAN AJAX,,,CRUDE OIL,Liquid/Chemical Bulk,326527,326527,D,16-08-2026,SPM,18-08-2026,,,ATLANTIC,
17-08-2026,VISAKHAPATNAM,Working,LPG,LPG/C ETERNAL GLORY,,,LPG,Other,23000,23000,D,12-08-2026,LPG,18-08-2026,,,BOTHRA,
17-08-2026,VISAKHAPATNAM,Working,AVCTPL[EQ-1A],MV KATERINA III,,,M.COKE & NUT COKE,Dry/General Bulk,30010,30010,D,13-08-2026,AVCTPL[EQ-1A],20-08-2026,,,GAC,
17-08-2026,VISAKHAPATNAM,Working,EQ-3,MV DONG FANG WEI YE,,,ALUMINA IN BAGS,Dry/General Bulk,31500,31500,L,12-08-2026,EQ-3,20-08-2026,,,ESHWAR,SHIFTED FROM WQ-5 TO EQ-3
17-08-2026,VISAKHAPATNAM,Working,EQ-4,MV NESTORS,,,UREA,Other,55000,55000,D,11-08-2026,EQ-4,20-08-2026,,,INTEROCEAN,
17-08-2026,VISAKHAPATNAM,Working,EQ-6,MV AFRICAN PEACOCK,,,C.P.COKE,Dry/General Bulk,16450,16450,L,16-08-2026,EQ-6,20-08-2026,,,ESHWAR,
17-08-2026,VISAKHAPATNAM,Working,EQ-8 (VSPL),MV YU YAN,,,COKING COAL,Dry/General Bulk,47600,47600,D,15-08-2026,EQ-8 (VSPL),18-08-2026,,,SAMSARA,
17-08-2026,VISAKHAPATNAM,Working,EQ-9 (VSPL),MV THEOSKEPASTI,,,STEAM COAL,Dry/General Bulk,71670,71670,D,14-08-2026,EQ-9 (VSPL),19-08-2026,,,SEATRANS,
17-08-2026,VISAKHAPATNAM,Working,WQ-1 RE,MV HAI DUONG 68,,,STEEL CARGO,Dry/General Bulk,5396.5460000000003,5396.546,L,13-08-2026,WQ-1 RE,19-08-2026,,,SPARTANS,
17-08-2026,VISAKHAPATNAM,Working,WQ-1,MV CHOLA SERENITY,,,THERMAL COAL,Dry/General Bulk,77000,77000,L,15-08-2026,WQ-1,20-08-2026,,,SEAPORT,
17-08-2026,VISAKHAPATNAM,Working,WQ-2,MV ACHILLEAS S,,,MANGANESE ORE,Dry/General Bulk,38831,38831,D,11-08-2026,WQ-2,19-08-2026,,,GAC,
17-08-2026,VISAKHAPATNAM,Working,WQ-3,MV TATEV,,,ALUMINA IN BAGS,Dry/General Bulk,27600,27600,L,07-08-2026,WQ-3,20-08-2026,,,INTEROCEAN,
17-08-2026,VISAKHAPATNAM,Working,WQ-4,MV PAULA TRADER,,,FERRO MANGANESE & STEEL CARGO,Dry/General Bulk,23750,23750,L,12-08-2026,WQ-4,20-08-2026,,,SAIANS,
17-08-2026,VISAKHAPATNAM,Working,WQ-5,MV INFINITY,,,ALUMINA POWDER IN BULK,Dry/General Bulk,30600,30600,L,12-08-2026,WQ-5,18-08-2026,,,RVSS,
17-08-2026,VISAKHAPATNAM,Working,WQ-7,Handed over to m/s VMBCTPL for projecdt development,,,,Other,,,,,WQ-7,,,,,
17-08-2026,VISAKHAPATNAM,Working,OR-1,OR -1 Berth spared for Revamping by CE department,,,,Other,,,,,OR-1,,,,,
17-08-2026,VISAKHAPATNAM,Working,OR-2,MT HARI PRIYA,,,HSD,Liquid/Chemical Bulk,21512,21512,D,14-08-2026,OR-2,17-08-2026,,,HARIKA,SAILED
17-08-2026,VISAKHAPATNAM,Waiting,1,LPG/C. SEARMBLER,,,ANDHROUS AMMONIA,Liquid/Chemical Bulk,10000,10000,D,17-07-2026,1,18-08-2026,,,GAC,RE-ANCH
17-08-2026,VISAKHAPATNAM,Waiting,2,MV PANDA,,,ALUMINA IN BULK,Dry/General Bulk,33000,33000,L,13-08-2026,2,,,,INTEROCEAN,
17-08-2026,VISAKHAPATNAM,Waiting,3,MV BAO CHANG,,,ROCK PHOSPHATE,Dry/General Bulk,45000,45000,D,14-08-2026,3,,,,RDS OIL,
17-08-2026,VISAKHAPATNAM,Waiting,4,MV OAK ANTON,,,NUT COKE IN BULK,Dry/General Bulk,17700,17700,D,14-08-2026,4,,,,NAVSHIP,
17-08-2026,VISAKHAPATNAM,Waiting,5,MT RADHA MOHAN,,,BITUMEN,Other,5000,5000,L,15-08-2026,5,18-08-2026,,,ATLANTIC,
17-08-2026,VISAKHAPATNAM,Waiting,6,MV SSI IRRSISTIBLE,,,AMMONIUM SULPHTE IN BULK,Other,40500,40500,D,15-08-2026,6,,,,SEATRANS,
17-08-2026,VISAKHAPATNAM,Waiting,7,MV ODELMAR,,,UREA,Other,10000,10000,D,16-08-2026,7,,,,ALAP,
17-08-2026,VISAKHAPATNAM,Waiting,8,MV DARLEAKAY,,,MANGANESE ORE,Dry/General Bulk,25000,25000,D,16-08-2026,8,,,,BOTHRA,
17-08-2026,VISAKHAPATNAM,Waiting,9,MV ATP FORTUNE,,,MANGANESE ORE,Dry/General Bulk,23500,23500,D,17-08-2026,9,,,,K.R.SONS,
17-08-2026,VISAKHAPATNAM,Waiting,10,MV MOGRAL,,,CONTAINERS,Container,40000,40000,D/L,17-08-2026,10,18-08-2026,,,SIMA MARINE,
17-08-2026,VISAKHAPATNAM,Expected,,MV GLORIEUSE,,,STEEL BLOOMS,Dry/General Bulk,20000,20000,L,17-08-2026,,,,,BENLINES,
17-08-2026,VISAKHAPATNAM,Expected,,MT KESTREL,,,VSLFO & NFO,Other,10700,10700,D,17-08-2026,,,,,HARIKA,
17-08-2026,VISAKHAPATNAM,Expected,,MV GCL YAMUNA,,,IRON ORE PELLETS,Dry/General Bulk,105000,105000,L,18-08-2026,18-08-2026,,,,JYOTHI,
17-08-2026,VISAKHAPATNAM,Expected,,MT HAFINA MYNA,,,FURNACE OIL,Liquid/Chemical Bulk,33000,33000,L,18-08-2026,,,,,INTEROCEAN,
17-08-2026,VISAKHAPATNAM,Expected,,MV CYMONA OCEAN,,,COKING COAL,Dry/General Bulk,79430,79430,D,18-08-2026,,,,,ORISSA STEVEDORES LTD,
17-08-2026,VISAKHAPATNAM,Expected,,MV NAVIOS BAHAMAS,,,CONTAINERS,Container,20000,20000,D/L,18-08-2026,18-08-2026,,,,UNIFEEDEER,
17-08-2026,VISAKHAPATNAM,Expected,,MV ULSAN VOYAGER,,,CONTAINERS,Container,300,300,D/L,18-08-2026,,,,,PAREKH,
17-08-2026,VISAKHAPATNAM,Expected,,MV SEA TOPAZ,,,ALUMINA IN BULK,Dry/General Bulk,31500,31500,L,19-08-2026,,,,,INTEROCEAN,
17-08-2026,VISAKHAPATNAM,Expected,,MV AGRAFA,,,MANGANESE ORE,Dry/General Bulk,35596,35596,D,19-08-2026,,,,,BOTHRA,
17-08-2026,VISAKHAPATNAM,Expected,,MV SSI CONQUEST,,,TSP & DAP,Other,52700,52700,D,20-08-2026,,,,,BOTHRA,
17-08-2026,VISAKHAPATNAM,Expected,,MV STAR COPENHAGEN,,,UREA,Other,54266,54266,D,20-08-2026,,,,,CROSS TRADING,
17-08-2026,VISAKHAPATNAM,Expected,,MV SHIN SHUN,,,STEAM COAL,Dry/General Bulk,56836,56836,D,20-08-2026,,,,,SEATRANS,
17-08-2026,VISAKHAPATNAM,Expected,,MV HARILAOS JUNIOR,,,BAUXITE IN BULK,Dry/General Bulk,58523,58523,D,20-08-2026,,,,,IMPERIAL,
17-08-2026,VISAKHAPATNAM,Expected,,MV GCL SABARMATI,,,IRON ORE PELLETS,Dry/General Bulk,105000,105000,L,21-08-2026,,,,,JYOTHI,
17-08-2026,VISAKHAPATNAM,Expected,,MV CRIMSON GLORY,,,MANGANESE ORE,Dry/General Bulk,30000,30000,D,21-08-2026,,,,,INTEGRAL,
17-08-2026,VISAKHAPATNAM,Expected,,MV NORDTIGRIS,,,LENTILS IN BULK,Other,10000,10000,D,21-08-2026,,,,,SEAVISION,
17-08-2026,VISAKHAPATNAM,Expected,,MV MINI ATLAS,,,MANGANESE ORE,Dry/General Bulk,4800,4800,L,21-08-2026,,,,,GAC,
17-08-2026,VISAKHAPATNAM,Expected,,MV SPIRIT OF KOBE,,,CP COKE,Dry/General Bulk,20000,20000,L,22-08-2026,,,,,ESHWAR,
17-08-2026,VISAKHAPATNAM,Expected,,MV PIONEER KIRA,,,"STONE AGGREGATE,CEMENT & GENERAL CARGO",Dry/General Bulk,20000,20000,L,22-08-2026,,,,,FAIRMACS,
17-08-2026,VISAKHAPATNAM,Expected,,MV LILA SEOUL,,,IRON ORE PELLETS,Dry/General Bulk,75000,75000,L,23-08-2026,,,,,JYOTHI,
17-08-2026,VISAKHAPATNAM,Expected,,MV MEDWAY SPIRIT,,,CP COKE,Dry/General Bulk,15000,15000,L,21-08-2026,,,,,ESHWAR,
17-08-2026,VISAKHAPATNAM,Expected,,MT VARI TRADER,,,SULPHURIC ACID,Liquid/Chemical Bulk,18500,18500,D,23-08-2026,,,,,SAMUDRA,
17-08-2026,VISAKHAPATNAM,Expected,,MT SWARNA MALA,,,HSD & MS,Liquid/Chemical Bulk,8097,8097,D,23-08-2026,,,,,ATLANTIC,
17-08-2026,VISAKHAPATNAM,Expected,,MT SAKURA CREST,,,METHONAL,Other,9794,9794,D,24-08-2026,,,,,ATLANTIC,
17-08-2026,VISAKHAPATNAM,Expected,,MV SM MANALI,,,CONTAINERS,Container,40000,40000,D/L,24-08-2026,,,,,SIMA MARINE,
17-08-2026,VISAKHAPATNAM,Expected,,MV NORSE MOBILE,,,FERRO MANGANESE & STEEL CARGO,Dry/General Bulk,29200,29200,L,25-08-2026,,,,,SAIANS,
17-08-2026,VISAKHAPATNAM,Expected,,MV DP WORLD THAMIRABARANI,,,CONTAINERS,Container,8500,8500,D/L,25-08-2026,,,,,UNIFEEDEER,
17-08-2026,VISAKHAPATNAM,Expected,,MV DP WORLD GODAVARI,,,CONTAINERS,Container,15000,15000,D/L,25-08-2026,,,,,UNIFEEDEER,
17-08-2026,VISAKHAPATNAM,Expected,,MV HALDI,,,"STONE AGGREGATE ,CEMENT & GENERAL CARGO",Dry/General Bulk,5000,5000,L,26-08-2026,,,,,FAIRMACS,
17-08-2026,VISAKHAPATNAM,Expected,,MV JPS BARCELONA,,,DAP,Other,52552,52552,D,26-08-2026,,,,,ANLINE SHIPPING,
17-08-2026,VISAKHAPATNAM,Expected,,MV MOGRAL,,,CONTAINERS,Container,40000,40000,D/L,26-08-2026,,,,,SIMA MARINE,
17-08-2026,VISAKHAPATNAM,Expected,,MT TG TAURAS,,,PHOSPHERIC ACID,Other,10260,10260,D,27-08-2026,,,,,RDS OIL,
17-08-2026,VISAKHAPATNAM,Expected,,MV SSL SABARIMALAI,,,CONTAINERS,Container,8500,8500,D/L,29-08-2026,,,,,UNIFEEDEER,
17-08-2026,VISAKHAPATNAM,Expected,,MV SSL KRISHNA,,,CONTAINERS,Container,12000,12000,D/L,29-08-2026,,,,,UNIFEEDEER,
17-08-2026,VISAKHAPATNAM,Expected,,MV OCEAN ROYAL,,,MANGANESE ORE,Dry/General Bulk,30650,30650,D,31-08-2026,,,,,BOTHRA,
17-08-2026,VISAKHAPATNAM,Expected,,MV MILAS,,,ROCK PHOSPHATE,Dry/General Bulk,47900,47900,D,21-08-2026,,,,,RDS OIL,
18-08-2026,KARAIKAL,Working,II,MV. SAKIZAAYA VICTORY,,,COAL,Dry/General Bulk,77000,77000,IMP,14-08-2026,15-08-2026,19-08-2026,,,,
18-08-2026,KARAIKAL,Working,III,MV. VSG PIONEER,,,COAL,Dry/General Bulk,75000,75000,IMP,14-08-2026,16-08-2026,18-08-2026,,,,
18-08-2026,KARAIKAL,Working,IV,MV. ND THELKIS,,,SLAG,Other,56570,56570,IMP,14-08-2026,14-08-2026,19-08-2026,,,,
18-08-2026,KARAIKAL,Expected,,MV. BAO RUN,,,UREA,Other,42000,42000,IMP,18-08-2026,19-08-2026,22-08-2026,,,,
18-08-2026,KARAIKAL,Expected,,MV. APJ SETHU,,,COAL,Dry/General Bulk,80147,80147,IMP,18-08-2026,18-08-2026,20-08-2026,,,,
18-08-2026,KARAIKAL,Expected,,MV. HAI DUONG 36,,,CALCITE,Other,10200,10200,IMP,20-08-2026,20-08-2026,22-08-2026,,,,
18-08-2026,KARAIKAL,Expected,,MV. MARINE FORTUNE I,,,COAL,Dry/General Bulk,71314,71314,IMP,21-08-2026,22-08-2026,24-08-2026,,,,
18-08-2026,GOPALPUR,Working,MPB-1,MV CHOLA DESTINY,,,GYPSUM,Dry/General Bulk,40000,40000,D,17-08-2026,18-08-2026,20-08-2026,,,SEATRANS,
18-08-2026,GOPALPUR,Expected,MPB-2,MV MOSKHA,,,IRON ORE FINES,Dry/General Bulk,54880,54880,L,19-08-2026,19-08-2026,22-08-2026,,,NAVSHIP,
18-08-2026,GOPALPUR,Expected,MPB-3,MV C FORCE,,,LIMESTONE,Dry/General Bulk,78419,78419,D,19-08-2026,19-08-2026,23-08-2026,,,SEATRANS,
18-08-2026,GOPALPUR,Expected,MPB-1,MV LH ANTHEA,,,LIMESTONE,Dry/General Bulk,74509,74509,D,19-08-2026,19-08-2026,23-08-2026,,,BENLINE,
18-08-2026,CHENNAI,Working,JD1,STAR LYSEFJORD,,,PROJ,Other,110,110,L,17-08-2026,17-08-2026,18-08-2026,,,PEARL,
18-08-2026,CHENNAI,Waiting,BD1,HANSA SEALIFTER,,,NAPTHA,Other,35000,35000,L,16-08-2026,,,,,IOC,
18-08-2026,CHENNAI,Waiting,,ZAHAB JAHAN I,,,BUNKER,Other,,,,17-08-2026,,,,,SEATRANS,
18-08-2026,CHENNAI,Expected,WQ1/2/BD2,FORTUNE GLORY,,,CSFO,Other,8000,8000,D,18-08-2026,18-08-2026,20-08-2026,,,GAC,
18-08-2026,CHENNAI,Expected,,BRIGHT STAR,,,ST.COILS/HR.COILS/ST.BAR/ST.PLATES,Dry/General Bulk,7702/5498/696/306,,D,20-08-2026,20-08-2026,22-08-2026,,,SAMSARA,
18-08-2026,CHENNAI,Expected,JD1/SQ1,HT LOTUS,,,FLOU,Other,10000,10000,D,23-08-2026,23-08-2026,28-08-2026,,,SEAGREEN,
18-08-2026,CHENNAI,Expected,JD1/3/5,CHARLIE,,,PROJ,Other,4,4,D,24-08-2026,24-08-2026,26-08-2026,,,PAREKH,
18-08-2026,ENNORE,Working,CB2,Chola Melody,,,T COAL,Dry/General Bulk,74500,74500,D,15-08-2026,CB2,18-08-2026,,,JESPA,COASTAL
18-08-2026,ENNORE,Working,GCB2,OCEAN VOYAGER,,,CATERPILLAR,Other,10,10,L,16-08-2026,GCB2,18-08-2026,,,XLLENT,
18-08-2026,ENNORE,Working,ECTPL,SUNRISE I,,,S COAL,Dry/General Bulk,40952,40952,D,15-08-2026,ECTPL,19-08-2026,,,PEARL,
18-08-2026,ENNORE,Working,EBTPL,SHENLI,,,BARYTES,Other,54000,54000,L,15-08-2026,EBTPL,20-08-2026,,,EVERWIN,
18-08-2026,ENNORE,Waiting,ECTPL,Vishva Jyoti,,,T.COAL,Dry/General Bulk,68500,68500,D,15-08-2026,21-08-2026,23-08-2026,,,SEAGREEN,COASTAL
18-08-2026,ENNORE,Waiting,ECTPL,STAR EVA,,,S COAL,Dry/General Bulk,103901,103901,D,15-08-2026,18-08-2026,21-08-2026,,,MERCHANT,
18-08-2026,ENNORE,Waiting,ECTPL,Venus Star,,,S COAL,Dry/General Bulk,78547,78547,D,16-08-2026,23-08-2026,25-08-2026,,,GAC,
18-08-2026,ENNORE,Expected,EBTPL,Fortune Sunshine,,,L.STONE,Other,71037,71037,D,18-08-2026,20-08-2026,23-08-2026,,,PEARL,
18-08-2026,ENNORE,Expected,MLT,LPG/C BW POLARIS,,,PROPANE/BUTANE,Liquid/Chemical Bulk,23000,23000,D,18-08-2026,18-08-2026,20-08-2026,,,WILHELMSEN,
18-08-2026,ENNORE,Expected,LNGT,LNG/C CELSIUS GEORGETOWN,,,LNG,Other,55000,55000,D,19-08-2026,19-08-2026,20-08-2026,,,SAMSARA,
18-08-2026,ENNORE,Expected,GCB,PRIMROSE ACE,,,AUTOMOBILE,Other,2100,2100,L,20-08-2026,20-08-2026,21-08-2026,,,MOL,
18-08-2026,ENNORE,Expected,GCB,Jasper Arrow,,,AUTOMOBILE,Other,900,900,L,24-08-2026,24-08-2026,25-08-2026,,,K STEAM,
18-08-2026,ENNORE,Expected,GCB,EUPHRATE HIGHWAY,,,AUTOMOBILE,Other,600,600,L,28-08-2026,28-08-2026,29-08-2026,,,JM BAXI,
18-08-2026,ENNORE,Expected,GCB,HOEGH TROOPER,,,AUTOMOBILE,Other,800,800,L,31-08-2026,31-08-2026,01-09-2026,,,SAMSARA,
18-08-2026,KRISHNAPATNAM,Working,WB-2,MV CAPT EUGENE,,,TSP FERTILIZER,Dry/General Bulk,34262,34262,D,16-08-2026,16-08-2026,20-08-2026,MOROCCO,,ATLANTIC GLOBAL SHIPPING PVT LTD,
18-08-2026,KRISHNAPATNAM,Working,WB-1,MV PENNA SURAKSHA,,,CEMENT,Dry/General Bulk,25000,25000,L,14-08-2026,14-08-2026,18-08-2026,COCHIN,,MBK LOGISTIX PVT LTD,
18-08-2026,KRISHNAPATNAM,Working,S4,MV DOUKATO,,,THERMAL COAL,Dry/General Bulk,83680,83680,D,14-08-2026,15-08-2026,19-08-2026,"NACALA PORT, MOZAMBIQUE",,SPARTANS MARINE SERVICES PRIVATE LIMITED,
18-08-2026,KRISHNAPATNAM,Working,8,MV PACIFIC STAR,,,COAL,Dry/General Bulk,75000,75000,D,16-08-2026,17-08-2026,20-08-2026,PARADIP,,SARAT CHATTERJEE & CO (VSP) PVT LTD,
18-08-2026,KRISHNAPATNAM,Working,7,MV CHOLA PROSPERITY,,,COAL,Dry/General Bulk,74960,74960,D,16-08-2026,16-08-2026,20-08-2026,PARADIP,,ATLANTIC GLOBAL SHIPPING PVT LTD,
18-08-2026,KRISHNAPATNAM,Working,6,MV CAPE TAIZHOU,,,IRON ORE FINES,Dry/General Bulk,156326,156326,D,15-08-2026,15-08-2026,20-08-2026,RUSSIA,,MERCHANT SHIPPING SERVICES PVT. LTD.,
18-08-2026,KRISHNAPATNAM,Working,5,MV MINERAL FAITH,,,IRON ORE FINES,Dry/General Bulk,170000,170000,D,16-08-2026,16-08-2026,20-08-2026,"WESTERN AUSTRALIA, PORT HEDLAND",,GPR MARITIME AGENCIES,
18-08-2026,KRISHNAPATNAM,Working,4,MV LV DAISY,,,DAP,Other,31400,31400,D,17-08-2026,17-08-2026,20-08-2026,AQABA SEAPORT OF JORDAN,,SPARTANS MARINE SERVICES PRIVATE LIMITED,
18-08-2026,KRISHNAPATNAM,Working,3,MV YUN SHENG,,,GYPSUM,Dry/General Bulk,44900,44900,D,18-08-2026,18-08-2026,20-08-2026,,,SEATRANS MARINE PVT LTD.,
18-08-2026,KRISHNAPATNAM,Working,2,MV VIOLETTA K,,,COAL,Dry/General Bulk,75000,75000,D,15-08-2026,15-08-2026,20-08-2026,PARADIP,,GAC SHIPPING PVT LTD.,
18-08-2026,KRISHNAPATNAM,Working,1,MV W HUANG PU,,,ROCK PHOSPHATE,Dry/General Bulk,13500,13500,D,17-08-2026,17-08-2026,19-08-2026,ABU GHOSOUN,,ALAP CARRIERS,
18-08-2026,KRISHNAPATNAM,Waiting,1,MV ANDROS SPIRIT,,,COAL,Dry/General Bulk,30000,30000,D,17-08-2026,19-08-2026,22-08-2026,"RICHARDS BAY, SOUTH AFRICA",,JYOTHI MARINE SERVICES PVT LTD- OPA GAC SHIPPING,
18-08-2026,KRISHNAPATNAM,Expected,3,MV WESER POINT,,,LIMESTONE,Dry/General Bulk,76200,76200,D,18-08-2026,20-08-2026,23-08-2026,CHINA,,MERCHANT SHIPPING SERVICES PVT. LTD.,
18-08-2026,KRISHNAPATNAM,Expected,S4,MV DIAMOND TRADER,,,COAL,Dry/General Bulk,46700,46700,D,18-08-2026,19-08-2026,21-08-2026,INDONESIA,,GAC SHIPPING-OPA/ JYOTHI MARINE SERVICES PVT LTD-CA,
18-08-2026,KRISHNAPATNAM,Expected,8,MV W-SAPPHIRE,,,COAL,Dry/General Bulk,75000,75000,D,19-08-2026,20-08-2026,22-08-2026,PARADIP,,GAC SHIPPING PVT LTD.,
18-08-2026,KRISHNAPATNAM,Expected,WB-3,MT SH GLORY,,,CDSBO,Other,11000,11000,D,19-08-2026,19-08-2026,21-08-2026,CHINA,,ATLANTIC GLOBAL SHIPPING PVT LTD,
18-08-2026,KRISHNAPATNAM,Expected,2,MV POLYDEFKIS,,,METCOKE,Dry/General Bulk,46700,46700,D,19-08-2026,20-08-2026,22-08-2026,INDONESIA,,WALTERR CUMINNS SHIPPING SERVICES VRC-SLR METALIKS LTD,
18-08-2026,KRISHNAPATNAM,Expected,WB-1,MV. DARYA SHAAN,,,CEMENT,Dry/General Bulk,21000,21000,L,19-08-2026,19-08-2026,22-08-2026,COCHIN,,MBK LOGISTICS,
18-08-2026,KRISHNAPATNAM,Expected,5,MV PAMPERO,,,COAL,Dry/General Bulk,40432,40432,D,19-08-2026,20-08-2026,22-08-2026,"MOBILE,USA",,SEATRANS MARINE PVT LTD.,
18-08-2026,KRISHNAPATNAM,Expected,1,MV AURIGA STAR,,,ANTHRACITE COAL,Dry/General Bulk,61367,61367,D,19-08-2026,22-08-2026,25-08-2026,RUSSIA,,***,
18-08-2026,KRISHNAPATNAM,Expected,2,MV XIN CHEN HAI YANG,,,SHIP UNLOADERS,Other,4098.8469999999998,4098.847,D,20-08-2026,22-08-2026,30-08-2026,CHINA,,SAMSARA SHIPPING PVT LTD,
18-08-2026,KRISHNAPATNAM,Expected,S4,MV. SUN ISLAND,,,COAL,Dry/General Bulk,38230,38230,D,20-08-2026,21-08-2026,23-08-2026,"HAYPOINT, AUSTRALIA",,ASSOCIATED SHIPPING SERVICES,
18-08-2026,KRISHNAPATNAM,Expected,8,MV DECCAN PRIDE,,,COAL,Dry/General Bulk,73700,73700,D,20-08-2026,20-08-2026,22-08-2026,PARADIP,,***,
18-08-2026,KRISHNAPATNAM,Expected,5,MV WEI HE,,,LIMESTONE,Dry/General Bulk,77000,77000,D,20-08-2026,22-08-2026,25-08-2026,CHINA,,MERCHANT SHIPPING SERVICES PVT. LTD.,
18-08-2026,KRISHNAPATNAM,Expected,WB-2,MT.TROMSO,,,CPO,Other,12000,12000,D,21-08-2026,21-08-2026,24-08-2026,INDONESIA,,***,
18-08-2026,KRISHNAPATNAM,Expected,6,MV CL DEMOCRACY,,,COAL,Dry/General Bulk,38498.97,38498.97,D,21-08-2026,21-08-2026,22-08-2026,USA,,PAREKH MARINE,
18-08-2026,KRISHNAPATNAM,Expected,5,MV GREAT TRIUMPH,,,LIMESTONE,Dry/General Bulk,75024,75024,D,24-08-2026,23-08-2026,26-08-2026,CHINA,,MERCHANT SHIPPING SERVICES PVT. LTD.,
18-08-2026,KRISHNAPATNAM,Expected,WB-3,MT.GLOBAL JUPITER,,,CPO,Other,9995.4189999999999,9995.419,D,24-08-2026,24-08-2026,26-08-2026,MALAYSIA,,***,
18-08-2026,KRISHNAPATNAM,Expected,1,MV VITA MELODY,,,COAL,Dry/General Bulk,48871,48871,D,28-05-2026,28-05-2026,31-05-2026,INDONESIA,,JYOTHI MARINE,
18-08-2026,KATTUPALLI,Working,CB3,CL LINDY,,,DOLOMITE,Dry/General Bulk,60500,60500,D,17-08-2026,17-08-2026,22-08-2026,,,PEARL/SEAGREEN,
18-08-2026,KATTUPALLI,Expected,CB3,SCORPIO HONOUR,,,GYPSUM,Dry/General Bulk,56000,56000,D,22-08-2026,22-08-2026,26-08-2026,,,MINSOTRANS,
18-08-2026,SANDHEADS,Working,,PELOPIDAS,,G'LESS,REVERT,Other,,,,NOT READY,090600,REVERT,,,N/A,
18-08-2026,SANDHEADS,Working,,THERE ARE 4 VIRTUAL ANCHORAGE POINTS AT SAGAR AND 4 VESSELS CAN WORK SIMULTANEOUSLY SUB PORT CONSIDERATION,,,,Other,,,,,,,,,,
18-08-2026,SANDHEADS,Working,,"VESSEL'S BERTHING MOVEMENT DEPENDS ON ALL FAVORABLE CONDITIONS SUCH AS CGO DOCS READINESS, VSL'S SENIORITY,",,,,Other,,,,,,,,,,
18-08-2026,SANDHEADS,Working,,"WEATHER CONDITIONS, CONGESTION & BERTH AVAILABILITY",,,,Other,,,,,,,,,,
18-08-2026,SANDHEADS,Working,,Port Working Hours: 24 x 7 basis,,,,Other,,,,,,,,,,
18-08-2026,SANDHEADS,Working,,COASTAL VESSELS HAVE OUSTING PRIORITY,,,,Other,,,,,,,,,,
18-08-2026,SAGAR,Waiting,,MV. WELL DREAM,,GEARED,LIMESTONE,Dry/General Bulk,,,,25-08-2026,26-08-2026,28-08-2026,,,GAC SHIPPING,
18-08-2026,HALDIA,Working,4B,MV. METTLE STARE-I,,GEARLESS,COKING COAL,Dry/General Bulk,32000,32000,DISCH,22-10-2025,23-10-2025,24-10-2025,,TATA STEEL,TMILL,
18-08-2026,HALDIA,Working,13,MV. HT PIONEER,,GEARED,STEEL ROUNDS,Dry/General Bulk,10730,10730,LOAD,11-08-2026,14-08-2026,20-08-2026,,JINDAL STEEL,SEATRANS,
18-08-2026,HALDIA,Working,14,MV. SEA FALCON,,GEARED,MANGANESE ORE,Dry/General Bulk,28000,28000,DISCH,14-08-2026,17-08-2026,19-08-2026,,VARIOUS,BOTHRA,LIBREVILLE
18-08-2026,HALDIA,Working,9,MV.FIRST HUNTER,,GEARLESS,COKING COAL,Dry/General Bulk,33000,33000,DISCH,17-08-2026,17-08-2026,19-08-2026,,SAIL,GAC SHIPPING,NACALA
18-08-2026,HALDIA,Working,1,MV. AMNSI MAXIMUS,,GEARLESS,PYROXENITE,Other,34200,34200,DISCH,15-08-2026,18-08-2026,20-08-2026,,TATA STEEL,SAMSARA,FUJAIRA
18-08-2026,HALDIA,Working,10S,MV. EAST WIND 1,,GEARED,YELLOW PEAS,Other,20000,20000,DISCH,28-07-2026,07-08-2026,21-08-2026,,VARIOUS,SEAVISION,RAS GHARIB
18-08-2026,HALDIA,Waiting,14,MV TONG YING,,GEARLESS,MET COKE,Dry/General Bulk,32010,32010,DISCH,17-08-2026,19-08-2026,21-08-2026,,ORISSA/RASHMI,EVEREADY,BAHUDOPI
18-08-2026,HALDIA,Waiting,9,MV. VISHVA CHETNA,,GEARLESS,COKING COAL,Dry/General Bulk,33000,33000,DISCH,16-08-2026,19-08-2026,20-08-2026,,SAIL,THE SHIPPING,DECLEAR FOR MHC BERTH
18-08-2026,HALDIA,Waiting,13,M.V. GOLDEN ARSENAL,,GEARED,ROCK PHOSPHATE,Dry/General Bulk,18600,18600,DISCH,17-08-2026,20-08-2026,22-08-2026,,"INDORAMA INDIA , JAY SHREE TEA & TEESTA AGRO INDUSTRIES",ALAP,HAMRAWEIL
18-08-2026,HALDIA,Waiting,"2,8,",M.V. SERENDIPITY,,GEARLESS,COKING COAL,Dry/General Bulk,33000,33000,DISCH,17-08-2026,20-08-2026,22-08-2026,,SAIL,GAC,GLADSTONE
18-08-2026,HALDIA,Waiting,5,M.V.ODYSSEAS L,,GEARLESS,COKING COAL,Dry/General Bulk,34000,34000,DISCH,19-08-2026,19-08-2026,21-08-2026,,TSL,TMILL,LONGKOU
18-08-2026,HALDIA,Waiting,4,MV ELONA,,GEARLESS,COKING COAL,Dry/General Bulk,32000,32000,DISCH,19-08-2026,19-08-2026,21-08-2026,,SAIL,J M BAXI,
18-08-2026,HALDIA,Expected,"2,8,9 & 13",MV. NAN XIN 9,,GEARLESS,PCI COAL,Dry/General Bulk,26800,26800,DISCH,18-08-2026,22-08-2026,24-08-2026,,"CARBON RESOURCES , ESL STEEL LTD , NARSINGH ISPAT LTD",SEATRANS,UST LUGA
18-08-2026,HALDIA,Expected,"5,9",MV. ASAHI BULKER,,GEARED,LENTILS,Other,16824,16824,DISCH,18-08-2026,23-08-2026,31-08-2026,,VARIOUS,GAC SHIPPING,AUSTRALIA
18-08-2026,HALDIA,Expected,4B,MV. BASIC STAR,,GEARLESS,COKING COAL/ PCI COAL,Dry/General Bulk,32906,32906,DISCH,19-08-2026,22-08-2026,24-08-2026,,TSL,TMILL,ABBOT POINT
18-08-2026,HALDIA,Expected,"2,8,",MV. YU YAN,,GEARLESS,COKING COAL,Dry/General Bulk,33000,33000,DISCH,19-08-2026,19-08-2026,21-08-2026,,SAIL,V-OCEAN,NAKHODKA
18-08-2026,HALDIA,Expected,"2,8,",MV. YM MASCOT,,GEARLESS,COKING COAL,Dry/General Bulk,33000,33000,DISCH,20-08-2026,19-08-2026,21-08-2026,,SAIL,GAC,USA
18-08-2026,HALDIA,Expected,"2,8,9 & 13",MV. ACHILLEAS S,,GEARED,MANGANESE ORE,Dry/General Bulk,17660,17660,DISCH,20-08-2026,24-08-2026,26-08-2026,,VARIOUS,GAC SHIPPING,SALDANHA BAY
18-08-2026,HALDIA,Expected,"2,8,9 & 13",MV. KATERINA III,,GEARLESS,MET COKE,Dry/General Bulk,28648,28648,DISCH,20-08-2026,24-08-2026,26-08-2026,,SHYAM SEL AND POWER / SHYAM FERRO ALLOYS,SEATRANS,BAHUDOPI
18-08-2026,HALDIA,Expected,12,MV. GREEK SEAS,,GEARLESS,LIMESTONE,Dry/General Bulk,34000,34000,DISCH,21-08-2026,22-08-2026,24-08-2026,,TSL,TMILL,FENGCHENG
18-08-2026,HALDIA,Expected,"2,8,9 & 13",MV. CHOLA DESTINY,,GEARLESS,GYPSUM,Dry/General Bulk,34679,34679,DISCH,21-08-2026,28-08-2026,30-08-2026,,ACCESS DEVLOPER PVT LTD,ALAP CARRIIER,
18-08-2026,HALDIA,Expected,"2,8,9 & 13",MV. OAK ANTON,,GEARLESS,NUT COKE,Dry/General Bulk,34000,34000,DISCH,21-08-2026,25-08-2026,27-08-2026,,VARIOUS,SAKURA,BAHUDOPI
18-08-2026,HALDIA,Expected,12,MV.SAKIZAYA XCEL,,GEARLESS,LIMESTONE,Dry/General Bulk,33000,33000,DISCH,23-08-2026,22-08-2026,24-08-2026,,TSL,KANOOO,FENGCHENG
18-08-2026,HALDIA,Expected,"2,8,9 & 13",MV. DARLEAKAY,,GEARED,MANGANESE ORE,Dry/General Bulk,17970,17970,DISCH,23-08-2026,25-08-2026,27-08-2026,,VARIOUS,BENLINE,LIBREVILLE
18-08-2026,HALDIA,Expected,4B,MV. GRACE LOUISE,,GEARLESS,COKING COAL,Dry/General Bulk,35000,35000,DISCH,24-08-2026,25-08-2026,27-08-2026,,TSL,TMILL,USA
18-08-2026,HALDIA,Expected,"2,8,9 & 13",MV. AGRAFA,,GEARED,MANGANESE ORE,Dry/General Bulk,23000,23000,DISCH,24-08-2026,26-08-2026,28-08-2026,,VARIOUS,BENLINE,LIBREVILLE
18-08-2026,HALDIA,Expected,"2,8,9 & 13",MV. WELL DREAM,,GEARED,LIMESTONE,Dry/General Bulk,26639,26639,DISCH,25-08-2026,29-08-2026,31-08-2026,,SHYAM SEL AND POWER,GAC SHIPPING,DIBBA PORT
18-08-2026,DHAMRA,Working,B -3/17/350,MV MAHIC PERSEUS,PANAMAX,,THERMAL COAL,Dry/General Bulk,,,LOADING,10-08-2026,B -3/17/350,18-08-2026,,MOXIE POWER,GAC,
18-08-2026,DHAMRA,Working,B-3 A /14.5/350,MV OCEAN HOPE,HANDIMAX,,IRON ORE FINES,Dry/General Bulk,,,LOADING,11-08-2026,B-3 A /14.5/350,19-08-2026,,LAXMI EXPORTS,SPARTANS,
18-08-2026,DHAMRA,Working,B-3A S /13.5,MV MH ARPEGGIO,HANDIMAX,,IRON ORE PELLETS,Dry/General Bulk,,,LOADING,02-08-2026,B-3A S /13.5,18-08-2026,,RUNGTA SONS,GAC,
18-08-2026,DHAMRA,Working,B-4/17/300,MV PRINCESS JONNA,HANDIMAX,,HR COIL,Other,,,LOADING,10-08-2026,B-4/17/300,18-08-2026,,TATA,TMIL,
18-08-2026,DHAMRA,Working,B-5/17/300,MV GCL SABARMATI,CAPE,,LIMESTONE,Dry/General Bulk,,,DISCHARGE,09-08-2026,B-5/17/300,20-08-2026,,TATA,TMIL/SAMSARA,
18-08-2026,DHAMRA,Waiting,B-5,MV SAKIZAYA XCEL,PANAMAX,,LIMESTONE,Dry/General Bulk,45000 MT,45000,DISCHARGE,10-08-2026,20-08-2026,23-08-2026,,TATA,TMIL,
18-08-2026,DHAMRA,Waiting,B-3,MV ENGIADINA,HANDIMAX,,IRON ORE PELLETS,Dry/General Bulk,55000 MT,55000,LOADING,11-08-2026,18-08-2026,20-08-2026,,RUNGTA MINES,INFINITY,
18-08-2026,DHAMRA,Waiting,B-3,MV APJ KABIR ANAND,PANAMAX,,THERMAL COAL,Dry/General Bulk,75000 MT,75000,LOADING,13-08-2026,20-08-2026,22-08-2026,,TANGEDCO,JIGSAN,
18-08-2026,DHAMRA,Waiting,B-4,MV PORT NARA,HANDIMAX,,THERMAL COAL,Dry/General Bulk,32000 MT,32000,LOADING,13-08-2026,18-08-2026,21-08-2026,,ORISSA METALICES PVT LTD/SHYAM METALICS,ATLANTIC,
18-08-2026,DHAMRA,Waiting,B-3AS,MV APJ ANGAD 2,PANAMAX,,THERMAL COAL,Dry/General Bulk,75000 MT,75000,LOADING,14-08-2026,18-08-2026,22-08-2026,,TANGEDCO,SEAPORT,
18-08-2026,DHAMRA,Waiting,B-3AS,MV SHAHRIAR JAHAN,HANDIMAX,,SLAG,Other,46000 MT,46000,LOADING,14-08-2026,18-08-2026,22-08-2026,,TATA,EIPL,
18-08-2026,DHAMRA,Waiting,B-3AS,MV CELINA,PANAMAX,,IRON ORE FINES,Dry/General Bulk,64000 MT,64000,LOADING,16-08-2026,22-08-2026,26-08-2026,,STARLIGHT,INFINITY,
18-08-2026,DHAMRA,Waiting,B-2,MV ELONA,PANAMAX,,COKING COAL,Dry/General Bulk,45000 MT,45000,DISCHARGE,17-08-2026,17-08-2026,18-08-2026,,SAIL,SMPL/JM BOXI,
18-08-2026,DHAMRA,Expected,B-3,MV PORTLAND,HANDIMAX,,SLAG,Other,55000 MT,55000,LOADING,18-08-2026,22-08-2026,25-08-2026,,TATA,EIPL,
18-08-2026,DHAMRA,Expected,B-1,MV ODYSSEAS,PANAMAX,,COKING COAL,Dry/General Bulk,45000 MT,45000,DISCHARGE,18-08-2026,17-08-2026,18-08-2026,,TATA,TMIL,
18-08-2026,DHAMRA,Expected,B-4,MV SAFESEA SINDOOR,HANDIMAX,,COIL/SLAB,Dry/General Bulk,30000 MT,30000,LOADING,20-08-2026,21-08-2026,30-08-2026,,JINDAL STEEL LTD,JM BAXI,
18-08-2026,DHAMRA,Expected,B-2,MV EASTERN QUINCE,PANAMAX,,COKING COAL,Dry/General Bulk,78000 MT,78000,DISCHARGE,23-08-2026,23-08-2026,25-08-2026,,TATA,TMIL/BEN LINE,
18-08-2026,DHAMRA,Expected,B-1,MV ANDROS SPIRIT,PANAMAX,,COKING COAL,Dry/General Bulk,38000 MT,38000,DISCHARGE,23-08-2026,23-08-2026,24-08-2026,,ADANI ENTERPRISES LTD,JYOTHI/GPR,
18-08-2026,DHAMRA,Expected,B-1,MV SHIN SHUN,CAPE,,STEAM COAL,Dry/General Bulk,109000 MT,109000,DISCHARGE,23-08-2026,24-08-2026,28-08-2026,,RUNGTA MINES,GAC,
18-08-2026,DHAMRA,Expected,B-2,MV STELLA NAVIS,PANAMAX,,COKING COAL,Dry/General Bulk,45000 MT,45000,DISCHARGE,27-08-2026,25-08-2026,26-08-2026,,SHYAM METALIKS,GAC,
18-08-2026,DHAMRA,Expected,B-1,MV NEW EXPLORER,PANAMAX,,PCI COAL,Dry/General Bulk,76000 MT,76000,DISCHARGE,26-08-2026,26-08-2026,28-08-2026,,FEE GRADE,SMPL/INFINITY,
18-08-2026,PARADIP PORT,Waiting & Expected,,MV. ENDLESS HORIZON,,189.99/13.00,ROCK PHOSPHATE,Dry/General Bulk,56038 MT,56038,DISCHARGE,08/1624 HRS,,,HIGH SEAS,PPL,OSL,
18-08-2026,PARADIP PORT,Waiting & Expected,,MV. KANG SHUN,,189.90/12.42,ROCK PHOSPHATE,Dry/General Bulk,52500 MT,52500,DISCHARGE,15/1612 HRS,,,HIGH SEAS,PPL,OSL,
18-08-2026,PARADIP PORT,Waiting & Expected,,MT. ALDAN,,243.79/13.90,CRUDE OIL,Liquid/Chemical Bulk,93429 MT,93429,DISCHARGE,21/0600 HRS,,,HIGH SEAS,IOCL PLD,AGS,
18-08-2026,PARADIP PORT,Waiting & Expected,,MV. LILA MUNDRA,,190.00/,STEEL PLATES/COILS,Dry/General Bulk,44661 MT,44661,LOADING,17/1806 HRS,18-08-2026,24-08-2026,HIGH SEAS,JSPL,SPARTANS,SUB TO READINESS
18-08-2026,PARADIP PORT,Waiting & Expected,,MV. APJ INDRANI,,225.00/,THERMAL COAL,Dry/General Bulk,75000 MT,75000,LOADING,11/1454 HRS,18-08-2026,20-08-2026,HIGH SEAS,TNPGCL,SEAPORT,SUB TO READINESS
18-08-2026,PARADIP PORT,Waiting & Expected,,MV. APJ SHIRIN,,189.99/,THERMAL COAL,Dry/General Bulk,57000 MT,57000,LOADING,14/1800 HRS,19-08-2026,20-08-2026,KRISHNAPATNAM,APPDCL/SARAT,BOTHRA,SUB TO READINESS
18-08-2026,PARADIP PORT,Waiting & Expected,,MV. JABAL SAMHAN,,199.99/13.50,THERMAL COAL,Dry/General Bulk,63000 MT,63000,LOADING,18/0600 HRS,19-08-2026,20-08-2026,KAKINADA,"APGENCO/SCCPL, APGENCO/KCT",,SUB TO READINESS
18-08-2026,PARADIP PORT,Waiting & Expected,,MV. GREEN K MAX 2,,229.00/14.45,THERMAL COAL,Dry/General Bulk,65000 MT,65000,LOADING,18/1700 HRS,19-08-2026,20-08-2026,ENNORE,OPG,SEA SHIPS,SUB TO READINESS
18-08-2026,PARADIP PORT,Waiting & Expected,,MV. APJ ANGAD 2,,224.94/14.50,THERMAL COAL,Dry/General Bulk,75000 MT,75000,LOADING,18/1800 HRS,20-08-2026,21-08-2026,ENNORE,NTECL/SCCPL,,SUB TO READINESS
18-08-2026,PARADIP PORT,Waiting & Expected,,MV. GIORGAKIS,,229.00/,THERMAL COAL,Dry/General Bulk,79000 MT,79000,LOADING,19/0900 HRS,20-08-2026,21-08-2026,KRISHNAPATNAM,SEMBCORP,SCC(VSP),SUB TO READINESS
18-08-2026,PARADIP PORT,Waiting & Expected,,MV. JEWEL OF GOLD,,190.00/13.00,THERMAL COAL,Dry/General Bulk,35000 MT,35000,LOADING,20/0600 HRS,20-08-2026,21-08-2026,KRISHNAPATNAM,"APPDCL/SCCPL, APPDCL/KCT",,SUB TO READINESS
18-08-2026,PARADIP PORT,Waiting & Expected,,MV. CHOLA PROSPERITY,,225.00/14.50,THERMAL COAL,Dry/General Bulk,75000 MT,75000,LOADING,21/0600 HRS,21-08-2026,22-08-2026,KRISHNAPATNAM,APGENCO MBG,SSS,SUB TO READINESS
18-08-2026,PARADIP PORT,Waiting & Expected,,MV. CHOLA TREASURE,,225.00/,THERMAL COAL,Dry/General Bulk,69000 MT,69000,LOADING,22/1800 HRS,21-08-2026,22-08-2026,HIGH SEAS,TNPGCL,SEAPORT,SUB TO READINESS
18-08-2026,PARADIP PORT,Waiting & Expected,,MV TAN BINH 259,,175.53/9.50,STEEL COILS,Dry/General Bulk,25391 MT,25391,DISCHARGE,22/1625 HRS,19-08-2026,21-08-2026,BAHODOPI,JINDAL STAINLESS,SSS,SUB TO READINESS
18-08-2026,PARADIP PORT,Waiting & Expected,,MV. MAGIC ARIEL,,229.00/7.50,PIG IRON,Dry/General Bulk,66000 MT,66000,LOADING,09/1124 HRS,21-08-2026,25-08-2026,SINGAPORE,OMPL,J M BAXIMSPL,SUB TO READINESS
18-08-2026,PARADIP PORT,Waiting & Expected,,MV. DELAVITA,,229.00/7.50,PIG IRON,Dry/General Bulk,60500 MT,60500,LOADING,10/0130 HRS,22-08-2026,26-08-2026,SINGAPORE,RAMSARUP,GAC,SUB TO READINESS
18-08-2026,PARADIP PORT,Waiting & Expected,,MV. AM PROGRESS,,176.54/,STEEL SLAB,Dry/General Bulk,30000 MT,30000,LOADING,14/0536 HRS,25-08-2026,28-08-2026,NEWPORT,TATA,TMIL,SUB TO READINESS
18-08-2026,PARADIP PORT,Waiting & Expected,,MV. PROPEL PEACE,,179.99/,STEEL SLAB,Dry/General Bulk,31000 MT,31000,LOADING,19/0200 HRS,26-08-2026,29-08-2026,HIGH SEAS,TATA,TMIL,SUB TO READINESS
18-08-2026,PARADIP PORT,Waiting & Expected,,MV. MSC MAKOTO II,,175.49/7.50,CONTAINER,Container,350 MT,350,LOADING,19/1800 HRS,21-08-2026,22-08-2026,COLOMBO,MSC AGENGY,MSC AGENGY,CONTAINER PRIORITY
18-08-2026,PARADIP PORT,Waiting & Expected,,MV. PAULA TRADER,,179.90/7.43,STEEL SQUARE TUBES,Dry/General Bulk,4000 MT,4000,LOADING,21/1800 HRS,28-08-2026,29-08-2026,HOUSTON,APL APOLLO TUBES,,SUB TO READINESS
18-08-2026,PARADIP PORT,Waiting & Expected,,MV. NIKGENIOUS,,199.90/13.06,A. SULPHATE,Dry/General Bulk,31500 MT,31500,DISCHARGE,22/0600 HRS,29-08-2026,02-09-2026,XIUYU,HURL,ADMIRAL,SUB TO READINESS
18-08-2026,PARADIP PORT,Waiting & Expected,,MV. AP QUEEN,,110.67/8.77,FERRO NICKLE,Other,8250 MT,8250,DISCHARGE,22/1800 HRS,29-08-2026,30-08-2026,INDONESIA,JSL,PAREKH,SUB TO READINESS
18-08-2026,PARADIP PORT,Waiting & Expected,,MV. OTHONOI,,229.00/14.45,COKING COAL,Dry/General Bulk,79100 MT,79100,DISCHARGE,09/2054 HRS,18-08-2026,20-08-2026,ABBOT POINT,JSPL,JMS,SUB TO READINESS
18-08-2026,PARADIP PORT,Waiting & Expected,,MV. BRILLIANT ADVANCE,,228.99/14.53,COKING COAL,Dry/General Bulk,79300 MT,79300,DISCHARGE,15/0830 HRS,20-08-2026,22-08-2026,HAYPOINT,TATA,TMIL,SUB TO READINESS
18-08-2026,PARADIP PORT,Waiting & Expected,,MV. GRACE LOUISE,,228.99/14.38,COKING COAL,Dry/General Bulk,42000 MT,42000,DISCHARGE,15/0900 HRS,22-08-2026,23-08-2026,NORFOLK,TATA,TMIL,SUB TO READINESS
18-08-2026,PARADIP PORT,Waiting & Expected,,MV. GLORY LOONG,,224.95/13.86,COKING COAL,Dry/General Bulk,72667 MT,72667,DISCHARGE,16/0242 HRS,23-08-2026,25-08-2026,UST-LUGA,JSW/JSW JFE,SSS,SUB TO READINESS
18-08-2026,PARADIP PORT,Waiting & Expected,,MV. YPERION,,229.00/14.53,PCI COAL,Dry/General Bulk,47541 MT,47541,DISCHARGE,19/1200 HRS,25-08-2026,26-08-2026,LYTTELTO,TATA,TMIL,SUB TO READINESS
18-08-2026,PARADIP PORT,Waiting & Expected,,MV. SENTINEL,,200.00/,COAL,Dry/General Bulk,,,DISCHARGE,07/09/26 HRS,07-09-2026,09-09-2026,HIGH SEAS,VULCAN,SPARTANS,SUB TO READINESS
18-08-2026,PARADIP PORT,Waiting & Expected,,MV. ALASIA,,199.98/12.50,IRON ORE FINES,Dry/General Bulk,50000 MT,50000,LOADING,17/1310 HRS,,,MUMBAI,JSW,SSS,
18-08-2026,PARADIP PORT,Waiting & Expected,,MV. OCEAN WINNER,,225.00/14.35,IRON ORE FINES,Dry/General Bulk,73000 MT,73000,LOADING,05/2118 HRS,,,CHINA,OCL IRON,BOTHRA,
18-08-2026,PARADIP PORT,Waiting & Expected,,MV. OTHRYS,,199.99/13.32,IRON ORE FINES,Dry/General Bulk,62000 MT,62000,LOADING,19/0600 HRS,,,CHINA,RSPL,SSS,
18-08-2026,PARADIP PORT,Waiting & Expected,,MV. GEOSTAR,,199.98/13.10,IRON ORE FINES,Dry/General Bulk,57000 MT,57000,LOADING,19/0001 HRS,,,CHINA,BAGADIYA,SSS,
18-08-2026,PARADIP PORT,Waiting & Expected,,MV. AMNSI MAXIMUS,,229.00/14.00,IRON ORE PELLET,Dry/General Bulk,55000 MT,55000,LOADING,21/0600 HRS,,,HAJIRA,AMNSIL,SAMSARA,
18-08-2026,PARADIP PORT,Waiting & Expected,,MT. SOPRANO SERENE,,179.88/11.80,HSD/M.SPIRIT,Liquid/Chemical Bulk,19500 MT,19500,DISCHARGE,01/1000 HRS,,,HALDIA,BPCL,AGS,
18-08-2026,PARADIP PORT,Waiting & Expected,,MT. NOVA BREEZE,,180.00/10.40,AMMONIA,Liquid/Chemical Bulk,25000 MT,25000,DISCHARGE,03/0812 HRS,,,HIGHSEAS,IFFCO/PPL,J M BAXIMSPL,
18-08-2026,PARADIP PORT,Waiting & Expected,,MT. FAIRWAY,,274.00/7.70,NAPTHA,Other,14000 MT,14000,LOADING,11/0742 HRS,,,HIGHSEAS,IOCL,AGS,
18-08-2026,PARADIP PORT,Waiting & Expected,,MT. MANASAROVAR,,226.00/11.60,BUTANE/PROPANE,Liquid/Chemical Bulk,22700 MT,22700,DISCHARGE,16/0624 HRS,,,HIGHSEAS,IOCL,ISIPL,
18-08-2026,PARADIP PORT,Waiting & Expected,,MT. HARI PRIYA,,183.00/,HSD,Liquid/Chemical Bulk,35000 MT,35000,DISCHARGE,18/1000 HRS,,,CHENNAI,IOCL,AGS,
18-08-2026,PARADIP PORT,Waiting & Expected,,MT. BW POLARIS,,229.90/12.22,BUTANE/PROPAN,Liquid/Chemical Bulk,20000 MT,20000,DISCHARGE,21/1000 HRS,,,NEW MANGALORE,IOCL,WILHELMSEN,
18-08-2026,PARADIP PORT,Waiting & Expected,,MV. YM MASCOT,,228.95/,HARD COAL,Dry/General Bulk,43945 MT,43945,DISCHARGE,14/2042 HRS,18-08-2026,21-08-2026,NEWPORT,SAIL,SSS,MPB/SHIFTS SQ 20.08.2026
18-08-2026,PARADIP PORT,Waiting & Expected,,MV. GREEK SEAS,,229.00/,LIME STONE,Other,40000 MT,40000,DISCHARGE,14/2354 HRS,19-08-2026,21-08-2026,FANGCHEN,TATA,TMIL,CQ-1
18-08-2026,PARADIP PORT,Waiting & Expected,,MV. GLORY LOONG,,224.95/13.86,COKING COAL,Dry/General Bulk,72667 MT,72667,DISCHARGE,16/0242 HRS,20-08-2026,23-08-2026,UST-LUGA,JSW/JSW JFE,SSS,MPB
18-08-2026,PARADIP PORT,Waiting & Expected,,MV. DDS MARINA,,126.80/9.10,AMMONIUM NITRATE,Other,11327 MT,11327,DISCHARGE,16/1030 HRS,18-08-2026,22-08-2026,NAKHODA,SPECIAL,SRAVAN,CQ-3
18-08-2026,PARADIP PORT,Waiting & Expected,,MV. RISOLUTO,,228.90/14.50,LIME STONE,Other,40000 MT,40000,DISCHARGE,16/2324 HRS,20-08-2026,22-08-2026,ZHANGJIAN,TATA,TMIL,CQ-2
18-08-2026,PARADIP PORT,Waiting & Expected,,MV. THERESA PRIDE,,199.99/13.39,DOLOMITE,Dry/General Bulk,60500 MT,60500,DISCHARGE,19/1300 HRS,21-08-2026,24-08-2026,KHANOM,TATA,TMIL,CQ-1
18-08-2026,PARADIP PORT,Waiting & Expected,,MV. PHC SURYA,,118.00/,GYPSUM,Dry/General Bulk,10000 MT,10000,LOADING,20/0600 HRS,21-08-2026,22-08-2026,NAKHODA,SMPL,OSL,SQ
18-08-2026,PARADIP PORT,Waiting & Expected,,MV. SUNRISE I,,228.90/14.46,COKING COAL,Dry/General Bulk,33000 MT,33000,DISCHARGE,21/0600 HRS,22-08-2026,24-08-2026,KEMBLA,JSW JFE,GPR MARITIME,CQ-2
18-08-2026,PARADIP PORT,Waiting & Expected,,"PRIORITY BERTHING ALLOWED FOR ALL IMPORT/EXPORT DRY BULK CARGO TO M/S. JSPL, TATA, JSW SAMBALPUR AT GCB.",,,,Other,,,,,,,,,,
18-08-2026,PARADIP PORT,Waiting & Expected,,"VESSEL WHICH CAN NOT PERFORM AS THE REQUIRED PORT NORMS, SHE WILL BE SHIFTED TO ROADS AND HER BERTHING WILL BE DECIDED AS THE LAST VESSEL ON SERIAL.",,,,Other,,,,,,,,,,
18-08-2026,PARADIP PORT,Waiting & Expected,,"MAXIMUM OF TWO COASTAL VESSELS WILL BE TAKEN AT A TIME IN THE CONVENTIONAL BERTH W.E.F 07-OCT-2018,TILL FURTHER ORDER",,,,Other,,,,,,,,,,
18-08-2026,KAKINADA,Waiting,,M.T. ORCHID SYLT,,,SULPHURIC ACID,Liquid/Chemical Bulk,20500,20500,,14-08-2026,,,,CIL,SEAPHOENIX,
18-08-2026,KAKINADA,Waiting,,M.V. MAGPIE SW,,,ALUMINA,Dry/General Bulk,31500,31500,,17-08-2026,,,,VEDANTA & BALCO,CHOWGULE,
18-08-2026,KAKINADA,Waiting,,SAILED VESSELS::,,,,Other,,,,,,,,,,
18-08-2026,KAKINADA,Waiting,,M.V.ZURICH STAR,,,,Other,,,,10-08-2026,,,,,,
18-08-2026,KAKINADA,Waiting,,M.V.JAL KUMUD,,,,Other,,,,20-07-2026,,,,,,
18-08-2026,KAKINADA,Waiting,,M.V. ECO CZAR,,,,Other,,,,12-08-2026,,,,,,
18-08-2026,KAKINADA,Waiting,,M.V. BLOOM HALO,,,,Other,,,,11-08-2026,,,,,,
18-08-2026,KAKINADA,Waiting,,M.V.ATHOS,,,,Other,,,,05-08-2026,,,,,,
18-08-2026,KAKINADA,Expected,,M.V. CHOLA ETERNITY,,,COAL,Dry/General Bulk,49535,49535,,18-08-2026,,,,INDIA COKE AND POWER,GLORY FAITH,
18-08-2026,KAKINADA,Expected,,M.T. DALMACIJA,,,EDIBLE OIL,Other,15000,15000,,19-08-2026,,,,GEMINI,INTEROCEAN,
18-08-2026,KAKINADA,Expected,,M.T. DX PIONEER,,,EDIBLE OIL,Other,13000,13000,,19-08-2026,,,,"GEMINI , NAVABHARAT PATANJALI SANTHOSHIMATHAA",SEAPORT SERVICES,
18-08-2026,KAKINADA,Expected,,M.V. SEA LYRA,,,MOP,Other,28000,28000,,19-08-2026,,,,CHAMBAL,BOTHRA,
18-08-2026,KAKINADA,Expected,,M.V. LILA SEOUL,,,COAL,Dry/General Bulk,75000,75000,,19-08-2026,,,,AP GENCO,SARAT CHATTERJEE,
18-08-2026,KAKINADA,Expected,,M.V.DEBBIE,,,DRILLING EQUIPEMENT,Other,133,133,,19-08-2026,,,,"SCHLUMBERGER, SUBENO INDIA",PAREKH,
18-08-2026,KAKINADA,Expected,,M.V.ODELMAR,,,UREA,Other,23000,23000,,19-08-2026,,,,CIL,ALAP,
18-08-2026,KAKINADA,Expected,,M.V. MILAS,,,ROCK PHOSPHATE,Dry/General Bulk,47900,47900,,20-08-2026,,,,CIL,RDS OIL & GAS,
18-08-2026,KAKINADA,Expected,,M.V.AQUASTAR,,,IRON ORE,Dry/General Bulk,60000,60000,,20-08-2026,,,,LLOYDS METALS,BOTHRA,
18-08-2026,KAKINADA,Expected,,M.T. AZALEA,,,METHANOL,Other,4500,4500,,21-08-2026,,,,KLJ RESOURCES,GAC,
18-08-2026,KAKINADA,Expected,,M.T.GLOBAL JUPITER,,,EDIBLE OIL,Other,5000,5000,,22-08-2026,,,,AWL AGRI,SEAPORT,
18-08-2026,KAKINADA,Expected,,M.T.ANANTA,,,FURNACE OIL,Liquid/Chemical Bulk,3500,3500,,22-08-2026,,,,IOCL,INTEROCEAN,
18-08-2026,KAKINADA,Expected,,M.T. SWARNA MALA,,,"DIESEL, MOTOR SPIRIT",Liquid/Chemical Bulk,5654 946,,,22-08-2026,,,,RIL,ATLANTIC,
18-08-2026,KAKINADA,Expected,,M.V.JIU XU36,,,AMMONIUM SULPHATE,Dry/General Bulk,33000,33000,,23-08-2026,,,,HINDUSTAN URVAK,PRAVV SHIPPING,
18-08-2026,KAKINADA,Expected,,M.V. SALT LAKE,,,NPK,Other,65992,65992,,24-08-2026,,,,CIL,CROSS TRADE,
18-08-2026,KAKINADA,Expected,,M.V.RISHABH,,,,Other,,,,05-02-2026,,,,,,
18-08-2026,GANGAVARAM,Working,B5,MV AURIGA STAR,,,ANTHRACITE COAL,Dry/General Bulk,80090,80090,,18-08-2026,B5,19-08-2026,,JSW,SEATRANS,
18-08-2026,GANGAVARAM,Working,B6,MV SIAN,,,COKING COAL,Dry/General Bulk,78000,78000,,18-08-2026,B6,20-08-2026,,NMDC,ESDI,MECHNICAL CONCEYOR DISCH BERTH
18-08-2026,GANGAVARAM,Working,B7,MV AP PETKA,,,SODA ASH,Dry/General Bulk,25052,25052,,17-08-2026,B7,23-08-2026,,INTEGRAL,SRINIVASA,MANUAL BERTH / SHIP CRANES
18-08-2026,GANGAVARAM,Working,B9,MV LIA,,,STEEL BILLETS,Dry/General Bulk,39720.74,39720.74,,12-08-2026,B9,22-08-2026,,RINL,SPARTANS,CONTAINER BERTH
18-08-2026,GANGAVARAM,Expected,B2,MV CHOLA LEGACY,,,THERMAL COAL,Dry/General Bulk,76000,76000,,18-08-2026,B2,20-08-2026,COASTAL,TANGEDCO,SEAPORT,
18-08-2026,GANGAVARAM,Expected,B4,MV ZAHAB JAHAN I,,,IRON ORE FINES,Dry/General Bulk,55000,55000,,18-08-2026,B4,21-08-2026,,KIOCL,VYAASA TRADING,
18-08-2026,GANGAVARAM,Expected,B4,MV ERACLEA,,,IRON ORE FINES,Dry/General Bulk,55000,55000,,19-08-2026,B4,22-08-2026,,KIOCL,ACT INFRAPORT,
18-08-2026,GANGAVARAM,Expected,B5,MV VISHVA NIDHI,,,THERMAL COAL,Dry/General Bulk,76000,76000,,20-08-2026,B5,22-08-2026,,RINL,SEAWAYS,
18-08-2026,GANGAVARAM,Expected,B1/B7,MV AL MANHAL,,,CP COKE,Dry/General Bulk,16500,16500,,22-08-2026,B1/B7,,,VEDANTA,SPARTANS,
18-08-2026,VISAKHAPATNAM,Working,OB-2,MV GCL YAMUNA,,,IRON ORE PELLETS,Dry/General Bulk,105000,105000,L,18-08-2026,OB-2,19-08-2026,,,JYOTHI,
18-08-2026,VISAKHAPATNAM,Working,VGCB,MV ALPHA TROPHY,,,BAUXITE IN BULK,Dry/General Bulk,198041,198041,D,06-08-2026,VGCB,18-08-2026,,,IMPERIAL,
18-08-2026,VISAKHAPATNAM,Working,CB-1,MV NAVIOS BAHAMAS,,,CONTAINERS,Container,20000,20000,D/L,18-08-2026,CB-1,19-08-2026,,,UNIFEEDEER,
18-08-2026,VISAKHAPATNAM,Working,CB-3,MV MOGRAL,,,CONTAINERS,Container,46123,46123,D/L,17-08-2026,CB-3,18-08-2026,,,SIMA MARINE,
18-08-2026,VISAKHAPATNAM,Working,SPM,MT MARAN AJAX,,,CRUDE OIL,Liquid/Chemical Bulk,326527,326527,D,16-08-2026,SPM,19-08-2026,,,ATLANTIC,
18-08-2026,VISAKHAPATNAM,Working,LPG,LPG/C ETERNAL GLORY,,,LPG,Other,22000,22000,D,12-08-2026,LPG,19-08-2026,,,BOTHRA,
18-08-2026,VISAKHAPATNAM,Working,AVCTPL[EQ-1A],MV KATERINA III,,,M.COKE & NUT COKE,Dry/General Bulk,30265,30265,D,13-08-2026,AVCTPL[EQ-1A],19-08-2026,,,GAC,
18-08-2026,VISAKHAPATNAM,Working,[EQ-1] (ADANI),MV BAO CHANG,,,ROCK PHOSPHATE,Dry/General Bulk,48500,48500,D,14-08-2026,[EQ-1] (ADANI),21-08-2026,,,RDS OIL & GAS,
18-08-2026,VISAKHAPATNAM,Working,EQ-3,MV DONG FANG WEI YE,,,ALUMINA IN BAGS,Dry/General Bulk,31500,31500,L,12-08-2026,EQ-3,20-08-2026,,,ESHWAR,SHIFTED FROM EQ-3 TO WQ-5
18-08-2026,VISAKHAPATNAM,Working,EQ-4,MV NESTORS,,,UREA,Other,55000,55000,D,11-08-2026,EQ-4,20-08-2026,,,INTEROCEAN,
18-08-2026,VISAKHAPATNAM,Working,EQ-6,MV AFRICAN PEACOCK,,,C.P.COKE,Dry/General Bulk,16450,16450,L,16-08-2026,EQ-6,22-08-2026,,,ESHWAR,
18-08-2026,VISAKHAPATNAM,Working,EQ-8 (VSPL),MV YU YAN,,,COKING COAL,Dry/General Bulk,47600,47600,D,15-08-2026,EQ-8 (VSPL),18-08-2026,,,SAMSARA,
18-08-2026,VISAKHAPATNAM,Working,EQ-9 (VSPL),MV THEOSKEPASTI,,,STEAM COAL,Dry/General Bulk,71670,71670,D,14-08-2026,EQ-9 (VSPL),19-08-2026,,,SEATRANS,
18-08-2026,VISAKHAPATNAM,Working,WQ-1 RE,MV HAI DUONG 68,,,STEEL CARGO,Dry/General Bulk,5396.5460000000003,5396.546,L,13-08-2026,WQ-1 RE,20-08-2026,,,SPARTANS,
18-08-2026,VISAKHAPATNAM,Working,WQ-1,MV CHOLA SERENITY,,,THERMAL COAL,Dry/General Bulk,75200,75200,L,15-08-2026,WQ-1,19-08-2026,,,SEAPORT,
18-08-2026,VISAKHAPATNAM,Working,WQ-2,MV ACHILLEAS S,,,MANGANESE ORE,Dry/General Bulk,38831,38831,D,11-08-2026,WQ-2,19-08-2026,,,GAC,
18-08-2026,VISAKHAPATNAM,Working,WQ-3,DREDGING FOR 2 DAYS,,,,Other,,,,,WQ-3,,,,,
18-08-2026,VISAKHAPATNAM,Working,WQ-4,MV PAULA TRADER,,,FERRO MANGANESE & STEEL CARGO,Dry/General Bulk,23750,23750,L,12-08-2026,WQ-4,21-08-2026,,,SAIANS,
18-08-2026,VISAKHAPATNAM,Working,WQ-5,MV INFINITY,,,ALUMINA POWDER IN BULK,Dry/General Bulk,30600,30600,L,12-08-2026,WQ-5,18-08-2026,,,RVSS,SAILED
18-08-2026,VISAKHAPATNAM,Working,WQ-6,MV ATP FORTUNE,,,MANGANESE ORE,Dry/General Bulk,23500,23500,D,17-08-2026,WQ-6,19-08-2026,,,K.R.SONS,
18-08-2026,VISAKHAPATNAM,Working,WQ-7,Handed over to m/s VMBCTPL for projecdt development,,,,Other,,,,,WQ-7,,,,,
18-08-2026,VISAKHAPATNAM,Working,OR-1,OR -1 Berth spared for Revamping by CE department,,,,Other,,,,,OR-1,,,,,
18-08-2026,VISAKHAPATNAM,Working,OR-2,MT KESTREL,,,VSLFO & NFO,Other,14982,14982,D,17-08-2026,OR-2,19-08-2026,,,HARIKA,
18-08-2026,VISAKHAPATNAM,Working,OR-3,MT RADHA MOHAN,,,BITUMEN,Other,4188,4188,L,15-08-2026,OR-3,18-08-2026,,,ATLANTIC,
18-08-2026,VISAKHAPATNAM,Working,F.B,LPG/C. SEARMBLER,,,ANDHROUS AMMONIA,Liquid/Chemical Bulk,10000,10000,D,17-07-2026,F.B,19-08-2026,,,GAC,
18-08-2026,VISAKHAPATNAM,Waiting,1,MV PANDA,,,ALUMINA IN BULK,Dry/General Bulk,33000,33000,L,13-08-2026,1,,,,INTEROCEAN,
18-08-2026,VISAKHAPATNAM,Waiting,2,MV OAK ANTON,,,NUT COKE IN BULK,Dry/General Bulk,17700,17700,D,14-08-2026,2,,,,NAVSHIP,
18-08-2026,VISAKHAPATNAM,Waiting,3,MV SSI IRRSISTIBLE,,,AMMONIUM SULPHTE IN BULK,Other,40500,40500,D,15-08-2026,3,,,,SEATRANS,
18-08-2026,VISAKHAPATNAM,Waiting,4,MV ODELMAR,,,UREA,Other,10000,10000,D,16-08-2026,4,,,,ALAP,
18-08-2026,VISAKHAPATNAM,Waiting,5,MV DARLEAKAY,,,MANGANESE ORE,Dry/General Bulk,25000,25000,D,16-08-2026,5,,,,BOTHRA,
18-08-2026,VISAKHAPATNAM,Waiting,6,MV GLORIEUSE,,,STEEL BLOOMS,Dry/General Bulk,20000,20000,L,17-08-2026,6,,,,BENLINES,
18-08-2026,VISAKHAPATNAM,Waiting,7,MV TATEV,,,ALUMINA IN BAGS,Dry/General Bulk,31500,31500,L,18-08-2026,7,,,,INTEROCEAN,RE-ANCH
18-08-2026,VISAKHAPATNAM,Waiting,8,MT HAFINA MYNA,,,FURNACE OIL,Liquid/Chemical Bulk,33000,33000,L,18-08-2026,8,,,,INTEROCEAN,
18-08-2026,VISAKHAPATNAM,Waiting,9,MV CYMONA OCEAN,,,COKING COAL,Dry/General Bulk,79430,79430,D,18-08-2026,9,,,,ORISSA STEVEDORES LTD,
18-08-2026,VISAKHAPATNAM,Expected,,MV SEA TOPAZ,,,ALUMINA IN BULK,Dry/General Bulk,31500,31500,L,19-08-2026,,,,,INTEROCEAN,
18-08-2026,VISAKHAPATNAM,Expected,,MV AGRAFA,,,MANGANESE ORE,Dry/General Bulk,35596,35596,D,19-08-2026,,,,,BOTHRA,
18-08-2026,VISAKHAPATNAM,Expected,,MV CHOLA UNITY,,,LIME STONE,Other,45000,45000,D,19-08-2026,19-08-2026,,,,GLORY FAITH,
18-08-2026,VISAKHAPATNAM,Expected,,MV ULSAN VOYAGER,,,CONTAINERS,Container,300,300,D/L,19-08-2026,19-08-2026,,,,PAREKH,
18-08-2026,VISAKHAPATNAM,Expected,,MV MEDWAY SPIRIT,,,CP COKE,Dry/General Bulk,15000,15000,L,20-08-2026,,,,,ESHWAR,
18-08-2026,VISAKHAPATNAM,Expected,,MV STAR COPENHAGEN,,,UREA,Other,54266,54266,D,20-08-2026,,,,,CROSS TRADING,
18-08-2026,VISAKHAPATNAM,Expected,,MV SHIN SHUN,,,STEAM COAL,Dry/General Bulk,56836,56836,D,20-08-2026,,,,,SEATRANS,
18-08-2026,VISAKHAPATNAM,Expected,,MV HARILAOS JUNIOR,,,BAUXITE IN BULK,Dry/General Bulk,58523,58523,D,20-08-2026,,,,,IMPERIAL,
18-08-2026,VISAKHAPATNAM,Expected,,MV SITC CEBU,,,CONTAINERS,Container,11200,11200,D/L,20-08-2026,,,,,ELS,
18-08-2026,VISAKHAPATNAM,Expected,,MV MSC PATNAREE III,,,CONTAINERS,Container,22500,22500,D/L,20-08-2026,,,,,MSC LINES,
18-08-2026,VISAKHAPATNAM,Expected,,MV GCL SABARMATI,,,IRON ORE PELLETS,Dry/General Bulk,105000,105000,L,21-08-2026,,,,,JYOTHI,
18-08-2026,VISAKHAPATNAM,Expected,,MV CRIMSON GLORY,,,MANGANESE ORE,Dry/General Bulk,27089,27089,D,21-08-2026,,,,,INTEGRAL,
18-08-2026,VISAKHAPATNAM,Expected,,MV NORDTIGRIS,,,LENTILS IN BULK,Other,10000,10000,D,21-08-2026,,,,,SEAVISION,
18-08-2026,VISAKHAPATNAM,Expected,,MV SPIRIT OF KOBE,,,CP COKE,Dry/General Bulk,20000,20000,L,22-08-2026,,,,,ESHWAR,
18-08-2026,VISAKHAPATNAM,Expected,,MV PIONEER KIRA,,,"STONE AGGREGATE,CEMENT & GENERAL CARGO",Dry/General Bulk,20000,20000,L,22-08-2026,,,,,FAIRMACS,
18-08-2026,VISAKHAPATNAM,Expected,,MV SSI CONQUEST,,,TSP & DAP,Other,52700,52700,D,22-08-2026,,,,,BOTHRA,
18-08-2026,VISAKHAPATNAM,Expected,,MV LILA SEOUL,,,IRON ORE PELLETS,Dry/General Bulk,75000,75000,L,23-08-2026,,,,,JYOTHI,
18-08-2026,VISAKHAPATNAM,Expected,,MV MINI ATLAS,,,MANGANESE ORE,Dry/General Bulk,4800,4800,L,23-08-2026,,,,,GAC,
18-08-2026,VISAKHAPATNAM,Expected,,MT VARI TRADER,,,SULPHURIC ACID,Liquid/Chemical Bulk,18500,18500,D,23-08-2026,,,,,SAMUDRA,
18-08-2026,VISAKHAPATNAM,Expected,,MT SWARNA MALA,,,HSD & MS,Liquid/Chemical Bulk,8097,8097,D,23-08-2026,,,,,ATLANTIC,
18-08-2026,VISAKHAPATNAM,Expected,,MT SAKURA CREST,,,METHONAL,Other,9794,9794,D,24-08-2026,,,,,ATLANTIC,
18-08-2026,VISAKHAPATNAM,Expected,,MV SM MANALI,,,CONTAINERS,Container,40000,40000,D/L,24-08-2026,,,,,SIMA MARINE,
18-08-2026,VISAKHAPATNAM,Expected,,MV QI XIA SHAN,,,GRANITE BLOCKS,Other,12000,12000,L,25-08-2026,,,,,PUYVAST,
18-08-2026,VISAKHAPATNAM,Expected,,MV FUBAO,,,COKING COAL,Dry/General Bulk,44000,44000,D,25-08-2026,,,,,INTEGRAL,
18-08-2026,VISAKHAPATNAM,Expected,,MV DP WORLD THAMIRABARANI,,,CONTAINERS,Container,8500,8500,D/L,25-08-2026,,,,,UNIFEEDEER,
18-08-2026,VISAKHAPATNAM,Expected,,MV DP WORLD GODAVARI,,,CONTAINERS,Container,15000,15000,D/L,25-08-2026,,,,,UNIFEEDEER,
18-08-2026,VISAKHAPATNAM,Expected,,MV HALDI,,,"STONE AGGREGATE ,CEMENT & GENERAL CARGO",Dry/General Bulk,5000,5000,L,26-08-2026,,,,,FAIRMACS,
18-08-2026,VISAKHAPATNAM,Expected,,MV JPS BARCELONA,,,DAP,Other,52552,52552,D,26-08-2026,,,,,ANLINE SHIPPING,
18-08-2026,VISAKHAPATNAM,Expected,,MV NORSE MOBILE,,,FERRO MANGANESE & STEEL CARGO,Dry/General Bulk,29200,29200,L,27-08-2026,,,,,SAIANS,
18-08-2026,VISAKHAPATNAM,Expected,,MT TG TAURAS,,,PHOSPHERIC ACID,Other,10260,10260,D,27-08-2026,,,,,RDS OIL,
18-08-2026,VISAKHAPATNAM,Expected,,MV FREE SAILING,,,PET COKE,Dry/General Bulk,31044,31044,D,29-08-2026,,,,,SAI SAMRAT,
18-08-2026,VISAKHAPATNAM,Expected,,MV SSL SABARIMALAI,,,CONTAINERS,Container,8500,8500,D/L,29-08-2026,,,,,UNIFEEDEER,
18-08-2026,VISAKHAPATNAM,Expected,,MV SSL KRISHNA,,,CONTAINERS,Container,12000,12000,D/L,29-08-2026,,,,,UNIFEEDEER,
18-08-2026,VISAKHAPATNAM,Expected,,MV OCEAN ROYAL,,,MANGANESE ORE,Dry/General Bulk,30650,30650,D,31-08-2026,,,,,BOTHRA,
18-08-2026,VISAKHAPATNAM,Expected,,MV MOGRAL,,,CONTAINERS,Container,40000,40000,D/L,31-08-2026,,,,,SIMA MARINE,
18-08-2026,VISAKHAPATNAM,Expected,,MV SPIRIT OF SEATREK,,,MANGANESE ORE,Dry/General Bulk,22550,22550,D,03-09-2026,,,,,BOTHRA,
18-08-2026,VISAKHAPATNAM,Expected,,MV MILAS,,,ROCK PHOSPHATE,Dry/General Bulk,47900,47900,D,21-08-2026,,,,,RDS OIL,
21-08-2026,KARAIKAL,Working,I,MV. BAO RUN,,,UREA,Other,42000,42000,IMP,18-08-2026,18-08-2026,22-08-2026,,,,
21-08-2026,KARAIKAL,Working,II,MV. HAI DUONG 36,,,CALCITE,Other,10200,10200,IMP,21-08-2026,21-08-2026,23-08-2026,,,,
21-08-2026,KARAIKAL,Working,III,MV. APJ SETHU,,,COAL,Dry/General Bulk,80147,80147,IMP,18-08-2026,18-08-2026,21-08-2026,,,,
21-08-2026,KARAIKAL,Expected,,MV. MARINE FORTUNE I,,,COAL,Dry/General Bulk,71314,71314,IMP,21-08-2026,22-08-2026,24-08-2026,,,,
21-08-2026,KARAIKAL,Expected,,MV. LADY ANNE,,,COAL,Dry/General Bulk,77000,77000,IMP,28-08-2026,28-08-2026,30-08-2026,,,,
21-08-2026,GOPALPUR,Working,MPB-1,MV C FORCE,,,LIMESTONE,Dry/General Bulk,78419,78419,D,19-08-2026,19-08-2026,23-08-2026,,,SEATRANS / BENLINE,
21-08-2026,GOPALPUR,Working,MPB-2,MV LH ANTHEA,,,LIMESTONE,Dry/General Bulk,74509,74509,D,19-08-2026,21-08-2026,25-08-2026,,,BENLINE,
21-08-2026,GOPALPUR,Waiting,MPB-1,MV MOSKHA,,,IRON ORE FINES,Dry/General Bulk,54880,54880,L,20-08-2026,23-08-2026,26-08-2026,,,NAVSHIP,
21-08-2026,CHENNAI,Working,JD1,AL UDEID,,,S PILES,Other,5395,5395,D,20-08-2026,20-08-2026,24-08-2026,,,SEAHORSE,
21-08-2026,CHENNAI,Working,JD3,BRIGHT STAR,,,ST.COILS/HR.COILS/ST.BAR/ST.PLATES,Dry/General Bulk,7702/5498/696/306,,D,20-08-2026,20-08-2026,22-08-2026,,,SAMSARA,
21-08-2026,CHENNAI,Working,JD6,SATURN,,,STEEL COIL,Dry/General Bulk,1673,1673,D,19-08-2026,19-08-2026,21-08-2026,,,UNITRANS,
21-08-2026,CHENNAI,Working,BD2,FORTUNE GLORY,,,CSFOIL,Other,8000,8000,D,18-08-2026,19-08-2026,21-08-2026,,,,
21-08-2026,CHENNAI,Waiting,,AST RISING,,,IMDG CONT,Other,98,98,L,12-08-2026,23-08-2026,25-08-2026,,,PEARL,
21-08-2026,CHENNAI,Expected,JD1/SQ1,HT LOTUS,,,FLOU,Other,10000,10000,D,27-08-2026,27-08-2026,29-08-2026,,,SEAGREEN,
21-08-2026,CHENNAI,Expected,JD2/4/6,BANGLAR JOYJATRA,,,BARITES,Other,19000,19000,L,28-08-2026,28-08-2026,30-08-2026,,,GENID,
21-08-2026,ENNORE,Working,CB1,Chennai Valarchi,,,T COAL,Dry/General Bulk,75000,75000,D,18-08-2026,CB1,22-08-2026,,,SEAPORT,COASTAL
21-08-2026,ENNORE,Working,CB2,Jal Vaibhav,,,T COAL,Dry/General Bulk,75000,75000,D,19-08-2026,CB2,22-08-2026,,,SEAPORT,
21-08-2026,ENNORE,Working,MLT,Prime Grandeur,,,HSD/MSO,Liquid/Chemical Bulk,19000,19000,D,19-08-2026,MLT,21-08-2026,,,GREAT,
21-08-2026,ENNORE,Working,ECTPL,SUNRISE I,,,S COAL,Dry/General Bulk,40952,40952,D,15-08-2026,ECTPL,20-08-2026,,,PEARL,
21-08-2026,ENNORE,Working,EBTPL,SHENLI,,,BARYTES,Other,54000,54000,L,15-08-2026,EBTPL,22-08-2026,,,EVERWIN,
21-08-2026,ENNORE,Waiting,ECTPL,SUNRISE I,,,S COAL,Dry/General Bulk,40952,40952,D,15-08-2026,RVRT,RVRT,,,PEARL,
21-08-2026,ENNORE,Waiting,ECTPL,STAR EVA,,,S COAL,Dry/General Bulk,103901,103901,D,15-08-2026,RVT,RVRT,,,MERCHANT,
21-08-2026,ENNORE,Waiting,ECTPL,Venus Star,,,S COAL,Dry/General Bulk,78547,78547,D,16-08-2026,RVRT,RVRT,,,GAC,
21-08-2026,ENNORE,Waiting,EBTPL,Fortune Sunshine,,,L.STONE,Other,71037,71037,D,18-08-2026,22-08-2026,25-08-2026,,,PEARL,
21-08-2026,ENNORE,Waiting,ECTPL,Vishva Jyoti,,,T.COAL,Dry/General Bulk,68500,68500,D,19-08-2026,RVRT,RVRT,,,SEAGREEN,COASTAL
21-08-2026,ENNORE,Expected,GCB,PRIMROSE ACE,,,AUTOMOBILE,Other,2100,2100,L,20-08-2021,21-08-2026,22-08-2026,,,MOL,
21-08-2026,ENNORE,Expected,GCB,Jasper Arrow,,,AUTOMOBILE,Other,900,900,L,24-08-2026,24-08-2026,25-08-2026,,,K STEAM,
21-08-2026,ENNORE,Expected,GCB,EUPHRATE HIGHWAY,,,AUTOMOBILE,Other,600,600,L,28-08-2026,28-08-2026,29-08-2026,,,JM BAXI,
21-08-2026,ENNORE,Expected,GCB,HOEGH TROOPER,,,AUTOMOBILE,Other,800,800,L,31-08-2026,31-08-2026,01-09-2026,,,SAMSARA,
21-08-2026,KRISHNAPATNAM,Working,LB,MT SWARNA KALASH,,,MS & HSD,Liquid/Chemical Bulk,37859.964,37859.964,D,21-08-2026,21-08-2026,22-08-2026,COCHIN,,SAMSARA SHIPPING PVT LTD,
21-08-2026,KRISHNAPATNAM,Working,WB-2,MV CAPT EUGENE,,,TSP FERTILIZER,Dry/General Bulk,34262,34262,D,16-08-2026,16-08-2026,22-08-2026,MOROCCO,,ATLANTIC GLOBAL SHIPPING PVT LTD,
21-08-2026,KRISHNAPATNAM,Working,S4,MV VOSCO OCEAN,,,COAL,Dry/General Bulk,56200,56200,D,19-08-2026,19-08-2026,21-08-2026,PARADIP,,SEATRANS MARINE PVT LTD.,
21-08-2026,KRISHNAPATNAM,Working,8,MV ANDROS SPIRIT,,,COAL,Dry/General Bulk,30000,30000,D,17-08-2026,20-08-2026,21-08-2026,"RICHARDS BAY, SOUTH AFRICA",,JYOTHI MARINE SERVICES PVT LTD- OPA GAC SHIPPING,
21-08-2026,KRISHNAPATNAM,Working,7,MV W-SAPPHIRE,,,COAL,Dry/General Bulk,75000,75000,D,19-08-2026,20-08-2026,23-08-2026,PARADIP,,GAC SHIPPING PVT LTD.,
21-08-2026,KRISHNAPATNAM,Working,6,MV AURIGA STAR,,,COAL,Dry/General Bulk,61367,61367,D,19-08-2026,20-08-2026,23-08-2026,RUSSIA,,SEATRANS MARINE PVT. LTD -OPA ATLANTIC GLOBAL SHIPPING PVT LTD,
21-08-2026,KRISHNAPATNAM,Working,5,MV WEI HE,,,LIMESTONE,Dry/General Bulk,77000,77000,D,20-08-2026,21-08-2026,24-08-2026,CHINA,,MERCHANT SHIPPING SERVICES PVT. LTD.,
21-08-2026,KRISHNAPATNAM,Working,4,MV LV DAISY,,,DAP,Other,31400,31400,D,17-08-2026,17-08-2026,21-08-2026,AQABA SEAPORT OF JORDAN,,SPARTANS MARINE SERVICES PRIVATE LIMITED,
21-08-2026,KRISHNAPATNAM,Working,3,MV WESER POINT,,,LIMESTONE,Dry/General Bulk,76200,76200,D,18-08-2026,20-08-2026,23-08-2026,CHINA,,MERCHANT SHIPPING SERVICES PVT. LTD.,
21-08-2026,KRISHNAPATNAM,Working,2,MV DIAMOND TRADER,,,COAL,Dry/General Bulk,46700,46700,D,18-08-2026,20-08-2026,23-08-2026,INDONESIA,,GAC SHIPPING-OPA/ JYOTHI MARINE SERVICES PVT LTD-CA,
21-08-2026,KRISHNAPATNAM,Working,1,MV POLYDEFKIS,,,METCOKE,Dry/General Bulk,46700,46700,D,19-08-2026,20-08-2026,23-08-2026,INDONESIA,,WALTERR CUMINNS SHIPPING SERVICES VRC-SLR METALIKS LTD,
21-08-2026,KRISHNAPATNAM,Waiting,2,MV XIN CHEN HAI YANG,,,SHIP UNLOADERS,Other,4098.8469999999998,4098.847,D,19-08-2026,23-08-2026,27-08-2026,CHINA,,SAMSARA SHIPPING PVT LTD,
21-08-2026,KRISHNAPATNAM,Waiting,7,MV DECCAN PRIDE,,,COAL,Dry/General Bulk,73700,73700,D,20-08-2026,23-08-2026,25-08-2026,PARADIP,,"J M BAXI MARINE SERVICES PRIVATE LIMITED,",
21-08-2026,KRISHNAPATNAM,Waiting,4,MV SUN ISLAND,,,COAL,Dry/General Bulk,38230,38230,D,20-08-2026,21-08-2026,23-08-2026,"HAY POINT, AUSTRALIA",,ASSOCIATED SHIPPING SERVICES,
21-08-2026,KRISHNAPATNAM,Waiting,S4A,MV PAMPERO,,,COAL,Dry/General Bulk,40432,40432,D,21-08-2026,21-08-2026,24-08-2026,"MOBILE, USA",,SEATRANS MARINE PVT LTD.,
21-08-2026,KRISHNAPATNAM,Waiting,6,MV BAILIAN STAR,,,COAL,Dry/General Bulk,73100,73100,D,21-08-2026,23-08-2026,25-08-2026,,,GPR MARITIME AGENCIES.,
21-08-2026,KRISHNAPATNAM,Waiting,WB-2,MV CL DEMOCRACY,,,COAL,Dry/General Bulk,38498.97,38498.97,D,21-08-2026,23-08-2026,26-08-2026,USA,,PAREKH MARINE,
21-08-2026,KRISHNAPATNAM,Expected,S4,MV SKIATHOS,,,COAL,Dry/General Bulk,77070,77070,D,21-08-2026,22-08-2026,25-08-2026,PARADIP,,GAC SHIPPING PVT LTD.,
21-08-2026,KRISHNAPATNAM,Expected,WB-1,MV DARYA SHAAN,,,CEMENT,Dry/General Bulk,21000,21000,L,21-08-2026,21-08-2026,23-08-2026,COCHIN,,MBK LOGISTICS,
21-08-2026,KRISHNAPATNAM,Expected,WB-3,MT.TROMSO,,,CPO,Other,12000,12000,D,22-08-2026,23-08-2026,26-08-2026,INDONESIA,,SEAPORT SERVICES PVT.LTD,
21-08-2026,KRISHNAPATNAM,Expected,5,MV AFRICAN ISABELLE,,,COAL,Dry/General Bulk,62250,62250,D,22-08-2026,24-08-2026,26-08-2026,,,SARAT CHATTERJEE & CO (VSP) PVT LTD,
21-08-2026,KRISHNAPATNAM,Expected,WB-1,MT CHEM STAR,,,CPO,Other,9930.7430000000004,9930.743,D,22-08-2026,23-08-2026,24-08-2026,,,SUN SHIPPING AGENCY,
21-08-2026,KRISHNAPATNAM,Expected,4,MV CP GIXON,,,DAP,Other,49500,49500,D,23-08-2026,23-08-2026,27-08-2026,SAUDI ARABIA,,.INTEROCEAN SHIPPING (INDIA) PVT LTD,
21-08-2026,KRISHNAPATNAM,Expected,8,MV APJ SHIRIN,,,COAL,Dry/General Bulk,54950,54950,D,23-08-2026,23-08-2026,25-08-2026,PARADIP,,SARAT CHATTERJEE & CO (VSP) PVT LTD,
21-08-2026,KRISHNAPATNAM,Expected,7,MV GIORGAKIS,,,COAL,Dry/General Bulk,77770,77770,D,23-08-2026,25-08-2026,27-08-2026,PARADIP,,SARAT CHATTERJEE & CO (VSP) PVT LTD,
21-08-2026,KRISHNAPATNAM,Expected,8,MV RIPLEY PIONEER,,,COAL,Dry/General Bulk,70000,70000,D,24-08-2026,25-08-2026,27-08-2026,,,GAC SHIPPING PVT LTD.,
21-08-2026,KRISHNAPATNAM,Expected,5,MV GREAT TRIUMPH,,,LIMESTONE,Dry/General Bulk,75024,75024,D,24-08-2026,26-08-2026,28-08-2026,CHINA,,MERCHANT SHIPPING SERVICES PVT. LTD.,
21-08-2026,KRISHNAPATNAM,Expected,1,MV ELISAR,,,MOP,Other,35100,35100,D,24-08-2026,24-08-2026,27-08-2026,,,TAURUS SHIPPING,
21-08-2026,KRISHNAPATNAM,Expected,WB-1,MT.GLOBAL JUPITER,,,CPO,Other,9995.4189999999999,9995.419,D,25-08-2026,24-08-2026,26-08-2026,MALAYSIA,,SEAPORT SERVICES PVT.LTD,
21-08-2026,KRISHNAPATNAM,Expected,6,MV SEASON TRADER,,,COAL,Dry/General Bulk,78750,78750,D,25-08-2026,25-08-2026,27-08-2026,INDONESIA,,BEN LINE AGENCIES INDIA PVT LTD,
21-08-2026,KRISHNAPATNAM,Expected,5,MV MARAN TRANSPORTER,,,IRON ORE FINES,Dry/General Bulk,165905,165905,D,26-08-2026,28-08-2026,02-09-2026,,,GPR MARITIME AGENCIES.,
21-08-2026,KRISHNAPATNAM,Expected,6,MV MINERAL DEUTSCHLAND,,,IRON ORE FINES,Dry/General Bulk,195128,195128,D,26-08-2026,27-08-2026,02-09-2026,,,GPR MARITIME AGENCIES.,
21-08-2026,KRISHNAPATNAM,Expected,1,MV VITA MELODY,,,COAL,Dry/General Bulk,48871,48871,D,28-05-2026,28-05-2026,31-05-2026,INDONESIA,,JYOTHI MARINE,
21-08-2026,KATTUPALLI,Working,CB3,CL LINDY,,,DOLOMITE,Dry/General Bulk,60500,60500,D,17-08-2026,17-08-2026,24-08-2026,,,PEARL/SEAGREEN,
21-08-2026,KATTUPALLI,Expected,CB3,SCORPIO HONOUR,,,GYPSUM,Dry/General Bulk,56000,56000,D,22-08-2026,24-08-2026,28-08-2026,,,MINSOTRANS,
21-08-2026,SANDHEADS,Working,,PELOPIDAS,,G'LESS,REVERT,Other,,,,NOT READY,090600,REVERT,,,N/A,
21-08-2026,SANDHEADS,Working,,THERE ARE 4 VIRTUAL ANCHORAGE POINTS AT SAGAR AND 4 VESSELS CAN WORK SIMULTANEOUSLY SUB PORT CONSIDERATION,,,,Other,,,,,,,,,,
21-08-2026,SANDHEADS,Working,,"VESSEL'S BERTHING MOVEMENT DEPENDS ON ALL FAVORABLE CONDITIONS SUCH AS CGO DOCS READINESS, VSL'S SENIORITY,",,,,Other,,,,,,,,,,
21-08-2026,SANDHEADS,Working,,"WEATHER CONDITIONS, CONGESTION & BERTH AVAILABILITY",,,,Other,,,,,,,,,,
21-08-2026,SANDHEADS,Working,,Port Working Hours: 24 x 7 basis,,,,Other,,,,,,,,,,
21-08-2026,SANDHEADS,Working,,COASTAL VESSELS HAVE OUSTING PRIORITY,,,,Other,,,,,,,,,,
21-08-2026,SAGAR,Waiting,,MV. WELL DREAM,,GEARED,LIMESTONE,Dry/General Bulk,,,,25-08-2026,26-08-2026,28-08-2026,,,GAC SHIPPING,
21-08-2026,HALDIA,Working,4B,MV. METTLE STARE-I,,GEARLESS,COKING COAL,Dry/General Bulk,32000,32000,DISCH,22-10-2025,23-10-2025,24-10-2025,,TATA STEEL,TMILL,
21-08-2026,HALDIA,Working,4,MV ELONA,,GEARLESS,COKING COAL,Dry/General Bulk,33000,33000,DISCH,19-08-2026,19-08-2026,22-08-2026,,SAIL,J M BAXI,AUSTRALIA
21-08-2026,HALDIA,Working,1,MV. VISHVA CHETNA,,GEARLESS,COKING COAL,Dry/General Bulk,33000,33000,DISCH,16-08-2026,20-08-2026,21-08-2026,,SAIL,THE SHIPPING,NACALA
21-08-2026,HALDIA,Working,13,M.V. GOLDEN ARSENAL,,GEARED,ROCK PHOSPHATE,Dry/General Bulk,18600,18600,DISCH,17-08-2026,20-08-2026,21-08-2026,,"INDORAMA INDIA , JAY SHREE TEA & TEESTA AGRO INDUSTRIES",ALAP,HAMRAWEIL
21-08-2026,HALDIA,Working,8,M.V.ODYSSEAS L,,GEARLESS,COKING COAL,Dry/General Bulk,34000,34000,DISCH,19-08-2026,20-08-2026,22-08-2026,,TSL,TMILL,LONGKOU
21-08-2026,HALDIA,Working,14,MV. NAN XIN 9,,GEARLESS,PCI COAL,Dry/General Bulk,26800,26800,DISCH,18-08-2026,21-08-2026,23-08-2026,,VARIOUS,SEATRANS,UST LUGA
21-08-2026,HALDIA,Working,1,M.V. YM MASCOT,,GEARLESS,COKING COAL,Dry/General Bulk,33000,33000,DISCH,21-08-2026,21-08-2026,23-08-2026,,SAIL,GAC,USA
21-08-2026,HALDIA,Working,3,M.V. JEWEL GOLD,,GEARED,THERMAL COAL,Dry/General Bulk,26000,26000,DISCH,21-08-2026,21-08-2026,23-08-2026,,KCT & BROS,SEATRANS,
21-08-2026,HALDIA,Waiting,4,MV. YU YAN,,GEARLESS,COKING COAL,Dry/General Bulk,31000,31000,DISCH,19-08-2026,22-08-2026,24-08-2026,,SAIL,V-OCEAN,NAKHODKA
21-08-2026,HALDIA,Waiting,9,M.V. ACHILLEAS S,,GEARED,MANGANIES ORE,Other,17660,17660,DISCH,20-08-2026,22-08-2026,23-08-2026,,VARIOUS,GAC,SALDANHA BAY
21-08-2026,HALDIA,Waiting,"2,8,9 & 13",M.V. KATERINA III,,GEARLESS,MET COKE,Dry/General Bulk,28648,28648,DISCH,20-08-2026,24-08-2026,26-08-2026,,VARIOUS,SEATRANS,BAHUDOPI
21-08-2026,HALDIA,Waiting,"5,9",MV. ASAHI BULKER,,GEARED,LENTILS,Other,16824,16824,DISCH,19-08-2026,23-08-2026,31-08-2026,,VARIOUS,GAC SHIPPING,AUSTRALIA
21-08-2026,HALDIA,Expected,13,M.V. CHOLA DESTINY,,GEARLESS,GYPSUM,Dry/General Bulk,34679,34679,DISCH,21-08-2026,22-08-2026,24-08-2026,,ACCESS DEVELOPER,ALAP,
21-08-2026,HALDIA,Expected,"2,8,9 & 13",MV W HUANG PU,,GEARLESS,ROCK PHOSPHATE,Dry/General Bulk,18700,18700,DISCH,22-08-2026,25-08-2026,27-08-2026,,VARIOUS,ALAP,
21-08-2026,HALDIA,Expected,5,M.V. GRACE LOUISE,,GEARLESS,COKING COAL,Dry/General Bulk,35000,35000,DISCH,22-08-2026,25-08-2026,27-08-2026,,TATA STEEL,TMILL,USA
21-08-2026,HALDIA,Expected,"2,8,9 & 13",M.V. ATP FORTUNE,,GEARED,MANGANIES ORE,Other,29000,29000,DISCH,22-08-2026,26-08-2026,28-08-2026,,SHYAM SEL / SHYAM FERRO,INTEROCEAN,
21-08-2026,HALDIA,Expected,12,M.V. SAKIZAYA XCEL,,GEARLESS,LIMESTONE,Dry/General Bulk,33000,33000,DISCH,23-08-2026,24-08-2026,26-08-2026,,TATA STEEL,KANOO SHIPPING,FENGCHENG
21-08-2026,HALDIA,Expected,"2,8,9 & 13",MV CHOLA UNITY,,GEARLESS,LIMESTONE,Dry/General Bulk,36000,36000,DISCH,23-08-2026,25-08-2026,27-08-2026,,PARAG,ALAP,
21-08-2026,HALDIA,Expected,12,M.V. GREEK SEAS,,GEARLESS,LIMESTONE,Dry/General Bulk,34000,34000,DISCH,23-08-2026,25-08-2026,27-08-2026,,TATA STEEL,TMILL,FENGCHENG
21-08-2026,HALDIA,Expected,12,M.V. OAK ANTON,,GEARLESS,NUT COKE,Dry/General Bulk,34000,34000,DISCH,23-08-2026,25-08-2026,27-08-2026,,VARIOUS,SAKURA,BAHUDOPI
21-08-2026,HALDIA,Expected,12,M.V. RISOLUTO,,GEARLESS,LIMESTONE,Dry/General Bulk,34000,34000,DISCH,24-08-2026,26-08-2026,28-08-2026,,TATA STEEL,TMILL,ZHANJIANG
21-08-2026,HALDIA,Expected,4B,M.V. DARLEAKAY,,GEARED,MANGANIES ORE,Other,17970,17970,DISCH,24-08-2026,26-08-2026,28-08-2026,,VARIOUS,BEN LINE,LIBREVILLE
21-08-2026,HALDIA,Expected,"2,8,9 & 13",M.V. AGRAFA,,GEARED,MANGANIES ORE,Other,23000,23000,DISCH,25-08-2026,27-08-2026,29-08-2026,,VARIOUS,BEN LINE,LIBREVILLE
21-08-2026,HALDIA,Expected,5,M.V. YPERION,,GEARLESS,PCI COAL,Dry/General Bulk,31643,31643,DISCH,26-08-2026,27-08-2026,29-08-2026,,TATA STEEL,TMILL,
21-08-2026,HALDIA,Expected,"2,8,9 & 13",M.V. WELL DREAM,,GEARED,LIMESTONE,Dry/General Bulk,4000/22639,,DISCH,30-08-2026,31-08-2026,02-09-2026,,SHYAM SEL,GAC,DIBBA PORT
21-08-2026,DHAMRA,Working,B -3/17/350,MV APJ KABIR ANAND,PANAMAX,,THERMAL COAL,Dry/General Bulk,,,LOADING,13-08-2026,B -3/17/350,21-08-2026,,TANGEDCO,JIGSAN,
21-08-2026,DHAMRA,Working,B-3 A /14.5/350,MV SAFESEA SINDOOR,HANDIMAX,,STEEL SLAB,Dry/General Bulk,,,LOADING,20-08-2026,B-3 A /14.5/350,24-08-2026,,JINDAL STEEL LTD,JM BAXI,
21-08-2026,DHAMRA,Working,B-3A S /13.5,MV PORT NARA,HANDIMAX,,THERMAL COAL,Dry/General Bulk,,,LOADING,13-08-2026,B-3A S /13.5,22-08-2026,,ORISSA METALICES PVT LTD/SHYAM METALICS,ATLANTIC,
21-08-2026,DHAMRA,Working,B-4/17/300,MV CELINA,PANAMAX,,IRON ORE FINES,Dry/General Bulk,,,LOADING,16-08-2026,B-4/17/300,23-08-2026,,STARLIGHT,INFINITY,
21-08-2026,DHAMRA,Working,B-5/17/300,MV SAKIZAYA XCEL,PANAMAX,,LIMESTONE,Dry/General Bulk,,,DISCHARGE,10-08-2026,B-5/17/300,23-08-2026,,TATA,TMIL,
21-08-2026,DHAMRA,Waiting,B-3,MV ENGIADINA,HANDIMAX,,IRON ORE PELLETS,Dry/General Bulk,55000 MT,55000,LOADING,11-08-2026,21-08-2026,23-08-2026,,RUNGTA MINES,INFINITY,
21-08-2026,DHAMRA,Waiting,B-3,MV SHAHRIAR JAHAN,HANDIMAX,,SLAG,Other,46000 MT,46000,LOADING,14-08-2026,23-08-2026,24-08-2026,,TATA,EIPL,
21-08-2026,DHAMRA,Waiting,B-3,MV BASIS FORTUNE,PANAMAX,,THERMAL COAL,Dry/General Bulk,76000 MT,76000,LOADING,20-08-2026,24-08-2026,26-08-2026,,MOXIE POWER,GAC,
21-08-2026,DHAMRA,Waiting,B-3AS,MV SERENITY,HANDIMAX,,HR COIL,Other,30000 MT,30000,LOADING,20-08-2026,22-08-2026,25-08-2026,,TATA,TMIL,
21-08-2026,DHAMRA,Expected,B-5,MV CHOLA MELODY,PANAMAX,,THERMAL COAL,Dry/General Bulk,74600 MT,74600,LOADING,21-08-2026,23-08-2026,27-08-2026,,NTECL,BOTHRA/JM BOXI,
21-08-2026,DHAMRA,Expected,B-4,MV TCLC LUZHOU,HANDIMAX,,SLAG,Other,55000 MT,55000,LOADING,22-08-2026,23-08-2026,25-08-2026,,TATA,SMPL,
21-08-2026,DHAMRA,Expected,B-1,MV CAPE SUNRISE,PANAMAX,,STEAM COAL,Dry/General Bulk,80000 MT,80000,DISCHARGE,22-08-2026,22-08-2026,24-08-2026,,ADANI ENTERPRISES LTD,GAC,
21-08-2026,DHAMRA,Expected,B-2,MV EASTERN QUINCE,PANAMAX,,COKING COAL,Dry/General Bulk,78000 MT,78000,DISCHARGE,23-08-2026,23-08-2026,25-08-2026,,TATA,TMIL/BEN LINE,
21-08-2026,DHAMRA,Expected,B-3A,MV PAS BLUE WAVE,HANDIMAX,,HR COIL,Other,30000 MT,30000,DISCHARGE,23-08-2026,24-08-2026,26-08-2026,,TATA,TMIL,
21-08-2026,DHAMRA,Expected,B-4,MV SYMI,,,DAP,Other,,,DISCHARGE,23-08-2026,25-08-2026,30-08-2026,,,,
21-08-2026,DHAMRA,Expected,B-1,MV ANDROS SPIRIT,PANAMAX,,COKING COAL,Dry/General Bulk,38000 MT,38000,DISCHARGE,24-08-2026,24-08-2026,26-08-2026,,ADANI ENTERPRISES LTD,JYOTHI/GPR,
21-08-2026,DHAMRA,Expected,B-1,MV SHIN SHUN,CAPE,,STEAM COAL,Dry/General Bulk,109523 MT,109523,DISCHARGE,25-08-2026,26-08-2026,28-08-2026,,RUNGTA MINES,GAC,
21-08-2026,DHAMRA,Expected,B-2,MV JY OCEAN,PANAMAX,,LIMESTONE,Dry/General Bulk,45000 MT,45000,DISCHARGE,25-08-2026,25-08-2026,26-08-2026,,TATA,TMIL,
21-08-2026,DHAMRA,Expected,B-2,MV CAPE CRANE,CAPE,,COKING COAL,Dry/General Bulk,163000 MT,163000,DISCHARGE,25-08-2026,26-08-2026,29-08-2026,,TATA,TMIL,
21-08-2026,DHAMRA,Expected,B-1,MV NEW EXPLORER,PANAMAX,,PCI COAL,Dry/General Bulk,76000 MT,76000,DISCHARGE,26-08-2026,28-08-2026,30-08-2026,,FEE GRADE,SMPL/INFINITY,
21-08-2026,DHAMRA,Expected,B-2,MV STELLA NAVIS,PANAMAX,,COKING COAL,Dry/General Bulk,45000 MT,45000,DISCHARGE,27-08-2026,29-08-2026,30-08-2026,,SHYAM METALIKS,GAC,
21-08-2026,PARADIP PORT,Waiting & Expected,,MV. KANG SHUN,,189.90/12.42,ROCK PHOSPHATE,Dry/General Bulk,52500 MT,52500,DISCHARGE,15/1612 HRS,,,HIGH SEAS,PPL,OSL,
21-08-2026,PARADIP PORT,Waiting & Expected,,MT. ALDAN,,243.79/13.90,CRUDE OIL,Liquid/Chemical Bulk,93429 MT,93429,DISCHARGE,21/0218 HRS,,,HIGH SEAS,IOCL PLD,AGS,
21-08-2026,PARADIP PORT,Waiting & Expected,,MV. GREEN K MAX 2,,229.00/14.45,THERMAL COAL,Dry/General Bulk,65000 MT,65000,LOADING,18/1724 HRS,21-08-2026,22-08-2026,ENNORE,OPG,SEA SHIPS,SUB TO READINESS
21-08-2026,PARADIP PORT,Waiting & Expected,,MV. OTHONOI,,229.00/14.00,THERMAL COAL,Dry/General Bulk,70000 MT,70000,LOADING,21/0812 HRS,21-08-2026,22-08-2026,TUTICORIN,SEPC,SSS,SUB TO READINESS
21-08-2026,PARADIP PORT,Waiting & Expected,,MV. BASIC STAR,,229.00/14.50,THERMAL COAL,Dry/General Bulk,79000 MT,79000,LOADING,22/0130 HRS,22-08-2026,23-08-2026,KRISHNAPATNAM,SEMBCORP,MSSL,SUB TO READINESS
21-08-2026,PARADIP PORT,Waiting & Expected,,MV. JABAL SAMHAN,,199.99/13.50,THERMAL COAL,Dry/General Bulk,63000 MT,63000,LOADING,22/0400 HRS,22-08-2026,23-08-2026,KAKINADA,"APGENCO/SCCPL, APGENCO/KCT",SCC(VSP),SUB TO READINESS
21-08-2026,PARADIP PORT,Waiting & Expected,,MV. VISHVA CHETNA,,229.00/14.50,THERMAL COAL,Dry/General Bulk,77000 MT,77000,LOADING,22/0600 HRS,23-08-2026,24-08-2026,KRISHNAPATNAM,APPDCL/ADANI,GAC,SUB TO READINESS
21-08-2026,PARADIP PORT,Waiting & Expected,,MV. CHOLA TREASURE,,225.00/,THERMAL COAL,Dry/General Bulk,69000 MT,69000,LOADING,22/1800 HRS,23-08-2026,24-08-2026,HIGH SEAS,TNPGCL,SEAPORT,SUB TO READINESS
21-08-2026,PARADIP PORT,Waiting & Expected,,MV. CHOLA PROSPERITY,,225.00/14.50,THERMAL COAL,Dry/General Bulk,75000 MT,75000,LOADING,22/2200 HRS,23-08-2026,24-08-2026,KRISHNAPATNAM,APGENCO MBG,SSS,SUB TO READINESS
21-08-2026,PARADIP PORT,Waiting & Expected,,MV. RIPLEY PIONEER,,225.00/14.50,THERMAL COAL,Dry/General Bulk,75000 MT,75000,LOADING,22/2359 HRS,24-08-2026,25-08-2026,KRISHNAPATNAM,APPDCL ADANI/APGENCO ADANI,GAC,SUB TO READINESS
21-08-2026,PARADIP PORT,Waiting & Expected,,MV. JEWEL OF GOLD,,190.00/13.00,THERMAL COAL,Dry/General Bulk,35000 MT,35000,LOADING,23/0600 HRS,24-08-2026,25-08-2026,KRISHNAPATNAM,"APPDCL/SCCPL, APPDCL/KCT",SCC(VSP),SUB TO READINESS
21-08-2026,PARADIP PORT,Waiting & Expected,,MV TAN BINH 259,,175.53/9.50,STEEL COILS,Dry/General Bulk,25391 MT,25391,DISCHARGE,22/1625 HRS,26-08-2026,28-08-2026,BAHODOPI,JINDAL STAINLESS,SSS,SUB TO READINESS
21-08-2026,PARADIP PORT,Waiting & Expected,,MV. DELAVITA,,229.00/7.50,PIG IRON,Dry/General Bulk,60500 MT,60500,LOADING,10/0130 HRS,24-08-2026,28-08-2026,SINGAPORE,RAMSARUP,GAC,SUB TO READINESS
21-08-2026,PARADIP PORT,Waiting & Expected,,MV. AM PROGRESS,,176.54/,STEEL SLAB,Dry/General Bulk,30000 MT,30000,LOADING,14/0536 HRS,28-08-2026,30-08-2026,NEWPORT,TATA,TMIL,SUB TO READINESS
21-08-2026,PARADIP PORT,Waiting & Expected,,MV. PROPEL PEACE,,179.99/,STEEL SLAB,Dry/General Bulk,31000 MT,31000,LOADING,19/0130 HRS,28-08-2026,31-08-2026,HIGH SEAS,TATA,TMIL,SUB TO READINESS
21-08-2026,PARADIP PORT,Waiting & Expected,,MV. MSC MAKOTO II,,175.49/7.50,CONTAINER,Container,350 MT,350,LOADING,19/2306 HRS,30-08-2026,31-08-2026,COLOMBO,MSC AGENGY,MSC AGENGY,CONTAINER PRIORITY
21-08-2026,PARADIP PORT,Waiting & Expected,,MV. PAULA TRADER,,179.90/7.43,STEEL SQUARE TUBES,Dry/General Bulk,4000 MT,4000,LOADING,21/1800 HRS,31-08-2026,02-09-2026,HOUSTON,APL APOLLO TUBES,,SUB TO READINESS
21-08-2026,PARADIP PORT,Waiting & Expected,,MV. NIKGENIOUS,,199.90/13.06,A. SULPHATE,Dry/General Bulk,31500 MT,31500,DISCHARGE,22/1200 HRS,31-08-2026,04-09-2026,XIUYU,HURL,ADMIRAL,SUB TO READINESS
21-08-2026,PARADIP PORT,Waiting & Expected,,MV. AP QUEEN,,110.67/8.77,FERRO NICKLE,Other,8250 MT,8250,DISCHARGE,23/1800 HRS,02-09-2026,04-09-2026,INDONESIA,JSL,PAREKH,SUB TO READINESS
21-08-2026,PARADIP PORT,Waiting & Expected,,MV. BRILLIANT ADVANCE,,228.99/14.53,COKING COAL,Dry/General Bulk,79300 MT,79300,DISCHARGE,15/0830 HRS,22-08-2026,24-08-2026,HAYPOINT,TATA,TMIL,SUB TO READINESS
21-08-2026,PARADIP PORT,Waiting & Expected,,MV. YPERION,,229.00/14.53,PCI COAL,Dry/General Bulk,47541 MT,47541,DISCHARGE,19/1200 HRS,24-08-2026,25-08-2026,LYTTELTO,TATA,TMIL,SUB TO READINESS
21-08-2026,PARADIP PORT,Waiting & Expected,,MV. KIRRIBILLI,,228.99/14.49,COKING COAL,Dry/General Bulk,79611 MT,79611,DISCHARGE,25/0600 HRS,25-08-2026,27-08-2026,HAYPOINT,TATA/NINL,TMIL,SUB TO READINESS
21-08-2026,PARADIP PORT,Waiting & Expected,,MV. SENTINEL,,200.00/,COAL,Dry/General Bulk,,,DISCHARGE,07/09/26 HRS,07-09-2026,09-09-2026,HIGH SEAS,VULCAN,SPARTANS,SUB TO READINESS
21-08-2026,PARADIP PORT,Waiting & Expected,,MV. ALASIA,,199.98/12.50,IRON ORE FINES,Dry/General Bulk,50000 MT,50000,LOADING,17/1310 HRS,,,MUMBAI,JSW,SSS,
21-08-2026,PARADIP PORT,Waiting & Expected,,MV. OCEAN WINNER,,225.00/14.35,IRON ORE FINES,Dry/General Bulk,73000 MT,73000,LOADING,05/2118 HRS,,,CHINA,OCL IRON,BOTHRA,
21-08-2026,PARADIP PORT,Waiting & Expected,,MV. GEOSTAR,,199.98/13.10,IRON ORE FINES,Dry/General Bulk,57000 MT,57000,LOADING,18/2212 HRS,,,CHINA,BAGADIYA,SSS,
21-08-2026,PARADIP PORT,Waiting & Expected,,MV. AMNSI MAXIMUS,,229.00/14.00,IRON ORE PELLET,Dry/General Bulk,55000 MT,55000,LOADING,22/0600 HRS,,,HAJIRA,AMNSIL,SAMSARA,
21-08-2026,PARADIP PORT,Waiting & Expected,,MV.CAPTAIN PANAGIS,,199.90/,IRON ORE FINES,Dry/General Bulk,58000 MT,58000,LOADING,26/0600 HRS,26-08-2026,27-08-2026,CHINA,VEDANTA,SPARTANS,
21-08-2026,PARADIP PORT,Waiting & Expected,,MT. SEA GULL 9,,127.52/8.00,CRD PALMOIL,Other,10000 MT,10000,DISCHARGE,23/1000 HRS,,,HIGHSEAS,ADANI WILMAR,AGS,
21-08-2026,PARADIP PORT,Waiting & Expected,,MT. SOPRANO SERENE,,179.88/11.80,HSD/M.SPIRIT,Liquid/Chemical Bulk,19500 MT,19500,DISCHARGE,01/1000 HRS,,,HALDIA,BPCL,AGS,
21-08-2026,PARADIP PORT,Waiting & Expected,,MT. SWARNA+B5:L5 PUSHP,,184.95/8.10,ATF,Liquid/Chemical Bulk,9000 MT,9000,LOADING,13/0036 HRS,,,HIGHSEAS,IOCL,AGS,RE-ANCH
21-08-2026,PARADIP PORT,Waiting & Expected,,MT. MANASAROVAR,,226.00/11.60,BUTANE/PROPANE,Liquid/Chemical Bulk,22700 MT,22700,DISCHARGE,16/0624 HRS,,,HIGHSEAS,IOCL,ISIPL,
21-08-2026,PARADIP PORT,Waiting & Expected,,MT. BW POLARIS,,229.90/12.22,BUTANE/PROPAN,Liquid/Chemical Bulk,20000 MT,20000,DISCHARGE,21/1000 HRS,,,NEW MANGALORE,IOCL,WILHELMSEN,
21-08-2026,PARADIP PORT,Waiting & Expected,,MT. NILE RIVER,,229.00/11.90,BUTANE/PROPAN,Liquid/Chemical Bulk,28000 MT,28000,DISCHARGE,22/0600 HRS,,,HALDIA,IOCL,AGS,
21-08-2026,PARADIP PORT,Waiting & Expected,,MT. TG LIBRA,,145.53/,LCO,Other,16500 MT,16500,LOADING,23/1200 HRS,,,HIGHSEAS,IOCL,NAVSHIP,
21-08-2026,PARADIP PORT,Waiting & Expected,,MV. THERESA PRIDE,,199.99/13.39,DOLOMITE,Dry/General Bulk,60500 MT,60500,DISCHARGE,19/1306 HRS,22-08-2026,25-08-2026,KHANOM,TATA,TMIL,CQ-1
21-08-2026,PARADIP PORT,Waiting & Expected,,MV. PHC SURYA,,118.00/,GYPSUM,Dry/General Bulk,10000 MT,10000,LOADING,22/1800 HRS,22-08-2026,24-08-2026,NAKHODA,SMPL,OSL,SQ
21-08-2026,PARADIP PORT,Waiting & Expected,,MV. CORNELIA M,,225.00/14.50,METCOKE,Dry/General Bulk,44000 MT,44000,DISCHARGE,24/1700 HRS,24-08-2026,27-08-2026,JAPAN,TATA,TMIL,SQ
21-08-2026,PARADIP PORT,Waiting & Expected,,MV. SUNRISE I,,228.90/14.46,COKING COAL,Dry/General Bulk,33000 MT,33000,DISCHARGE,25/1800 HRS,25-08-2026,27-08-2026,KEMBLA,JSW JFE,GPR MARITIME,CQ-2
21-08-2026,PARADIP PORT,Waiting & Expected,,"PRIORITY BERTHING ALLOWED FOR ALL IMPORT/EXPORT DRY BULK CARGO TO M/S. JSPL, TATA, JSW SAMBALPUR AT GCB.",,,,Other,,,,,,,,,,
21-08-2026,PARADIP PORT,Waiting & Expected,,"VESSEL WHICH CAN NOT PERFORM AS THE REQUIRED PORT NORMS, SHE WILL BE SHIFTED TO ROADS AND HER BERTHING WILL BE DECIDED AS THE LAST VESSEL ON SERIAL.",,,,Other,,,,,,,,,,
21-08-2026,PARADIP PORT,Waiting & Expected,,"MAXIMUM OF TWO COASTAL VESSELS WILL BE TAKEN AT A TIME IN THE CONVENTIONAL BERTH W.E.F 07-OCT-2018,TILL FURTHER ORDER",,,,Other,,,,,,,,,,
21-08-2026,KAKINADA,Waiting,,M.V. MAGPIE SW,,,ALUMINA,Dry/General Bulk,31500,31500,,18-08-2026,,,,VEDANTA & BALCO,CHOWGULE,
21-08-2026,KAKINADA,Waiting,,SAILED VESSELS::,,,,Other,,,,,,,,,,
21-08-2026,KAKINADA,Waiting,,M.V.MEGHNA PARADISE,,,,Other,,,,07-08-2026,,,,,,
21-08-2026,KAKINADA,Waiting,,M.V.KOUROS DIMOND,,,,Other,,,,01-08-2026,,,,,,
21-08-2026,KAKINADA,Waiting,,M.V.PVT GLORIA,,,,Other,,,,02-08-2026,,,,,,
21-08-2026,KAKINADA,Waiting,,M.V.HOANG ANH 36,,,,Other,,,,02-08-2026,,,,,,
21-08-2026,KAKINADA,Waiting,,M.V.DEBBIE,,,,Other,,,,19-08-2026,,,,,,
21-08-2026,KAKINADA,Waiting,,M.V. CHOLA ETERNITY,,,,Other,,,,18-08-2026,,,,,,
21-08-2026,KAKINADA,Expected,,M.V.NEPTULUS,,,RICE,Dry/General Bulk,29500,29500,,24-08-2026,,,,,LOTUS,
21-08-2026,KAKINADA,Expected,,M.V.GOLDEN ARSENAL,,,RICE,Dry/General Bulk,26000,26000,,26-08-2026,,,,,LOTUS,
21-08-2026,KAKINADA,Expected,,M.V.TRUONG MINH SEA,,,RICE,Dry/General Bulk,50000,50000,,26-08-2026,,,,,IMPERIAL,
21-08-2026,KAKINADA,Expected,,M.V.ODELMAR,,,UREA,Other,23000,23000,,21-08-2026,,,,CIL,ALAP,
21-08-2026,KAKINADA,Expected,,M.T.ANANTA,,,FURNACE OIL,Liquid/Chemical Bulk,3500,3500,,22-08-2026,,,,IOCL,INTEROCEAN,
21-08-2026,KAKINADA,Expected,,M.T. AZALEA,,,METHANOL,Other,4500,4500,,22-08-2026,,,,KLJ RESOURCES,GAC,
21-08-2026,KAKINADA,Expected,,M.V. LV DAISY,,,GRANITE BLOCKS,Other,31220,31220,,22-08-2026,,,,OM SHREE MAA MANGALA,ESDI MARITIME,To be Ldd with shore/vsl cranes
21-08-2026,KAKINADA,Expected,,M.T.GLOBAL JUPITER,,,EDIBLE OIL,Other,5000,5000,,22-08-2026,,,,AWL AGRI,SEAPORT,
21-08-2026,KAKINADA,Expected,,M.T.PRIME GRANDEUR,,,"DIESEL, MOTOR SPIRIT",Liquid/Chemical Bulk,18500 6146,,,22-08-2026,,,,NAYARA,SRIOCEANIC,
21-08-2026,KAKINADA,Expected,,M.T. SWARNA MALA,,,"DIESEL, MOTOR SPIRIT",Liquid/Chemical Bulk,5654 946,,,24-08-2026,,,,RIL,ATLANTIC,
21-08-2026,KAKINADA,Expected,,M.V. SALT LAKE,,,NPK,Other,65992,65992,,25-08-2026,,,,CIL,CROSS TRADE,
21-08-2026,KAKINADA,Expected,,M.T. TG TAURUS,,,PHOSPHORIC ACID,Dry/General Bulk,9164,9164,,26-08-2026,,,,CIL,RDS OIL & GAS,
21-08-2026,KAKINADA,Expected,,M.T. GOLDEN ORCHID,,,EDIBLE OIL,Other,7000,7000,,27-08-2026,,,,SANTHOSHIMATAA,JAMES,
21-08-2026,KAKINADA,Expected,,M.V.JIU XU,,,AMMONIUM SULPHATE,Dry/General Bulk,33000,33000,,27-08-2026,,,,HINDUSTAN URVAK,PRAVV SHIPPING,
21-08-2026,KAKINADA,Expected,,M.V. AFRICAN DRAGON,,,SULPHUR,Other,17500,17500,,27-08-2026,,,,CIL,CROSS TRADE,
21-08-2026,KAKINADA,Expected,,M.V.RISHABH,,,,Other,,,,05-02-2026,,,,,,
21-08-2026,GANGAVARAM,Working,B4,MV ZAHAB JAHAN I,,,IRON ORE FINES,Dry/General Bulk,54750,54750,,19-08-2026,B4,21-08-2026,,KIOCL,VYAASA TRADING,MECHNICAL CONCEYOR DISCH BERTH
21-08-2026,GANGAVARAM,Working,B5,MV VISHVA NIDHI,,,THERMAL COAL,Dry/General Bulk,38332,38332,,20-08-2026,B5,22-08-2026,,RINL,SEAWAYS,MECHNICAL CONCEYOR DISCH BERTH
21-08-2026,GANGAVARAM,Working,B7,MV AP PETKA,,,SODA ASH,Dry/General Bulk,25052,25052,,17-08-2026,B7,23-08-2026,,INTEGRAL,SRINIVASA,HMC BERTH
21-08-2026,GANGAVARAM,Waiting,B4,MV ERACLEA,,,IRON ORE FINES,Dry/General Bulk,55000,55000,,21-08-2026,B4,23-08-2026,,KIOCL,ACT INFRAPORT,
21-08-2026,GANGAVARAM,Expected,B8,MV AL MANHAL,,,CP COKE,Dry/General Bulk,16499.886999999999,16499.887,,22-08-2026,B8,26-08-2026,,VEDANTA,SPARTANS,
21-08-2026,GANGAVARAM,Expected,B5,MV CAPTAIN PANAGIS,,,BAUXITE,Dry/General Bulk,57166,57166,,23-08-2026,B5,25-08-2026,,VEDANTA,IMPERIAL,
21-08-2026,GANGAVARAM,Expected,B4,MV VISHVA NIDHI,,,IRON ORE FINES,Dry/General Bulk,55000,55000,,24-08-2026,B4,26-08-2026,,KIOCL,SEAWAYS,
21-08-2026,GANGAVARAM,Expected,B3,MV LUCKY SUNDAY,,,LIMESTONE,Dry/General Bulk,75000,75000,,24-08-2026,B3,,,RINL,SEATRANS,
21-08-2026,GANGAVARAM,Expected,B5/B6,MV ECO DIAGON ALLEY,,,COAL,Dry/General Bulk,45000,45000,,25-08-2026,B5/B6,,,SAIL,,
21-08-2026,GANGAVARAM,Expected,B5/B6,MV XIN QI HANG 1,,,BAUXITE,Dry/General Bulk,63900,63900,,25-08-2026,B5/B6,,,VEDANTA,IMPERIAL,
21-08-2026,GANGAVARAM,Expected,B8,MV STAR SHANGHAI,,,UREA,Other,52500,52500,,26-08-2026,B8,29-08-2026,,INDIAN POTASH LTD,CHOWGULE,
21-08-2026,VISAKHAPATNAM,Working,VGCB,MV CYMONA OCEAN,,,COKING COAL,Dry/General Bulk,79430,79430,D,18-08-2026,VGCB,21-08-2026,,,ORISSA STEVEDORES LTD,
21-08-2026,VISAKHAPATNAM,Working,CB-1,MV WAN HAI 328,,,CONTAINERS,Container,27271,27271,D/L,19-08-2026,CB-1,21-08-2026,,,WAN HAI LINE,
21-08-2026,VISAKHAPATNAM,Working,CB-3,MV MSC PATNAREE III,,,CONTAINERS,Container,22500,22500,D/L,21-08-2026,CB-3,22-08-2026,,,MSC LINES,
21-08-2026,VISAKHAPATNAM,Working,AVCTPL[EQ-1A],MV CHOLA UNITY,,,LIME STONE,Other,45000,45000,D,19-08-2026,AVCTPL[EQ-1A],21-08-2026,,,GLORY FAITH,
21-08-2026,VISAKHAPATNAM,Working,EQ-3,MV ODELMAR,,,UREA,Other,10000,10000,D,16-08-2026,EQ-3,21-08-2026,,,ALAP,
21-08-2026,VISAKHAPATNAM,Working,EQ-4,MV NESTORS,,,UREA,Other,55000,55000,D,11-08-2026,EQ-4,22-08-2026,,,INTEROCEAN,
21-08-2026,VISAKHAPATNAM,Working,EQ-6,MV SPIRIT OF KOBE,,,CP COKE,Dry/General Bulk,20000,20000,L,21-08-2026,EQ-6,24-08-2026,,,ESHWAR,
21-08-2026,VISAKHAPATNAM,Working,WQ-1,MV OAK ANTON,,,NUT COKE IN BULK,Dry/General Bulk,17700,17700,D,14-08-2026,WQ-1,23-08-2026,,,NAVSHIP,
21-08-2026,VISAKHAPATNAM,Working,WQ-2,MV DARLEAKAY,,,MANGANESE ORE,Dry/General Bulk,32680,32680,D,16-08-2026,WQ-2,26-08-2026,,,BOTHRA,
21-08-2026,VISAKHAPATNAM,Working,WQ-3,MV PANDA,,,ALUMINA IN BULK,Dry/General Bulk,35000,35000,L,13-08-2026,WQ-3,28-08-2026,,,INTEROCEAN,
21-08-2026,VISAKHAPATNAM,Working,WQ-4,MV PAULA TRADER,,,FERRO MANGANESE & STEEL CARGO,Dry/General Bulk,23750,23750,L,12-08-2026,WQ-4,22-08-2026,,,SAIANS,
21-08-2026,VISAKHAPATNAM,Working,WQ-5,MV DONG FANG WEI YE,,,ALUMINA IN BAGS,Dry/General Bulk,31500,31500,L,12-08-2026,WQ-5,25-08-2026,,,ESHWAR,SHIFTED FROM EQ-3 TO WQ-5
21-08-2026,VISAKHAPATNAM,Working,WQ-6,MV AGRAFA,,,MANGANESE ORE,Dry/General Bulk,29000,29000,D,19-08-2026,WQ-6,23-08-2026,,,BOTHRA,
21-08-2026,VISAKHAPATNAM,Working,WQ-7,Handed over to m/s VMBCTPL for projecdt development,,,,Other,,,,,WQ-7,,,,,
21-08-2026,VISAKHAPATNAM,Working,OR-1,OR -1 Berth spared for Revamping by CE department,,,,Other,,,,,OR-1,,,,,
21-08-2026,VISAKHAPATNAM,Working,OR-2,MT SANMAR SNEHA,,,NAPTHA,Other,33448,33448,L,19-08-2026,OR-2,21-08-2026,,,INTEROCEAN,
21-08-2026,VISAKHAPATNAM,Working,OR-3,MT HAFINA MYNA,,,FURNACE OIL,Liquid/Chemical Bulk,35502,35502,L,18-08-2026,OR-3,23-08-2026,,,INTEROCEAN,
21-08-2026,VISAKHAPATNAM,Working,F.B,MV BAO CHANG,,,ROCK PHOSPHATE,Dry/General Bulk,48500,48500,D,14-08-2026,F.B,26-08-2026,,,RDS OIL & GAS,SHIFTED TO FB ON 20.08.2026 2200 HRS
21-08-2026,VISAKHAPATNAM,Waiting,1,MV SSI IRRSISTIBLE,,,AMMONIUM SULPHTE IN BULK,Other,40500,40500,D,15-08-2026,1,,,,SEATRANS,
21-08-2026,VISAKHAPATNAM,Waiting,2,MV GLORIEUSE,,,STEEL BLOOMS,Dry/General Bulk,20000,20000,L,17-08-2026,2,,,,BENLINES,
21-08-2026,VISAKHAPATNAM,Waiting,3,MV TATEV,,,ALUMINA IN BAGS,Dry/General Bulk,10845,10845,L,17-08-2026,3,,,,INTEROCEAN,RE-ANCH
21-08-2026,VISAKHAPATNAM,Waiting,4,MV BOSHI 78,,,ALUMINA IN BULK,Dry/General Bulk,30000,30000,L,19-08-2026,4,,,,INTEROCEAN,
21-08-2026,VISAKHAPATNAM,Waiting,5,MV SEA TOPAZ,,,ALUMINA IN BULK,Dry/General Bulk,31500,31500,L,19-08-2026,5,,,,INTEROCEAN,
21-08-2026,VISAKHAPATNAM,Waiting,6,LPG/C PERTAMINA GAS DAHLIA,,,LPG,Other,24500,24500,D,19-08-2026,6,,,,ATLANTIC,
21-08-2026,VISAKHAPATNAM,Waiting,7,MT ORCHIDS,,,FO & LDO,Other,12000,12000,L,20-08-2026,7,,,,ATLANTIC,
21-08-2026,VISAKHAPATNAM,Waiting,8,MT LOURDES,,,HSD,Liquid/Chemical Bulk,6000,6000,L,20-08-2026,8,,,,ATLANTIC,
21-08-2026,VISAKHAPATNAM,Waiting,9,MV STAR COPENHAGEN,,,UREA,Other,54266,54266,D,20-08-2026,9,,,,CROSS TRADING,
21-08-2026,VISAKHAPATNAM,Waiting,10,MV SHIN SHUN,,,STEAM COAL,Dry/General Bulk,56836,56836,D,20-08-2026,10,,,,SEATRANS,
21-08-2026,VISAKHAPATNAM,Waiting,11,MV HARILAOS JUNIOR,,,BAUXITE IN BULK,Dry/General Bulk,58523,58523,D,20-08-2026,11,,,,IMPERIAL,
21-08-2026,VISAKHAPATNAM,Expected,,MV GCL SABARMATI,,,IRON ORE PELLETS,Dry/General Bulk,105000,105000,L,22-08-2026,22-08-2026,,,,JYOTHI,
21-08-2026,VISAKHAPATNAM,Expected,,MV MINI ATLAS,,,MANGANESE ORE,Dry/General Bulk,4800,4800,L,22-08-2026,22-08-2026,,,,GAC,
21-08-2026,VISAKHAPATNAM,Expected,,MV CHENNAI VALARCHI,,,THERMAL COAL,Dry/General Bulk,76000,76000,L,22-08-2026,,,,,SEAPORT,COASTAL
21-08-2026,VISAKHAPATNAM,Expected,,MV SSI CONQUEST,,,TSP & DAP,Other,52700,52700,D,22-08-2026,,,,,BOTHRA,
21-08-2026,VISAKHAPATNAM,Expected,,MV NEW AMBITION,,,PCI COAL,Dry/General Bulk,77870,77870,D,22-08-2026,,,,,SPARTANS,
21-08-2026,VISAKHAPATNAM,Expected,,MV WESTERN DONCASTER,,,COKING COAL,Dry/General Bulk,34780,34780,D,22-08-2026,,,,,JYOTHI,
21-08-2026,VISAKHAPATNAM,Expected,,MV CRIMSON GLORY,,,MANGANESE ORE,Dry/General Bulk,27089,27089,D,22-08-2026,,,,,INTEGRAL,
21-08-2026,VISAKHAPATNAM,Expected,,MV NORDTIGRIS,,,LENTILS IN BULK,Other,10000,10000,D,22-08-2026,,,,,SEAVISION,
21-08-2026,VISAKHAPATNAM,Expected,,MV LILA SEOUL,,,IRON ORE PELLETS,Dry/General Bulk,75000,75000,L,23-08-2026,,,,,JYOTHI,
21-08-2026,VISAKHAPATNAM,Expected,,MV MEDWAY SPIRIT,,,CP COKE,Dry/General Bulk,15000,15000,L,23-08-2026,,,,,ESHWAR,
21-08-2026,VISAKHAPATNAM,Expected,,MT ANANTHA,,,FUEL OIL,Other,10000,10000,L,23-08-2026,,,,,INTEROCEAN,
21-08-2026,VISAKHAPATNAM,Expected,,MT VARI TRADER,,,SULPHURIC ACID,Liquid/Chemical Bulk,18500,18500,D,23-08-2026,,,,,SAMUDRA,
21-08-2026,VISAKHAPATNAM,Expected,,MV EUROPE BAY,,,PET COKE,Dry/General Bulk,52965,52965,D,23-08-2026,,,,,JYOTHI,
21-08-2026,VISAKHAPATNAM,Expected,,MV MARINA VOYAGER,,,CONTAINERS,Container,24000,24000,D/L,23-08-2026,,,,,MAERSK,
21-08-2026,VISAKHAPATNAM,Expected,,MT SAKURA CREST,,,METHONAL,Other,9794,9794,D,24-08-2026,,,,,ATLANTIC,
21-08-2026,VISAKHAPATNAM,Expected,,MV SM MANALI,,,CONTAINERS,Container,40000,40000,D/L,24-08-2026,,,,,SIMA MARINE,
21-08-2026,VISAKHAPATNAM,Expected,,MV HENG HUI 6,,,CONTAINERS,Container,10000,10000,D/L,24-08-2026,,,,,CMA CGM,
21-08-2026,VISAKHAPATNAM,Expected,,LPG/C. RED ADMIRAL,,,LPG,Other,24500,24500,D,25-08-2026,,,,,GAC,
21-08-2026,VISAKHAPATNAM,Expected,,MV QI XIA SHAN,,,GRANITE BLOCKS,Other,12000,12000,L,25-08-2026,,,,,PUYVAST,
21-08-2026,VISAKHAPATNAM,Expected,,LPG/C. TINY DAISY,,,LPG,Other,24000,24000,D,25-08-2026,,,,,INTEROCEAN,
21-08-2026,VISAKHAPATNAM,Expected,,MV BRILLIANT ADVANCE,,,IRON ORE PELLETS,Dry/General Bulk,76000,76000,L,26-08-2026,,,,,JYOTHI,
21-08-2026,VISAKHAPATNAM,Expected,,MV HALDI,,,"STONE AGGREGATE ,CEMENT & GENERAL CARGO",Dry/General Bulk,5000,5000,L,26-08-2026,,,,,FAIRMACS,
21-08-2026,VISAKHAPATNAM,Expected,,MV JPS BARCELONA,,,DAP,Other,52552,52552,D,26-08-2026,,,,,ANLINE SHIPPING,
21-08-2026,VISAKHAPATNAM,Expected,,MV RED AZALEA,,,PET COKE,Dry/General Bulk,52069,52069,D,26-08-2026,,,,,JYOTHI,
21-08-2026,VISAKHAPATNAM,Expected,,MT SWARNA MALA,,,HSD & MS,Liquid/Chemical Bulk,8097,8097,D,26-08-2026,,,,,ATLANTIC,
21-08-2026,VISAKHAPATNAM,Expected,,MV NORSE MOBILE,,,FERRO MANGANESE & STEEL CARGO,Dry/General Bulk,29200,29200,L,27-08-2026,,,,,SAIANS,
21-08-2026,VISAKHAPATNAM,Expected,,MT TG TAURAS,,,PHOSPHERIC ACID,Other,10260,10260,D,27-08-2026,,,,,RDS OIL,
21-08-2026,VISAKHAPATNAM,Expected,,MV FUBAO,,,ANTHRACITE COAL,Dry/General Bulk,44000,44000,D,27-08-2026,,,,,INTEGRAL,
21-08-2026,VISAKHAPATNAM,Expected,,MV PIONEER KIRA,,,"STONE AGGREGATE,CEMENT & GENERAL CARGO",Dry/General Bulk,20000,20000,L,28-08-2026,,,,,FAIRMACS,
21-08-2026,VISAKHAPATNAM,Expected,,MV PAS SUNRISE,,,PROJECT CARGO [44 PKGS],Other,1742,1742,D,28-08-2026,,,,,J.M.BAXI,
21-08-2026,VISAKHAPATNAM,Expected,,MV THOR BRAVE,,,MANGANESE ORE,Dry/General Bulk,30000,30000,D,28-08-2026,,,,,JYOTHI,
21-08-2026,VISAKHAPATNAM,Expected,,MV DP WORLD THAMIRABARANI,,,CONTAINERS,Container,8500,8500,D/L,28-08-2026,,,,,UNIFEEDEER,
21-08-2026,VISAKHAPATNAM,Expected,,MV DP WORLD GODAVARI,,,CONTAINERS,Container,15000,15000,D/L,28-08-2026,,,,,UNIFEEDEER,
21-08-2026,VISAKHAPATNAM,Expected,,MV FREE SAILING,,,PET COKE,Dry/General Bulk,31044,31044,D,29-08-2026,,,,,SAI SAMRAT,
21-08-2026,VISAKHAPATNAM,Expected,,MV RACOON,,,PET COKE,Dry/General Bulk,5001,5001,D,31-08-2026,,,,,JYOTHI,
21-08-2026,VISAKHAPATNAM,Expected,,MV OCEAN ROYAL,,,MANGANESE ORE,Dry/General Bulk,30650,30650,D,31-08-2026,,,,,BOTHRA,
21-08-2026,VISAKHAPATNAM,Expected,,MV MOGRAL,,,CONTAINERS,Container,40000,40000,D/L,01-09-2026,,,,,SIMA MARINE,
21-08-2026,VISAKHAPATNAM,Expected,,MV SPIRIT OF SEATREK,,,MANGANESE ORE,Dry/General Bulk,22550,22550,D,03-09-2026,,,,,BOTHRA,
21-08-2026,VISAKHAPATNAM,Expected,,MV SSL SABARIMALAI,,,CONTAINERS,Container,8500,8500,D/L,04-09-2026,,,,,UNIFEEDEER,
21-08-2026,VISAKHAPATNAM,Expected,,MV SSL KRISHNA,,,CONTAINERS,Container,12000,12000,D/L,06-09-2026,,,,,UNIFEEDEER,
21-08-2026,VISAKHAPATNAM,Expected,,MV MILAS,,,ROCK PHOSPHATE,Dry/General Bulk,47900,47900,D,21-08-2026,,,,,RDS OIL,
24-08-2026,KARAIKAL,Working,I,MV. BAO RUN,,,UREA,Other,42000,42000,IMP,18-08-2026,18-08-2026,25-08-2026,,,,
24-08-2026,KARAIKAL,Expected,,MV. LADY ANNE,,,COAL,Dry/General Bulk,77000,77000,IMP,28-08-2026,28-08-2026,30-08-2026,,,,
24-08-2026,GOPALPUR,Working,MPB-1,MV C FORCE,,,LIMESTONE,Dry/General Bulk,78419,78419,D,19-08-2026,19-08-2026,24-08-2026,,,SEATRANS / BENLINE,
24-08-2026,GOPALPUR,Working,MPB-2,MV LH ANTHEA,,,LIMESTONE,Dry/General Bulk,74509,74509,D,19-08-2026,21-08-2026,26-08-2026,,,BENLINE,
24-08-2026,GOPALPUR,Waiting,MPB-1,MV MOSKHA,,,IRON ORE FINES,Dry/General Bulk,54880,54880,L,20-08-2026,24-08-2026,27-08-2026,,,NAVSHIP,
24-08-2026,CHENNAI,Working,JD1,AL UDEID,,,ST.PILES,Other,5395,5395,D,20-08-2026,20-08-2026,24-08-2026,,,SEAHORSE,
24-08-2026,CHENNAI,Working,JD2S,TORM DUBAI,,,CSFOIL,Other,15700,15700,D,23-08-2026,23-08-2026,26-08-2026,,,GAC,
24-08-2026,CHENNAI,Waiting,,AST RISING,,,IMDG CONT,Other,98,98,L,12-08-2026,24-08-2026,26-08-2026,,,PEARL,
24-08-2026,CHENNAI,Expected,WQ1,PVT NEPTUNE,,,CPOIL,Other,12000,12000,D,24-08-2026,24-08-2026,26-08-2026,,,MARINELINK,
24-08-2026,CHENNAI,Expected,JD2/4/6,YOU SHEN 10,,,B OIL,Other,2553,2553,D,25-08-2026,25-08-2026,26-08-2026,,,BENLINE,
24-08-2026,CHENNAI,Expected,BD2,WINNER,,,CPOIL,Other,15000,15000,D,25-08-2026,25-08-2026,27-08-2026,,,SEAPORT,
24-08-2026,CHENNAI,Expected,BD2,SC SOLARIS,,,CPOIL,Other,12000,12000,D,25-08-2026,25-08-2026,27-08-2026,,,SAMSARA,
24-08-2026,CHENNAI,Expected,WQ1,PEBBLES,,,L.OIL,Other,RVRT,,D/L,26-08-2026,26-08-2026,28-08-2026,,,SEAPOL,
24-08-2026,CHENNAI,Expected,WQ3,CENTURION MEVIA,,,SCOIL/ HRCOIL/ ST.WI.ROD/ ST.PLATE,Dry/General Bulk,27937/1393/ 500/ 1651,,D/D/D/D,27-08-2026,27-08-2026,30-08-2026,,,PAREKH,
24-08-2026,CHENNAI,Expected,JD1/SQ1,HT LOTUS,,,FLOU,Other,10000,10000,D,28-08-2026,28-08-2026,30-08-2026,,,SEAGREEN,
24-08-2026,CHENNAI,Expected,WQ3/CQ,HOSEI CROWN,,,SCOIL/ STWIROD/ ST.PLATE/MACH,Dry/General Bulk,6889 / 886 / 104 / 12,,D/D/D/D,28-08-2026,28-08-2026,30-08-2026,,,PUYVAST,
24-08-2026,CHENNAI,Expected,JD6/2/5,ECO CHEYENNE,,,PROJ,Other,110,110,L,28-05-2026,29-08-2026,31-08-2026,,,MARCONS,
24-08-2026,CHENNAI,Expected,JD2/4,RACOON,,,PIG IRON,Dry/General Bulk,2050,2050,D,29-08-2026,29-08-2026,30-08-2026,,,PEARL,
24-08-2026,CHENNAI,Expected,JD2/4/6,BANGLAR JOYJATRA,,,J.BAG/BARITES,Other,"15,000/4,000",,L,29-08-2026,29-08-2026,31-08-2026,,,GENID,
24-08-2026,CHENNAI,Expected,JD2/4/6,BBC NORFOLK,,,PROJ,Other,13,13,L,02-09-2026,02-09-2026,04-09-2026,,,MARCONS,
24-08-2026,ENNORE,Working,CB1,Vishva Jyoti,,,T.COAL,Dry/General Bulk,68500,68500,D,19-08-2026,CB1,26-08-2026,,,SEAGREEN,COASTAL
24-08-2026,ENNORE,Working,CB2,APJ Angad 2,,,T COAL,Dry/General Bulk,75000,75000,D,23-08-2026,CB2,26-08-2026,,,JESPA,COASTAL
24-08-2026,ENNORE,Working,CB3,APJ Indrani,,,T COAL,Dry/General Bulk,76000,76000,D,24-08-2026,CB3,27-08-2026,,,SEAPORT,COASTAL
24-08-2026,ENNORE,Working,MLT,LPG/C BW Kizoku,,,Propane/Butane,Liquid/Chemical Bulk,20800,20800,D,20-08-2026,MLT,25-08-2026,,,Interocean,
24-08-2026,ENNORE,Working,EBTPL,Fortune Sunshine,,,L.STONE,Other,71037,71037,D,18-08-2026,EBTPL,26-08-2026,,,PEARL/KANNO,
24-08-2026,ENNORE,Waiting,ECTPL,SUNRISE I,,,S COAL,Dry/General Bulk,40952,40952,D,15-08-2026,RVRT,RVRT,,,PEARL,
24-08-2026,ENNORE,Waiting,ECTPL,STAR EVA,,,S COAL,Dry/General Bulk,103901,103901,D,15-08-2026,RVT,RVRT,,,MERCHANT,
24-08-2026,ENNORE,Waiting,ECTPL,Venus Star,,,S COAL,Dry/General Bulk,78547,78547,D,16-08-2026,RVRT,RVRT,,,GAC,
24-08-2026,ENNORE,Waiting,MLT,LPG/C BW Njord,,,Propane/Butane,Liquid/Chemical Bulk,22000,22000,D,24-08-2026,30-08-2026,31-08-2026,,,ATLANTIC,
24-08-2026,ENNORE,Waiting,MLT,LPG/C Maple Gas,,,Propane/Butane,Liquid/Chemical Bulk,21000,21000,D,24-08-2026,03-09-2026,04-09-2026,,,Interocean,
24-08-2026,ENNORE,Waiting,CB1,APJ Kabir Anand,,,T COAL,Dry/General Bulk,75000,75000,D,24-08-2026,26-08-2026,28-08-2026,,,SEAPORT,COASTAL
24-08-2026,ENNORE,Expected,EBTPL,Glorieuse,,,ST BLOOMS/R BAR,Other,10000,10000,L,24-08-2026,26-08-2026,28-08-2026,,,SEAGREEN,
24-08-2026,ENNORE,Expected,GCB,EUPHRATE HIGHWAY,,,AUTOMOBILE,Other,600,600,L,25-08-2026,25-08-2026,26-08-2026,,,K-STEAM,
24-08-2026,ENNORE,Expected,GCB,Sara Leader,,,AUTOMOBILE,Other,2300,2300,L,28-08-2026,28-08-2026,29-08-2026,,,NYK,
24-08-2026,ENNORE,Expected,GCB,HoeghTirdent,,,AUTOMOBILE,Other,800,800,L,28-08-2026,29-08-2026,30-08-2026,,,MERCHANT,
24-08-2026,ENNORE,Expected,GCB,Garnet Ace,,,AUTOMOBILE,Other,2100,2100,L,29-08-2026,30-08-2026,31-08-2026,,,MOL,
24-08-2026,ENNORE,Expected,GCB,HOEGH TROOPER,,,AUTOMOBILE,Other,800,800,L,31-08-2026,31-08-2026,01-09-2026,,,MERCHANT,
24-08-2026,ENNORE,Expected,MLT,Blue Phoneix,,,CHEMICAL,Other,2600,2600,D,01-08-2026,01-08-2026,02-08-2026,,,Wilhelmsen,
24-08-2026,ENNORE,Expected,MLT,Daewoo Diamond,,,CHEMICAL,Other,1500,1500,D,04-08-2026,04-08-2026,05-08-2026,,,Wilhelmsen,
24-08-2026,KRISHNAPATNAM,Working,WB-3,MT.TROMSO,,,CPO,Other,12000,12000,D,22-08-2026,22-08-2026,24-08-2026,INDONESIA,,SEAPORT SERVICES PVT.LTD,
24-08-2026,KRISHNAPATNAM,Working,WB-2,MV CL DEMOCRACY,,,COAL,Dry/General Bulk,38498.97,38498.97,D,21-08-2026,21-08-2026,25-08-2026,USA,,PAREKH MARINE,
24-08-2026,KRISHNAPATNAM,Working,WB-1,MT CHEM STAR,,,CPO,Other,9930.7430000000004,9930.743,D,23-08-2026,23-08-2026,25-08-2026,DUMAI,,SUN SHIPPING AGENCY,
24-08-2026,KRISHNAPATNAM,Working,S4,MV PAMPERO,,,COAL,Dry/General Bulk,40432,40432,D,21-08-2026,21-08-2026,24-08-2026,"MOBILE, USA",,SEATRANS MARINE PVT LTD.,
24-08-2026,KRISHNAPATNAM,Working,8,MV AFRICAN ISABELLE,,,COAL,Dry/General Bulk,62250,62250,D,22-08-2026,23-08-2026,25-08-2026,PARADIP,,SARAT CHATTERJEE & CO (VSP) PVT LTD,
24-08-2026,KRISHNAPATNAM,Working,7,MV DIAMOND TRADER,,,COAL,Dry/General Bulk,46700,46700,D,18-08-2026,20-08-2026,24-08-2026,INDONESIA,,GAC SHIPPING-OPA/ JYOTHI MARINE SERVICES PVT LTD-CA,
24-08-2026,KRISHNAPATNAM,Working,6,MV SUN ISLAND,,,COAL,Dry/General Bulk,38230,38230,D,20-08-2026,22-08-2026,24-08-2026,"HAY POINT, AUSTRALIA",,ASSOCIATED SHIPPING SERVICES,
24-08-2026,KRISHNAPATNAM,Working,5,MV BAILIAN STAR,,,COAL,Dry/General Bulk,73100,73100,D,21-08-2026,24-08-2026,27-08-2026,RUSSIA,,GPR MARITIME AGENCIES.,
24-08-2026,KRISHNAPATNAM,Working,4,MV CP GIXON,,,DAP,Other,49500,49500,D,23-08-2026,23-08-2026,28-08-2026,SAUDI ARABIA,,.INTEROCEAN SHIPPING (INDIA) PVT LTD,
24-08-2026,KRISHNAPATNAM,Working,2,MV XIN CHEN HAI YANG,,,SHIP UNLOADERS,Other,4098.8469999999998,4098.847,D,19-08-2026,24-08-2026,05-09-2026,CHINA,,SAMSARA SHIPPING PVT LTD,
24-08-2026,KRISHNAPATNAM,Working,1,MV POLYDEFKIS,,,METCOKE,Dry/General Bulk,46700,46700,D,19-08-2026,20-08-2026,25-08-2026,INDONESIA,,WALTERR CUMINNS SHIPPING SERVICES VRC-SLR METALIKS LTD,
24-08-2026,KRISHNAPATNAM,Waiting,S4,MV SKIATHOS,,,COAL,Dry/General Bulk,77070,77070,D,21-08-2026,24-08-2026,27-08-2026,PARADIP,,GAC SHIPPING PVT LTD.,
24-08-2026,KRISHNAPATNAM,Waiting,6,MV RIPLEY PINNACLE,,,COAL,Dry/General Bulk,75260,75260,D,22-08-2026,24-08-2026,26-08-2026,PARADIP,,GAC SHIPPING PVT LTD.,
24-08-2026,KRISHNAPATNAM,Waiting,7,MV GIORGAKIS,,,COAL,Dry/General Bulk,77770,77770,D,23-08-2026,24-08-2026,26-08-2026,PARADIP,,SARAT CHATTERJEE & CO (VSP) PVT LTD,
24-08-2026,KRISHNAPATNAM,Waiting,WB-2,MV ELISAR,,,MOP,Other,35100,35100,D,24-08-2026,25-08-2026,29-08-2026,RUSSIA,,TAURUS SHIPPING,
24-08-2026,KRISHNAPATNAM,Expected,3,MV CPT DIMITRIOS S,,,COAL,Dry/General Bulk,37295,37295,D,24-08-2026,24-08-2026,26-08-2026,RUSSIA,,UNICORN MARITIMES (INDIA) PVT LTD,
24-08-2026,KRISHNAPATNAM,Expected,5,MV GREAT TRIUMPH,,,LIMESTONE,Dry/General Bulk,75024,75024,D,25-08-2026,27-08-2026,30-08-2026,CHINA,,MERCHANT SHIPPING SERVICES PVT. LTD.,
24-08-2026,KRISHNAPATNAM,Expected,WB-3,MT.GLOBAL JUPITER,,,CPO,Other,9995.4189999999999,9995.419,D,25-08-2026,25-08-2026,27-08-2026,MALAYSIA,,SEAPORT SERVICES PVT.LTD,
24-08-2026,KRISHNAPATNAM,Expected,WB-1,MV. DARYA SHAAN,,,CEMENT,Dry/General Bulk,21000,21000,L,25-08-2026,25-08-2026,28-08-2026,COCHIN,,MBK LOGISTICS,
24-08-2026,KRISHNAPATNAM,Expected,8,MV APJ SHIRIN,,,COAL,Dry/General Bulk,54950,54950,D,25-08-2026,26-08-2026,28-08-2026,PARADIP,,SARAT CHATTERJEE & CO (VSP) PVT LTD,
24-08-2026,KRISHNAPATNAM,Expected,6,MV BASIC STAR,,,COAL,Dry/General Bulk,79000,79000,D,25-08-2026,26-08-2026,28-08-2026,PARADIP,,MERCHANT SHIPPING SERVICES PVT. LTD.,
24-08-2026,KRISHNAPATNAM,Expected,7,MV SEASON TRADER,,,COAL,Dry/General Bulk,78750,78750,D,26-08-2026,26-08-2026,28-08-2026,INDONESIA,,BEN LINE AGENCIES INDIA PVT LTD,
24-08-2026,KRISHNAPATNAM,Expected,3,MV IONIAN PRINCESS,,,COAL,Dry/General Bulk,73538,73538,D,26-08-2026,26-08-2026,30-08-2026,RUSSIA,,GPR MARITIME AGENCIES.,
24-08-2026,KRISHNAPATNAM,Expected,6,MV MINERAL DEUTSCHLAND,,,IRON ORE FINES,Dry/General Bulk,195128,195128,D,26-08-2026,28-08-2026,03-09-2026,"PORT HEDLAND, WESTERN AUSTRALIA",,GPR MARITIME AGENCIES.,
24-08-2026,KRISHNAPATNAM,Expected,4,MV WHITE FIN,,,UREA,Other,50580.542999999998,50580.543,D,26-08-2026,28-08-2026,02-09-2026,RUSSIA,,SEATRANS MARINE PVT LTD.,
24-08-2026,KRISHNAPATNAM,Expected,5,MV MARAN TRANSPORTER,,,IRON ORE FINES,Dry/General Bulk,165905,165905,D,26-08-2026,30-08-2026,04-09-2026,BRAZIL,,GPR MARITIME AGENCIES.,
24-08-2026,KRISHNAPATNAM,Expected,WB-3,MT GANDAWATI 2,,,CPO,Other,14999.984,14999.984,D,26-08-2026,27-08-2026,30-08-2026,INDONESIA,,ATLANTIC GLOBAL SHIPPING PVT. LTD,
24-08-2026,KRISHNAPATNAM,Expected,8,MV VISHVA CHETNA,,,COAL,Dry/General Bulk,75000,75000,D,26-08-2026,28-08-2026,30-08-2026,PARADIP,,GAC SHIPPING PVT LTD.,
24-08-2026,KRISHNAPATNAM,Expected,4,MV MING XI JIU YUE,,,DAP/APS,Other,25600,25600,D,30-08-2026,02-09-2026,05-09-2026,"YEOSU, KOREA",,ALAP CARRIERS-OPA SRI SRINIVASA MARINE AGENCIES,
24-08-2026,KRISHNAPATNAM,Expected,3,MV PHOENIX OCEAN,,,LIMESTONE,Dry/General Bulk,73166,73166,D,31-08-2026,31-08-2026,04-09-2026,CHINA,,MERCHANT SHIPPING SERVICES PVT. LTD.,
24-08-2026,KRISHNAPATNAM,Expected,7,MV RIPLEY PIONEER,,,COAL,Dry/General Bulk,70000,70000,D,31-08-2026,31-08-2026,02-09-2026,PARADIP,,GAC SHIPPING PVT LTD.,
24-08-2026,KRISHNAPATNAM,Expected,8,MV CONSTANTINOS G.O.,,,COAL,Dry/General Bulk,42500,42500,D,02-09-2026,02-09-2026,04-09-2026,INDONESIA,,GAC SHIPPING-OPA/ JYOTHI MARINE SERVICES PVT LTD-CA,
24-08-2026,KRISHNAPATNAM,Expected,3,MV GEORGE H,,,COAL,Dry/General Bulk,82306,82306,D,05-09-2026,05-09-2026,09-09-2026,"BALTIMORE, USA",,SL SHIPPING PVT LTD,
24-08-2026,KRISHNAPATNAM,Expected,1,MV VITA MELODY,,,COAL,Dry/General Bulk,48871,48871,D,28-05-2026,28-05-2026,31-05-2026,INDONESIA,,JYOTHI MARINE,
24-08-2026,KATTUPALLI,Working,CB3,CL LINDY,,,DOLOMITE,Dry/General Bulk,60500,60500,D,17-08-2026,17-08-2026,26-08-2026,,,PEARL/SEAGREEN,
24-08-2026,KATTUPALLI,Expected,CB3,SCORPIO HONOUR,,,GYPSUM,Dry/General Bulk,56000,56000,D,27-08-2026,27-08-2026,30-08-2026,,,MINSOTRANS,
24-08-2026,KATTUPALLI,Expected,CB3,NHK FORTUNE,,,TMT BAR,Other,14500,14500,D,02-09-2026,02-09-2026,06-09-2026,,,JMB,
24-08-2026,SANDHEADS,Working,,PELOPIDAS,,G'LESS,REVERT,Other,,,,NOT READY,090600,REVERT,,,N/A,
24-08-2026,SANDHEADS,Working,,THERE ARE 4 VIRTUAL ANCHORAGE POINTS AT SAGAR AND 4 VESSELS CAN WORK SIMULTANEOUSLY SUB PORT CONSIDERATION,,,,Other,,,,,,,,,,
24-08-2026,SANDHEADS,Working,,"VESSEL'S BERTHING MOVEMENT DEPENDS ON ALL FAVORABLE CONDITIONS SUCH AS CGO DOCS READINESS, VSL'S SENIORITY,",,,,Other,,,,,,,,,,
24-08-2026,SANDHEADS,Working,,"WEATHER CONDITIONS, CONGESTION & BERTH AVAILABILITY",,,,Other,,,,,,,,,,
24-08-2026,SANDHEADS,Working,,Port Working Hours: 24 x 7 basis,,,,Other,,,,,,,,,,
24-08-2026,SANDHEADS,Working,,COASTAL VESSELS HAVE OUSTING PRIORITY,,,,Other,,,,,,,,,,
24-08-2026,SAGAR,Waiting,,MV. WELL DREAM,,GEARED,LIMESTONE,Dry/General Bulk,,,,25-08-2026,26-08-2026,28-08-2026,,,GAC SHIPPING,
24-08-2026,HALDIA,Working,4B,MV. METTLE STARE-I,,GEARLESS,COKING COAL,Dry/General Bulk,32000,32000,DISCH,22-10-2025,23-10-2025,24-10-2025,,TATA STEEL,TMILL,
24-08-2026,HALDIA,Working,14,MV. GRACE LOUISE,,GEARLESS,COKING COAL,Dry/General Bulk,34000,34000,DISCH,22-08-2026,23-08-2026,25-08-2026,,TATA STEEL,TMILL,BAHUDOPI
24-08-2026,HALDIA,Working,1,MV. YU YAN,,GEARLESS,COKING COAL,Dry/General Bulk,31000,31000,DISCH,19-08-2026,22-08-2026,24-08-2026,,SAIL,V-OCEAN,ZHANJIANG
24-08-2026,HALDIA,Working,13,MV. ATP FORTUNE,,GEARED,MANGANESE ORE,Dry/General Bulk,29000,29000,DISCH,22-08-2026,23-08-2026,25-08-2026,,SHYAM SEL / SHYAM FERRO,INTEROCEAN,FENGCHENG
24-08-2026,HALDIA,Working,10,MV. KATERINA III,,GEARLESS,MET COKE,Dry/General Bulk,28648,28648,DISCH,20-08-2026,23-08-2026,25-08-2026,,VARIOUS,SEATRANS,PORT ELIZABETH
24-08-2026,HALDIA,Waiting,9,MV. ASAHI BULKER,,GEARED,LENTILS,Other,16824,16824,DISCH,19-08-2026,24-08-2026,26-08-2026,,VARIOUS,GAC SHIPPING,AUSTRALIA
24-08-2026,HALDIA,Waiting,12,MV W HUANG PU,,GEARLESS,ROCK PHOSPHATE,Dry/General Bulk,18700,18700,DISCH,22-08-2026,26-08-2026,28-08-2026,,VARIOUS,ALAP,SAUDI ARAB
24-08-2026,HALDIA,Waiting,12,MV CHOLA UNITY,,GEARLESS,LIMESTONE,Dry/General Bulk,36000,36000,DISCH,23-08-2026,27-08-2026,29-08-2026,,PARAG,ALAP,SALALAH
24-08-2026,HALDIA,Waiting,12,M.V. SAKIZAYA XCEL,,GEARLESS,LIMESTONE,Dry/General Bulk,33000,33000,DISCH,23-08-2026,24-08-2026,26-08-2026,,TATA STEEL,KANOO SHIPPING,FENGCHENG
24-08-2026,HALDIA,Waiting,14,M.V. AGRAFA,,GEARED,MANGANIES ORE,Other,23000,23000,DISCH,26-08-2026,26-08-2026,27-08-2026,,VARIOUS,BEN LINE,LIBREVILLE
24-08-2026,HALDIA,Expected,4,M.V. RIPLEY PROGRESS,,GEARLESS,THERMAL COAL,Dry/General Bulk,30000,30000,LOAD,25-08-2026,26-08-2026,28-08-2026,,APPDCL,SEATRANS,
24-08-2026,HALDIA,Expected,12,M.V. OAK ANTON,,GEARLESS,NUT COKE,Dry/General Bulk,34000,34000,DISCH,25-08-2026,26-08-2026,28-08-2026,,VARIOUS,SAKURA,BAHUDOPI
24-08-2026,HALDIA,Expected,"2,8,9 & 13",M.V. DARLEAKAY,,GEARED,MANGANIES ORE,Other,17970,17970,DISCH,26-08-2026,28-08-2026,30-08-2026,,VARIOUS,BEN LINE,LIBREVILLE
24-08-2026,HALDIA,Expected,4B,M.V. YPERION,,GEARLESS,PCI COAL,Dry/General Bulk,31643,31643,DISCH,26-08-2026,28-08-2026,30-08-2026,,TSL,TMILL,AUSTRALIA
24-08-2026,HALDIA,Expected,"2,8,9 & 13",MV. ECO DIAGON ALLEY,,GEARLESS,COKING COAL,Dry/General Bulk,,,DISCH,28-08-2026,29-08-2026,31-08-2026,,SAIL,V OCEAN,NAKODKA
24-08-2026,HALDIA,Expected,"2,8,9 & 13",M.V. WELL DREAM,,GEARED,LIMESTONE,Dry/General Bulk,4000/22639,,DISCH,30-08-2026,31-08-2026,02-09-2026,,SHYAM SEL AND POWER,GAC,DIBBA PORT
24-08-2026,HALDIA,Expected,"2,8,9 & 13",M.V. STELLA NAVIS,,GEARLESS,COKING COAL,Dry/General Bulk,35000,35000,DISCH,31-08-2026,31-08-2026,02-09-2026,,SHYAM SEL AND POWER,GAC,HAYPOINT
24-08-2026,DHAMRA,Working,B - 1/17.2/350,MV CAPE SUNRISE,PANAMAX,,STEAM COAL,Dry/General Bulk,,,DISCHARGE,22-08-2026,B - 1/17.2/350,25-08-2026,,ADANI ENTERPRISES LTD,GAC,
24-08-2026,DHAMRA,Working,B- 2/17.2/350,MV EASTERN QUINCE,PANAMAX,,COKING COAL,Dry/General Bulk,,,DISCHARGE,22-08-2026,B- 2/17.2/350,24-08-2026,,TATA,TMIL/BEN LINE,
24-08-2026,DHAMRA,Working,B -3/17/350,MV CHOLA MELODY,PANAMAX,,THERMAL COAL,Dry/General Bulk,,,LOADING,21-08-2026,B -3/17/350,26-08-2026,,NTECL,BOTHRA/JM BOXI,
24-08-2026,DHAMRA,Working,B-3 A /14.5/350,MV SAFESEA SINDOOR,HANDIMAX,,STEEL SLAB,Dry/General Bulk,,,LOADING,21-08-2026,B-3 A /14.5/350,25-08-2026,,JINDAL STEEL LTD,JM BAXI,
24-08-2026,DHAMRA,Working,B-3A S /13.5,MV SERENITY,HANDIMAX,,HR COIL,Other,,,LOADING,20-08-2026,B-3A S /13.5,25-08-2026,,TATA,TMIL,
24-08-2026,DHAMRA,Working,B-4/17/300,MV CELINA,PANAMAX,,IRON ORE FINES,Dry/General Bulk,,,LOADING,16-08-2026,B-4/17/300,24-08-2026,,STARLIGHT,INFINITY,
24-08-2026,DHAMRA,Working,B-5/17/300,MV BASIS FORTUNE,PANAMAX,,THERMAL COAL,Dry/General Bulk,,,LOADING,20-08-2026,B-5/17/300,27-08-2026,,MOXIE POWER,GAC,
24-08-2026,DHAMRA,Waiting,B-3,MV ENGIADINA,HANDIMAX,,IRON ORE PELLETS,Dry/General Bulk,55000 MT,55000,LOADING,11-08-2026,26-08-2026,27-08-2026,,RUNGTA MINES,INFINITY,
24-08-2026,DHAMRA,Waiting,B-3A,MV PAC AGENA,HANDIMAX,,HR COIL,Other,30000 MT,30000,DISCHARGE,21-08-2026,25-08-2026,28-08-2026,,TATA,TMIL,
24-08-2026,DHAMRA,Waiting,B-3A,MV PAS BLUE WAVE,HANDIMAX,,HR COIL,Other,30000 MT,30000,DISCHARGE,22-08-2026,28-08-2026,31-08-2026,,TATA,TMIL,
24-08-2026,DHAMRA,Waiting,B-3,MV TCLC LUZHOU,HANDIMAX,,SLAG,Other,55000 MT,55000,LOADING,23-08-2026,27-08-2026,29-08-2026,,TATA,SMPL,
24-08-2026,DHAMRA,Waiting,B-3AS,MV SYMI,HANDIMAX,,DAP,Other,54999 MT,54999,DISCHARGE,23-08-2026,25-08-2026,30-08-2026,,IIPL,KANHU SHIPPING,
24-08-2026,DHAMRA,Waiting,B-2,MV ANDROS SPIRIT,PANAMAX,,COKING COAL,Dry/General Bulk,38000 MT,38000,DISCHARGE,23-08-2026,24-08-2026,25-08-2026,,ADANI ENTERPRISES LTD,JYOTHI/GPR,
24-08-2026,DHAMRA,Expected,B-1,MV SHIN SHUN,CAPE,,STEAM COAL,Dry/General Bulk,109523 MT,109523,DISCHARGE,24-08-2026,25-08-2026,28-08-2026,,RUNGTA MINES,GAC,
24-08-2026,DHAMRA,Expected,B-5,MV JY OCEAN,PANAMAX,,LIMESTONE,Dry/General Bulk,45000 MT,45000,DISCHARGE,25-08-2026,27-08-2026,30-08-2026,,TATA,TMIL,
24-08-2026,DHAMRA,Expected,B-2,MV CAPE CRANE,CAPE,,COKING COAL,Dry/General Bulk,163000 MT,163000,DISCHARGE,25-08-2026,25-08-2026,29-08-2026,,TATA,TMIL,
24-08-2026,DHAMRA,Expected,B-1,MV NEW EXPLORER,PANAMAX,,PCI COAL,Dry/General Bulk,76000 MT,76000,DISCHARGE,26-08-2026,28-08-2026,30-08-2026,,FEE GRADE,SMPL/INFINITY,
24-08-2026,DHAMRA,Expected,B-2,MV STELLA NAVIS,PANAMAX,,COKING COAL,Dry/General Bulk,45000 MT,45000,DISCHARGE,27-08-2026,29-08-2026,30-08-2026,,SHYAM METALIKS,GAC,
24-08-2026,PARADIP PORT,Waiting & Expected,,MV. KANG SHUN,,189.90/12.42,ROCK PHOSPHATE,Dry/General Bulk,52500 MT,52500,DISCHARGE,15/1612 HRS,,,HIGH SEAS,PPL,OSL,
24-08-2026,PARADIP PORT,Waiting & Expected,,MV. PICTOR,,224.94/14.20,ROCK PHOSPHATE,Dry/General Bulk,74203 MT,74203,DISCHARGE,26/0600 HRS,,,HIGH SEAS,IFFCO,JMS,
24-08-2026,PARADIP PORT,Waiting & Expected,,MT. SEA GULL 9,,127.52/8.00,CRD PALMOIL,Other,10000 MT,10000,DISCHARGE,24/0730 HRS,,,HIGHSEAS,ADANI WILMAR,AGS,
24-08-2026,PARADIP PORT,Waiting & Expected,,MV. GREEN K MAX 2,,229.00/14.45,THERMAL COAL,Dry/General Bulk,65000 MT,65000,LOADING,18/1724 HRS,25-08-2026,26-08-2026,ENNORE,OPG,SEA SHIPS,SUB TO READINESS
24-08-2026,PARADIP PORT,Waiting & Expected,,MV. CHOLA TREASURE,,225.00/,THERMAL COAL,Dry/General Bulk,69000 MT,69000,LOADING,22/1800 HRS,26-08-2026,27-08-2026,HIGH SEAS,TNPGCL,SEAPORT,SUB TO READINESS
24-08-2026,PARADIP PORT,Waiting & Expected,,MV. RIPLEY PIONEER,,225.00/14.50,THERMAL COAL,Dry/General Bulk,75000 MT,75000,LOADING,23/0554 HRS,25-08-2026,26-08-2026,KRISHNAPATNAM,APPDCL ADANI/APGENCO ADANI,GAC,SUB TO READINESS
24-08-2026,PARADIP PORT,Waiting & Expected,,MV. APJ SETHU,,224.86/,THERMAL COAL,Dry/General Bulk,69000 MT,69000,LOADING,24/0024 HRS,26-08-2026,27-08-2026,HIGH SEAS,TNPGCL,SEAPORT,SUB TO READINESS
24-08-2026,PARADIP PORT,Waiting & Expected,,MV. JEWEL OF GOLD,,190.00/13.00,THERMAL COAL,Dry/General Bulk,35000 MT,35000,LOADING,24/1700 HRS,25-08-2026,26-08-2026,KRISHNAPATNAM,"APPDCL/SCCPL, APPDCL/KCT",SCC(VSP),SUB TO READINESS
24-08-2026,PARADIP PORT,Waiting & Expected,,MV. DECCAN PRIDE,,225.00/,THERMAL COAL,Dry/General Bulk,73700 MT,73700,LOADING,25/1800 HRS,26-08-2026,27-08-2026,KRISHNAPATNAM,SEMBCORP,J M BAXIMSPL,SUB TO READINESS
24-08-2026,PARADIP PORT,Waiting & Expected,,MV. APJ JAOUAD,,225.00/,THERMAL COAL,Dry/General Bulk,75000 MT,75000,LOADING,26/0900 HRS,27-08-2026,28-08-2026,HIGH SEAS,TNPGCL,SEAPORT,SUB TO READINESS
24-08-2026,PARADIP PORT,Waiting & Expected,,MV TAN BINH 259,,175.53/9.50,STEEL COILS,Dry/General Bulk,25391 MT,25391,DISCHARGE,22/1625 HRS,27-08-2026,31-08-2026,BAHODOPI,JINDAL STAINLESS,SSS,SUB TO READINESS
24-08-2026,PARADIP PORT,Waiting & Expected,,MV. DELAVITA,,229.00/7.50,PIG IRON,Dry/General Bulk,60500 MT,60500,LOADING,10/0130 HRS,27-08-2026,01-09-2026,SINGAPORE,RAMSARUP,GAC,SUB TO READINESS
24-08-2026,PARADIP PORT,Waiting & Expected,,MV. AM PROGRESS,,176.54/,STEEL SLAB,Dry/General Bulk,30000 MT,30000,LOADING,14/0536 HRS,28-08-2026,01-09-2026,NEWPORT,TATA,TMIL,SUB TO READINESS
24-08-2026,PARADIP PORT,Waiting & Expected,,MV. PROPEL PEACE,,179.99/,STEEL SLAB,Dry/General Bulk,31000 MT,31000,LOADING,19/0130 HRS,01-09-2026,04-09-2026,HIGH SEAS,TATA,TMIL,SUB TO READINESS
24-08-2026,PARADIP PORT,Waiting & Expected,,MV. MSC MAKOTO II,,175.49/7.50,CONTAINER,Container,350 MT,350,LOADING,19/2306 HRS,26-08-2026,27-08-2026,COLOMBO,MSC AGENGY,MSC AGENGY,CONTAINER PRIORITY
24-08-2026,PARADIP PORT,Waiting & Expected,,MV. NIKGENIOUS,,199.90/13.06,A. SULPHATE,Dry/General Bulk,31500 MT,31500,DISCHARGE,22/1700 HRS,01-09-2026,05-09-2026,XIUYU,HURL,ADMIRAL,SUB TO READINESS
24-08-2026,PARADIP PORT,Waiting & Expected,,MV. AP QUEEN,,110.67/8.77,FERRO NICKLE,Other,8250 MT,8250,DISCHARGE,23/1150 HRS,04-09-2026,06-09-2026,INDONESIA,JSL,PAREKH,SUB TO READINESS
24-08-2026,PARADIP PORT,Waiting & Expected,,MV. PAULA TRADER,,179.90/7.43,STEEL SQUARE TUBES,Dry/General Bulk,4000 MT,4000,LOADING,25/1800 HRS,05-09-2026,06-09-2026,HOUSTON,APL APOLLO TUBES,,SUB TO READINESS
24-08-2026,PARADIP PORT,Waiting & Expected,,MV. YPERION,,229.00/14.53,PCI COAL,Dry/General Bulk,47541 MT,47541,DISCHARGE,19/1200 HRS,24-08-2026,26-08-2026,LYTTELTO,TATA,TMIL,SUB TO READINESS
24-08-2026,PARADIP PORT,Waiting & Expected,,MV. KIRRIBILLI,,228.99/14.49,COKING COAL,Dry/General Bulk,79611 MT,79611,DISCHARGE,25/2200 HRS,26-08-2026,28-08-2026,HAYPOINT,TATA/NINL,TMIL,SUB TO READINESS
24-08-2026,PARADIP PORT,Waiting & Expected,,MV. SENTINEL,,200.00/,COAL,Dry/General Bulk,32550 MT,32550,DISCHARGE,07/09/26 HRS,07-09-2026,08-09-2026,HIGH SEAS,VULCAN,SPARTANS,SUB TO READINESS
24-08-2026,PARADIP PORT,Waiting & Expected,,MV. ALASIA,,199.98/12.50,IRON ORE FINES,Dry/General Bulk,50000 MT,50000,LOADING,17/1310 HRS,,,MUMBAI,JSW,SSS,
24-08-2026,PARADIP PORT,Waiting & Expected,,MV. OCEAN WINNER,,225.00/14.35,IRON ORE FINES,Dry/General Bulk,73000 MT,73000,LOADING,05/2118 HRS,,,CHINA,OCL IRON,BOTHRA,
24-08-2026,PARADIP PORT,Waiting & Expected,,MV. GEOSTAR,,199.98/13.10,IRON ORE FINES,Dry/General Bulk,57000 MT,57000,LOADING,18/2212 HRS,,,CHINA,BAGADIYA,SSS,
24-08-2026,PARADIP PORT,Waiting & Expected,,MV. AMNSI MAXIMUS,,229.00/14.00,IRON ORE PELLET,Dry/General Bulk,55000 MT,55000,LOADING,24/0706 HRS,,,HAJIRA,AMNSIL,SAMSARA,
24-08-2026,PARADIP PORT,Waiting & Expected,,MV. CHOLA DESTINY,,229.00/14.00,IRON ORE PELLET,Dry/General Bulk,75000 MT,75000,LOADING,25/0600 HRS,,,HAJIRA,AMNSIL,SAMSARA,
24-08-2026,PARADIP PORT,Waiting & Expected,,MV. CAPT EUGENE,,189.99/,IRON ORE PELLET,Dry/General Bulk,54500 MT,54500,LOADING,25/1200 HRS,,,CHINA,SJSPL,ACEC,
24-08-2026,PARADIP PORT,Waiting & Expected,,MV. GREEK SEAS,,229.00/14.00,IRON ORE PELLET,Dry/General Bulk,75000 MT,75000,LOADING,26/0600 HRS,,,CHINA,AMNSIL,SAMSARA,
24-08-2026,PARADIP PORT,Waiting & Expected,,MV.CAPTAIN PANAGIS,,199.90/,IRON ORE FINES,Dry/General Bulk,58000 MT,58000,LOADING,26/2300 HRS,27-08-2026,28-08-2026,CHINA,SESA MINING,SPARTANS,
24-08-2026,PARADIP PORT,Waiting & Expected,,MT. ALDAN,,243.79/13.90,CRUDE OIL,Liquid/Chemical Bulk,93429 MT,93429,DISCHARGE,21/0218 HRS,,,HIGH SEAS,IOCL PLD,AGS,
24-08-2026,PARADIP PORT,Waiting & Expected,,MT. MARJORIE,,274.00/15.70,CRUDE OIL,Liquid/Chemical Bulk,140894 MT,140894,DISCHARGE,26/0600 HRS,,,HIGHSEAS,IOCL PLD,J M BAXIMSPL,
24-08-2026,PARADIP PORT,Waiting & Expected,,MT. ATOKOS,,332.95/19.65,CRUDE OIL,Liquid/Chemical Bulk,258557 MT,258557,DISCHARGE,28/0600 HRS,,,CHENNAI,IOCL PLD,AGS,
24-08-2026,PARADIP PORT,Waiting & Expected,,MT. SOPRANO SERENE,,179.88/11.80,HSD/M.SPIRIT,Liquid/Chemical Bulk,19500 MT,19500,DISCHARGE,01/1000 HRS,,,HALDIA,BPCL,AGS,
24-08-2026,PARADIP PORT,Waiting & Expected,,MT. SWARNA PUSHP,,184.95/8.10,ATF,Liquid/Chemical Bulk,9000 MT,9000,LOADING,13/0036 HRS,,,HIGHSEAS,IOCL,AGS,RE-ANCH
24-08-2026,PARADIP PORT,Waiting & Expected,,MT. NILE RIVER,,229.00/11.90,BUTANE/PROPAN,Liquid/Chemical Bulk,28000 MT,28000,DISCHARGE,22/0500 HRS,,,HALDIA,IOCL,AGS,
24-08-2026,PARADIP PORT,Waiting & Expected,,MT. BW POLARIS,,229.90/12.22,BUTANE/PROPAN,Liquid/Chemical Bulk,20000 MT,20000,DISCHARGE,22/1000 HRS,,,NEW MANGALORE,IOCL,WILHELMSEN,
24-08-2026,PARADIP PORT,Waiting & Expected,,MT. FAIRWAY,,171.26/,M.SPIRIT/NAPTH,Liquid/Chemical Bulk,15000 MT,15000,LOADING,23/1800 HRS,,,HIGHSEAS,IOCL,AGS,
24-08-2026,PARADIP PORT,Waiting & Expected,,MT. SANMAR SITAR,,183.00/7.30,HSD,Liquid/Chemical Bulk,22000 MT,22000,LOADING,23/0748 HRS,,,HIGHSEAS,IOCL,AGS,
24-08-2026,PARADIP PORT,Waiting & Expected,,MT. ANANTHA,,160.50/,LCO,Other,2201 MT,2201,LOADING,25/1200 HRS,,,HIGHSEAS,IOCL,ISIPL,
24-08-2026,PARADIP PORT,Waiting & Expected,,MT. ARLON,,189.96/10.60,AMMONIA,Liquid/Chemical Bulk,15000 MT,15000,LOADING,25/2300 HRS,,,HIGHSEAS,IFFCO,ISIPL,
24-08-2026,PARADIP PORT,Waiting & Expected,,MT. GAS QUANTUM,,173.70/10.26,AMMONIA,Liquid/Chemical Bulk,23202 MT,23202,LOADING,01/0001 HRS,,,HIGHSEAS,IFFCO,SSS,
24-08-2026,PARADIP PORT,Waiting & Expected,,MV. CORNELIA M,,225.00/14.50,METCOKE,Dry/General Bulk,44000 MT,44000,DISCHARGE,24/1530 HRS,25-08-2026,28-08-2026,JAPAN,TATA,TMIL,CQ-1
24-08-2026,PARADIP PORT,Waiting & Expected,,MV. RICHLAND SINGAPORE,,228.90/14.50,COKING COAL,Dry/General Bulk,79200 MT,79200,DISCHARGE,26/0600 HRS,26-08-2026,30-08-2026,HAYPOINT,SAIL,SSS,MPB
24-08-2026,PARADIP PORT,Waiting & Expected,,MV. SUNRISE I,,228.90/14.46,COKING COAL,Dry/General Bulk,33000 MT,33000,DISCHARGE,27/0600 HRS,27-08-2026,29-08-2026,KEMBLA,JSW JFE,GPR MARITIME,CQ-2
24-08-2026,PARADIP PORT,Waiting & Expected,,MV. SENTINEL,,200.00/,COAL,Dry/General Bulk,32550 MT,32550,DISCHARGE,07/09/26 HRS,07-09-2026,09-09-2026,HIGH SEAS,VULCAN,SPARTANS,MPB
24-08-2026,PARADIP PORT,Waiting & Expected,,"PRIORITY BERTHING ALLOWED FOR ALL IMPORT/EXPORT DRY BULK CARGO TO M/S. JSPL, TATA, JSW SAMBALPUR AT GCB.",,,,Other,,,,,,,,,,
24-08-2026,PARADIP PORT,Waiting & Expected,,"VESSEL WHICH CAN NOT PERFORM AS THE REQUIRED PORT NORMS, SHE WILL BE SHIFTED TO ROADS AND HER BERTHING WILL BE DECIDED AS THE LAST VESSEL ON SERIAL.",,,,Other,,,,,,,,,,
24-08-2026,PARADIP PORT,Waiting & Expected,,"MAXIMUM OF TWO COASTAL VESSELS WILL BE TAKEN AT A TIME IN THE CONVENTIONAL BERTH W.E.F 07-OCT-2018,TILL FURTHER ORDER",,,,Other,,,,,,,,,,
24-08-2026,KAKINADA,Waiting,,M.T. SWARNA MALA,,,"DIESEL, MOTOR SPIRIT",Liquid/Chemical Bulk,5654 946,,,23-08-2026,,,,RIL,ATLANTIC,
24-08-2026,KAKINADA,Waiting,,SAILED VESSELS::,,,,Other,,,,,,,,,,
24-08-2026,KAKINADA,Waiting,,M.V. SEA LYRA,,,,Other,,,,19-08-2026,,,,,,
24-08-2026,KAKINADA,Waiting,,M.T. AZALEA,,,,Other,,,,22-08-2026,,,,,,
24-08-2026,KAKINADA,Waiting,,M.T. DX PIONEER,,,,Other,,,,19-08-2026,,,,,,
24-08-2026,KAKINADA,Waiting,,M.V.AQUASTAR,,,,Other,,,,20-08-2026,,,,,,
24-08-2026,KAKINADA,Waiting,,M.T. DALMACIJA,,,,Other,,,,19-08-2026,,,,,,
24-08-2026,KAKINADA,Waiting,,M.T. ORCHID SYLT,,,,Other,,,,14-08-2026,,,,,,
24-08-2026,KAKINADA,Waiting,,M.T.ANANTA,,,,Other,,,,22-08-2026,,,,,,
24-08-2026,KAKINADA,Waiting,,M.T.GLOBAL JUPITER,,,,Other,,,,22-08-2026,,,,,,
24-08-2026,KAKINADA,Expected,,M.V.SEA FALCON,,,RICE,Dry/General Bulk,41000,41000,,25-08-2026,,,,TBA,LOTUS,
24-08-2026,KAKINADA,Expected,,M.V.TRUONG MINH SEA,,,RICE,Dry/General Bulk,50000,50000,,26-08-2026,,,,,IMPERIAL,
24-08-2026,KAKINADA,Expected,,M.V.HARILAOS JUNIOR,,,RICE,Dry/General Bulk,42000,42000,,26-08-2026,,,,,IMPERIAL,
24-08-2026,KAKINADA,Expected,,M.V.JAL VAIBHAV,,,IRON ORE,Dry/General Bulk,82500,82500,,24-08-2026,,,,LLOYDS METALS,BOTHRA,
24-08-2026,KAKINADA,Expected,,M.V.JABAL SAMHAN,,,COAL,Dry/General Bulk,61200,61200,,24-08-2026,,,,AP GENCO,SARAT CHATTERJEE,
24-08-2026,KAKINADA,Expected,,M.V. SALT LAKE,,,NPK,Other,65992,65992,,25-08-2026,,,,CIL,CROSS TRADE,
24-08-2026,KAKINADA,Expected,,M.T. TG TAURUS,,,PHOSPHORIC ACID,Dry/General Bulk,9164,9164,,26-08-2026,,,,CIL,RDS OIL & GAS,
24-08-2026,KAKINADA,Expected,,M.T.STOLT ACER,,,POME-ME (BIO-DIESEL),Other,6000,6000,,26-08-2026,,,,KALEESUWARI REFINERY,JM BAXI,
24-08-2026,KAKINADA,Expected,,M.T. GOLDEN ORCHID,,,EDIBLE OIL,Other,7000,7000,,27-08-2026,,,,SANTHOSHIMATAA,JAMES,
24-08-2026,KAKINADA,Expected,,M.T.ARLON,,,AMMONIA,Liquid/Chemical Bulk,14940,14940,,27-08-2026,,,,CIL,SEATRANS,
24-08-2026,KAKINADA,Expected,,M.V.JIU XU,,,AMMONIUM SULPHATE,Dry/General Bulk,33000,33000,,27-08-2026,,,,HINDUSTAN URVAK,PRAVV SHIPPING,
24-08-2026,KAKINADA,Expected,,M.V. AFRICAN DRAGON,,,SULPHUR,Other,17500,17500,,28-08-2026,,,,CIL,CROSS TRADE,
24-08-2026,KAKINADA,Expected,,M.V. AMARYLLIS,,,COAL,Dry/General Bulk,76200,76200,,30-08-2026,,,,THE RAMCO CEMENTS,ATLANTIC,
24-08-2026,KAKINADA,Expected,,M.V.STAR CLEO,,,UREA,Other,49600,49600,,31-08-2026,,,,CIL,AN LINE,
24-08-2026,KAKINADA,Expected,,M.V.RISHABH,,,,Other,,,,05-02-2026,,,,,,
24-08-2026,GANGAVARAM,Working,B4,MV VISHVA NIDHI,,,IRON ORE FINES,Dry/General Bulk,55000,55000,,24-08-2026,B4,26-08-2026,,KIOCL,SEAWAYS,
24-08-2026,GANGAVARAM,Working,B5,MV CAPTAIN PANAGIS,,,BAUXITE,Dry/General Bulk,57166,57166,,23-08-2026,B5,25-08-2026,,VEDANTA,IMPERIAL,MECHNICAL CONCEYOR DISCH BERTH
24-08-2026,GANGAVARAM,Working,B8,MV AL MANHAL,,,CP COKE,Dry/General Bulk,16499.886999999999,16499.887,,22-08-2026,B8,26-08-2026,,VEDANTA,SPARTANS,CONTAINER BERTH
24-08-2026,GANGAVARAM,Expected,B3,MV LUCKY SUNDAY,,,LIMESTONE,Dry/General Bulk,77100,77100,,24-08-2026,B3,27-08-2026,,RINL,SEATRANS,
24-08-2026,GANGAVARAM,Expected,B6,MV ECO DIAGON ALLEY,,,COKING COAL,Dry/General Bulk,45000,45000,,25-08-2026,B6,27-08-2026,,SAIL,V-OCEAN,
24-08-2026,GANGAVARAM,Expected,B6,MV XIN QI HANG 1,,,BAUXITE,Dry/General Bulk,63900,63900,,25-08-2026,B6,29-08-2026,,VEDANTA,IMPERIAL,
24-08-2026,GANGAVARAM,Expected,B8,MV STAR SHANGHAI,,,UREA,Other,52500,52500,,26-08-2026,B8,29-08-2026,,INDIAN POTASH LTD,CHOWGULE,
24-08-2026,GANGAVARAM,Expected,B5,MV ARKTOS,,,COKING COAL,Dry/General Bulk,75000,75000,,27-08-2026,B5,29-08-2026,,NMDC,SAI SAMRAT,
24-08-2026,GANGAVARAM,Expected,NO.02 / NO. 03,MV LILA SHANGHAI,,,LIMESTONE,Dry/General Bulk,75250,75250,,30-08-2026,NO.02 / NO. 03,,,,,
24-08-2026,VISAKHAPATNAM,Working,C.THERMAL,MV HALDI,,,REPAIR PURPOSE,Other,,,,23-08-2026,C.THERMAL,24-08-2026,,,TMILL,
24-08-2026,VISAKHAPATNAM,Working,VGCB,MV NEW AMBITION,,,PCI COAL,Dry/General Bulk,77870,77870,D,22-08-2026,VGCB,25-08-2026,,,SPARTANS,
24-08-2026,VISAKHAPATNAM,Working,CB-1,MV HENG HUI 6,,,CONTAINERS,Container,10000,10000,D/L,24-08-2026,CB-1,25-08-2026,,,CMA CGM,
24-08-2026,VISAKHAPATNAM,Working,CB-3,MV MARINA VOYAGER,,,CONTAINERS,Container,24000,24000,D/L,24-08-2026,CB-3,25-08-2026,,,MAERSK,
24-08-2026,VISAKHAPATNAM,Working,LPG,LPG/C PERTAMINA GAS DAHLIA,,,LPG,Other,23722,23722,D,19-08-2026,LPG,25-08-2026,,,ATLANTIC,
24-08-2026,VISAKHAPATNAM,Working,AVCTPL[EQ-1A],MV HARILAOS JUNIOR,,,BAUXITE IN BULK,Dry/General Bulk,58523,58523,D,20-08-2026,AVCTPL[EQ-1A],24-08-2026,,,IMPERIAL,
24-08-2026,VISAKHAPATNAM,Working,EQ-3,MV STAR COPENHAGEN,,,UREA,Other,54266,54266,D,20-08-2026,EQ-3,29-08-2026,,,CROSS TRADING,
24-08-2026,VISAKHAPATNAM,Working,EQ-4,MV SSI IRRSISTIBLE,,,AMMONIUM SULPHTE IN BULK,Other,40500,40500,D,15-08-2026,EQ-4,29-08-2026,,,SEATRANS,
24-08-2026,VISAKHAPATNAM,Working,EQ-6,MV SPIRIT OF KOBE,,,CP COKE,Dry/General Bulk,20400,20400,L,21-08-2026,EQ-6,28-08-2026,,,ESHWAR,
24-08-2026,VISAKHAPATNAM,Working,EQ-9 (VSPL),MV EUROPE BAY,,,PET COKE,Dry/General Bulk,52965,52965,D,23-08-2026,EQ-9 (VSPL),26-08-2026,,,JYOTHI,
24-08-2026,VISAKHAPATNAM,Working,WQ-1,MV OAK ANTON,,,NUT COKE IN BULK,Dry/General Bulk,17700,17700,D,14-08-2026,WQ-1,24-08-2026,,,NAVSHIP,
24-08-2026,VISAKHAPATNAM,Working,WQ-2,MV DARLEAKAY,,,MANGANESE ORE,Dry/General Bulk,32680,32680,D,16-08-2026,WQ-2,25-08-2026,,,BOTHRA,
24-08-2026,VISAKHAPATNAM,Working,WQ-3,MV PANDA,,,ALUMINA IN BULK,Dry/General Bulk,33800,33800,L,13-08-2026,WQ-3,30-08-2026,,,INTEROCEAN,
24-08-2026,VISAKHAPATNAM,Working,WQ-4,MV BOSHI 78,,,ALUMINA IN BULK,Dry/General Bulk,30393,30393,L,19-08-2026,WQ-4,30-08-2026,,,INTEROCEAN,
24-08-2026,VISAKHAPATNAM,Working,WQ-5,MV DONG FANG WEI YE,,,ALUMINA IN BAGS,Dry/General Bulk,31500,31500,L,12-08-2026,WQ-5,26-08-2026,,,ESHWAR,SHIFTED FROM EQ-3 TO WQ-5
24-08-2026,VISAKHAPATNAM,Working,WQ-6,MV SSI CONQUEST,,,TSP & DAP,Other,52700,52700,D,22-08-2026,WQ-6,29-08-2026,,,BOTHRA,
24-08-2026,VISAKHAPATNAM,Working,WQ-7,Handed over to m/s VMBCTPL for projecdt development,,,,Other,,,,,WQ-7,,,,,
24-08-2026,VISAKHAPATNAM,Working,OR-1,OR -1 Berth spared for Revamping by CE department,,,,Other,,,,,OR-1,,,,,
24-08-2026,VISAKHAPATNAM,Working,OR-2,MT ANANTHA,,,FUEL OIL,Other,2711,2711,D,23-08-2026,OR-2,24-08-2026,,,INTEROCEAN,
24-08-2026,VISAKHAPATNAM,Working,OR-3,MT ORCHIDS,,,FO & LDO,Other,12000,12000,L,20-08-2026,OR-3,25-08-2026,,,ATLANTIC,
24-08-2026,VISAKHAPATNAM,Working,F.B,MV BAO CHANG,,,ROCK PHOSPHATE,Dry/General Bulk,48500,48500,D,14-08-2026,F.B,27-08-2026,,,RDS OIL & GAS,SHIFTES EQ-1 FROM FB
24-08-2026,VISAKHAPATNAM,Waiting,1,MV GLORIEUSE,,,STEEL BLOOMS,Dry/General Bulk,20000,20000,L,17-08-2026,1,,,,BENLINES,
24-08-2026,VISAKHAPATNAM,Waiting,2,MV TATEV,,,ALUMINA IN BAGS,Dry/General Bulk,10845,10845,L,17-08-2026,2,,,,INTEROCEAN,RE-ANCH
24-08-2026,VISAKHAPATNAM,Waiting,3,MV SEA TOPAZ,,,ALUMINA IN BULK,Dry/General Bulk,31500,31500,L,19-08-2026,3,,,,INTEROCEAN,
24-08-2026,VISAKHAPATNAM,Waiting,4,MV ALASIA,,,IRON ORE FINES,Dry/General Bulk,55000,55000,L,22-08-2026,4,,,,JYOTHI,
24-08-2026,VISAKHAPATNAM,Waiting,5,MV CHENNAI VALARCHI,,,THERMAL COAL,Dry/General Bulk,76000,76000,L,22-08-2026,5,,,,SEAPORT,COASTAL
24-08-2026,VISAKHAPATNAM,Waiting,6,MV WESTERN DONCASTER,,,COKING COAL,Dry/General Bulk,34780,34780,D,22-08-2026,6,,,,JYOTHI,
24-08-2026,VISAKHAPATNAM,Waiting,7,MV TAN BINH 267,,,MANGANESE ORE,Dry/General Bulk,27089,27089,D,22-08-2026,7,,,,NAVSHIP,
24-08-2026,VISAKHAPATNAM,Waiting,8,MV NORDTIGRIS,,,LENTILS IN BULK,Other,10000,10000,D,22-08-2026,8,,,,SEAVISION,
24-08-2026,VISAKHAPATNAM,Waiting,9,MV CRIMSON GLORY,,,MANGANESE ORE,Dry/General Bulk,27089,27089,D,23-08-2026,9,,,,INTEGRAL,
24-08-2026,VISAKHAPATNAM,Waiting,10,MT VARI TRADER,,,SULPHURIC ACID,Liquid/Chemical Bulk,18500,18500,D,24-08-2026,10,,,,SAMUDRA,
24-08-2026,VISAKHAPATNAM,Waiting,11,MT SAKURA CREST,,,METHONAL,Other,9794,9794,D,24-08-2026,11,25-08-2026,,,ATLANTIC,
24-08-2026,VISAKHAPATNAM,Waiting,12,LPG/C. RED ADMIRAL,,,LPG,Other,24500,24500,D,24-08-2026,12,,,,GAC,
24-08-2026,VISAKHAPATNAM,Expected,,MV EMMANUEL,,,IRON ORE FINES,Dry/General Bulk,55000,55000,L,24-08-2026,,,,,JYOTHI,
24-08-2026,VISAKHAPATNAM,Expected,,MV PEAK HAKU,,,COKING COAL,Dry/General Bulk,46058,46058,D,24-08-2026,24-08-2026,,,,ORISSA STEVEDORES LTD,
24-08-2026,VISAKHAPATNAM,Expected,,MV LILA SEOUL,,,IRON ORE PELLETS,Dry/General Bulk,75000,75000,L,25-08-2026,,,,,JYOTHI,
24-08-2026,VISAKHAPATNAM,Expected,,MV QI XIA SHAN,,,GRANITE BLOCKS,Other,12000,12000,L,25-08-2026,,,,,PUYVAST,
24-08-2026,VISAKHAPATNAM,Expected,,MV CORN,,,ALUMINA IN BULK,Dry/General Bulk,30600,30600,L,25-08-2026,,,,,RICHMARK,
24-08-2026,VISAKHAPATNAM,Expected,,MT SAFESEA VARUNA,,,FUEL OIL,Other,34650,34650,L,25-08-2026,25-08-2026,,,,INTEROCEAN,
24-08-2026,VISAKHAPATNAM,Expected,,MT EASTERN QUINCE,,,FUEL OIL,Other,34650,34650,L,25-08-2026,,,,,INTEROCEAN,
24-08-2026,VISAKHAPATNAM,Expected,,MV KM LONDON,,,STEAM COAL,Dry/General Bulk,40500,40500,D,25-08-2026,,,,,SEATRANS,
24-08-2026,VISAKHAPATNAM,Expected,,MT SWARNA MALA,,,HSD & MS,Liquid/Chemical Bulk,8097,8097,D,25-08-2026,25-08-2026,,,,ATLANTIC,
24-08-2026,VISAKHAPATNAM,Expected,,MV BRILLIANT ADVANCE,,,IRON ORE PELLETS,Dry/General Bulk,76000,76000,L,26-08-2026,,,,,JYOTHI,
24-08-2026,VISAKHAPATNAM,Expected,,MV MEDWAY SPIRIT,,,CP COKE,Dry/General Bulk,15000,15000,L,26-08-2026,,,,,ESHWAR,
24-08-2026,VISAKHAPATNAM,Expected,,MV JPS BARCELONA,,,DAP,Other,52552,52552,D,26-08-2026,,,,,ANLINE SHIPPING,
24-08-2026,VISAKHAPATNAM,Expected,,MV DORIC ARMOUR,,,COKING COAL,Dry/General Bulk,46506,46506,D,26-08-2026,,,,,IMPERIAL,
24-08-2026,VISAKHAPATNAM,Expected,,MV RED AZALEA,,,PET COKE,Dry/General Bulk,52069,52069,D,26-08-2026,,,,,JYOTHI,
24-08-2026,VISAKHAPATNAM,Expected,,MV SM MANALI,,,CONTAINERS,Container,40000,40000,D/L,26-08-2026,,,,,SIMA MARINE,
24-08-2026,VISAKHAPATNAM,Expected,,MT TG TAURAS,,,PHOSPHERIC ACID,Other,10260,10260,D,27-08-2026,,,,,RDS OIL,
24-08-2026,VISAKHAPATNAM,Expected,,MV FUBAO,,,ANTHRACITE COAL,Dry/General Bulk,44000,44000,D,27-08-2026,,,,,INTEGRAL,
24-08-2026,VISAKHAPATNAM,Expected,,MV PIONEER KIRA,,,"STONE AGGREGATE,CEMENT & GENERAL CARGO",Dry/General Bulk,20000,20000,L,28-08-2026,,,,,FAIRMACS,COASTAL
24-08-2026,VISAKHAPATNAM,Expected,,MV FREE SAILING,,,PET COKE,Dry/General Bulk,31044,31044,D,28-08-2026,,,,,SAI SAMRAT,
24-08-2026,VISAKHAPATNAM,Expected,,MV PAS SUNRISE,,,PROJECT CARGO [44 PKGS],Other,1742,1742,D,28-08-2026,,,,,J.M.BAXI,
24-08-2026,VISAKHAPATNAM,Expected,,MV THOR BRAVE,,,MANGANESE ORE,Dry/General Bulk,30000,30000,D,28-08-2026,,,,,JYOTHI,
24-08-2026,VISAKHAPATNAM,Expected,,MV DP WORLD THAMIRABARANI,,,CONTAINERS,Container,8500,8500,D/L,28-08-2026,,,,,UNIFEEDEER,
24-08-2026,VISAKHAPATNAM,Expected,,MV DP WORLD GODAVARI,,,CONTAINERS,Container,15000,15000,D/L,28-08-2026,,,,,UNIFEEDEER,
24-08-2026,VISAKHAPATNAM,Expected,,MT FEATHER,,,FO & LDO,Other,7000,7000,D,28-08-2026,,,,,SRAVAN,
24-08-2026,VISAKHAPATNAM,Expected,,MV NORSE MOBILE,,,FERRO MANGANESE & STEEL CARGO,Dry/General Bulk,29200,29200,L,29-08-2026,,,,,SAIANS,
24-08-2026,VISAKHAPATNAM,Expected,,LPG/C. TINY DAISY,,,LPG,Other,24000,24000,D,29-08-2026,,,,,INTEROCEAN,
24-08-2026,VISAKHAPATNAM,Expected,,MV TRANSTIME,,,NPK,Other,54000,54000,D,30-08-2026,,,,,BOTHRA,
24-08-2026,VISAKHAPATNAM,Expected,,MV SORSI,,,MANGANESE ORE,Dry/General Bulk,24000,24000,D,30-08-2026,,,,,K.R.SONS,
24-08-2026,VISAKHAPATNAM,Expected,,MV RACOON,,,PET COKE,Dry/General Bulk,5001,5001,D,31-08-2026,,,,,JYOTHI,
24-08-2026,VISAKHAPATNAM,Expected,,MV OCEAN ROYAL,,,MANGANESE ORE,Dry/General Bulk,30650,30650,D,01-09-2026,,,,,BOTHRA,
24-08-2026,VISAKHAPATNAM,Expected,,MV MOGRAL,,,CONTAINERS,Container,40000,40000,D/L,01-09-2026,,,,,SIMA MARINE,
24-08-2026,VISAKHAPATNAM,Expected,,MT ATREBATES,,,CRUDE OIL,Liquid/Chemical Bulk,250000,250000,D,01-09-2026,,,,,ATLANTIC,
24-08-2026,VISAKHAPATNAM,Expected,,MV ARIES STAR,,,HARD COAL,Dry/General Bulk,38500,38500,D,03-09-2026,,,,,SEATRANS,
24-08-2026,VISAKHAPATNAM,Expected,,MT FLEVES,,,CRUDE OIL,Liquid/Chemical Bulk,142000,142000,D,03-09-2026,,,,,ATLANTIC,
24-08-2026,VISAKHAPATNAM,Expected,,MV SPIRIT OF SEATREK,,,MANGANESE ORE,Dry/General Bulk,22550,22550,D,04-09-2026,,,,,BOTHRA,
24-08-2026,VISAKHAPATNAM,Expected,,MV SSL SABARIMALAI,,,CONTAINERS,Container,8500,8500,D/L,04-09-2026,,,,,UNIFEEDEER,
24-08-2026,VISAKHAPATNAM,Expected,,MV SSL KRISHNA,,,CONTAINERS,Container,12000,12000,D/L,06-09-2026,,,,,UNIFEEDEER,
24-08-2026,VISAKHAPATNAM,Expected,,MV MILAS,,,ROCK PHOSPHATE,Dry/General Bulk,47900,47900,D,21-08-2026,,,,,RDS OIL,
25-08-2026,KARAIKAL,Expected,,MV. LADY ANNE,,,COAL,Dry/General Bulk,77000,77000,IMP,28-08-2026,28-08-2026,30-08-2026,,,,
25-08-2026,GOPALPUR,Working,MPB-1,MV LH ANTHEA,,,LIMESTONE,Dry/General Bulk,74509,74509,D,19-08-2026,21-08-2026,26-08-2026,,,BENLINE,
25-08-2026,GOPALPUR,Waiting,MPB-2,MV MOSKHA,,,IRON ORE FINES,Dry/General Bulk,54880,54880,L,20-08-2026,25-08-2026,28-08-2026,,,NAVSHIP,
25-08-2026,CHENNAI,Working,JD2S,TORM DUBAI,,,CSFOIL,Other,15700,15700,D,23-08-2026,23-08-2026,26-08-2026,,,GAC,
25-08-2026,CHENNAI,Working,BD2,YOU SHEN 10,,,B OIL,Other,2553,2553,D,25-08-2026,25-08-2026,26-08-2026,,,BENLINE,
25-08-2026,CHENNAI,Working,CB1,AST RISING,,,IMDG CONT,Other,98,98,L,12-08-2026,24-08-2026,26-08-2026,,,PEARL,
25-08-2026,CHENNAI,Waiting,BD2,WINNER,,,CPOIL,Other,15000,15000,D,25-08-2026,25-08-2026,27-08-2026,,,SEAPORT,
25-08-2026,CHENNAI,Expected,WQ1,PEBBLES,,,L.OIL,Other,RVRT,,D/L,26-08-2026,26-08-2026,28-08-2026,,,SEAPOL,
25-08-2026,CHENNAI,Expected,BD2,SC SOLARIS,,,CPOIL,Other,12000,12000,D,26-08-2026,26-08-2026,29-08-2026,,,SAMSARA,
25-08-2026,CHENNAI,Expected,WQ3,CENTURION MEVIA,,,SCOIL/ HRCOIL/ ST.WI.ROD/ ST.PLATE,Dry/General Bulk,27937/1393/ 500/ 1651,,D/D/D/D,28-08-2026,28-08-2026,30-08-2026,,,PAREKH,
25-08-2026,CHENNAI,Expected,JD1/SQ1,HT LOTUS,,,FLOU,Other,10000,10000,D,28-08-2026,28-08-2026,02-09-2026,,,SEAGREEN,
25-08-2026,CHENNAI,Expected,WQ3/CQ,HOSEI CROWN,,,SCOIL/ STWIROD/ ST.PLATE/MACH,Dry/General Bulk,6889 / 886 / 104 / 12,,D/D/D/D,28-08-2026,28-08-2026,30-08-2026,,,PUYVAST,
25-08-2026,CHENNAI,Expected,JD6/2/5,ECO CHEYENNE,,,PROJ,Other,110,110,L,29-08-2026,29-08-2026,31-08-2026,,,MARCONS,
25-08-2026,CHENNAI,Expected,JD2/4,RACOON,,,PIG IRON,Dry/General Bulk,2050,2050,D,29-08-2026,29-08-2026,30-08-2026,,,PEARL,
25-08-2026,CHENNAI,Expected,,AL MANHAL,,,PROJ,Other,,,,29-08-2026,29-08-2026,30-08-2026,,,BENLINE,
25-08-2026,CHENNAI,Expected,WQ1/2,GLOVIS SPIRIT,,,CARS,Other,4000,4000,L,30-08-2026,30-08-2026,31-08-2026,,,CARTRANS,
25-08-2026,CHENNAI,Expected,JD2/4/6,BANGLAR JOYJATRA,,,J.BAG/BARITES,Other,"15,000/4,000",,L,31-08-2026,31-08-2026,03-09-2026,,,GENID,
25-08-2026,CHENNAI,Expected,JD2/4/6,BBC NORFOLK,,,PROJ,Other,13,13,L,03-09-2026,03-09-2026,05-09-2026,,,MARCONS,
25-08-2026,ENNORE,Working,CB1,Vishva Jyoti,,,T.COAL,Dry/General Bulk,68500,68500,D,19-08-2026,CB1,26-08-2026,,,SEAGREEN,COASTAL
25-08-2026,ENNORE,Working,CB2,APJ Angad 2,,,T COAL,Dry/General Bulk,75000,75000,D,23-08-2026,CB2,25-08-2026,,,JESPA,COASTAL
25-08-2026,ENNORE,Working,CB3,APJ Indrani,,,T COAL,Dry/General Bulk,76000,76000,D,24-08-2026,CB3,27-08-2026,,,SEAPORT,COASTAL
25-08-2026,ENNORE,Working,MLT,LPG/C BW Kizoku,,,Propane/Butane,Liquid/Chemical Bulk,20800,20800,D,20-08-2026,MLT,25-08-2026,,,Interocean,
25-08-2026,ENNORE,Working,EBTPL,Fortune Sunshine,,,L.STONE,Other,71037,71037,D,18-08-2026,EBTPL,26-08-2026,,,PEARL/KANNO,
25-08-2026,ENNORE,Waiting,ECTPL,SUNRISE I,,,S COAL,Dry/General Bulk,40952,40952,D,15-08-2026,RVRT,RVRT,,,PEARL,
25-08-2026,ENNORE,Waiting,ECTPL,STAR EVA,,,S COAL,Dry/General Bulk,103901,103901,D,15-08-2026,RVT,RVRT,,,MERCHANT,
25-08-2026,ENNORE,Waiting,ECTPL,Venus Star,,,S COAL,Dry/General Bulk,78547,78547,D,16-08-2026,RVRT,RVRT,,,GAC,
25-08-2026,ENNORE,Waiting,MLT,LPG/C BW Njord,,,Propane/Butane,Liquid/Chemical Bulk,22000,22000,D,24-08-2026,30-08-2026,31-08-2026,,,ATLANTIC,
25-08-2026,ENNORE,Waiting,MLT,LPG/C Maple Gas,,,Propane/Butane,Liquid/Chemical Bulk,21000,21000,D,24-08-2026,03-09-2026,04-09-2026,,,Interocean,
25-08-2026,ENNORE,Waiting,CB1,APJ Kabir Anand,,,T COAL,Dry/General Bulk,75000,75000,D,24-08-2026,26-08-2026,28-08-2026,,,SEAPORT,COASTAL
25-08-2026,ENNORE,Expected,MLT,Sanmar Swara,,,HSD/MS,Liquid/Chemical Bulk,35000,35000,D,25-08-2026,25-08-2026,27-08-2026,,,SAMSARA,COASTAL
25-08-2026,ENNORE,Expected,GCB,EUPHRATE HIGHWAY,,,AUTOMOBILE,Other,600,600,L,25-08-2026,25-08-2026,26-08-2026,,,K-STEAM,
25-08-2026,ENNORE,Expected,MLT,Prime Grandeur,,,HSD,Liquid/Chemical Bulk,3200,3200,D,25-08-2026,27-08-2026,28-08-2026,,,GREAT,COASTAL
25-08-2026,ENNORE,Expected,EBTPL,SCORPIO HONOUR,,,GYPSUM,Dry/General Bulk,56000,56000,D,27-08-2026,27-08-2026,30-08-2026,,,MINSOTRANS,
25-08-2026,ENNORE,Expected,GCB,Sara Leader,,,AUTOMOBILE,Other,2300,2300,L,28-08-2026,28-08-2026,29-08-2026,,,NYK,
25-08-2026,ENNORE,Expected,GCB,HoeghTirdent,,,AUTOMOBILE,Other,800,800,L,28-08-2026,29-08-2026,30-08-2026,,,MERCHANT,
25-08-2026,ENNORE,Expected,GCB,Garnet Ace,,,AUTOMOBILE,Other,2100,2100,L,29-08-2026,30-08-2026,31-08-2026,,,MOL,
25-08-2026,ENNORE,Expected,GCB,HOEGH TROOPER,,,AUTOMOBILE,Other,800,800,L,31-08-2026,31-08-2026,01-09-2026,,,MERCHANT,
25-08-2026,ENNORE,Expected,EBTPL,Glorieuse,,,ST BLOOMS/R BAR,Other,10000,10000,L,31-08-2026,31-08-2026,03-09-2026,,,SEAGREEN,
25-08-2026,ENNORE,Expected,MLT,Blue Phoneix,,,CHEMICAL,Other,2600,2600,D,01-08-2026,01-08-2026,02-08-2026,,,Wilhelmsen,
25-08-2026,ENNORE,Expected,MLT,Daewoo Diamond,,,CHEMICAL,Other,1500,1500,D,04-08-2026,04-08-2026,05-08-2026,,,Wilhelmsen,
25-08-2026,KRISHNAPATNAM,Working,WB-3,MV ELISAR,,,MOP,Other,35100,35100,D,24-08-2026,25-08-2026,29-08-2026,RUSSIA,,TAURUS SHIPPING,
25-08-2026,KRISHNAPATNAM,Working,WB-2,MV CL DEMOCRACY,,,COAL,Dry/General Bulk,38498.97,38498.97,D,21-08-2026,21-08-2026,25-08-2026,USA,,PAREKH MARINE,
25-08-2026,KRISHNAPATNAM,Working,WB-1,MT CHEM STAR,,,CPO,Other,9930.7430000000004,9930.743,D,23-08-2026,23-08-2026,25-08-2026,DUMAI,,SUN SHIPPING AGENCY,
25-08-2026,KRISHNAPATNAM,Working,S4,MV SKIATHOS,,,COAL,Dry/General Bulk,77070,77070,D,21-08-2026,24-08-2026,28-08-2026,PARADIP,,GAC SHIPPING PVT LTD.,
25-08-2026,KRISHNAPATNAM,Working,8,MV AFRICAN ISABELLE,,,COAL,Dry/General Bulk,62250,62250,D,22-08-2026,24-08-2026,26-08-2026,PARADIP,,SARAT CHATTERJEE & CO (VSP) PVT LTD,
25-08-2026,KRISHNAPATNAM,Working,7,MV RIPLEY PINNACLE,,,COAL,Dry/General Bulk,75260,75260,D,22-08-2026,24-08-2026,27-08-2026,PARADIP,,GAC SHIPPING PVT LTD.,
25-08-2026,KRISHNAPATNAM,Working,6,MV GIORGAKIS,,,COAL,Dry/General Bulk,77770,77770,D,23-08-2026,24-08-2026,26-08-2026,PARADIP,,SARAT CHATTERJEE & CO (VSP) PVT LTD,
25-08-2026,KRISHNAPATNAM,Working,5,MV CPT DIMITRIOS S,,,COAL,Dry/General Bulk,37295,37295,D,24-08-2026,25-08-2026,27-08-2026,RUSSIA,,UNICORN MARITIMES (INDIA) PVT LTD,
25-08-2026,KRISHNAPATNAM,Working,4,MV CP GIXON,,,DAP,Other,49500,49500,D,23-08-2026,23-08-2026,28-08-2026,SAUDI ARABIA,,.INTEROCEAN SHIPPING (INDIA) PVT LTD,
25-08-2026,KRISHNAPATNAM,Working,3,MV BAILIAN STAR,,,COAL,Dry/General Bulk,73100,73100,D,21-08-2026,24-08-2026,27-08-2026,RUSSIA,,GPR MARITIME AGENCIES.,
25-08-2026,KRISHNAPATNAM,Working,2,MV XIN CHEN HAI YANG,,,SHIP UNLOADERS,Other,4098.8469999999998,4098.847,D,19-08-2026,24-08-2026,05-09-2026,CHINA,,SAMSARA SHIPPING PVT LTD,
25-08-2026,KRISHNAPATNAM,Waiting,5,MV GREAT TRIUMPH,,,LIMESTONE,Dry/General Bulk,75024,75024,D,25-08-2026,27-08-2026,30-08-2026,CHINA,,MERCHANT SHIPPING SERVICES PVT. LTD.,
25-08-2026,KRISHNAPATNAM,Waiting,WB-2,MT.GLOBAL JUPITER,,,CPO,Other,9995.4189999999999,9995.419,D,25-08-2026,25-08-2026,27-08-2026,MALAYSIA,,SEAPORT SERVICES PVT.LTD,
25-08-2026,KRISHNAPATNAM,Expected,WB-1,MV DARYA SHAAN,,,CEMENT,Dry/General Bulk,21000,21000,L,25-08-2026,25-08-2026,28-08-2026,COCHIN,,MBK LOGISTICS,
25-08-2026,KRISHNAPATNAM,Expected,6,MV BASIC STAR,,,COAL,Dry/General Bulk,79000,79000,D,25-08-2026,26-08-2026,28-08-2026,PARADIP,,MERCHANT SHIPPING SERVICES PVT. LTD.,
25-08-2026,KRISHNAPATNAM,Expected,3,MV IONIAN PRINCESS,,,COAL,Dry/General Bulk,73538,73538,D,26-08-2026,27-08-2026,30-08-2026,RUSSIA,,GPR MARITIME AGENCIES.,
25-08-2026,KRISHNAPATNAM,Expected,6,MV SEASON TRADER,,,COAL,Dry/General Bulk,78750,78750,D,26-08-2026,27-08-2026,29-08-2026,INDONESIA,,BEN LINE AGENCIES INDIA PVT LTD,
25-08-2026,KRISHNAPATNAM,Expected,5,MV MINERAL DEUTSCHLAND,,,IRON ORE FINES,Dry/General Bulk,195128,195128,D,26-08-2026,30-08-2026,05-09-2026,"PORT HEDLAND, WESTERN AUSTRALIA",,GPR MARITIME AGENCIES.,
25-08-2026,KRISHNAPATNAM,Expected,3,MV MARAN TRANSPORTER,,,IRON ORE FINES,Dry/General Bulk,165905,165905,D,26-08-2026,30-08-2026,04-09-2026,BRAZIL,,GPR MARITIME AGENCIES.,
25-08-2026,KRISHNAPATNAM,Expected,4,MV WHITE FIN,,,UREA,Other,50580.542999999998,50580.543,D,26-08-2026,28-08-2026,02-09-2026,RUSSIA,,SEATRANS MARINE PVT LTD.,
25-08-2026,KRISHNAPATNAM,Expected,WB-2,MT GANDAWATI 2,,,CPO,Other,14999.984,14999.984,D,26-08-2026,27-08-2026,30-08-2026,INDONESIA,,ATLANTIC GLOBAL SHIPPING PVT. LTD,
25-08-2026,KRISHNAPATNAM,Expected,7,MV VISHVA CHETNA,,,COAL,Dry/General Bulk,75000,75000,D,27-08-2026,27-08-2026,29-08-2026,PARADIP,,GAC SHIPPING PVT LTD.,
25-08-2026,KRISHNAPATNAM,Expected,8,MV APJ SHIRIN,,,COAL,Dry/General Bulk,54950,54950,D,27-08-2026,28-08-2026,30-08-2026,PARADIP,,SARAT CHATTERJEE & CO (VSP) PVT LTD,
25-08-2026,KRISHNAPATNAM,Expected,6,MV RIPLEY PIONEER,,,COAL,Dry/General Bulk,75346,75346,D,28-08-2026,29-08-2026,31-08-2026,PARADIP,,GAC SHIPPING PVT LTD.,
25-08-2026,KRISHNAPATNAM,Expected,WB-3,MV MING XI JIU YUE,,,DAP/APS,Other,25600,25600,D,29-08-2026,29-08-2026,01-09-2026,"YEOSU, KOREA",,ALAP CARRIERS-OPA SRI SRINIVASA MARINE AGENCIES,
25-08-2026,KRISHNAPATNAM,Expected,3,MV PHOENIX OCEAN,,,LIMESTONE,Dry/General Bulk,73166,73166,D,31-08-2026,04-09-2026,07-09-2026,CHINA,,MERCHANT SHIPPING SERVICES PVT. LTD.,
25-08-2026,KRISHNAPATNAM,Expected,4,MV. SENTINEL,,,COAL,Dry/General Bulk,27858,27858,D,02-09-2026,02-09-2026,05-09-2026,"MOBILE, USA",,SPARTANS MARINE SERVICES PRIVATE LIMITED,
25-08-2026,KRISHNAPATNAM,Expected,8,MV CONSTANTINOS G.O.,,,COAL,Dry/General Bulk,42500,42500,D,02-09-2026,02-09-2026,04-09-2026,INDONESIA,,GAC SHIPPING-OPA/ JYOTHI MARINE SERVICES PVT LTD-CA,
25-08-2026,KRISHNAPATNAM,Expected,3,MV GEORGE H,,,COAL,Dry/General Bulk,82306,82306,D,05-09-2026,05-09-2026,09-09-2026,"BALTIMORE, USA",,SL SHIPPING PVT LTD,
25-08-2026,KRISHNAPATNAM,Expected,1,MV VITA MELODY,,,COAL,Dry/General Bulk,48871,48871,D,28-05-2026,28-05-2026,31-05-2026,INDONESIA,,JYOTHI MARINE,
25-08-2026,KATTUPALLI,Working,CB3,CL LINDY,,,DOLOMITE,Dry/General Bulk,60500,60500,D,17-08-2026,17-08-2026,26-08-2026,,,PEARL/SEAGREEN,
25-08-2026,KATTUPALLI,Expected,CB3,NHK FORTUNE,,,TMT BAR,Other,14500,14500,D,02-09-2026,02-09-2026,06-09-2026,,,JMB,
25-08-2026,SANDHEADS,Working,,PELOPIDAS,,G'LESS,REVERT,Other,,,,NOT READY,090600,REVERT,,,N/A,
25-08-2026,SANDHEADS,Working,,THERE ARE 4 VIRTUAL ANCHORAGE POINTS AT SAGAR AND 4 VESSELS CAN WORK SIMULTANEOUSLY SUB PORT CONSIDERATION,,,,Other,,,,,,,,,,
25-08-2026,SANDHEADS,Working,,"VESSEL'S BERTHING MOVEMENT DEPENDS ON ALL FAVORABLE CONDITIONS SUCH AS CGO DOCS READINESS, VSL'S SENIORITY,",,,,Other,,,,,,,,,,
25-08-2026,SANDHEADS,Working,,"WEATHER CONDITIONS, CONGESTION & BERTH AVAILABILITY",,,,Other,,,,,,,,,,
25-08-2026,SANDHEADS,Working,,Port Working Hours: 24 x 7 basis,,,,Other,,,,,,,,,,
25-08-2026,SANDHEADS,Working,,COASTAL VESSELS HAVE OUSTING PRIORITY,,,,Other,,,,,,,,,,
25-08-2026,SAGAR,Waiting,,MV. WELL DREAM,,GEARED,LIMESTONE,Dry/General Bulk,,,,30-08-2026,31-08-2026,01-09-2026,,,GAC SHIPPING,
25-08-2026,HALDIA,Working,4B,MV. METTLE STARE-I,,GEARLESS,COKING COAL,Dry/General Bulk,32000,32000,DISCH,22-10-2025,23-10-2025,24-10-2025,,TATA STEEL,TMILL,
25-08-2026,HALDIA,Working,9,MV. GRACE LOUISE,,GEARLESS,COKING COAL,Dry/General Bulk,34000,34000,DISCH,22-08-2026,23-08-2026,26-08-2026,,TATA STEEL,TMILL,USA
25-08-2026,HALDIA,Working,1,M.V. RISOLUTO,,GEARLESS,LIMESTONE,Dry/General Bulk,36152,36152,DISCH,23-08-2026,24-08-2026,26-08-2026,,TATA STEEL,TMILL,ZHANJIANG
25-08-2026,HALDIA,Working,13,M.V. GREEK SEAS,,GEARLESS,LIMESTONE,Dry/General Bulk,35680,35680,DISCH,23-08-2026,24-08-2026,26-08-2026,,TATA STEEL,TMILL,FENGCHENG
25-08-2026,HALDIA,Working,14,M.V. AGRAFA,,GEARED,MANGANIES ORE,Other,23000,23000,DISCH,24-08-2026,25-08-2026,26-08-2026,,VARIOUS,BEN LINE,LIBREVILLE
25-08-2026,HALDIA,Working,10,MV. ATP FORTUNE,,GEARED,MANGANESE ORE,Dry/General Bulk,29000,29000,DISCH,22-08-2026,23-08-2026,28-08-2026,,SHYAM SEL / SHYAM FERRO,INTEROCEAN,PORT ELIZABETH
25-08-2026,HALDIA,Waiting,1,M.V. SAKIZAYA XCEL,,GEARLESS,LIMESTONE,Dry/General Bulk,33000,33000,DISCH,24-08-2026,26-08-2026,28-08-2026,,TATA STEEL,KANOO SHIPPING,FENGCHENG
25-08-2026,HALDIA,Waiting,13,MV W HUANG PU,,GEARED,ROCK PHOSPHATE,Dry/General Bulk,18700,18700,DISCH,22-08-2026,26-08-2026,28-08-2026,,VARIOUS,ALAP,SAUDI ARAB
25-08-2026,HALDIA,Waiting,9,MV. ASAHI BULKER,,GEARED,LENTILS,Other,16824,16824,DISCH,19-08-2026,27-08-2026,31-08-2026,,VARIOUS,GAC SHIPPING,AUSTRALIA
25-08-2026,HALDIA,Waiting,13,MV CHOLA UNITY,,GEARLESS,LIMESTONE,Dry/General Bulk,36000,36000,DISCH,23-08-2026,26-08-2026,28-08-2026,,PARAG,ALAP,SALALAH
25-08-2026,HALDIA,Expected,3,M.V. RIPLEY PROGRESS,,GEARLESS,THERMAL COAL,Dry/General Bulk,30000,30000,LOAD,26-08-2026,26-08-2026,28-08-2026,,APPDCL,SEATRANS,
25-08-2026,HALDIA,Expected,"2,8,9 & 13",M.V. DARLEAKAY,,GEARED,MANGANIES ORE,Other,17970,17970,DISCH,26-08-2026,28-08-2026,30-08-2026,,VARIOUS,BEN LINE,LIBREVILLE
25-08-2026,HALDIA,Expected,12,M.V. OAK ANTON,,GEARLESS,NUT COKE,Dry/General Bulk,34000,34000,DISCH,26-08-2026,28-08-2026,30-08-2026,,VARIOUS,SAKURA,BAHUDOPI
25-08-2026,HALDIA,Expected,5,M.V. YPERION,,GEARLESS,PCI COAL,Dry/General Bulk,31643,31643,DISCH,26-08-2026,28-08-2026,30-08-2026,,TSL,TMILL,AUSTRALIA
25-08-2026,HALDIA,Expected,"2,8,9 & 13",M.V. DIAMOND TRADER,,GEARLESS,STEAM COAL,Dry/General Bulk,30000,30000,DISCH,26-08-2026,29-08-2026,31-08-2026,,SARAOGI UDYOG,GAC,QINZHOU
25-08-2026,HALDIA,Expected,"2,8,9 & 13",M.V. TAN BINH 267,,GEARED,MANGANIES ORE,Other,29019,29019,DISCH,27-08-2026,29-08-2026,31-08-2026,,VARIOUS,SEA JEWEL,LIBREVILLE
25-08-2026,HALDIA,Expected,"2,8,9 & 13",MV. ECO DIAGON ALLEY,,GEARLESS,COKING COAL,Dry/General Bulk,,,DISCH,28-08-2026,29-08-2026,31-08-2026,,SAIL,V OCEAN,NAKODKA
25-08-2026,HALDIA,Expected,"2,8,9 & 13",M.V. KM LONDON,,GEARLESS,STEAM COAL,Dry/General Bulk,20000,20000,DISCH,29-08-2026,31-08-2026,02-09-2026,,VARIOUS,ALAP,QINZHOU
25-08-2026,HALDIA,Expected,"2,8,9 & 13",M.V. WELL DREAM,,GEARED,LIMESTONE,Dry/General Bulk,4000/22639,,DISCH,30-08-2026,02-09-2026,04-09-2026,,SHYAM SEL AND POWER,GAC,DIBBA PORT
25-08-2026,HALDIA,Expected,"2,8,9 & 13",M.V. JY OCEAN,,GEARED,LIMESTONE,Dry/General Bulk,30000,30000,DISCH,30-08-2026,01-09-2026,03-09-2026,,TSL,TMILL,FANGCHENG
25-08-2026,HALDIA,Expected,"2,8,9 & 13",M.V. STELLA NAVIS,,GEARLESS,COKING COAL,Dry/General Bulk,35000,35000,DISCH,31-08-2026,01-09-2026,03-09-2026,,SHYAM SEL AND POWER,GAC,HAYPOINT
25-08-2026,DHAMRA,Working,B - 1/17.2/350,MV CAPE SUNRISE,PANAMAX,,STEAM COAL,Dry/General Bulk,,,DISCHARGE,22-08-2026,B - 1/17.2/350,25-08-2026,,ADANI ENTERPRISES LTD,GAC,
25-08-2026,DHAMRA,Working,B- 2/17.2/350,MV ANDROS SPIRIT,PANAMAX,,COKING COAL,Dry/General Bulk,,,DISCHARGE,23-08-2026,B- 2/17.2/350,26-08-2026,,ADANI ENTERPRISES LTD,JYOTHI/GPR,
25-08-2026,DHAMRA,Working,B -3/17/350,MV CHOLA MELODY,PANAMAX,,THERMAL COAL,Dry/General Bulk,,,LOADING,21-08-2026,B -3/17/350,26-08-2026,,NTECL,BOTHRA/JM BOXI,
25-08-2026,DHAMRA,Working,B-3 A /14.5/350,MV SAFESEA SINDOOR,HANDIMAX,,STEEL SLAB,Dry/General Bulk,,,LOADING,21-08-2026,B-3 A /14.5/350,27-08-2026,,JINDAL STEEL LTD,JM BAXI,
25-08-2026,DHAMRA,Working,B-3A S /13.5,MV SERENITY,HANDIMAX,,HR COIL,Other,,,LOADING,20-08-2026,B-3A S /13.5,27-08-2026,,TATA,TMIL,
25-08-2026,DHAMRA,Working,B-4/17/300,MV TCLC LUZHOU,HANDIMAX,,SLAG,Other,,,LOADING,23-08-2026,B-4/17/300,28-08-2026,,TATA,SMPL,
25-08-2026,DHAMRA,Working,B-5/17/300,MV BASIS FORTUNE,PANAMAX,,THERMAL COAL,Dry/General Bulk,,,LOADING,20-08-2026,B-5/17/300,28-08-2026,,MOXIE POWER,GAC,
25-08-2026,DHAMRA,Waiting,B-3,MV ENGIADINA,HANDIMAX,,IRON ORE PELLETS,Dry/General Bulk,55000 MT,55000,LOADING,11-08-2026,26-08-2026,27-08-2026,,RUNGTA MINES,INFINITY,
25-08-2026,DHAMRA,Waiting,B-3A,MV PAC AGENA,HANDIMAX,,HR COIL,Other,30000 MT,30000,DISCHARGE,21-08-2026,27-08-2026,30-08-2026,,TATA,TMIL,
25-08-2026,DHAMRA,Waiting,B-3A,MV PAS BLUE WAVE,HANDIMAX,,HR COIL,Other,30000 MT,30000,DISCHARGE,22-08-2026,30-08-2026,02-09-2026,,TATA,TMIL,
25-08-2026,DHAMRA,Waiting,B-3AS,MV SYMI,HANDIMAX,,DAP,Other,54999 MT,54999,DISCHARGE,23-08-2026,27-08-2026,01-09-2026,,IIPL,KANHU SHIPPING,
25-08-2026,DHAMRA,Waiting,B-1,MV SHIN SHUN,CAPE,,STEAM COAL,Dry/General Bulk,109523 MT,109523,DISCHARGE,24-08-2026,25-08-2026,28-08-2026,,RUNGTA MINES,GAC,
25-08-2026,DHAMRA,Expected,B-5,MV JY OCEAN,PANAMAX,,LIMESTONE,Dry/General Bulk,45000 MT,45000,DISCHARGE,25-08-2026,28-08-2026,31-08-2026,,TATA,TMIL,
25-08-2026,DHAMRA,Expected,B-2,MV CAPE CRANE,CAPE,,COKING COAL,Dry/General Bulk,163000 MT,163000,DISCHARGE,25-08-2026,26-08-2026,30-08-2026,,TATA,TMIL,
25-08-2026,DHAMRA,Expected,B-1,MV NEW EXPLORER,PANAMAX,,PCI COAL,Dry/General Bulk,76000 MT,76000,DISCHARGE,26-08-2026,28-08-2026,30-08-2026,,FEE GRADE,SMPL/INFINITY,
25-08-2026,DHAMRA,Expected,B-3,MV APJ JAOUAD,PANAMAX,,THERMAL COAL,Dry/General Bulk,74000 MT,74000,LOADING,26-08-2026,27-08-2026,30-08-2026,,TANGEDCO,JIGSAN,
25-08-2026,DHAMRA,Expected,B-2,MV STELLA NAVIS,PANAMAX,,COKING COAL,Dry/General Bulk,45000 MT,45000,DISCHARGE,27-08-2026,30-08-2026,31-08-2026,,SHYAM METALIKS,GAC,
25-08-2026,DHAMRA,Expected,B-5,MV GCL TAPI,PANAMAX,,LIMESTONE,Dry/General Bulk,105999 MT,105999,LOADING,31-08-2026,31-08-2026,05-09-2026,,TATA,TMIL/MERCHANT,
25-08-2026,PARADIP PORT,Waiting & Expected,,MV. PICTOR,,224.94/14.20,ROCK PHOSPHATE,Dry/General Bulk,74203 MT,74203,DISCHARGE,26/1130 HRS,,,HIGH SEAS,IFFCO,JMS,
25-08-2026,PARADIP PORT,Waiting & Expected,,MT. SEA GULL 9,,127.52/8.00,CRD PALMOIL,Other,10000 MT,10000,DISCHARGE,24/0730 HRS,,,HIGHSEAS,ADANI WILMAR,AGS,
25-08-2026,PARADIP PORT,Waiting & Expected,,MV. GREEN K MAX 2,,229.00/14.45,THERMAL COAL,Dry/General Bulk,65000 MT,65000,LOADING,18/1724 HRS,25-08-2026,26-08-2026,ENNORE,OPG,SEA SHIPS,SUB TO READINESS
25-08-2026,PARADIP PORT,Waiting & Expected,,MV. CHOLA TREASURE,,225.00/,THERMAL COAL,Dry/General Bulk,69000 MT,69000,LOADING,22/1700 HRS,26-08-2026,27-08-2026,HIGH SEAS,TNPGCL,SEAPORT,SUB TO READINESS
25-08-2026,PARADIP PORT,Waiting & Expected,,MV. CRIMSON GRACE,,199.98/,THERMAL COAL,Dry/General Bulk,18762 MT,18762,LOADING,22/2248 HRS,27-08-2026,28-08-2026,ENNORE,OPG,SEA SHIPS,SUB TO READINESS
25-08-2026,PARADIP PORT,Waiting & Expected,,MV. APJ SETHU,,224.86/,THERMAL COAL,Dry/General Bulk,69000 MT,69000,LOADING,24/0024 HRS,26-08-2026,27-08-2026,HIGH SEAS,TNPGCL,SEAPORT,SUB TO READINESS
25-08-2026,PARADIP PORT,Waiting & Expected,,MV. DECCAN PRIDE,,225.00/,THERMAL COAL,Dry/General Bulk,73700 MT,73700,LOADING,26/0800 HRS,27-08-2026,28-08-2026,KRISHNAPATNAM,SEMBCORP,J M BAXIMSPL,SUB TO READINESS
25-08-2026,PARADIP PORT,Waiting & Expected,,MV. APJ JAOUAD,,225.00/,THERMAL COAL,Dry/General Bulk,75000 MT,75000,LOADING,26/0900 HRS,27-08-2026,28-08-2026,HIGH SEAS,TNPGCL,SEAPORT,SUB TO READINESS
25-08-2026,PARADIP PORT,Waiting & Expected,,MV. CHOLA LEGACY,,228.99/,THERMAL COAL,Dry/General Bulk,69000 MT,69000,LOADING,26/1800 HRS,27-08-2026,28-08-2026,HIGH SEAS,TNPGCL,SEAPORT,SUB TO READINESS
25-08-2026,PARADIP PORT,Waiting & Expected,,MV. GIORGAKIS,,229.00/14.50,THERMAL COAL,Dry/General Bulk,78000 MT,78000,LOADING,28/0600 HRS,28-08-2026,29-08-2026,KRISHNAPATNAM,SEMBCORP,SCC(VSP),SUB TO READINESS
25-08-2026,PARADIP PORT,Waiting & Expected,,MV. SSI IRRESISTIBLE,,229.00/14.50,THERMAL COAL,Dry/General Bulk,81000 MT,81000,LOADING,30/0600 HRS,30-08-2026,01-09-2026,ENNORE,NTECL/SARAT,BOTHRA,SUB TO READINESS
25-08-2026,PARADIP PORT,Waiting & Expected,,MV TAN BINH 259,,175.53/9.50,STEEL COILS,Dry/General Bulk,25391 MT,25391,DISCHARGE,22/1625 HRS,27-08-2026,31-08-2026,BAHODOPI,JINDAL STAINLESS,SSS,SUB TO READINESS
25-08-2026,PARADIP PORT,Waiting & Expected,,MV. DELAVITA,,229.00/7.50,PIG IRON,Dry/General Bulk,60500 MT,60500,LOADING,10/0130 HRS,27-08-2026,01-09-2026,SINGAPORE,RAMSARUP,GAC,SUB TO READINESS
25-08-2026,PARADIP PORT,Waiting & Expected,,MV. AM PROGRESS,,176.54/,STEEL SLAB,Dry/General Bulk,30000 MT,30000,LOADING,14/0536 HRS,28-08-2026,01-09-2026,NEWPORT,TATA,TMIL,SUB TO READINESS
25-08-2026,PARADIP PORT,Waiting & Expected,,MV. PROPEL PEACE,,179.99/,STEEL SLAB,Dry/General Bulk,31000 MT,31000,LOADING,19/0130 HRS,01-09-2026,04-09-2026,HIGH SEAS,TATA,TMIL,SUB TO READINESS
25-08-2026,PARADIP PORT,Waiting & Expected,,MV. MSC MAKOTO II,,175.49/7.50,CONTAINER,Container,350 MT,350,LOADING,19/2306 HRS,28-08-2026,29-08-2026,COLOMBO,MSC AGENGY,MSC AGENGY,CONTAINER PRIORITY
25-08-2026,PARADIP PORT,Waiting & Expected,,MV. NIKGENIOUS,,199.90/13.06,A. SULPHATE,Dry/General Bulk,31500 MT,31500,DISCHARGE,22/1700 HRS,01-09-2026,05-09-2026,XIUYU,HURL,ADMIRAL,SUB TO READINESS
25-08-2026,PARADIP PORT,Waiting & Expected,,MV. AP QUEEN,,110.67/8.77,FERRO NICKLE,Other,8250 MT,8250,DISCHARGE,23/1150 HRS,04-09-2026,06-09-2026,INDONESIA,JSL,PAREKH,SUB TO READINESS
25-08-2026,PARADIP PORT,Waiting & Expected,,MV. PAULA TRADER,,179.90/7.43,STEEL SQUARE TUBES,Dry/General Bulk,4000 MT,4000,LOADING,25/1800 HRS,05-09-2026,06-09-2026,HOUSTON,APL APOLLO TUBES,,SUB TO READINESS
25-08-2026,PARADIP PORT,Waiting & Expected,,MV. KIRRIBILLI,,228.99/14.49,COKING COAL,Dry/General Bulk,79611 MT,79611,DISCHARGE,25/2330 HRS,26-08-2026,28-08-2026,HAYPOINT,TATA/NINL,TMIL,SUB TO READINESS
25-08-2026,PARADIP PORT,Waiting & Expected,,MV. SENTINEL,,200.00/,COAL,Dry/General Bulk,32550 MT,32550,DISCHARGE,07/09/26 HRS,07-09-2026,08-09-2026,HIGH SEAS,VULCAN,SPARTANS,SUB TO READINESS
25-08-2026,PARADIP PORT,Waiting & Expected,,MV. ALASIA,,199.98/12.50,IRON ORE FINES,Dry/General Bulk,50000 MT,50000,LOADING,17/1310 HRS,,,MUMBAI,JSW,SSS,
25-08-2026,PARADIP PORT,Waiting & Expected,,MV. OCEAN WINNER,,225.00/14.35,IRON ORE FINES,Dry/General Bulk,73000 MT,73000,LOADING,05/2118 HRS,,,CHINA,OCL IRON,BOTHRA,
25-08-2026,PARADIP PORT,Waiting & Expected,,MV. GEOSTAR,,199.98/13.10,IRON ORE FINES,Dry/General Bulk,57000 MT,57000,LOADING,18/2212 HRS,,,CHINA,BAGADIYA,SSS,
25-08-2026,PARADIP PORT,Waiting & Expected,,MV. CHOLA DESTINY,,229.00/14.00,IRON ORE PELLET,Dry/General Bulk,75000 MT,75000,LOADING,25/1000 HRS,,,HAJIRA,AMNSIL,SAMSARA,
25-08-2026,PARADIP PORT,Waiting & Expected,,MV. CAPT EUGENE,,189.99/,IRON ORE PELLET,Dry/General Bulk,54500 MT,54500,LOADING,25/2230 HRS,,,CHINA,SJSPL,ACEC,
25-08-2026,PARADIP PORT,Waiting & Expected,,MV. GREEK SEAS,,229.00/14.00,IRON ORE PELLET,Dry/General Bulk,75000 MT,75000,LOADING,26/0600 HRS,,,CHINA,AMNSIL,SAMSARA,
25-08-2026,PARADIP PORT,Waiting & Expected,,MV.CAPTAIN PANAGIS,,199.90/,IRON ORE FINES,Dry/General Bulk,58000 MT,58000,LOADING,27/2300 HRS,28-08-2026,29-08-2026,CHINA,SESA MINING,SPARTANS,
25-08-2026,PARADIP PORT,Waiting & Expected,,MT. ALDAN,,243.79/13.90,CRUDE OIL,Liquid/Chemical Bulk,93429 MT,93429,DISCHARGE,21/0218 HRS,,,HIGH SEAS,IOCL PLD,AGS,
25-08-2026,PARADIP PORT,Waiting & Expected,,MT. MARJORIE,,274.00/15.70,CRUDE OIL,Liquid/Chemical Bulk,140894 MT,140894,DISCHARGE,26/0600 HRS,,,HIGHSEAS,IOCL PLD,J M BAXIMSPL,
25-08-2026,PARADIP PORT,Waiting & Expected,,MT. AYAT,,179.99/11.40,CRUDE OIL,Liquid/Chemical Bulk,37861 MT,37861,DISCHARGE,26/1500 HRS,,,CHENNAI,IOCL PLD,AGS,
25-08-2026,PARADIP PORT,Waiting & Expected,,MT. ATOKOS,,332.95/19.65,CRUDE OIL,Liquid/Chemical Bulk,258557 MT,258557,DISCHARGE,28/0700 HRS,,,CHENNAI,IOCL PLD,AGS,
25-08-2026,PARADIP PORT,Waiting & Expected,,MT. SOPRANO SERENE,,179.88/11.80,HSD/M.SPIRIT,Liquid/Chemical Bulk,19500 MT,19500,DISCHARGE,01/1000 HRS,,,HALDIA,BPCL,AGS,
25-08-2026,PARADIP PORT,Waiting & Expected,,MT. SWARNA PUSHP,,184.95/8.10,ATF,Liquid/Chemical Bulk,9000 MT,9000,LOADING,13/0036 HRS,,,HIGHSEAS,IOCL,AGS,RE-ANCH
25-08-2026,PARADIP PORT,Waiting & Expected,,MT. NILE RIVER,,229.00/11.90,BUTANE/PROPAN,Liquid/Chemical Bulk,28000 MT,28000,DISCHARGE,22/0500 HRS,,,HALDIA,IOCL,AGS,
25-08-2026,PARADIP PORT,Waiting & Expected,,MT. FAIRWAY,,171.26/,M.SPIRIT/NAPTH,Liquid/Chemical Bulk,15000 MT,15000,LOADING,23/1800 HRS,,,HIGHSEAS,IOCL,AGS,
25-08-2026,PARADIP PORT,Waiting & Expected,,MT. BW POLARIS,,229.90/12.22,BUTANE/PROPAN,Liquid/Chemical Bulk,20000 MT,20000,DISCHARGE,25/1000 HRS,,,NEW MANGALORE,IOCL,WILHELMSEN,
25-08-2026,PARADIP PORT,Waiting & Expected,,MT. ANANTHA,,160.50/,LCO,Other,2201 MT,2201,LOADING,25/1200 HRS,,,HIGHSEAS,IOCL,ISIPL,
25-08-2026,PARADIP PORT,Waiting & Expected,,MT. TINY DAISY,,225.13/,BUTANE/PROPAN,Liquid/Chemical Bulk,24000 MT,24000,DISCHARGE,25/1700 HRS,,,HIGHSEAS,IOCL,ISIPL,
25-08-2026,PARADIP PORT,Waiting & Expected,,MT. ARLON,,189.96/10.60,AMMONIA,Liquid/Chemical Bulk,15000 MT,15000,LOADING,25/2215 HRS,,,HIGHSEAS,IFFCO,ISIPL,
25-08-2026,PARADIP PORT,Waiting & Expected,,MT. GAS QUANTUM,,173.70/10.26,AMMONIA,Liquid/Chemical Bulk,23202 MT,23202,LOADING,01/0001 HRS,,,HIGHSEAS,IFFCO,SSS,
25-08-2026,PARADIP PORT,Waiting & Expected,,MV. CORNELIA M,,225.00/14.50,METCOKE,Dry/General Bulk,44000 MT,44000,DISCHARGE,24/1530 HRS,25-08-2026,28-08-2026,JAPAN,TATA,TMIL,CQ-1
25-08-2026,PARADIP PORT,Waiting & Expected,,MV. RICHLAND SINGAPORE,,228.90/14.50,COKING COAL,Dry/General Bulk,79200 MT,79200,DISCHARGE,26/1400 HRS,26-08-2026,30-08-2026,HAYPOINT,SAIL,SSS,MPB
25-08-2026,PARADIP PORT,Waiting & Expected,,MV. SUNRISE I,,228.90/14.46,COKING COAL,Dry/General Bulk,33000 MT,33000,DISCHARGE,27/0600 HRS,27-08-2026,29-08-2026,KEMBLA,JSW JFE,GPR MARITIME,CQ-2
25-08-2026,PARADIP PORT,Waiting & Expected,,MV. ASHICO SYMPHONY,,120.93/9.75,FERRO CHROME,Dry/General Bulk,7490 MT,7490,LOADING,01/09/26 HRS,01-09-2026,02..09.2026,HIGH SEAS,IMFA,CHOWGULE,
25-08-2026,PARADIP PORT,Waiting & Expected,,MV. SENTINEL,,200.00/,COAL,Dry/General Bulk,32550 MT,32550,DISCHARGE,07/09/26 HRS,07-09-2026,09-09-2026,HIGH SEAS,VULCAN,SPARTANS,MPB
25-08-2026,PARADIP PORT,Waiting & Expected,,"PRIORITY BERTHING ALLOWED FOR ALL IMPORT/EXPORT DRY BULK CARGO TO M/S. JSPL, TATA, JSW SAMBALPUR AT GCB.",,,,Other,,,,,,,,,,
25-08-2026,PARADIP PORT,Waiting & Expected,,"VESSEL WHICH CAN NOT PERFORM AS THE REQUIRED PORT NORMS, SHE WILL BE SHIFTED TO ROADS AND HER BERTHING WILL BE DECIDED AS THE LAST VESSEL ON SERIAL.",,,,Other,,,,,,,,,,
25-08-2026,PARADIP PORT,Waiting & Expected,,"MAXIMUM OF TWO COASTAL VESSELS WILL BE TAKEN AT A TIME IN THE CONVENTIONAL BERTH W.E.F 07-OCT-2018,TILL FURTHER ORDER",,,,Other,,,,,,,,,,
25-08-2026,KAKINADA,Waiting,,M.T. SWARNA MALA,,,"DIESEL, MOTOR SPIRIT",Liquid/Chemical Bulk,5654 946,,,23-08-2026,,,,RIL,ATLANTIC,
25-08-2026,KAKINADA,Waiting,,SAILED VESSELS::,,,,Other,,,,,,,,,,
25-08-2026,KAKINADA,Waiting,,M.V. LILA SEOUL,,,,Other,,,,19-08-2026,,,,,,
25-08-2026,KAKINADA,Waiting,,M.V. MAGPIE SW,,,,Other,,,,18-08-2026,,,,,,
25-08-2026,KAKINADA,Expected,,M.V.TRUONG MINH SEA,,,RICE,Dry/General Bulk,50000,50000,,26-08-2026,,,,,IMPERIAL,
25-08-2026,KAKINADA,Expected,,M.V.HARILAOS JUNIOR,,,RICE,Dry/General Bulk,42000,42000,,26-08-2026,,,,,LORVENS,
25-08-2026,KAKINADA,Expected,,M.V.JABAL SAMHAN,,,COAL,Dry/General Bulk,61200,61200,,25-08-2026,,,,AP GENCO,SARAT CHATTERJEE,
25-08-2026,KAKINADA,Expected,,M.V. SALT LAKE,,,NPK,Other,65992,65992,,25-08-2026,,,,CIL,CROSS TRADE,
25-08-2026,KAKINADA,Expected,,M.T. TG TAURUS,,,PHOSPHORIC ACID,Dry/General Bulk,9164,9164,,26-08-2026,,,,CIL,RDS OIL & GAS,
25-08-2026,KAKINADA,Expected,,M.T.STOLT ACER,,,POME-ME (BIO-DIESEL),Other,6000,6000,,26-08-2026,,,,KALEESUWARI REFINERY,JM BAXI,
25-08-2026,KAKINADA,Expected,,M.T. GOLDEN ORCHID,,,EDIBLE OIL,Other,7000,7000,,27-08-2026,,,,SANTHOSHIMATAA,JAMES,
25-08-2026,KAKINADA,Expected,,M.T.ARLON,,,AMMONIA,Liquid/Chemical Bulk,14940,14940,,27-08-2026,,,,CIL,SEATRANS,
25-08-2026,KAKINADA,Expected,,M.V.JIU XU,,,AMMONIUM SULPHATE,Dry/General Bulk,33000,33000,,27-08-2026,,,,HINDUSTAN URVAK,PRAVV SHIPPING,
25-08-2026,KAKINADA,Expected,,M.V. AFRICAN DRAGON,,,SULPHUR,Other,17500,17500,,28-08-2026,,,,CIL,CROSS TRADE,
25-08-2026,KAKINADA,Expected,,M.V. AMARYLLIS,,,COAL,Dry/General Bulk,76200,76200,,30-08-2026,,,,THE RAMCO CEMENTS,ATLANTIC,
25-08-2026,KAKINADA,Expected,,M.V.STAR CLEO,,,UREA,Other,49600,49600,,31-08-2026,,,,CIL,AN LINE,
25-08-2026,KAKINADA,Expected,,M.V.RISHABH,,,,Other,,,,05-02-2026,,,,,,
25-08-2026,GANGAVARAM,Working,B3,MV LUCKY SUNDAY,,,LIMESTONE,Dry/General Bulk,77100,77100,,24-08-2026,B3,27-08-2026,,RINL,SEATRANS,MECHNICAL CONCEYOR LOADING BERTH
25-08-2026,GANGAVARAM,Working,B4,MV VISHVA NIDHI,,,IRON ORE FINES,Dry/General Bulk,52200,52200,,24-08-2026,B4,26-08-2026,,KIOCL,SEAWAYS,
25-08-2026,GANGAVARAM,Working,B6,MV ECO DIAGON ALLEY,,,COKING COAL,Dry/General Bulk,40300,40300,,25-08-2026,B6,26-08-2026,,SAIL,V-OCEAN,
25-08-2026,GANGAVARAM,Working,B8,MV AL MANHAL,,,CP COKE,Dry/General Bulk,16499.886999999999,16499.887,,22-08-2026,B8,27-08-2026,,VEDANTA,SPARTANS,CONTAINER BERTH
25-08-2026,GANGAVARAM,Expected,B6,MV XIN QI HANG 1,,,BAUXITE,Dry/General Bulk,63900,63900,,26-08-2026,B6,28-08-2026,,VEDANTA,IMPERIAL,
25-08-2026,GANGAVARAM,Expected,B8,MV STAR SHANGHAI,,,UREA,Other,52500,52500,,26-08-2026,B8,29-08-2026,,INDIAN POTASH LTD,CHOWGULE,
25-08-2026,GANGAVARAM,Expected,B5,MV ARKTOS,,,COKING COAL,Dry/General Bulk,79261,79261,,27-08-2026,B5,29-08-2026,,NMDC,SAI SAMRAT,
25-08-2026,GANGAVARAM,Expected,B2/B3/B8,MV LILA SHANGHAI,,,LIMESTONE,Dry/General Bulk,75250,75250,,30-08-2026,B2/B3/B8,,,,,
25-08-2026,GANGAVARAM,Expected,B5/B6,MV VISHVA VIJAY,,,COKING COAL,Dry/General Bulk,77750,77750,,30-08-2026,B5/B6,,,NMDC,,
25-08-2026,GANGAVARAM,Expected,B6,MV TRINITY,,,BAUXITE,Dry/General Bulk,54853,54853,,04-09-2026,B6,06-09-2026,,PIONEER ALUMINA,RICHMARK,
25-08-2026,VISAKHAPATNAM,Working,OB-2,MV LILA SEOUL,,,IRON ORE PELLETS,Dry/General Bulk,72014,72014,L,24-08-2026,OB-2,25-08-2026,,,JYOTHI,
25-08-2026,VISAKHAPATNAM,Working,C.THERMAL,MV HALDI,,,REPAIR PURPOSE,Other,,,,23-08-2026,C.THERMAL,27-08-2026,,,TMILL,
25-08-2026,VISAKHAPATNAM,Working,VGCB,MV NEW AMBITION,,,PCI COAL,Dry/General Bulk,77870,77870,D,22-08-2026,VGCB,25-08-2026,,,SPARTANS,
25-08-2026,VISAKHAPATNAM,Working,CB-1,MV HENG HUI 6,,,CONTAINERS,Container,27180,27180,D/L,24-08-2026,CB-1,25-08-2026,,,CMA CGM,SAILED
25-08-2026,VISAKHAPATNAM,Working,CB-2,MV WAN HAI 361,,,CONTAINERS,Container,17400,17400,D/L,25-08-2026,CB-2,26-08-2026,,,WAN HAI LINES,
25-08-2026,VISAKHAPATNAM,Working,CB-3,MV MARINA VOYAGER,,,CONTAINERS,Container,28703,28703,D/L,24-08-2026,CB-3,25-08-2026,,,MAERSK,
25-08-2026,VISAKHAPATNAM,Working,LPG,LPG/C PERTAMINA GAS DAHLIA,,,LPG,Other,23722,23722,D,19-08-2026,LPG,25-08-2026,,,ATLANTIC,SAILED
25-08-2026,VISAKHAPATNAM,Working,AVCTPL[EQ-1A],MV TAN BINH 267,,,MANGANESE ORE,Dry/General Bulk,27089,27089,D,22-08-2026,AVCTPL[EQ-1A],26-08-2026,,,NAVSHIP,
25-08-2026,VISAKHAPATNAM,Working,[EQ-1] (ADANI),MV BAO CHANG,,,ROCK PHOSPHATE,Dry/General Bulk,48500,48500,D,14-08-2026,[EQ-1] (ADANI),28-08-2026,,,RDS OIL & GAS,SHIFTEED TO EQ-1 FROM FB ON 25.08.2026
25-08-2026,VISAKHAPATNAM,Working,EQ-3,MV STAR COPENHAGEN,,,UREA,Other,54266,54266,D,20-08-2026,EQ-3,31-08-2026,,,CROSS TRADING,
25-08-2026,VISAKHAPATNAM,Working,EQ-4,MV SSI IRRSISTIBLE,,,AMMONIUM SULPHTE IN BULK,Other,40500,40500,D,15-08-2026,EQ-4,30-08-2026,,,SEATRANS,
25-08-2026,VISAKHAPATNAM,Working,EQ-6,MV SPIRIT OF KOBE,,,CP COKE,Dry/General Bulk,20400,20400,L,21-08-2026,EQ-6,26-08-2026,,,ESHWAR,
25-08-2026,VISAKHAPATNAM,Working,EQ-8 (VSPL),MV PEAK HAKU,,,COKING COAL,Dry/General Bulk,46058,46058,D,25-08-2026,EQ-8 (VSPL),27-08-2026,,,ORISSA STEVEDORES LTD,
25-08-2026,VISAKHAPATNAM,Working,EQ-9 (VSPL),MV EUROPE BAY,,,PET COKE,Dry/General Bulk,52966,52966,D,23-08-2026,EQ-9 (VSPL),25-08-2026,,,JYOTHI,
25-08-2026,VISAKHAPATNAM,Working,WQ-1,MV CHENNAI VALARCHI,,,THERMAL COAL,Dry/General Bulk,76000,76000,L,22-08-2026,WQ-1,28-08-2026,,,SEAPORT,COASTAL
25-08-2026,VISAKHAPATNAM,Working,WQ-2,MV DARLEAKAY,,,MANGANESE ORE,Dry/General Bulk,32680,32680,D,16-08-2026,WQ-2,25-08-2026,,,BOTHRA,
25-08-2026,VISAKHAPATNAM,Working,WQ-3,MV PANDA,,,ALUMINA IN BULK,Dry/General Bulk,33800,33800,L,13-08-2026,WQ-3,30-08-2026,,,INTEROCEAN,
25-08-2026,VISAKHAPATNAM,Working,WQ-4,MV BOSHI 78,,,ALUMINA IN BULK,Dry/General Bulk,30393,30393,L,19-08-2026,WQ-4,30-08-2026,,,INTEROCEAN,
25-08-2026,VISAKHAPATNAM,Working,WQ-5,MV DONG FANG WEI YE,,,ALUMINA IN BAGS,Dry/General Bulk,31500,31500,L,12-08-2026,WQ-5,26-08-2026,,,ESHWAR,SHIFTED FROM EQ-3 TO WQ-5
25-08-2026,VISAKHAPATNAM,Working,WQ-6,MV SSI CONQUEST,,,TSP & DAP,Other,52700,52700,D,22-08-2026,WQ-6,29-08-2026,,,BOTHRA,
25-08-2026,VISAKHAPATNAM,Working,WQ-7,Handed over to m/s VMBCTPL for projecdt development,,,,Other,,,,,WQ-7,,,,,
25-08-2026,VISAKHAPATNAM,Working,OR-1,OR -1 Berth spared for Revamping by CE department,,,,Other,,,,,OR-1,,,,,
25-08-2026,VISAKHAPATNAM,Working,OR-2,MT SAKURA CREST,,,METHONAL,Other,9995,9995,D,24-08-2026,OR-2,26-08-2026,,,ATLANTIC,
25-08-2026,VISAKHAPATNAM,Working,OR-3,MT ORCHIDS,,,FO & LDO,Other,12562,12562,L,20-08-2026,OR-3,25-08-2026,,,ATLANTIC,
25-08-2026,VISAKHAPATNAM,Working,F.B,MT VARI TRADER,,,SULPHURIC ACID,Liquid/Chemical Bulk,18500,18500,D,24-08-2026,F.B,26-08-2026,,,SAMUDRA,
25-08-2026,VISAKHAPATNAM,Waiting,1,MV GLORIEUSE,,,STEEL BLOOMS,Dry/General Bulk,20000,20000,L,17-08-2026,1,,,,BENLINES,
25-08-2026,VISAKHAPATNAM,Waiting,2,MV TATEV,,,ALUMINA IN BAGS,Dry/General Bulk,10845,10845,L,17-08-2026,2,,,,INTEROCEAN,RE-ANCH
25-08-2026,VISAKHAPATNAM,Waiting,3,MV SEA TOPAZ,,,ALUMINA IN BULK,Dry/General Bulk,31500,31500,L,19-08-2026,3,,,,INTEROCEAN,
25-08-2026,VISAKHAPATNAM,Waiting,4,MV ALASIA,,,IRON ORE FINES,Dry/General Bulk,55000,55000,L,22-08-2026,4,,,,JYOTHI,
25-08-2026,VISAKHAPATNAM,Waiting,5,MV WESTERN DONCASTER,,,COKING COAL,Dry/General Bulk,34780,34780,D,22-08-2026,5,,,,JYOTHI,
25-08-2026,VISAKHAPATNAM,Waiting,6,MV NORDTIGRIS,,,LENTILS IN BULK,Other,10000,10000,D,22-08-2026,6,,,,SEAVISION,
25-08-2026,VISAKHAPATNAM,Waiting,7,MV CRIMSON GLORY,,,MANGANESE ORE,Dry/General Bulk,27089,27089,D,23-08-2026,7,,,,INTEGRAL,
25-08-2026,VISAKHAPATNAM,Waiting,8,LPG/C. RED ADMIRAL,,,LPG,Other,24500,24500,D,24-08-2026,8,,,,GAC,
25-08-2026,VISAKHAPATNAM,Expected,,MV BRILLIANT ADVANCE,,,IRON ORE PELLETS,Dry/General Bulk,76000,76000,L,25-08-2026,25-08-2026,,,,JYOTHI,
25-08-2026,VISAKHAPATNAM,Expected,,MT SAFESEA VARUNA,,,FUEL OIL,Other,34650,34650,L,25-08-2026,25-08-2026,,,,INTEROCEAN,
25-08-2026,VISAKHAPATNAM,Expected,,MT EASTERN QUINCE,,,FUEL OIL,Other,34650,34650,L,25-08-2026,,,,,INTEROCEAN,
25-08-2026,VISAKHAPATNAM,Expected,,MV KM LONDON,,,STEAM COAL,Dry/General Bulk,40500,40500,D,25-08-2026,,,,,SEATRANS,
25-08-2026,VISAKHAPATNAM,Expected,,MV SITC PENANG,,,CONTAINERS,Container,8400,8400,D/L,25-08-2026,,,,,ELS,
25-08-2026,VISAKHAPATNAM,Expected,,MV EMMANUEL,,,IRON ORE FINES,Dry/General Bulk,55000,55000,L,26-08-2026,,,,,JYOTHI,
25-08-2026,VISAKHAPATNAM,Expected,,MV MEDWAY SPIRIT,,,CP COKE,Dry/General Bulk,15000,15000,L,26-08-2026,,,,,ESHWAR,
25-08-2026,VISAKHAPATNAM,Expected,,MV QI XIA SHAN,,,GRANITE BLOCKS,Other,12000,12000,L,26-08-2026,,,,,PUYVAST,
25-08-2026,VISAKHAPATNAM,Expected,,MV JPS BARCELONA,,,DAP,Other,52552,52552,D,26-08-2026,,,,,ANLINE SHIPPING,
25-08-2026,VISAKHAPATNAM,Expected,,MV DORIC ARMOUR,,,COKING COAL,Dry/General Bulk,46506,46506,D,26-08-2026,,,,,IMPERIAL,
25-08-2026,VISAKHAPATNAM,Expected,,MV RED AZALEA,,,PET COKE,Dry/General Bulk,52069,52069,D,26-08-2026,,,,,JYOTHI,
25-08-2026,VISAKHAPATNAM,Expected,,MV SM MANALI,,,CONTAINERS,Container,40000,40000,D/L,26-08-2026,,,,,SIMA MARINE,
25-08-2026,VISAKHAPATNAM,Expected,,MV XIN TIAN JIN,,,CONTAINERS,Container,35000,35000,D/L,26-08-2026,,,,,COSCO,
25-08-2026,VISAKHAPATNAM,Expected,,MV CORN,,,ALUMINA IN BULK,Dry/General Bulk,30600,30600,L,27-08-2026,,,,,RICHMARK,
25-08-2026,VISAKHAPATNAM,Expected,,MT TG TAURAS,,,PHOSPHERIC ACID,Other,10260,10260,D,27-08-2026,,,,,RDS OIL,
25-08-2026,VISAKHAPATNAM,Expected,,MV FUBAO,,,ANTHRACITE COAL,Dry/General Bulk,44000,44000,D,27-08-2026,,,,,INTEGRAL,
25-08-2026,VISAKHAPATNAM,Expected,,MT SWARNA MALA,,,HSD & MS,Liquid/Chemical Bulk,8097,8097,D,27-08-2026,,,,,ATLANTIC,
25-08-2026,VISAKHAPATNAM,Expected,,MV PIONEER KIRA,,,"STONE AGGREGATE,CEMENT & GENERAL CARGO",Dry/General Bulk,20000,20000,L,28-08-2026,,,,,FAIRMACS,COASTAL
25-08-2026,VISAKHAPATNAM,Expected,,MV FREE SAILING,,,PET COKE,Dry/General Bulk,31044,31044,D,28-08-2026,,,,,SAI SAMRAT,
25-08-2026,VISAKHAPATNAM,Expected,,MV PAS SUNRISE,,,PROJECT CARGO [44 PKGS],Other,1742,1742,D,28-08-2026,,,,,J.M.BAXI,
25-08-2026,VISAKHAPATNAM,Expected,,MV THOR BRAVE,,,MANGANESE ORE,Dry/General Bulk,30000,30000,D,28-08-2026,,,,,JYOTHI,
25-08-2026,VISAKHAPATNAM,Expected,,MV DP WORLD THAMIRABARANI,,,CONTAINERS,Container,8500,8500,D/L,28-08-2026,,,,,UNIFEEDEER,
25-08-2026,VISAKHAPATNAM,Expected,,MV DP WORLD GODAVARI,,,CONTAINERS,Container,15000,15000,D/L,28-08-2026,,,,,UNIFEEDEER,
25-08-2026,VISAKHAPATNAM,Expected,,MT FEATHER,,,FO & LDO,Other,7000,7000,D,28-08-2026,,,,,SRAVAN,
25-08-2026,VISAKHAPATNAM,Expected,,MV NORSE MOBILE,,,FERRO MANGANESE & STEEL CARGO,Dry/General Bulk,29200,29200,L,29-08-2026,,,,,SAIANS,
25-08-2026,VISAKHAPATNAM,Expected,,MV TRANSTIME,,,NPK,Other,54000,54000,D,30-08-2026,,,,,BOTHRA,
25-08-2026,VISAKHAPATNAM,Expected,,MV NEW ELIAS,,,STEAM COAL,Dry/General Bulk,161904,161904,D,30-08-2026,,,,,GPR MARTIME,
25-08-2026,VISAKHAPATNAM,Expected,,MV SORSI,,,MANGANESE ORE,Dry/General Bulk,24000,24000,D,30-08-2026,,,,,K.R.SONS,
25-08-2026,VISAKHAPATNAM,Expected,,LPG/C. TINY DAISY,,,LPG,Other,24000,24000,D,30-08-2026,,,,,INTEROCEAN,
25-08-2026,VISAKHAPATNAM,Expected,,MV RACOON,,,PET COKE,Dry/General Bulk,5001,5001,D,31-08-2026,,,,,JYOTHI,
25-08-2026,VISAKHAPATNAM,Expected,,MV OCEAN ROYAL,,,MANGANESE ORE,Dry/General Bulk,30650,30650,D,01-09-2026,,,,,BOTHRA,
25-08-2026,VISAKHAPATNAM,Expected,,MT ATREBATES,,,CRUDE OIL,Liquid/Chemical Bulk,250000,250000,D,01-09-2026,,,,,ATLANTIC,
25-08-2026,VISAKHAPATNAM,Expected,,MV MOGRAL,,,CONTAINERS,Container,40000,40000,D/L,02-09-2026,,,,,SIMA MARINE,
25-08-2026,VISAKHAPATNAM,Expected,,MV ARIES STAR,,,HARD COAL,Dry/General Bulk,51500,51500,D,03-09-2026,,,,,SEATRANS,
25-08-2026,VISAKHAPATNAM,Expected,,MT FLEVES,,,CRUDE OIL,Liquid/Chemical Bulk,142000,142000,D,03-09-2026,,,,,ATLANTIC,
25-08-2026,VISAKHAPATNAM,Expected,,MV SPIRIT OF SEATREK,,,MANGANESE ORE,Dry/General Bulk,22550,22550,D,04-09-2026,,,,,BOTHRA,
25-08-2026,VISAKHAPATNAM,Expected,,MV SSL SABARIMALAI,,,CONTAINERS,Container,8500,8500,D/L,04-09-2026,,,,,UNIFEEDEER,
25-08-2026,VISAKHAPATNAM,Expected,,MV SSL KRISHNA,,,CONTAINERS,Container,12000,12000,D/L,06-09-2026,,,,,UNIFEEDEER,
25-08-2026,VISAKHAPATNAM,Expected,,MV MILAS,,,ROCK PHOSPHATE,Dry/General Bulk,47900,47900,D,21-08-2026,,,,,RDS OIL,
26-08-2026,KARAIKAL,Expected,,MV. LADY ANNE,,,COAL,Dry/General Bulk,77000,77000,IMP,28-08-2026,28-08-2026,30-08-2026,,,,
26-08-2026,GOPALPUR,Working,MPB-1,MV LH ANTHEA,,,LIMESTONE,Dry/General Bulk,74509,74509,D,19-08-2026,21-08-2026,27-08-2026,,,BENLINE,
26-08-2026,GOPALPUR,Working,MPB-2,MV MOSKHA,,,IRON ORE FINES,Dry/General Bulk,54880,54880,L,20-08-2026,25-08-2026,28-08-2026,,,NAVSHIP,
26-08-2026,CHENNAI,Working,WQ1,PEBBLES,,,L.OIL,Other,RVRT,,D/L,26-08-2026,26-08-2026,28-08-2026,,,SEAPOL,
26-08-2026,CHENNAI,Working,JD2S,TORM DUBAI,,,CSFOIL,Other,15700,15700,D,23-08-2026,23-08-2026,26-08-2026,,,GAC,
26-08-2026,CHENNAI,Working,BD2,WINNER,,,CPOIL,Other,15000,15000,D,25-08-2026,26-08-2026,27-08-2026,,,SEAPORT,
26-08-2026,CHENNAI,Working,CB1,AST RISING,,,IMDG CONT,Other,98,98,L,12-08-2026,24-08-2026,26-08-2026,,,PEARL,
26-08-2026,CHENNAI,Waiting,BD2,SC SOLARIS,,,CPOIL,Other,12000,12000,D,26-08-2026,27-08-2026,29-08-2026,,,SAMSARA,
26-08-2026,CHENNAI,Expected,WQ3,CENTURION MEVIA,,,SCOIL/ HRCOIL/ ST.WI.ROD/ ST.PLATE,Dry/General Bulk,27937/1393/ 500/ 1651,,D/D/D/D,28-08-2026,28-08-2026,30-08-2026,,,PAREKH,
26-08-2026,CHENNAI,Expected,JD1/SQ1,HT LOTUS,,,FLOU,Other,10000,10000,D,28-08-2026,28-08-2026,02-09-2026,,,SEAGREEN,
26-08-2026,CHENNAI,Expected,WQ3/CQ,HOSEI CROWN,,,SCOIL/ STWIROD/ ST.PLATE/MACH,Dry/General Bulk,6889 / 886 / 104 / 12,,D/D/D/D,28-08-2026,28-08-2026,30-08-2026,,,PUYVAST,
26-08-2026,CHENNAI,Expected,JD6/2/5,ECO CHEYENNE,,,PROJ,Other,110,110,L,29-08-2026,29-08-2026,31-08-2026,,,MARCONS,
26-08-2026,CHENNAI,Expected,JD2/4,RACOON,,,PIG IRON,Dry/General Bulk,2050,2050,D,29-08-2026,29-08-2026,30-08-2026,,,PEARL,
26-08-2026,CHENNAI,Expected,,AL MANHAL,,,PROJ,Other,,,,29-08-2026,29-08-2026,30-08-2026,,,BENLINE,
26-08-2026,CHENNAI,Expected,WQ1/2,GLOVIS SPIRIT,,,CARS,Other,4000,4000,L,30-08-2026,30-08-2026,31-08-2026,,,CARTRANS,
26-08-2026,CHENNAI,Expected,JD2/4/6,BANGLAR JOYJATRA,,,J.BAG/BARITES,Other,"15,000/4,000",,L,31-08-2026,31-08-2026,03-09-2026,,,GENID,
26-08-2026,CHENNAI,Expected,JD2/4/6,BBC NORFOLK,,,PROJ,Other,13,13,L,03-09-2026,03-09-2026,05-09-2026,,,MARCONS,
26-08-2026,ENNORE,Working,CB1,Vishva Jyoti,,,T.COAL,Dry/General Bulk,68500,68500,D,19-08-2026,CB1,26-08-2026,,,SEAGREEN,COASTAL
26-08-2026,ENNORE,Working,CB2,APJ Angad 2,,,T COAL,Dry/General Bulk,75000,75000,D,23-08-2026,CB2,25-08-2026,,,JESPA,COASTAL
26-08-2026,ENNORE,Working,CB3,APJ Indrani,,,T COAL,Dry/General Bulk,76000,76000,D,24-08-2026,CB3,27-08-2026,,,SEAPORT,COASTAL
26-08-2026,ENNORE,Working,MLT,Sanmar Swara,,,HSD/MS,Liquid/Chemical Bulk,35000,35000,D,25-08-2026,MLT,27-08-2026,,,SAMSARA,COASTAL
26-08-2026,ENNORE,Working,EBTPL,Fortune Sunshine,,,L.STONE,Other,71037,71037,D,18-08-2026,EBTPL,26-08-2026,,,PEARL/KANNO,
26-08-2026,ENNORE,Waiting,ECTPL,SUNRISE I,,,S COAL,Dry/General Bulk,40952,40952,D,15-08-2026,RVRT,RVRT,,,PEARL,
26-08-2026,ENNORE,Waiting,ECTPL,STAR EVA,,,S COAL,Dry/General Bulk,103901,103901,D,15-08-2026,RVT,RVRT,,,MERCHANT,
26-08-2026,ENNORE,Waiting,ECTPL,Venus Star,,,S COAL,Dry/General Bulk,78547,78547,D,16-08-2026,RVRT,RVRT,,,GAC,
26-08-2026,ENNORE,Waiting,MLT,LPG/C BW Njord,,,Propane/Butane,Liquid/Chemical Bulk,22000,22000,D,24-08-2026,30-08-2026,31-08-2026,,,ATLANTIC,
26-08-2026,ENNORE,Waiting,MLT,LPG/C Maple Gas,,,Propane/Butane,Liquid/Chemical Bulk,21000,21000,D,24-08-2026,03-09-2026,04-09-2026,,,Interocean,
26-08-2026,ENNORE,Waiting,CB1,APJ Kabir Anand,,,T COAL,Dry/General Bulk,75000,75000,D,24-08-2026,26-08-2026,28-08-2026,,,SEAPORT,COASTAL
26-08-2026,ENNORE,Waiting,GCB,EUPHRATE HIGHWAY,,,AUTOMOBILE,Other,600,600,L,25-08-2026,26-08-2026,27-08-2026,,,K-STEAM,
26-08-2026,ENNORE,Expected,MLT,Prime Grandeur,,,HSD,Liquid/Chemical Bulk,3200,3200,D,26-08-2026,27-08-2026,28-08-2026,,,GREAT,COASTAL
26-08-2026,ENNORE,Expected,EBTPL,SCORPIO HONOUR,,,GYPSUM,Dry/General Bulk,56000,56000,D,27-08-2026,27-08-2026,30-08-2026,,,MINSOTRANS,
26-08-2026,ENNORE,Expected,GCB,Sara Leader,,,AUTOMOBILE,Other,2300,2300,L,28-08-2026,28-08-2026,29-08-2026,,,NYK,
26-08-2026,ENNORE,Expected,GCB,HoeghTirdent,,,AUTOMOBILE,Other,800,800,L,28-08-2026,29-08-2026,30-08-2026,,,MERCHANT,
26-08-2026,ENNORE,Expected,GCB,Garnet Ace,,,AUTOMOBILE,Other,2100,2100,L,29-08-2026,30-08-2026,31-08-2026,,,MOL,
26-08-2026,ENNORE,Expected,GCB,HOEGH TROOPER,,,AUTOMOBILE,Other,800,800,L,31-08-2026,31-08-2026,01-09-2026,,,MERCHANT,
26-08-2026,ENNORE,Expected,EBTPL,Glorieuse,,,ST BLOOMS/R BAR,Other,10000,10000,L,31-08-2026,31-08-2026,03-09-2026,,,SEAGREEN,
26-08-2026,ENNORE,Expected,MLT,Blue Phoneix,,,CHEMICAL,Other,2600,2600,D,01-08-2026,01-08-2026,02-08-2026,,,Wilhelmsen,
26-08-2026,ENNORE,Expected,MLT,Daewoo Diamond,,,CHEMICAL,Other,1500,1500,D,04-08-2026,04-08-2026,05-08-2026,,,Wilhelmsen,
26-08-2026,KRISHNAPATNAM,Working,WB-3,MV ELISAR,,,MOP,Other,35100,35100,D,24-08-2026,25-08-2026,29-08-2026,RUSSIA,,TAURUS SHIPPING,
26-08-2026,KRISHNAPATNAM,Working,WB-2,MT.GLOBAL JUPITER,,,CPO,Other,9995.4189999999999,9995.419,D,25-08-2026,25-08-2026,27-08-2026,MALAYSIA,,SEAPORT SERVICES PVT.LTD,
26-08-2026,KRISHNAPATNAM,Working,WB-1,MV DARYA SHAAN,,,CEMENT,Dry/General Bulk,21000,21000,L,25-08-2026,25-08-2026,28-08-2026,COCHIN,,MBK LOGISTICS,
26-08-2026,KRISHNAPATNAM,Working,S4,MV SKIATHOS,,,COAL,Dry/General Bulk,77070,77070,D,21-08-2026,24-08-2026,29-08-2026,PARADIP,,GAC SHIPPING PVT LTD.,
26-08-2026,KRISHNAPATNAM,Working,8,MV BASIC STAR,,,COAL,Dry/General Bulk,79000,79000,D,25-08-2026,26-08-2026,28-08-2026,PARADIP,,MERCHANT SHIPPING SERVICES PVT. LTD.,
26-08-2026,KRISHNAPATNAM,Working,7,MV RIPLEY PINNACLE,,,COAL,Dry/General Bulk,75260,75260,D,22-08-2026,24-08-2026,27-08-2026,PARADIP,,GAC SHIPPING PVT LTD.,
26-08-2026,KRISHNAPATNAM,Working,6,MV GIORGAKIS,,,COAL,Dry/General Bulk,77770,77770,D,23-08-2026,24-08-2026,27-08-2026,PARADIP,,SARAT CHATTERJEE & CO (VSP) PVT LTD,
26-08-2026,KRISHNAPATNAM,Working,5,MV CPT DIMITRIOS S,,,COAL,Dry/General Bulk,37295,37295,D,24-08-2026,25-08-2026,26-08-2026,RUSSIA,,UNICORN MARITIMES (INDIA) PVT LTD,
26-08-2026,KRISHNAPATNAM,Working,4,MV CP GIXON,,,DAP,Other,49500,49500,D,23-08-2026,23-08-2026,28-08-2026,SAUDI ARABIA,,.INTEROCEAN SHIPPING (INDIA) PVT LTD,
26-08-2026,KRISHNAPATNAM,Working,3,MV BAILIAN STAR,,,COAL,Dry/General Bulk,73100,73100,D,21-08-2026,24-08-2026,28-08-2026,RUSSIA,,GPR MARITIME AGENCIES.,
26-08-2026,KRISHNAPATNAM,Working,2,MV XIN CHEN HAI YANG,,,SHIP UNLOADERS,Other,4098.8469999999998,4098.847,D,19-08-2026,24-08-2026,05-09-2026,CHINA,,SAMSARA SHIPPING PVT LTD,
26-08-2026,KRISHNAPATNAM,Waiting,5,MV GREAT TRIUMPH,,,LIMESTONE,Dry/General Bulk,75024,75024,D,25-08-2026,27-08-2026,30-08-2026,CHINA,,MERCHANT SHIPPING SERVICES PVT. LTD.,
26-08-2026,KRISHNAPATNAM,Waiting,3,MV IONIAN PRINCESS,,,COAL,Dry/General Bulk,73538,73538,D,26-08-2026,28-08-2026,31-08-2026,RUSSIA,,GPR MARITIME AGENCIES.,
26-08-2026,KRISHNAPATNAM,Waiting,WB-2,MT GANDAWATI 2,,,CPO,Other,14999.984,14999.984,D,26-08-2026,27-08-2026,30-08-2026,INDONESIA,,ATLANTIC GLOBAL SHIPPING PVT. LTD,
26-08-2026,KRISHNAPATNAM,Waiting,6,MV SEASON TRADER,,,COAL,Dry/General Bulk,78750,78750,D,26-08-2026,27-08-2026,29-08-2026,INDONESIA,,BEN LINE AGENCIES INDIA PVT LTD,
26-08-2026,KRISHNAPATNAM,Expected,5,MV MARAN TRANSPORTER,,,IRON ORE FINES,Dry/General Bulk,165905,165905,D,26-08-2026,30-08-2026,04-09-2026,BRAZIL,,GPR MARITIME AGENCIES.,
26-08-2026,KRISHNAPATNAM,Expected,3,MV MINERAL DEUTSCHLAND,,,IRON ORE FINES,Dry/General Bulk,195128,195128,D,26-08-2026,31-08-2026,06-09-2026,"PORT HEDLAND, WESTERN AUSTRALIA",,GPR MARITIME AGENCIES.,
26-08-2026,KRISHNAPATNAM,Expected,4,MV WHITE FIN,,,UREA,Other,50580.542999999998,50580.543,D,26-08-2026,28-08-2026,02-09-2026,RUSSIA,,SEATRANS MARINE PVT LTD.,
26-08-2026,KRISHNAPATNAM,Expected,7,MV VISHVA CHETNA,,,COAL,Dry/General Bulk,75000,75000,D,27-08-2026,27-08-2026,29-08-2026,PARADIP,,GAC SHIPPING PVT LTD.,
26-08-2026,KRISHNAPATNAM,Expected,8,MV JEWEL GOLD,,,COAL,Dry/General Bulk,53700,53700,D,27-08-2026,28-08-2026,30-08-2026,HALDIA & PARADIP,,M/S.SARAT CHATTERJEE & CO (VSP) PVT LTD,
26-08-2026,KRISHNAPATNAM,Expected,S4,MV CHOLA PROSPERITY,,,COAL,Dry/General Bulk,75000,75000,D,27-08-2026,29-08-2026,31-08-2026,PARADIP,,SEATRANS MARINE PVT LTD.,
26-08-2026,KRISHNAPATNAM,Expected,6,MV APJ SHIRIN,,,COAL,Dry/General Bulk,54950,54950,D,28-08-2026,29-08-2026,31-08-2026,PARADIP,,SARAT CHATTERJEE & CO (VSP) PVT LTD,
26-08-2026,KRISHNAPATNAM,Expected,7,MV RIPLEY PIONEER,,,COAL,Dry/General Bulk,75346,75346,D,28-08-2026,29-08-2026,31-08-2026,PARADIP,,GAC SHIPPING PVT LTD.,
26-08-2026,KRISHNAPATNAM,Expected,,MV KANG SHUN,,,GRANITE,Other,53500,53500,L,30-08-2026,30-08-2026,06-09-2026,CHINA,,ELITE SHIPPING AGENCIES,
26-08-2026,KRISHNAPATNAM,Expected,WB-3,MV MING XI JIU YUE,,,DAP/APS,Other,25600,25600,D,30-08-2026,30-08-2026,02-09-2026,"YEOSU, KOREA",,ALAP CARRIERS-OPA SRI SRINIVASA MARINE AGENCIES,
26-08-2026,KRISHNAPATNAM,Expected,WB-2,MV W HUANG PU,,,GRANITE,Other,32200,32200,L,30-08-2026,30-08-2026,04-09-2026,KRISHNAPATNAM,,PUYVAST LOGISTICS PRIVATE LIMITED,
26-08-2026,KRISHNAPATNAM,Expected,WB-1,MT GOLDEN ORCHID,,,CPO,Other,7999.9359999999997,7999.936,D,30-08-2026,30-08-2026,01-09-2026,"BELAWAN, INDONESIA",,JAMES MACKINTOSH & CO PVT LTD,
26-08-2026,KRISHNAPATNAM,Expected,5,MV PHOENIX OCEAN,,,LIMESTONE,Dry/General Bulk,73166,73166,D,31-08-2026,04-09-2026,07-09-2026,CHINA,,MERCHANT SHIPPING SERVICES PVT. LTD.,
26-08-2026,KRISHNAPATNAM,Expected,4,MV. SENTINEL,,,COKING COAL,Dry/General Bulk,27858,27858,D,01-09-2026,02-09-2026,05-09-2026,"MOBILE, USA",,SPARTANS MARINE SERVICES PRIVATE LIMITED - OPA M/s BEN LINE AGENCIES,
26-08-2026,KRISHNAPATNAM,Expected,8,MV CONSTANTINOS G.O.,,,COAL,Dry/General Bulk,42500,42500,D,02-09-2026,02-09-2026,04-09-2026,INDONESIA,,GAC SHIPPING-OPA/ JYOTHI MARINE SERVICES PVT LTD-CA,
26-08-2026,KRISHNAPATNAM,Expected,2,MV GEORGE H,,,COAL,Dry/General Bulk,82306,82306,D,05-09-2026,05-09-2026,09-09-2026,"BALTIMORE, USA",,SL SHIPPING PVT LTD,
26-08-2026,KRISHNAPATNAM,Expected,1,MV VITA MELODY,,,COAL,Dry/General Bulk,48871,48871,D,28-05-2026,28-05-2026,31-05-2026,INDONESIA,,JYOTHI MARINE,
26-08-2026,KATTUPALLI,Expected,CB3,NHK FORTUNE,,,TMT BAR,Other,14500,14500,D,02-09-2026,02-09-2026,06-09-2026,,,JMB,
26-08-2026,SANDHEADS,Working,,PELOPIDAS,,G'LESS,REVERT,Other,,,,NOT READY,090600,REVERT,,,N/A,
26-08-2026,SANDHEADS,Working,,THERE ARE 4 VIRTUAL ANCHORAGE POINTS AT SAGAR AND 4 VESSELS CAN WORK SIMULTANEOUSLY SUB PORT CONSIDERATION,,,,Other,,,,,,,,,,
26-08-2026,SANDHEADS,Working,,"VESSEL'S BERTHING MOVEMENT DEPENDS ON ALL FAVORABLE CONDITIONS SUCH AS CGO DOCS READINESS, VSL'S SENIORITY,",,,,Other,,,,,,,,,,
26-08-2026,SANDHEADS,Working,,"WEATHER CONDITIONS, CONGESTION & BERTH AVAILABILITY",,,,Other,,,,,,,,,,
26-08-2026,SANDHEADS,Working,,Port Working Hours: 24 x 7 basis,,,,Other,,,,,,,,,,
26-08-2026,SANDHEADS,Working,,COASTAL VESSELS HAVE OUSTING PRIORITY,,,,Other,,,,,,,,,,
26-08-2026,SAGAR,Waiting,,MV. WELL DREAM,,GEARED,LIMESTONE,Dry/General Bulk,,,,30-08-2026,31-08-2026,01-09-2026,,,GAC SHIPPING,
26-08-2026,HALDIA,Working,4B,MV. METTLE STARE-I,,GEARLESS,COKING COAL,Dry/General Bulk,32000,32000,DISCH,22-10-2025,23-10-2025,24-10-2025,,TATA STEEL,TMILL,
26-08-2026,HALDIA,Working,1,M.V. SAKIZAYA XCEL,,GEARLESS,LIMESTONE,Dry/General Bulk,33000,33000,DISCH,24-08-2026,26-08-2026,28-08-2026,,TATA STEEL,KANOO SHIPPING,FENGCHENG
26-08-2026,HALDIA,Working,10,MV. ATP FORTUNE,,GEARED,MANGANESE ORE,Dry/General Bulk,29000,29000,DISCH,22-08-2026,23-08-2026,28-08-2026,,SHYAM SEL / SHYAM FERRO,INTEROCEAN,PORT ELIZABETH
26-08-2026,HALDIA,Working,13,MV W HUANG PU,,GEARED,ROCK PHOSPHATE,Dry/General Bulk,18700,18700,DISCH,22-08-2026,26-08-2026,26-08-2026,,VARIOUS,ALAP,SAUDI ARAB
26-08-2026,HALDIA,Working,14,M.V. AGRAFA,,GEARED,MANGANIES ORE,Other,23000,23000,DISCH,24-08-2026,25-08-2026,26-08-2026,,VARIOUS,BEN LINE,LIBREVILLE
26-08-2026,HALDIA,Working,13,M.V. GREEK SEAS,,GEARLESS,LIMESTONE,Dry/General Bulk,35680,35680,DISCH,23-08-2026,24-08-2026,26-08-2026,,TATA STEEL,TMILL,FENGCHENG
26-08-2026,HALDIA,Waiting,14,M.V. OAK ANTON,,GEARLESS,NUT COKE,Dry/General Bulk,34000,34000,DISCH,26-08-2026,27-08-2026,29-08-2026,,VARIOUS,SAKURA,BAHUDOPI
26-08-2026,HALDIA,Waiting,9,MV. ASAHI BULKER,,GEARED,LENTILS,Other,16824,16824,DISCH,19-08-2026,27-08-2026,31-08-2026,,VARIOUS,GAC SHIPPING,AUSTRALIA
26-08-2026,HALDIA,Waiting,13,MV CHOLA UNITY,,GEARLESS,LIMESTONE,Dry/General Bulk,36000,36000,DISCH,23-08-2026,26-08-2026,28-08-2026,,PARAG,ALAP,SALALAH
26-08-2026,HALDIA,Expected,3,M.V. RIPLEY PROGRESS,,GEARLESS,THERMAL COAL,Dry/General Bulk,30000,30000,LOAD,26-08-2026,27-08-2026,28-08-2026,,APPDCL,SEATRANS,COASTAL
26-08-2026,HALDIA,Expected,"2,8,9 & 13",M.V. DARLEAKAY,,GEARED,MANGANIES ORE,Other,17970,17970,DISCH,26-08-2026,28-08-2026,30-08-2026,,VARIOUS,BEN LINE,LIBREVILLE
26-08-2026,HALDIA,Expected,"2,8 & 13",M.V. DIAMOND TRADER,,G'LESS,STEAM COAL,Dry/General Bulk,30000,30000,DISH,26-08-2026,29-08-2026,31-08-2026,,SAROGI UDYOG,GAC SHIPPING,QINZHOU
26-08-2026,HALDIA,Expected,5,M.V. YPERION,,GEARLESS,PCI COAL,Dry/General Bulk,31643,31643,DISCH,27-08-2026,27-08-2026,29-08-2026,,TSL,TMILL,AUSTRALIA
26-08-2026,HALDIA,Expected,"2,8,9 & 13",M.V. TAN BINH 267,,GEARED,MANGANIES ORE,Other,29019,29019,DISCH,27-08-2026,29-08-2026,31-08-2026,,VARIOUS,SEA JEWEL,LIBREVILLE
26-08-2026,HALDIA,Expected,"2,8",MV. ECO DIAGON ALLEY,,GEARLESS,COKING COAL,Dry/General Bulk,33000,33000,DISCH,27-08-2026,29-08-2026,31-08-2026,,SAIL,V OCEAN,NAKODKA
26-08-2026,HALDIA,Expected,4A,MV. PEAK HAKU,,GEARLESS,COKING COAL,Dry/General Bulk,33000,33000,DISCH,28-08-2026,31-08-2026,02-09-2026,,SAIL,GAC SHIPPING,HAMPTON ROADS
26-08-2026,HALDIA,Expected,"2,8,9 & 13",M.V. KM LONDON,,GEARLESS,STEAM COAL,Dry/General Bulk,20000,20000,DISCH,29-08-2026,31-08-2026,02-09-2026,,VARIOUS,ALAP,QINZHOU
26-08-2026,HALDIA,Expected,"2,8,9 & 13",M.V. WELL DREAM,,GEARED,LIMESTONE,Dry/General Bulk,4000/22639,,DISCH,30-08-2026,02-09-2026,04-09-2026,,SHYAM SEL AND POWER,GAC,DIBBA PORT
26-08-2026,HALDIA,Expected,"2,8,9 & 13",M.V. CRIMSON GLORY,,GEARLESS,MANGANESE ORE,Dry/General Bulk,26095,26095,DISCH,30-08-2026,01-09-2026,03-09-2026,,VARIOUS,GAC SHIPPING,QINZHOU
26-08-2026,HALDIA,Expected,12,M.V. JY OCEAN,,GEARED,LIMESTONE,Dry/General Bulk,30000,30000,DISCH,30-08-2026,01-09-2026,03-09-2026,,TSL,TMILL,FANGCHENG
26-08-2026,HALDIA,Expected,"2,8",M.V. DORIC ARMOUR,,GEARLESS,COKING COAL,Dry/General Bulk,33000,33000,DISCH,30-08-2026,02-09-2026,04-09-2026,,SAIL,SEANETIC SHIPP,GLADSTONE
26-08-2026,HALDIA,Expected,"2,8,9 & 13",M.V. STELLA NAVIS,,GEARLESS,COKING COAL,Dry/General Bulk,35000,35000,DISCH,31-08-2026,02-09-2026,04-09-2026,,SHYAM SEL AND POWER,GAC,HAYPOINT
26-08-2026,DHAMRA,Working,B - 1/17.2/350,MV CAPE CRANE,CAPE,,COKING COAL,Dry/General Bulk,,,DISCHARGE,25-08-2026,B - 1/17.2/350,30-08-2026,,TATA,TMIL,
26-08-2026,DHAMRA,Working,B- 2/17.2/350,MV ANDROS SPIRIT,PANAMAX,,COKING COAL,Dry/General Bulk,,,DISCHARGE,23-08-2026,B- 2/17.2/350,26-08-2026,,ADANI ENTERPRISES LTD,JYOTHI/GPR,
26-08-2026,DHAMRA,Working,B -3/17/350,MV CHOLA MELODY,PANAMAX,,THERMAL COAL,Dry/General Bulk,,,LOADING,21-08-2026,B -3/17/350,26-08-2026,,NTECL,BOTHRA/JM BOXI,
26-08-2026,DHAMRA,Working,B-3 A /14.5/350,MV SAFESEA SINDOOR,HANDIMAX,,STEEL SLAB,Dry/General Bulk,,,LOADING,21-08-2026,B-3 A /14.5/350,27-08-2026,,JINDAL STEEL LTD,JM BAXI,
26-08-2026,DHAMRA,Working,B-3A S /13.5,MV SERENITY,HANDIMAX,,HR COIL,Other,,,LOADING,20-08-2026,B-3A S /13.5,27-08-2026,,TATA,TMIL,
26-08-2026,DHAMRA,Working,B-4/17/300,MV TCLC LUZHOU,HANDIMAX,,SLAG,Other,,,LOADING,23-08-2026,B-4/17/300,28-08-2026,,TATA,SMPL,
26-08-2026,DHAMRA,Working,B-5/17/300,MV BASIS FORTUNE,PANAMAX,,THERMAL COAL,Dry/General Bulk,,,LOADING,20-08-2026,B-5/17/300,28-08-2026,,MOXIE POWER,GAC,
26-08-2026,DHAMRA,Waiting,B-3,MV ENGIADINA,HANDIMAX,,IRON ORE PELLETS,Dry/General Bulk,55000 MT,55000,LOADING,11-08-2026,26-08-2026,27-08-2026,,RUNGTA MINES,INFINITY,
26-08-2026,DHAMRA,Waiting,B-3A,MV PAC AGENA,HANDIMAX,,HR COIL,Other,30000 MT,30000,DISCHARGE,21-08-2026,27-08-2026,30-08-2026,,TATA,TMIL,
26-08-2026,DHAMRA,Waiting,B-3A,MV PAS BLUE WAVE,HANDIMAX,,HR COIL,Other,30000 MT,30000,DISCHARGE,22-08-2026,30-08-2026,02-09-2026,,TATA,TMIL,
26-08-2026,DHAMRA,Waiting,B-3AS,MV SYMI,HANDIMAX,,DAP,Other,54999 MT,54999,DISCHARGE,23-08-2026,27-08-2026,01-09-2026,,IIPL,KANHU SHIPPING,
26-08-2026,DHAMRA,Waiting,B-1,MV SHIN SHUN,CAPE,,STEAM COAL,Dry/General Bulk,109523 MT,109523,DISCHARGE,24-08-2026,25-08-2026,28-08-2026,,RUNGTA MINES,GAC,
26-08-2026,DHAMRA,Expected,B-5,MV JY OCEAN,PANAMAX,,LIMESTONE,Dry/General Bulk,45000 MT,45000,DISCHARGE,25-08-2026,28-08-2026,31-08-2026,,TATA,TMIL,
26-08-2026,DHAMRA,Expected,B-1,MV NEW EXPLORER,PANAMAX,,PCI COAL,Dry/General Bulk,76000 MT,76000,DISCHARGE,26-08-2026,28-08-2026,30-08-2026,,FEE GRADE,SMPL/INFINITY,
26-08-2026,DHAMRA,Expected,B-3,MV APJ JAOUAD,PANAMAX,,THERMAL COAL,Dry/General Bulk,74000 MT,74000,LOADING,26-08-2026,27-08-2026,30-08-2026,,TANGEDCO,JIGSAN,
26-08-2026,DHAMRA,Expected,B-2,MV STELLA NAVIS,PANAMAX,,COKING COAL,Dry/General Bulk,45000 MT,45000,DISCHARGE,27-08-2026,30-08-2026,31-08-2026,,SHYAM METALIKS,GAC,
26-08-2026,DHAMRA,Expected,B-5,MV GCL TAPI,PANAMAX,,LIMESTONE,Dry/General Bulk,105999 MT,105999,LOADING,31-08-2026,31-08-2026,05-09-2026,,TATA,TMIL/MERCHANT,
26-08-2026,PARADIP PORT,Waiting & Expected,,MV. PICTOR,,224.94/14.20,ROCK PHOSPHATE,Dry/General Bulk,74203 MT,74203,DISCHARGE,26/1130 HRS,,,HIGH SEAS,IFFCO,JMS,
26-08-2026,PARADIP PORT,Waiting & Expected,,MV. GREEN K MAX 2,,229.00/14.45,THERMAL COAL,Dry/General Bulk,65000 MT,65000,LOADING,18/1724 HRS,26-08-2026,27-08-2026,ENNORE,OPG,SEA SHIPS,SUB TO READINESS
26-08-2026,PARADIP PORT,Waiting & Expected,,MV. CRIMSON GRACE,,199.98/,THERMAL COAL,Dry/General Bulk,18762 MT,18762,LOADING,22/2248 HRS,27-08-2026,28-08-2026,ENNORE,OPG,SEA SHIPS,SUB TO READINESS
26-08-2026,PARADIP PORT,Waiting & Expected,,MV. APJ SETHU,,224.86/,THERMAL COAL,Dry/General Bulk,69000 MT,69000,LOADING,24/0024 HRS,26-08-2026,27-08-2026,HIGH SEAS,TNPGCL,SEAPORT,SUB TO READINESS
26-08-2026,PARADIP PORT,Waiting & Expected,,MV. DECCAN PRIDE,,225.00/,THERMAL COAL,Dry/General Bulk,73700 MT,73700,LOADING,26/0800 HRS,27-08-2026,28-08-2026,KRISHNAPATNAM,SEMBCORP,J M BAXIMSPL,SUB TO READINESS
26-08-2026,PARADIP PORT,Waiting & Expected,,MV. APJ JAOUAD,,225.00/,THERMAL COAL,Dry/General Bulk,75000 MT,75000,LOADING,26/0900 HRS,27-08-2026,28-08-2026,HIGH SEAS,TNPGCL,SEAPORT,SUB TO READINESS
26-08-2026,PARADIP PORT,Waiting & Expected,,MV. CHOLA LEGACY,,228.99/,THERMAL COAL,Dry/General Bulk,69000 MT,69000,LOADING,26/1800 HRS,27-08-2026,28-08-2026,HIGH SEAS,TNPGCL,SEAPORT,SUB TO READINESS
26-08-2026,PARADIP PORT,Waiting & Expected,,MV. MARINE FORTUNE I,,225.00/,THERMAL COAL,Dry/General Bulk,72000 MT,72000,LOADING,26/2300 HRS,28-08-2026,29-08-2026,HIGH SEAS,TNPGCL,SEAPORT,SUB TO READINESS
26-08-2026,PARADIP PORT,Waiting & Expected,,MV. GIORGAKIS,,229.00/14.50,THERMAL COAL,Dry/General Bulk,78000 MT,78000,LOADING,28/0600 HRS,28-08-2026,29-08-2026,KRISHNAPATNAM,SEMBCORP,SCC(VSP),SUB TO READINESS
26-08-2026,PARADIP PORT,Waiting & Expected,,MV. SSI IRRESISTIBLE,,229.00/14.50,THERMAL COAL,Dry/General Bulk,81000 MT,81000,LOADING,30/0600 HRS,30-08-2026,01-09-2026,ENNORE,NTECL/SARAT,BOTHRA,SUB TO READINESS
26-08-2026,PARADIP PORT,Waiting & Expected,,MV. YOUNG HARMONY,,206.06/13.00,THERMAL COAL,Dry/General Bulk,60000 MT,60000,LOADING,31/0600 HRS,31-08-2026,01-09-2026,JAIGARH,JSW ENERGY,SSS,SUB TO READINESS
26-08-2026,PARADIP PORT,Waiting & Expected,,MV TAN BINH 259,,175.53/9.50,STEEL COILS,Dry/General Bulk,25391 MT,25391,DISCHARGE,22/1625 HRS,27-08-2026,29-08-2026,BAHODOPI,JINDAL STAINLESS,SSS,SUB TO READINESS
26-08-2026,PARADIP PORT,Waiting & Expected,,MV. DELAVITA,,229.00/7.50,PIG IRON,Dry/General Bulk,60500 MT,60500,LOADING,10/0130 HRS,28-08-2026,01-09-2026,SINGAPORE,RAMSARUP,GAC,SUB TO READINESS
26-08-2026,PARADIP PORT,Waiting & Expected,,MV. AM PROGRESS,,176.54/,STEEL SLAB,Dry/General Bulk,30000 MT,30000,LOADING,14/0536 HRS,29-08-2026,01-09-2026,NEWPORT,TATA,TMIL,SUB TO READINESS
26-08-2026,PARADIP PORT,Waiting & Expected,,MV. PROPEL PEACE,,179.99/,STEEL SLAB,Dry/General Bulk,31000 MT,31000,LOADING,19/0130 HRS,01-09-2026,04-09-2026,HIGH SEAS,TATA,TMIL,SUB TO READINESS
26-08-2026,PARADIP PORT,Waiting & Expected,,MV. MSC MAKOTO II,,175.49/7.50,CONTAINER,Container,350 MT,350,LOADING,19/2306 HRS,27-08-2026,28-08-2026,COLOMBO,MSC AGENGY,MSC AGENGY,CONTAINER PRIORITY
26-08-2026,PARADIP PORT,Waiting & Expected,,MV. NIKGENIOUS,,199.90/13.06,A. SULPHATE,Dry/General Bulk,31500 MT,31500,DISCHARGE,22/1700 HRS,01-09-2026,05-09-2026,XIUYU,HURL,ADMIRAL,SUB TO READINESS
26-08-2026,PARADIP PORT,Waiting & Expected,,MV. AP QUEEN,,110.67/8.77,FERRO NICKLE,Other,8250 MT,8250,DISCHARGE,23/1150 HRS,04-09-2026,06-09-2026,INDONESIA,JSL,PAREKH,SUB TO READINESS
26-08-2026,PARADIP PORT,Waiting & Expected,,MV. PAULA TRADER,,179.90/7.43,STEEL SQUARE TUBES,Dry/General Bulk,4000 MT,4000,LOADING,27/1800 HRS,05-09-2026,06-09-2026,HOUSTON,APL APOLLO TUBES,,SUB TO READINESS
26-08-2026,PARADIP PORT,Waiting & Expected,,MV. KIRRIBILLI,,228.99/14.49,COKING COAL,Dry/General Bulk,79611 MT,79611,DISCHARGE,25/2324 HRS,26-08-2026,28-08-2026,HAYPOINT,TATA/NINL,TMIL,SUB TO READINESS
26-08-2026,PARADIP PORT,Waiting & Expected,,MV. SENTINEL,,200.00/,COAL,Dry/General Bulk,32550 MT,32550,DISCHARGE,08/09/26 HRS,08-09-2026,09-09-2026,HIGH SEAS,VULCAN,SPARTANS,SUB TO READINESS
26-08-2026,PARADIP PORT,Waiting & Expected,,MV. ALASIA,,199.98/12.50,IRON ORE FINES,Dry/General Bulk,50000 MT,50000,LOADING,17/1310 HRS,,,MUMBAI,JSW,SSS,
26-08-2026,PARADIP PORT,Waiting & Expected,,MV. OCEAN WINNER,,225.00/14.35,IRON ORE FINES,Dry/General Bulk,73000 MT,73000,LOADING,05/2118 HRS,,,CHINA,OCL IRON,BOTHRA,
26-08-2026,PARADIP PORT,Waiting & Expected,,MV. GEOSTAR,,199.98/13.10,IRON ORE FINES,Dry/General Bulk,57000 MT,57000,LOADING,18/2212 HRS,,,CHINA,BAGADIYA,SSS,
26-08-2026,PARADIP PORT,Waiting & Expected,,MV. CAPT EUGENE,,189.99/,IRON ORE PELLET,Dry/General Bulk,54500 MT,54500,LOADING,25/2215 HRS,,,CHINA,SJSPL,ACEC,
26-08-2026,PARADIP PORT,Waiting & Expected,,MV. GREEK SEAS,,229.00/14.00,IRON ORE PELLET,Dry/General Bulk,75000 MT,75000,LOADING,26/0600 HRS,,,CHINA,AMNSIL,SAMSARA,
26-08-2026,PARADIP PORT,Waiting & Expected,,MV.CAPTAIN PANAGIS,,199.90/,IRON ORE FINES,Dry/General Bulk,58000 MT,58000,LOADING,27/2300 HRS,28-08-2026,29-08-2026,CHINA,SESA MINING,SPARTANS,
26-08-2026,PARADIP PORT,Waiting & Expected,,MT. ALDAN,,243.79/13.90,CRUDE OIL,Liquid/Chemical Bulk,93429 MT,93429,DISCHARGE,21/0218 HRS,,,HIGH SEAS,IOCL PLD,AGS,
26-08-2026,PARADIP PORT,Waiting & Expected,,MT. MARJORIE,,274.00/15.70,CRUDE OIL,Liquid/Chemical Bulk,140894 MT,140894,DISCHARGE,26/1000 HRS,,,HIGHSEAS,IOCL PLD,J M BAXIMSPL,
26-08-2026,PARADIP PORT,Waiting & Expected,,MT. AYAT,,179.99/11.40,CRUDE OIL,Liquid/Chemical Bulk,37861 MT,37861,DISCHARGE,26/1500 HRS,,,CHENNAI,IOCL PLD,AGS,
26-08-2026,PARADIP PORT,Waiting & Expected,,MT. ATOKOS,,332.95/19.65,CRUDE OIL,Liquid/Chemical Bulk,258557 MT,258557,DISCHARGE,28/0700 HRS,,,CHENNAI,IOCL PLD,AGS,
26-08-2026,PARADIP PORT,Waiting & Expected,,MT. SOPRANO SERENE,,179.88/11.80,HSD/M.SPIRIT,Liquid/Chemical Bulk,19500 MT,19500,DISCHARGE,01/1000 HRS,,,HALDIA,BPCL,AGS,
26-08-2026,PARADIP PORT,Waiting & Expected,,MT. SWARNA PUSHP,,184.95/8.10,ATF,Liquid/Chemical Bulk,9000 MT,9000,LOADING,13/0036 HRS,,,HIGHSEAS,IOCL,AGS,RE-ANCH
26-08-2026,PARADIP PORT,Waiting & Expected,,MT. NILE RIVER,,229.00/11.90,BUTANE/PROPAN,Liquid/Chemical Bulk,28000 MT,28000,DISCHARGE,22/0500 HRS,,,HALDIA,IOCL,AGS,
26-08-2026,PARADIP PORT,Waiting & Expected,,MT. FAIRWAY,,171.26/,M.SPIRIT/NAPTH,Liquid/Chemical Bulk,15000 MT,15000,LOADING,23/1800 HRS,,,HIGHSEAS,IOCL,AGS,
26-08-2026,PARADIP PORT,Waiting & Expected,,MT. ANANTHA,,160.50/,LCO,Other,2201 MT,2201,LOADING,25/2354 HRS,,,HIGHSEAS,IOCL,ISIPL,
26-08-2026,PARADIP PORT,Waiting & Expected,,MV. PELAGIA,,228.99/13.08,A. SULPHATE,Dry/General Bulk,36000 MT,36000,DISCHARGE,27/2200 HRS,,,HALDIA,,ALAP,
26-08-2026,PARADIP PORT,Waiting & Expected,,MT. BW POLARIS,,229.90/12.22,BUTANE/PROPAN,Liquid/Chemical Bulk,20000 MT,20000,DISCHARGE,29/1000 HRS,,,NEW MANGALORE,IOCL,WILHELMSEN,
26-08-2026,PARADIP PORT,Waiting & Expected,,MT. TINY DAISY,,225.13/,BUTANE/PROPAN,Liquid/Chemical Bulk,24000 MT,24000,DISCHARGE,29/1700 HRS,,,HIGHSEAS,IOCL,ISIPL,
26-08-2026,PARADIP PORT,Waiting & Expected,,MT. GAS QUANTUM,,173.70/10.26,AMMONIA,Liquid/Chemical Bulk,23202 MT,23202,LOADING,01/0001 HRS,,,HIGHSEAS,IFFCO,SSS,
26-08-2026,PARADIP PORT,Waiting & Expected,,MV. AFRICAN DRAGON,,199.99/,SULPHUR,Other,17500 MT,17500,DISCHARGE,01/0600 HRS,,,HIGHSEAS,IFFCO,SEACHHATHMA,
26-08-2026,PARADIP PORT,Waiting & Expected,,MV. STAR FLAME,,120.93/7.95,LIMESTONE,Dry/General Bulk,45816 MT,45816,DISCHARGE,01/0600 HRS,,,VISHAKHAPATNAM,AMNSIL,SAMSARA,
26-08-2026,PARADIP PORT,Waiting & Expected,,MV. RICHLAND SINGAPORE,,228.90/14.50,COKING COAL,Dry/General Bulk,79200 MT,79200,DISCHARGE,26/1400 HRS,26-08-2026,31-08-2026,HAYPOINT,SAIL,SSS,MPB
26-08-2026,PARADIP PORT,Waiting & Expected,,MV. SUNRISE I,,228.90/14.46,COKING COAL,Dry/General Bulk,33000 MT,33000,DISCHARGE,29/0600 HRS,29-08-2026,31-08-2026,KEMBLA,JSW JFE,GPR MARITIME,CQ-1
26-08-2026,PARADIP PORT,Waiting & Expected,,MV. ASHICO SYMPHONY,,120.93/9.75,FERRO CHROME,Dry/General Bulk,7490 MT,7490,LOADING,01/0800 HRS,01-09-2026,02..09.2026,HIGH SEAS,IMFA,CHOWGULE,SQ
26-08-2026,PARADIP PORT,Waiting & Expected,,MV. SENTINEL,,200.00/,COAL,Dry/General Bulk,32550 MT,32550,DISCHARGE,08/09/26 HRS,08-09-2026,10-09-2026,HIGH SEAS,VULCAN,SPARTANS,MPB
26-08-2026,PARADIP PORT,Waiting & Expected,,"PRIORITY BERTHING ALLOWED FOR ALL IMPORT/EXPORT DRY BULK CARGO TO M/S. JSPL, TATA, JSW SAMBALPUR AT GCB.",,,,Other,,,,,,,,,,
26-08-2026,PARADIP PORT,Waiting & Expected,,"VESSEL WHICH CAN NOT PERFORM AS THE REQUIRED PORT NORMS, SHE WILL BE SHIFTED TO ROADS AND HER BERTHING WILL BE DECIDED AS THE LAST VESSEL ON SERIAL.",,,,Other,,,,,,,,,,
26-08-2026,PARADIP PORT,Waiting & Expected,,"MAXIMUM OF TWO COASTAL VESSELS WILL BE TAKEN AT A TIME IN THE CONVENTIONAL BERTH W.E.F 07-OCT-2018,TILL FURTHER ORDER",,,,Other,,,,,,,,,,
26-08-2026,KAKINADA,Waiting,,M.V. SALT LAKE,,,DISCHG,Other,"UST -LUGA, RUSSIA",,,25-08-2026,NPK,,,,CIL,
26-08-2026,KAKINADA,Waiting,,SAILED VESSELS::,,,,Other,,,,,,,,,,
26-08-2026,KAKINADA,Waiting,,M.V.OCEAN 05,,,,Other,,,,09-08-2026,,,,,,
26-08-2026,KAKINADA,Waiting,,M.T.PRIME GRANDEUR,,,,Other,,,,22-08-2026,,,,,,
26-08-2026,KAKINADA,Expected,,M.V.TRUONG MINH SEA,,,RICE,Dry/General Bulk,50000,50000,,26-08-2026,,,,,IMPERIAL,
26-08-2026,KAKINADA,Expected,,M.V.HARILAOS JUNIOR,,,RICE,Dry/General Bulk,42000,42000,,26-08-2026,,,,,LORVENS,
26-08-2026,KAKINADA,Expected,,M.V.UTHITA NAREE,,,RICE,Dry/General Bulk,40000,40000,,29-08-2026,,,,"PATTABHI, SRI LALITHA",BOTHRA,
26-08-2026,KAKINADA,Expected,,M.T.STOLT ACER,,,FAME (Bio-Diesel),Other,6000,6000,,26-08-2026,,,,KALEESUWARI REFINERY,JM BAXI,
26-08-2026,KAKINADA,Expected,,M.T.ARLON,,,AMMONIA,Liquid/Chemical Bulk,14940,14940,,28-08-2026,,,,CIL,SEATRANS,
26-08-2026,KAKINADA,Expected,,M.T. GOLDEN ORCHID,,,EDIBLE OIL,Other,7000,7000,,28-08-2026,,,,SANTHOSHIMATAA,JAMES,
26-08-2026,KAKINADA,Expected,,M.V. AFRICAN DRAGON,,,SULPHUR,Other,17500,17500,,28-08-2026,,,,CIL,CROSS TRADE,
26-08-2026,KAKINADA,Expected,,M.T. DING HENG 55,,,REFINED POME,Other,5983,5983,,29-08-2026,,,,KALEESUWARI REFINERY,SAMUDRA MARINE,
26-08-2026,KAKINADA,Expected,,M.V. PEGASUS,,,ALUMINA,Dry/General Bulk,29000,29000,,30-08-2026,,,,BALCO,JYOTHI MARINE,
26-08-2026,KAKINADA,Expected,,M.V. AMARYLLIS,,,COAL,Dry/General Bulk,76200,76200,,30-08-2026,,,,THE RAMCO CEMENTS,ATLANTIC,
26-08-2026,KAKINADA,Expected,,M.V.STAR CLEO,,,UREA,Other,49600,49600,,31-08-2026,,,,CIL,AN LINE,
26-08-2026,KAKINADA,Expected,,M.V.JIU XU,,,AMMONIUM SULPHATE,Dry/General Bulk,33000,33000,,01-09-2026,,,,HINDUSTAN URVAK,PRAVV SHIPPING,
26-08-2026,KAKINADA,Expected,,M.V. TCI SURYA,,,CONTAINERS,Container,150,150,,01-09-2026,,,,TCI,BOTHRA,
26-08-2026,KAKINADA,Expected,,M.V.RISHABH,,,,Other,,,,05-02-2026,,,,,,
26-08-2026,GANGAVARAM,Working,B3,MV LUCKY SUNDAY,,,LIMESTONE,Dry/General Bulk,77100,77100,,24-08-2026,B3,27-08-2026,,RINL,SEATRANS,MECHNICAL CONCEYOR LOADING BERTH
26-08-2026,GANGAVARAM,Working,B4,MV VISHVA NIDHI,,,IRON ORE FINES,Dry/General Bulk,52200,52200,,24-08-2026,B4,26-08-2026,,KIOCL,SEAWAYS,
26-08-2026,GANGAVARAM,Working,B6,MV ECO DIAGON ALLEY,,,COKING COAL,Dry/General Bulk,45300,45300,,25-08-2026,B6,26-08-2026,,SAIL,V-OCEAN,
26-08-2026,GANGAVARAM,Working,B8,MV AL MANHAL,,,CP COKE,Dry/General Bulk,16499.886999999999,16499.887,,22-08-2026,B8,27-08-2026,,VEDANTA,SPARTANS,CONTAINER BERTH
26-08-2026,GANGAVARAM,Expected,B6,MV XIN QI HANG 1,,,BAUXITE,Dry/General Bulk,63900,63900,,26-08-2026,B6,28-08-2026,,VEDANTA,IMPERIAL,
26-08-2026,GANGAVARAM,Expected,B8,MV STAR SHANGHAI,,,UREA,Other,52500,52500,,26-08-2026,B8,29-08-2026,,INDIAN POTASH LTD,CHOWGULE,
26-08-2026,GANGAVARAM,Expected,B5,MV ARKTOS,,,COKING COAL,Dry/General Bulk,79261,79261,,27-08-2026,B5,29-08-2026,,NMDC,SAI SAMRAT,
26-08-2026,GANGAVARAM,Expected,B6,MV GOOD LUCK,,,NUT COKE,Dry/General Bulk,53021,53021,,28-08-2026,B6,30-08-2026,,RINL,GLORY FAITH,
26-08-2026,GANGAVARAM,Expected,B7,MV TIRYANDAFIL,,,STEEL BILLETS,Dry/General Bulk,50000,50000,,,B7,,,RINL,,
26-08-2026,GANGAVARAM,Expected,B1/B7/B9,MV LUCKY PIONEER,,,STEEL BILLETS,Dry/General Bulk,20000,20000,,29-08-2026,B1/B7/B9,,,RINL,,
26-08-2026,GANGAVARAM,Expected,B3,MV LILA SHANGHAI,,,LIMESTONE,Dry/General Bulk,75250,75250,,30-08-2026,B3,02-08-2026,,SAIL,,
26-08-2026,GANGAVARAM,Expected,B5,MV VISHVA VIJAY,,,COKING COAL,Dry/General Bulk,77750,77750,,30-08-2026,B5,01-08-2026,,RINL,SEAWAYS,
26-08-2026,GANGAVARAM,Expected,B2/B3/B5/B6/B8,MV TRINITY,,,BAUXITE,Dry/General Bulk,54853,54853,,04-09-2026,B2/B3/B5/B6/B8,06-09-2026,,PIONEER ALUMINA,RICHMARK,
26-08-2026,VISAKHAPATNAM,Working,OB-2,MV LILA SEOUL,,,IRON ORE PELLETS,Dry/General Bulk,72014,72014,L,24-08-2026,OB-2,26-08-2026,,,JYOTHI,SAILED
26-08-2026,VISAKHAPATNAM,Working,C.THERMAL,MV HALDI,,,REPAIR PURPOSE,Other,,,,23-08-2026,C.THERMAL,28-08-2026,,,TMILL,
26-08-2026,VISAKHAPATNAM,Working,VGCB,MV WESTERN DONCASTER,,,COKING COAL,Dry/General Bulk,34780,34780,D,22-08-2026,VGCB,27-08-2026,,,JYOTHI,
26-08-2026,VISAKHAPATNAM,Working,CB-2,MV WAN HAI 361,,,CONTAINERS,Container,21362,21362,D/L,25-08-2026,CB-2,26-08-2026,,,WAN HAI LINES,SAILED
26-08-2026,VISAKHAPATNAM,Working,CB-3,MV SM MANALI,,,CONTAINERS,Container,40000,40000,D/L,26-08-2026,CB-3,27-08-2026,,,SIMA MARINE,
26-08-2026,VISAKHAPATNAM,Working,AVCTPL[EQ-1A],MV TAN BINH 267,,,MANGANESE ORE,Dry/General Bulk,21081,21081,D,22-08-2026,AVCTPL[EQ-1A],26-08-2026,,,NAVSHIP,
26-08-2026,VISAKHAPATNAM,Working,[EQ-1] (ADANI),MV BAO CHANG,,,ROCK PHOSPHATE,Dry/General Bulk,48500,48500,D,14-08-2026,[EQ-1] (ADANI),29-08-2026,,,RDS OIL & GAS,SHIFTES FROM EQ-1 TO FB
26-08-2026,VISAKHAPATNAM,Working,EQ-3,MV STAR COPENHAGEN,,,UREA,Other,54266,54266,D,20-08-2026,EQ-3,31-08-2026,,,CROSS TRADING,
26-08-2026,VISAKHAPATNAM,Working,EQ-4,MV SSI IRRSISTIBLE,,,AMMONIUM SULPHTE IN BULK,Other,40500,40500,D,15-08-2026,EQ-4,30-08-2026,,,SEATRANS,
26-08-2026,VISAKHAPATNAM,Working,EQ-6,MV SPIRIT OF KOBE,,,CP COKE,Dry/General Bulk,20400,20400,L,21-08-2026,EQ-6,26-08-2026,,,ESHWAR,
26-08-2026,VISAKHAPATNAM,Working,EQ-8 (VSPL),MV PEAK HAKU,,,COKING COAL,Dry/General Bulk,46058,46058,D,25-08-2026,EQ-8 (VSPL),26-08-2026,,,ORISSA STEVEDORES LTD,
26-08-2026,VISAKHAPATNAM,Working,EQ-9 (VSPL),MV RED AZALEA,,,PET COKE,Dry/General Bulk,52069,52069,D,26-08-2026,EQ-9 (VSPL),28-08-2026,,,JYOTHI,
26-08-2026,VISAKHAPATNAM,Working,WQ-1,MV CHENNAI VALARCHI,,,THERMAL COAL,Dry/General Bulk,73206,73206,L,22-08-2026,WQ-1,27-08-2026,,,SEAPORT,COASTAL
26-08-2026,VISAKHAPATNAM,Working,WQ-2,MV CRIMSON GLORY,,,MANGANESE ORE,Dry/General Bulk,32680,32680,D,23-08-2026,WQ-2,29-08-2026,,,INTEGRAL,
26-08-2026,VISAKHAPATNAM,Working,WQ-3,MV PANDA,,,ALUMINA IN BULK,Dry/General Bulk,33800,33800,L,13-08-2026,WQ-3,30-08-2026,,,INTEROCEAN,
26-08-2026,VISAKHAPATNAM,Working,WQ-4,MV BOSHI 78,,,ALUMINA IN BULK,Dry/General Bulk,30393,30393,L,19-08-2026,WQ-4,30-08-2026,,,INTEROCEAN,
26-08-2026,VISAKHAPATNAM,Working,WQ-5,MV SEA TOPAZ,,,ALUMINA IN BULK,Dry/General Bulk,31500,31500,L,19-08-2026,WQ-5,31-08-2026,,,INTEROCEAN,SHIFTED FROM EQ-3 TO WQ-5
26-08-2026,VISAKHAPATNAM,Working,WQ-6,MV SSI CONQUEST,,,TSP & DAP,Other,52700,52700,D,22-08-2026,WQ-6,29-08-2026,,,BOTHRA,
26-08-2026,VISAKHAPATNAM,Working,WQ-7,Handed over to m/s VMBCTPL for projecdt development,,,,Other,,,,,WQ-7,,,,,
26-08-2026,VISAKHAPATNAM,Working,OR-1,OR -1 Berth spared for Revamping by CE department,,,,Other,,,,,OR-1,,,,,
26-08-2026,VISAKHAPATNAM,Working,OR-3,MT SAFESEA VARUNA,,,FUEL OIL,Other,34650,34650,L,25-08-2026,OR-3,28-08-2026,,,INTEROCEAN,
26-08-2026,VISAKHAPATNAM,Working,F.B,MT VARI TRADER,,,SULPHURIC ACID,Liquid/Chemical Bulk,18305.330000000002,18305.33,D,24-08-2026,F.B,26-08-2026,,,SAMUDRA,
26-08-2026,VISAKHAPATNAM,Waiting,1,MV GLORIEUSE,,,STEEL BLOOMS,Dry/General Bulk,20000,20000,L,17-08-2026,1,,,,BENLINES,
26-08-2026,VISAKHAPATNAM,Waiting,2,MV TATEV,,,ALUMINA IN BAGS,Dry/General Bulk,10845,10845,L,17-08-2026,2,,,,INTEROCEAN,RE-ANCH
26-08-2026,VISAKHAPATNAM,Waiting,3,MV ALASIA,,,IRON ORE FINES,Dry/General Bulk,55000,55000,L,22-08-2026,3,,,,JYOTHI,
26-08-2026,VISAKHAPATNAM,Waiting,4,MV NORDTIGRIS,,,LENTILS IN BULK,Other,10000,10000,D,22-08-2026,4,,,,SEAVISION,
26-08-2026,VISAKHAPATNAM,Waiting,5,LPG/C. RED ADMIRAL,,,LPG,Other,24500,24500,D,24-08-2026,5,,,,GAC,
26-08-2026,VISAKHAPATNAM,Waiting,6,MT EASTERN QUINCE,,,FUEL OIL,Other,34650,34650,L,25-08-2026,6,,,,INTEROCEAN,
26-08-2026,VISAKHAPATNAM,Waiting,7,MV KM LONDON,,,STEAM COAL,Dry/General Bulk,40500,40500,D,25-08-2026,7,,,,SEATRANS,
26-08-2026,VISAKHAPATNAM,Waiting,8,MV JPS BARCELONA,,,DAP,Other,52552,52552,D,26-08-2026,8,,,,ANLINE SHIPPING,
26-08-2026,VISAKHAPATNAM,Waiting,9,MV DORIC ARMOUR,,,COKING COAL,Dry/General Bulk,46506,46506,D,26-08-2026,9,,,,IMPERIAL,
26-08-2026,VISAKHAPATNAM,Expected,,MV BRILLIANT ADVANCE,,,IRON ORE PELLETS,Dry/General Bulk,76000,76000,L,26-08-2026,26-08-2026,,,,JYOTHI,
26-08-2026,VISAKHAPATNAM,Expected,,MV MEDWAY SPIRIT,,,CP COKE,Dry/General Bulk,15000,15000,L,26-08-2026,,,,,ESHWAR,
26-08-2026,VISAKHAPATNAM,Expected,,MV XIN TIAN JIN,,,CONTAINERS,Container,35000,35000,D/L,26-08-2026,26-08-2026,,,,COSCO,
26-08-2026,VISAKHAPATNAM,Expected,,MV EMMANUEL,,,IRON ORE FINES,Dry/General Bulk,55000,55000,L,27-08-2026,,,,,JYOTHI,
26-08-2026,VISAKHAPATNAM,Expected,,MV TAN BINH 279,,,STEEL CARGO,Dry/General Bulk,4800,4800,L,27-08-2026,,,,,SEATRANS,
26-08-2026,VISAKHAPATNAM,Expected,,MV CORN,,,ALUMINA IN BULK,Dry/General Bulk,30600,30600,L,27-08-2026,,,,,RICHMARK,
26-08-2026,VISAKHAPATNAM,Expected,,MV QI XIA SHAN,,,GRANITE BLOCKS,Other,12000,12000,L,27-08-2026,,,,,PUYVAST,
26-08-2026,VISAKHAPATNAM,Expected,,LPG/C. NAVIGATOR GLORY,,,LIQUID AMMONIA,Liquid/Chemical Bulk,10000,10000,D,27-08-2026,,,,,INCHCAPE,
26-08-2026,VISAKHAPATNAM,Expected,,MV FUBAO,,,ANTHRACITE COAL,Dry/General Bulk,44000,44000,D,27-08-2026,27-08-2026,,,,INTEGRAL,
26-08-2026,VISAKHAPATNAM,Expected,,MV EVER BRAVE,,,CONTAINERS,Container,7000,7000,D/L,27-08-2026,,,,,BOXCO,
26-08-2026,VISAKHAPATNAM,Expected,,MV DP WORLD GODAVARI,,,CONTAINERS,Container,15000,15000,D/L,27-08-2026,,,,,UNIFEEDEER,
26-08-2026,VISAKHAPATNAM,Expected,,MT SWARNA MALA,,,HSD & MS,Liquid/Chemical Bulk,8097,8097,D,27-08-2026,27-08-2026,,,,ATLANTIC,
26-08-2026,VISAKHAPATNAM,Expected,,MT TG TAURAS,,,PHOSPHERIC ACID,Other,10260,10260,D,28-08-2026,,,,,RDS OIL,
26-08-2026,VISAKHAPATNAM,Expected,,MV FREE SAILING,,,PET COKE,Dry/General Bulk,31044,31044,D,28-08-2026,,,,,SAI SAMRAT,
26-08-2026,VISAKHAPATNAM,Expected,,MV PAS SUNRISE,,,PROJECT CARGO [44 PKGS],Other,1742,1742,D,28-08-2026,,,,,J.M.BAXI,HMC REQUIRED
26-08-2026,VISAKHAPATNAM,Expected,,MV THOR BRAVE,,,MANGANESE ORE,Dry/General Bulk,30000,30000,D,28-08-2026,,,,,JYOTHI,
26-08-2026,VISAKHAPATNAM,Expected,,MV DP WORLD THAMIRABARANI,,,CONTAINERS,Container,8500,8500,D/L,28-08-2026,,,,,UNIFEEDEER,
26-08-2026,VISAKHAPATNAM,Expected,,MT FEATHER,,,FO & LDO,Other,7000,7000,D,28-08-2026,,,,,SRAVAN,
26-08-2026,VISAKHAPATNAM,Expected,,MT SANMAR SNEHA,,,PY GAS,Other,6300,6300,D,28-08-2026,,,,,BENLINES,
26-08-2026,VISAKHAPATNAM,Expected,,MV NORSE MOBILE,,,FERRO MANGANESE & STEEL CARGO,Dry/General Bulk,29200,29200,L,29-08-2026,,,,,SAIANS,
26-08-2026,VISAKHAPATNAM,Expected,,MV ZHONG XING MEN,,,PET COKE,Dry/General Bulk,52510,52510,D,29-08-2026,,,,,BENLINES,
26-08-2026,VISAKHAPATNAM,Expected,,MV SYLVAN T,,,MOP,Other,49530,49530,D,30-08-2026,,,,,J.M.BAXI,
26-08-2026,VISAKHAPATNAM,Expected,,MV TRANSTIME,,,NPK,Other,54000,54000,D,30-08-2026,,,,,BOTHRA,
26-08-2026,VISAKHAPATNAM,Expected,,MV NEW ELIAS,,,STEAM COAL,Dry/General Bulk,161904,161904,D,30-08-2026,,,,,GPR MARTIME,
26-08-2026,VISAKHAPATNAM,Expected,,MV SORSI,,,MANGANESE ORE,Dry/General Bulk,24000,24000,D,30-08-2026,,,,,K.R.SONS,
26-08-2026,VISAKHAPATNAM,Expected,,LPG/C. TINY DAISY,,,LPG,Other,24000,24000,D,30-08-2026,,,,,INTEROCEAN,
26-08-2026,VISAKHAPATNAM,Expected,,MV RACOON,,,PET COKE,Dry/General Bulk,5001,5001,D,01-09-2026,,,,,JYOTHI,
26-08-2026,VISAKHAPATNAM,Expected,,MV OCEAN ROYAL,,,MANGANESE ORE,Dry/General Bulk,30650,30650,D,01-09-2026,,,,,BOTHRA,
26-08-2026,VISAKHAPATNAM,Expected,,MT ATREBATES,,,CRUDE OIL,Liquid/Chemical Bulk,250000,250000,D,01-09-2026,,,,,ATLANTIC,
26-08-2026,VISAKHAPATNAM,Expected,,MV PIONEER KIRA,,,"STONE AGGREGATE,CEMENT & GENERAL CARGO",Dry/General Bulk,20000,20000,L,02-09-2026,,,,,FAIRMACS,COASTAL
26-08-2026,VISAKHAPATNAM,Expected,,MV YASA KAPTAN ERBIL,,,UREA,Other,49500,49500,D,02-09-2026,,,,,INTEROCEAN,
26-08-2026,VISAKHAPATNAM,Expected,,MV MOGRAL,,,CONTAINERS,Container,40000,40000,D/L,02-09-2026,,,,,SIMA MARINE,
26-08-2026,VISAKHAPATNAM,Expected,,MV ARIES STAR,,,HARD COAL,Dry/General Bulk,51500,51500,D,03-09-2026,,,,,SEATRANS,
26-08-2026,VISAKHAPATNAM,Expected,,MT FLEVES,,,CRUDE OIL,Liquid/Chemical Bulk,142000,142000,D,03-09-2026,,,,,ATLANTIC,
26-08-2026,VISAKHAPATNAM,Expected,,MV SPIRIT OF SEATREK,,,MANGANESE ORE,Dry/General Bulk,22550,22550,D,04-09-2026,,,,,BOTHRA,
26-08-2026,VISAKHAPATNAM,Expected,,MV SSL SABARIMALAI,,,CONTAINERS,Container,8500,8500,D/L,04-09-2026,,,,,UNIFEEDEER,
26-08-2026,VISAKHAPATNAM,Expected,,MV LC PLANCHET,,,HARD COAL,Dry/General Bulk,85700,85700,D,05-09-2026,,,,,SEATRANS,
26-08-2026,VISAKHAPATNAM,Expected,,MV SSL KRISHNA,,,CONTAINERS,Container,12000,12000,D/L,06-09-2026,,,,,UNIFEEDEER,
26-08-2026,VISAKHAPATNAM,Expected,,MV MILAS,,,ROCK PHOSPHATE,Dry/General Bulk,47900,47900,D,21-08-2026,,,,,RDS OIL,
27-08-2026,KARAIKAL,Expected,,MV LADY ANNE,,,COAL,Dry/General Bulk,77000,77000,IMPORT,28-08-2026,28-08-2026,31-08-2026,,,,
27-08-2026,KARAIKAL,Expected,,MV CFS HARMONY,,,COAL,Dry/General Bulk,80027,80027,IMPORT,02-09-2026,02-09-2026,05-09-2026,,,,
27-08-2026,GOPALPUR,Working,MPB-1,MV LH ANTHEA,,,LIMESTONE,Dry/General Bulk,74509,74509,D,19-08-2026,21-08-2026,27-08-2026,,,BENLINE,
27-08-2026,GOPALPUR,Working,MPB-2,MV MOSKHA,,,IRON ORE FINES,Dry/General Bulk,54880,54880,L,20-08-2026,25-08-2026,29-08-2026,,,NAVSHIP,
27-08-2026,CHENNAI,Working,WQ1,PEBBLES,,,L.OIL,Other,RVRT,,D/L,26-08-2026,26-08-2026,28-08-2026,,,SEAPOL,
27-08-2026,CHENNAI,Working,BD2,WINNER,,,CPOIL,Other,15000,15000,D,25-08-2026,26-08-2026,27-08-2026,,,SEAPORT,
27-08-2026,CHENNAI,Waiting,BD2,SC SOLARIS,,,CPOIL,Other,12000,12000,D,26-08-2026,27-08-2026,29-08-2026,,,SAMSARA,
27-08-2026,CHENNAI,Expected,WQ3,CENTURION MEVIA,,,SCOIL/ HRCOIL/ ST.WI.ROD/ ST.PLATE,Dry/General Bulk,27937/1393/ 500/ 1651,,D/D/D/D,28-08-2026,28-08-2026,30-08-2026,,,PAREKH,
27-08-2026,CHENNAI,Expected,JD1/SQ1,HT LOTUS,,,FLOU,Other,10000,10000,D,28-08-2026,28-08-2026,02-09-2026,,,SEAGREEN,
27-08-2026,CHENNAI,Expected,WQ3/CQ,HOSEI CROWN,,,SCOIL/ STWIROD/ ST.PLATE/MACH,Dry/General Bulk,6889 / 886 / 104 / 12,,D/D/D/D,28-08-2026,28-08-2026,30-08-2026,,,PUYVAST,
27-08-2026,CHENNAI,Expected,JD6/2/5,ECO CHEYENNE,,,PROJ,Other,110,110,L,29-08-2026,29-08-2026,31-08-2026,,,MARCONS,
27-08-2026,CHENNAI,Expected,JD2/4,RACOON,,,PIG IRON,Dry/General Bulk,2050,2050,D,29-08-2026,29-08-2026,30-08-2026,,,PEARL,
27-08-2026,CHENNAI,Expected,,AL MANHAL,,,PROJ,Other,,,,29-08-2026,29-08-2026,30-08-2026,,,BENLINE,
27-08-2026,CHENNAI,Expected,WQ1/2,GLOVIS SPIRIT,,,CARS,Other,4000,4000,L,30-08-2026,30-08-2026,31-08-2026,,,CARTRANS,
27-08-2026,CHENNAI,Expected,JD2/4/6,BANGLAR JOYJATRA,,,J.BAG/BARITES,Other,"15,000/4,000",,L,31-08-2026,31-08-2026,03-09-2026,,,GENID,
27-08-2026,CHENNAI,Expected,JD2/4/6,BBC NORFOLK,,,PROJ,Other,13,13,L,03-09-2026,03-09-2026,05-09-2026,,,MARCONS,
27-08-2026,ENNORE,Working,CB1,APJ Kabir Anand,,,T COAL,Dry/General Bulk,75000,75000,D,24-08-2026,CB1,29-08-2026,,,SEAPORT,COASTAL
27-08-2026,ENNORE,Working,CB3,APJ Indrani,,,T COAL,Dry/General Bulk,76000,76000,D,24-08-2026,CB3,27-08-2026,,,SEAPORT,COASTAL
27-08-2026,ENNORE,Working,MLT,MT Babylon,,,HSD/MS,Liquid/Chemical Bulk,17000,17000,D,26-08-2026,MLT,28-08-2026,,,ATLANTIC,COASTAL
27-08-2026,ENNORE,Working,GCB,Vishva Jyoti,,,T.COAL,Dry/General Bulk,68500,68500,D,19-08-2026,GCB,28-08-2026,,,SEAGREEN,COASTAL
27-08-2026,ENNORE,Working,ECTPL,SUNRISE I,,,S COAL,Dry/General Bulk,10000,10000,D,15-08-2026,ECTPL,27-08-2026,,,PEARL,
27-08-2026,ENNORE,Working,EBTPL,SCORPIO HONOUR,,,GYPSUM,Dry/General Bulk,56000,56000,D,27-08-2026,EBTPL,30-08-2026,,,MINSOTRANS,
27-08-2026,ENNORE,Waiting,ECTPL,STAR EVA,,,S COAL,Dry/General Bulk,103901,103901,D,15-08-2026,RVT,RVRT,,,MERCHANT,
27-08-2026,ENNORE,Waiting,ECTPL,Venus Star,,,S COAL,Dry/General Bulk,78547,78547,D,16-08-2026,RVRT,RVRT,,,GAC,
27-08-2026,ENNORE,Waiting,MLT,LPG/C BW Njord,,,Propane/Butane,Liquid/Chemical Bulk,22000,22000,D,24-08-2026,30-08-2026,31-08-2026,,,ATLANTIC,
27-08-2026,ENNORE,Waiting,MLT,LPG/C Maple Gas,,,Propane/Butane,Liquid/Chemical Bulk,21000,21000,D,24-08-2026,03-09-2026,04-09-2026,,,Interocean,
27-08-2026,ENNORE,Waiting,GCB,EUPHRATE HIGHWAY,,,AUTOMOBILE,Other,600,600,L,25-08-2026,28-08-2026,28-08-2026,,,K-STEAM,
27-08-2026,ENNORE,Waiting,MLT,Prime Grandeur,,,HSD,Liquid/Chemical Bulk,3200,3200,D,26-08-2026,27-08-2026,28-08-2026,,,GREAT,COASTAL
27-08-2026,ENNORE,Expected,GCB,Sara Leader,,,AUTOMOBILE,Other,2300,2300,L,28-08-2026,28-08-2026,29-08-2026,,,NYK,
27-08-2026,ENNORE,Expected,GCB,HoeghTirdent,,,AUTOMOBILE,Other,800,800,L,28-08-2026,29-08-2026,30-08-2026,,,MERCHANT,
27-08-2026,ENNORE,Expected,GCB,Garnet Ace,,,AUTOMOBILE,Other,2100,2100,L,29-08-2026,30-08-2026,31-08-2026,,,MOL,
27-08-2026,ENNORE,Expected,GCB,HOEGH TROOPER,,,AUTOMOBILE,Other,800,800,L,31-08-2026,31-08-2026,01-09-2026,,,MERCHANT,
27-08-2026,ENNORE,Expected,EBTPL,Glorieuse,,,ST BLOOMS/R BAR,Other,10000,10000,L,31-08-2026,31-08-2026,03-09-2026,,,SEAGREEN,
27-08-2026,ENNORE,Expected,MLT,Blue Phoneix,,,CHEMICAL,Other,2600,2600,D,01-08-2026,01-08-2026,02-08-2026,,,Wilhelmsen,
27-08-2026,ENNORE,Expected,MLT,Daewoo Diamond,,,CHEMICAL,Other,1500,1500,D,04-08-2026,04-08-2026,05-08-2026,,,Wilhelmsen,
27-08-2026,KRISHNAPATNAM,Working,WB-3,MV ELISAR,,,MOP,Other,35100,35100,D,24-08-2026,25-08-2026,29-08-2026,RUSSIA,,TAURUS SHIPPING,
27-08-2026,KRISHNAPATNAM,Working,WB-1,MV DARYA SHAAN,,,CEMENT,Dry/General Bulk,21000,21000,L,25-08-2026,25-08-2026,28-08-2026,COCHIN,,MBK LOGISTICS,
27-08-2026,KRISHNAPATNAM,Working,S4,MV SKIATHOS,,,COAL,Dry/General Bulk,77070,77070,D,21-08-2026,24-08-2026,28-08-2026,PARADIP,,GAC SHIPPING PVT LTD.,
27-08-2026,KRISHNAPATNAM,Working,8,MV BASIC STAR,,,COAL,Dry/General Bulk,79000,79000,D,25-08-2026,26-08-2026,28-08-2026,PARADIP,,MERCHANT SHIPPING SERVICES PVT. LTD.,
27-08-2026,KRISHNAPATNAM,Working,7,MV RIPLEY PINNACLE,,,COAL,Dry/General Bulk,75260,75260,D,22-08-2026,24-08-2026,27-08-2026,PARADIP,,GAC SHIPPING PVT LTD.,
27-08-2026,KRISHNAPATNAM,Working,6,MV IONIAN PRINCESS,,,COAL,Dry/General Bulk,73538,73538,D,26-08-2026,27-08-2026,29-08-2026,RUSSIA,,GPR MARITIME AGENCIES.,
27-08-2026,KRISHNAPATNAM,Working,5,MV MINERAL DEUTSCHLAND,,,IRON ORE FINES,Dry/General Bulk,195128,195128,D,26-08-2026,27-08-2026,02-09-2026,"PORT HEDLAND, WESTERN AUSTRALIA",,GPR MARITIME AGENCIES.,
27-08-2026,KRISHNAPATNAM,Working,4,MV CP GIXON,,,DAP,Other,49500,49500,D,23-08-2026,23-08-2026,28-08-2026,SAUDI ARABIA,,.INTEROCEAN SHIPPING (INDIA) PVT LTD,
27-08-2026,KRISHNAPATNAM,Working,3,MV BAILIAN STAR,,,COAL,Dry/General Bulk,73100,73100,D,21-08-2026,24-08-2026,27-08-2026,RUSSIA,,GPR MARITIME AGENCIES.,
27-08-2026,KRISHNAPATNAM,Working,2,MV XIN CHEN HAI YANG,,,SHIP UNLOADERS,Other,4098.8469999999998,4098.847,D,19-08-2026,24-08-2026,05-09-2026,CHINA,,SAMSARA SHIPPING PVT LTD,
27-08-2026,KRISHNAPATNAM,Waiting,3,MV GREAT TRIUMPH,,,LIMESTONE,Dry/General Bulk,75024,75024,D,25-08-2026,27-08-2026,31-08-2026,CHINA,,MERCHANT SHIPPING SERVICES PVT. LTD.,
27-08-2026,KRISHNAPATNAM,Waiting,WB-2,MT GANDAWATI 2,,,CPO,Other,14999.984,14999.984,D,26-08-2026,27-08-2026,30-08-2026,INDONESIA,,ATLANTIC GLOBAL SHIPPING PVT. LTD,POB 1400 HRS
27-08-2026,KRISHNAPATNAM,Waiting,7,MV SEASON TRADER,,,COAL,Dry/General Bulk,78750,78750,D,26-08-2026,27-08-2026,29-08-2026,INDONESIA,,BEN LINE AGENCIES INDIA PVT LTD,
27-08-2026,KRISHNAPATNAM,Waiting,6,MV MARAN TRANSPORTER,,,IRON ORE FINES,Dry/General Bulk,165905,165905,D,26-08-2026,29-08-2026,03-09-2026,BRAZIL,,GPR MARITIME AGENCIES.,
27-08-2026,KRISHNAPATNAM,Waiting,4,MV WHITE FIN,,,UREA,Other,50580.542999999998,50580.543,D,27-08-2026,28-08-2026,02-09-2026,RUSSIA,,SEATRANS MARINE PVT LTD.,
27-08-2026,KRISHNAPATNAM,Expected,8,MV CHOLA PROSPERITY,,,COAL,Dry/General Bulk,75000,75000,D,27-08-2026,28-08-2026,30-08-2026,PARADIP,,SEATRANS MARINE PVT LTD.,
27-08-2026,KRISHNAPATNAM,Expected,7,MV VISHVA CHETNA,,,COAL,Dry/General Bulk,75000,75000,D,28-08-2026,29-08-2026,31-08-2026,PARADIP,,GAC SHIPPING PVT LTD.,
27-08-2026,KRISHNAPATNAM,Expected,8,MV JEWEL GOLD,,,COAL,Dry/General Bulk,53700,53700,D,28-08-2026,30-08-2026,31-08-2026,HALDIA & PARADIP,,M/S.SARAT CHATTERJEE & CO (VSP) PVT LTD,
27-08-2026,KRISHNAPATNAM,Expected,7,MV RIPLEY PIONEER,,,COAL,Dry/General Bulk,75346,75346,D,28-08-2026,31-08-2026,02-09-2026,PARADIP,,GAC SHIPPING PVT LTD.,
27-08-2026,KRISHNAPATNAM,Expected,8,MV APJ SHIRIN,,,COAL,Dry/General Bulk,54950,54950,D,29-08-2026,01-09-2026,03-09-2026,PARADIP,,SARAT CHATTERJEE & CO (VSP) PVT LTD,
27-08-2026,KRISHNAPATNAM,Expected,S4,MV KANG SHUN,,,GRANITE,Other,53500,53500,L,30-08-2026,30-08-2026,03-09-2026,CHINA,,ELITE SHIPPING AGENCIES,
27-08-2026,KRISHNAPATNAM,Expected,4,MV MING XI JIU YUE,,,DAP/APS,Other,25600,25600,D,30-08-2026,02-09-2026,05-09-2026,"YEOSU, KOREA",,ALAP CARRIERS-OPA SRI SRINIVASA MARINE AGENCIES,
27-08-2026,KRISHNAPATNAM,Expected,S4A,MV W HUANG PU,,,GRANITE,Other,32200,32200,L,30-08-2026,30-08-2026,02-09-2026,XIAMIN,,PUYVAST LOGISTICS PRIVATE LIMITED,
27-08-2026,KRISHNAPATNAM,Expected,WB-3,MT GOLDEN ORCHID,,,CPO,Other,7999.9359999999997,7999.936,D,30-08-2026,30-08-2026,31-08-2026,"BELAWAN, INDONESIA",,JAMES MACKINTOSH & CO PVT LTD,
27-08-2026,KRISHNAPATNAM,Expected,3,MV PHOENIX OCEAN,,,LIMESTONE,Dry/General Bulk,73166,73166,D,31-08-2026,31-08-2026,04-09-2026,CHINA,,MERCHANT SHIPPING SERVICES PVT. LTD.,
27-08-2026,KRISHNAPATNAM,Expected,5,MV. SENTINEL,,,COKING COAL,Dry/General Bulk,27858,27858,D,01-09-2026,02-09-2026,04-09-2026,"MOBILE, USA",,SPARTANS MARINE SERVICES PRIVATE LIMITED - OPA M/s BEN LINE AGENCIES,
27-08-2026,KRISHNAPATNAM,Expected,7,MV CONSTANTINOS G.O.,,,COAL,Dry/General Bulk,42500,42500,D,02-09-2026,02-09-2026,04-09-2026,INDONESIA,,GAC SHIPPING-OPA/ JYOTHI MARINE SERVICES PVT LTD-CA,
27-08-2026,KRISHNAPATNAM,Expected,1,MV GEORGE H,,,COAL,Dry/General Bulk,82306,82306,D,05-09-2026,05-09-2026,09-09-2026,"BALTIMORE, USA",,SL SHIPPING PVT LTD,
27-08-2026,KRISHNAPATNAM,Expected,1,MV VITA MELODY,,,COAL,Dry/General Bulk,48871,48871,D,28-05-2026,28-05-2026,31-05-2026,INDONESIA,,JYOTHI MARINE,
27-08-2026,KATTUPALLI,Expected,CB3,NHK FORTUNE,,,TMT BAR,Other,14500,14500,D,02-09-2026,02-09-2026,06-09-2026,,,JMB,
27-08-2026,SANDHEADS,Working,,PELOPIDAS,,G'LESS,REVERT,Other,,,,NOT READY,090600,REVERT,,,N/A,
27-08-2026,SANDHEADS,Working,,THERE ARE 4 VIRTUAL ANCHORAGE POINTS AT SAGAR AND 4 VESSELS CAN WORK SIMULTANEOUSLY SUB PORT CONSIDERATION,,,,Other,,,,,,,,,,
27-08-2026,SANDHEADS,Working,,"VESSEL'S BERTHING MOVEMENT DEPENDS ON ALL FAVORABLE CONDITIONS SUCH AS CGO DOCS READINESS, VSL'S SENIORITY,",,,,Other,,,,,,,,,,
27-08-2026,SANDHEADS,Working,,"WEATHER CONDITIONS, CONGESTION & BERTH AVAILABILITY",,,,Other,,,,,,,,,,
27-08-2026,SANDHEADS,Working,,Port Working Hours: 24 x 7 basis,,,,Other,,,,,,,,,,
27-08-2026,SANDHEADS,Working,,COASTAL VESSELS HAVE OUSTING PRIORITY,,,,Other,,,,,,,,,,
27-08-2026,SAGAR,Waiting,,MV. WELL DREAM,,GEARED,LIMESTONE,Dry/General Bulk,,,,30-08-2026,31-08-2026,01-09-2026,,,GAC SHIPPING,
27-08-2026,HALDIA,Working,4B,MV. METTLE STARE-I,,GEARLESS,COKING COAL,Dry/General Bulk,32000,32000,DISCH,22-10-2025,23-10-2025,24-10-2025,,TATA STEEL,TMILL,
27-08-2026,HALDIA,Working,1,M.V. SAKIZAYA XCEL,,GEARLESS,LIMESTONE,Dry/General Bulk,33950,33950,DISCH,24-08-2026,26-08-2026,27-08-2026,,TATA STEEL,KANOO SHIPPING,FENGCHENG
27-08-2026,HALDIA,Working,13,MV W HUANG PU,,GEARED,ROCK PHOSPHATE,Dry/General Bulk,18700,18700,DISCH,22-08-2026,26-08-2026,28-08-2026,,VARIOUS,ALAP,SAUDI ARAB
27-08-2026,HALDIA,Working,9,M.V. OAK ANTON,,GEARLESS,NUT COKE,Dry/General Bulk,34000,34000,DISCH,26-08-2026,27-08-2026,28-08-2026,,VARIOUS,SAKURA,BAHUDOPI
27-08-2026,HALDIA,Working,14,M.V. DIAMOND TRADER,,G'LESS,STEAM COAL,Dry/General Bulk,30000,30000,DISCH,26-08-2026,27-08-2026,29-08-2026,,SAROGI UDYOG,GAC SHIPPING,QINZHOU
27-08-2026,HALDIA,Working,10,MV. ATP FORTUNE,,GEARED,MANGANESE ORE,Dry/General Bulk,29000,29000,DISCH,22-08-2026,23-08-2026,27-08-2026,,SHYAM SEL / SHYAM FERRO,INTEROCEAN,PORT ELIZABETH
27-08-2026,HALDIA,Waiting,5,M.V. YTPERION,,GEARLESS,PCI COAL,Dry/General Bulk,31643,31643,DISCH,27-08-2026,28-08-2026,29-08-2026,,TSL,TMILL,AUSTRALIA
27-08-2026,HALDIA,Waiting,10,MV. ASAHI BULKER,,GEARED,LENTILS,Other,16824,16824,DISCH,19-08-2026,28-08-2026,31-08-2026,,VARIOUS,GAC SHIPPING,AUSTRALIA
27-08-2026,HALDIA,Waiting,13,MV CHOLA UNITY,,GEARLESS,LIMESTONE,Dry/General Bulk,36000,36000,DISCH,23-08-2026,28-08-2026,30-08-2026,,PARAG,ALAP,SALALAH
27-08-2026,HALDIA,Expected,1,M.V. DARLEAKAY,,GEARED,MANGANIES ORE,Other,17970,17970,DISCH,27-08-2026,28-08-2026,29-08-2026,,VARIOUS,BEN LINE,LIBREVILLE
27-08-2026,HALDIA,Expected,"2,8,9 & 13",M.V. TAN BINH 267,,GEARED,MANGANIES ORE,Other,29019,29019,DISCH,28-08-2026,29-08-2026,31-08-2026,,VARIOUS,SEA JEWEL,LIBREVILLE
27-08-2026,HALDIA,Expected,"2,8",MV. ECO DIAGON ALLEY,,GEARLESS,COKING COAL,Dry/General Bulk,33000,33000,DISCH,28-08-2026,29-08-2026,31-08-2026,,SAIL,V OCEAN,NAKODKA
27-08-2026,HALDIA,Expected,4,MV. PEAK HAKU,,GEARLESS,COKING COAL,Dry/General Bulk,33000,33000,DISCH,28-08-2026,28-08-2026,30-08-2026,,SAIL,GAC SHIPPING,HAMPTON ROADS
27-08-2026,HALDIA,Expected,"2,8,9 & 13",M.V. KM LONDON,,GEARLESS,STEAM COAL,Dry/General Bulk,20000,20000,DISCH,29-08-2026,31-08-2026,02-09-2026,,VARIOUS,ALAP,QINZHOU
27-08-2026,HALDIA,Expected,"2,8,9 & 13",M.V. CPT DIMITRIOS S,,GEARLESS,PCI COAL,Dry/General Bulk,34000,34000,DISCH,29-08-2026,31-08-2026,02-09-2026,,RAWMEAT,V OCEAN,PORT SAID
27-08-2026,HALDIA,Expected,"2,8,9 & 13",M.V. WELL DREAM,,GEARED,LIMESTONE,Dry/General Bulk,4000/22639,,DISCH,30-08-2026,02-09-2026,04-09-2026,,SHYAM SEL AND POWER,GAC,DIBBA PORT
27-08-2026,HALDIA,Expected,"2,8,9 & 13",M.V. CRIMSON GLORY,,GEARLESS,MANGANESE ORE,Dry/General Bulk,26095,26095,DISCH,30-08-2026,02-09-2026,04-09-2026,,VARIOUS,GAC SHIPPING,QINZHOU
27-08-2026,HALDIA,Expected,12,M.V. JY OCEAN,,GEARED,LIMESTONE,Dry/General Bulk,30000,30000,DISCH,30-08-2026,01-09-2026,03-09-2026,,TSL,TMILL,FANGCHENG
27-08-2026,HALDIA,Expected,"2,8",M.V. DORIC ARMOUR,,GEARLESS,COKING COAL,Dry/General Bulk,33000,33000,DISCH,31-08-2026,01-09-2026,03-09-2026,,SAIL,SEANETIC SHIPP,GLADSTONE
27-08-2026,HALDIA,Expected,"2,8,9 & 13",M.V. STELLA NAVIS,,GEARLESS,COKING COAL,Dry/General Bulk,35000,35000,DISCH,01-09-2026,03-09-2026,05-09-2026,,SHYAM SEL AND POWER,GAC,HAYPOINT
27-08-2026,DHAMRA,Working,B - 1/17.2/350,MV CAPE CRANE,CAPE,,COKING COAL,Dry/General Bulk,,,DISCHARGE,25-08-2026,B - 1/17.2/350,30-08-2026,,TATA,TMIL,
27-08-2026,DHAMRA,Working,B- 2/17.2/350,MV SHIN SHUN,CAPE,,STEAM COAL,Dry/General Bulk,,,DISCHARGE,24-08-2026,B- 2/17.2/350,29-08-2026,,RUNGTA MINES,GAC,
27-08-2026,DHAMRA,Working,B-3 A /14.5/350,MV SAFESEA SINDOOR,HANDIMAX,,STEEL SLAB,Dry/General Bulk,,,LOADING,21-08-2026,B-3 A /14.5/350,27-08-2026,,JINDAL STEEL LTD,JM BAXI,
27-08-2026,DHAMRA,Working,B-3A S /13.5,MV SERENITY,HANDIMAX,,HR COIL,Other,,,LOADING,20-08-2026,B-3A S /13.5,27-08-2026,,TATA,TMIL,
27-08-2026,DHAMRA,Working,B-4/17/300,MV TCLC LUZHOU,HANDIMAX,,SLAG,Other,,,LOADING,23-08-2026,B-4/17/300,28-08-2026,,TATA,SMPL,
27-08-2026,DHAMRA,Working,B-5/17/300,MV BASIS FORTUNE,PANAMAX,,THERMAL COAL,Dry/General Bulk,,,LOADING,20-08-2026,B-5/17/300,28-08-2026,,MOXIE POWER,GAC,
27-08-2026,DHAMRA,Waiting,B-3,MV ENGIADINA,HANDIMAX,,IRON ORE PELLETS,Dry/General Bulk,55000 MT,55000,LOADING,11-08-2026,27-08-2026,28-08-2026,,RUNGTA MINES,INFINITY,
27-08-2026,DHAMRA,Waiting,B-3A,MV PAC AGENA,HANDIMAX,,HR COIL,Other,30000 MT,30000,DISCHARGE,21-08-2026,27-08-2026,30-08-2026,,TATA,TMIL,
27-08-2026,DHAMRA,Waiting,B-3A,MV PAS BLUE WAVE,HANDIMAX,,HR COIL,Other,30000 MT,30000,DISCHARGE,22-08-2026,30-08-2026,02-09-2026,,TATA,TMIL,
27-08-2026,DHAMRA,Waiting,B-3AS,MV SYMI,HANDIMAX,,DAP,Other,54999 MT,54999,DISCHARGE,23-08-2026,27-08-2026,01-09-2026,,IIPL,KANHU SHIPPING,
27-08-2026,DHAMRA,Waiting,B-5,MV JY OCEAN,PANAMAX,,LIMESTONE,Dry/General Bulk,45000 MT,45000,DISCHARGE,26-08-2026,28-08-2026,31-08-2026,,TATA,TMIL,
27-08-2026,DHAMRA,Waiting,B-1,MV NEW EXPLORER,PANAMAX,,PCI COAL,Dry/General Bulk,76000 MT,76000,DISCHARGE,26-08-2026,28-08-2026,30-08-2026,,FEE GRADE,SMPL/INFINITY,
27-08-2026,DHAMRA,Waiting,B-3,MV APJ JAOUAD,PANAMAX,,THERMAL COAL,Dry/General Bulk,74000 MT,74000,LOADING,26-08-2026,27-08-2026,30-08-2026,,TANGEDCO,JIGSAN,
27-08-2026,DHAMRA,Expected,B-2,MV STELLA NAVIS,PANAMAX,,COKING COAL,Dry/General Bulk,45000 MT,45000,DISCHARGE,28-08-2026,30-08-2026,31-08-2026,,SHYAM METALIKS,GAC,
27-08-2026,DHAMRA,Expected,B-5,MV GCL TAPI,PANAMAX,,LIMESTONE,Dry/General Bulk,105999 MT,105999,LOADING,31-08-2026,31-08-2026,05-09-2026,,TATA,TMIL/MERCHANT,
27-08-2026,PARADIP PORT,Waiting & Expected,,MV. GREEN K MAX 2,,229.00/14.45,THERMAL COAL,Dry/General Bulk,65000 MT,65000,LOADING,18/1724 HRS,28-08-2026,29-08-2026,ENNORE,OPG,SEA SHIPS,SUB TO READINESS
27-08-2026,PARADIP PORT,Waiting & Expected,,MV. CRIMSON GRACE,,199.98/,THERMAL COAL,Dry/General Bulk,18762 MT,18762,LOADING,22/2248 HRS,27-08-2026,28-08-2026,ENNORE,OPG,SEA SHIPS,SUB TO READINESS
27-08-2026,PARADIP PORT,Waiting & Expected,,MV. RIPLEY PROGRESS,,225.00/14.50,THERMAL COAL,Dry/General Bulk,75000 MT,75000,LOADING,27/0016 HRS,28-08-2026,29-08-2026,HIGH SEAS,APPDCL/CLPL,SSS,SUB TO READINESS
27-08-2026,PARADIP PORT,Waiting & Expected,,MV. CHOLA LEGACY,,228.99/,THERMAL COAL,Dry/General Bulk,69000 MT,69000,LOADING,26/1818 HRS,28-08-2026,29-08-2026,HIGH SEAS,TNPGCL,SEAPORT,SUB TO READINESS
27-08-2026,PARADIP PORT,Waiting & Expected,,MV. MARINE FORTUNE I,,225.00/,THERMAL COAL,Dry/General Bulk,72000 MT,72000,LOADING,26/2354 HRS,28-08-2026,29-08-2026,HIGH SEAS,TNPGCL,SEAPORT,SUB TO READINESS
27-08-2026,PARADIP PORT,Waiting & Expected,,MV. APJ ANGAD 2,,224.94/14.50,THERMAL COAL,Dry/General Bulk,75000 MT,75000,LOADING,28/1400 HRS,29-08-2026,30-08-2026,ENNORE,NTECL/SARAT,BOTHRA,SUB TO READINESS
27-08-2026,PARADIP PORT,Waiting & Expected,,MV. GIORGAKIS,,229.00/14.50,THERMAL COAL,Dry/General Bulk,78000 MT,78000,LOADING,29/0600 HRS,29-08-2026,30-08-2026,KRISHNAPATNAM,SEMBCORP,SCC(VSP),SUB TO READINESS
27-08-2026,PARADIP PORT,Waiting & Expected,,MV. SSI IRRESISTIBLE,,229.00/14.50,THERMAL COAL,Dry/General Bulk,81000 MT,81000,LOADING,30/0600 HRS,30-08-2026,01-09-2026,ENNORE,NTECL/SARAT,BOTHRA,SUB TO READINESS
27-08-2026,PARADIP PORT,Waiting & Expected,,MV. YOUNG HARMONY,,206.06/13.00,THERMAL COAL,Dry/General Bulk,60000 MT,60000,LOADING,31/0600 HRS,31-08-2026,01-09-2026,JAIGARH,JSW ENERGY,SSS,SUB TO READINESS
27-08-2026,PARADIP PORT,Waiting & Expected,,MV TAN BINH 259,,175.53/9.50,STEEL COILS,Dry/General Bulk,25391 MT,25391,DISCHARGE,22/1625 HRS,27-08-2026,29-08-2026,BAHODOPI,JINDAL STAINLESS,SSS,SUB TO READINESS
27-08-2026,PARADIP PORT,Waiting & Expected,,MV. DELAVITA,,229.00/7.50,PIG IRON,Dry/General Bulk,60500 MT,60500,LOADING,10/0130 HRS,28-08-2026,01-09-2026,SINGAPORE,RAMSARUP,GAC,SUB TO READINESS
27-08-2026,PARADIP PORT,Waiting & Expected,,MV. AM PROGRESS,,176.54/,STEEL SLAB,Dry/General Bulk,30000 MT,30000,LOADING,14/0536 HRS,29-08-2026,01-09-2026,NEWPORT,TATA,TMIL,SUB TO READINESS
27-08-2026,PARADIP PORT,Waiting & Expected,,MV. PROPEL PEACE,,179.99/,STEEL SLAB,Dry/General Bulk,31000 MT,31000,LOADING,19/0130 HRS,01-09-2026,04-09-2026,HIGH SEAS,TATA,TMIL,SUB TO READINESS
27-08-2026,PARADIP PORT,Waiting & Expected,,MV. NIKGENIOUS,,199.90/13.06,A. SULPHATE,Dry/General Bulk,31500 MT,31500,DISCHARGE,22/1700 HRS,01-09-2026,05-09-2026,XIUYU,HURL,ADMIRAL,SUB TO READINESS
27-08-2026,PARADIP PORT,Waiting & Expected,,MV. AP QUEEN,,110.67/8.77,FERRO NICKLE,Other,8250 MT,8250,DISCHARGE,23/1150 HRS,04-09-2026,06-09-2026,INDONESIA,JSL,PAREKH,SUB TO READINESS
27-08-2026,PARADIP PORT,Waiting & Expected,,MV. PAULA TRADER,,179.90/7.43,STEEL SQUARE TUBES,Dry/General Bulk,4000 MT,4000,LOADING,27/1800 HRS,05-09-2026,06-09-2026,HOUSTON,APL APOLLO TUBES,,SUB TO READINESS
27-08-2026,PARADIP PORT,Waiting & Expected,,MV. PELAGIA,,228.99/13.08,A. SULPHATE,Dry/General Bulk,36000 MT,36000,DISCHARGE,27/2330 HRS,06-09-2026,12-09-2026,JINGJIANG,HURL,ALAP,SUB TO READINESS
27-08-2026,PARADIP PORT,Waiting & Expected,,MV. NEON TRADER,,179.90/9.24,STEEL COILS,Dry/General Bulk,15000 MT,15000,DISCHARGE,01/2800 HRS,06-09-2026,18-09-2026,BRAZIL,JSL,GAC,SUB TO READINESS
27-08-2026,PARADIP PORT,Waiting & Expected,,MV. SENTINEL,,200.00/,COAL,Dry/General Bulk,32550 MT,32550,DISCHARGE,08/09/26 HRS,08-09-2026,09-09-2026,HIGH SEAS,VULCAN,SPARTANS,SUB TO READINESS
27-08-2026,PARADIP PORT,Waiting & Expected,,MV. ALASIA,,199.98/12.50,IRON ORE FINES,Dry/General Bulk,50000 MT,50000,LOADING,17/1310 HRS,,,MUMBAI,JSW,SSS,
27-08-2026,PARADIP PORT,Waiting & Expected,,MV. OCEAN WINNER,,225.00/14.35,IRON ORE FINES,Dry/General Bulk,73000 MT,73000,LOADING,05/2118 HRS,,,CHINA,OCL IRON,BOTHRA,
27-08-2026,PARADIP PORT,Waiting & Expected,,MV. GEOSTAR,,199.98/13.10,IRON ORE FINES,Dry/General Bulk,57000 MT,57000,LOADING,18/2212 HRS,,,CHINA,BAGADIYA,SSS,
27-08-2026,PARADIP PORT,Waiting & Expected,,MV. CAPT EUGENE,,189.99/,IRON ORE PELLET,Dry/General Bulk,54500 MT,54500,LOADING,25/2215 HRS,,,CHINA,SJSPL,ACEC,
27-08-2026,PARADIP PORT,Waiting & Expected,,MV. GREEK SEAS,,229.00/14.00,IRON ORE PELLET,Dry/General Bulk,75000 MT,75000,LOADING,27/1800 HRS,,,CHINA,AMNSIL,SAMSARA,
27-08-2026,PARADIP PORT,Waiting & Expected,,MV.CAPTAIN PANAGIS,,199.90/,IRON ORE FINES,Dry/General Bulk,61582 MT,61582,LOADING,27/2300 HRS,29-08-2026,31-08-2026,CHINA,SESA MINING,SPARTANS,
27-08-2026,PARADIP PORT,Waiting & Expected,,MT. ALDAN,,243.79/13.90,CRUDE OIL,Liquid/Chemical Bulk,93429 MT,93429,DISCHARGE,21/0218 HRS,,,HIGH SEAS,IOCL PLD,AGS,
27-08-2026,PARADIP PORT,Waiting & Expected,,MT. MARJORIE,,274.00/15.70,CRUDE OIL,Liquid/Chemical Bulk,140894 MT,140894,DISCHARGE,26/1948 HRS,,,HIGHSEAS,IOCL PLD,J M BAXIMSPL,
27-08-2026,PARADIP PORT,Waiting & Expected,,MT. AYAT,,179.99/11.40,CRUDE OIL,Liquid/Chemical Bulk,37861 MT,37861,DISCHARGE,26/1930 HRS,,,CHENNAI,IOCL PLD,AGS,
27-08-2026,PARADIP PORT,Waiting & Expected,,MT. ATOKOS,,332.95/19.65,CRUDE OIL,Liquid/Chemical Bulk,258557 MT,258557,DISCHARGE,28/0730 HRS,,,CHENNAI,IOCL PLD,AGS,
27-08-2026,PARADIP PORT,Waiting & Expected,,MT. POROS BAY,,274.50/17.00,CRUDE OIL,Liquid/Chemical Bulk,142688 MT,142688,DISCHARGE,29/0600 HRS,,,HIGHSEAS,IOCL PLD,AGS,
27-08-2026,PARADIP PORT,Waiting & Expected,,MT. SOPRANO SERENE,,179.88/11.80,HSD/M.SPIRIT,Liquid/Chemical Bulk,19500 MT,19500,DISCHARGE,01/1000 HRS,,,HALDIA,BPCL,AGS,
27-08-2026,PARADIP PORT,Waiting & Expected,,MT. SWARNA PUSHP,,184.95/8.10,ATF,Liquid/Chemical Bulk,9000 MT,9000,LOADING,13/0036 HRS,,,HIGHSEAS,IOCL,AGS,RE-ANCH
27-08-2026,PARADIP PORT,Waiting & Expected,,MT. TINY DAISY,,225.13/,BUTANE/PROPAN,Liquid/Chemical Bulk,24000 MT,24000,DISCHARGE,26/2218 HRS,,,HIGHSEAS,IOCL,ISIPL,
27-08-2026,PARADIP PORT,Waiting & Expected,,MT. FAIRWAY,,171.26/,M.SPIRIT/NAPTH,Liquid/Chemical Bulk,15000 MT,15000,LOADING,23/1800 HRS,,,HIGHSEAS,IOCL,AGS,
27-08-2026,PARADIP PORT,Waiting & Expected,,MT. ANANTHA,,160.50/,LCO,Other,2201 MT,2201,LOADING,25/2354 HRS,,,HIGHSEAS,IOCL,ISIPL,
27-08-2026,PARADIP PORT,Waiting & Expected,,MT. BW POLARIS,,229.90/12.22,BUTANE/PROPAN,Liquid/Chemical Bulk,20000 MT,20000,DISCHARGE,29/1000 HRS,,,NEW MANGALORE,IOCL,WILHELMSEN,
27-08-2026,PARADIP PORT,Waiting & Expected,,MT. GAS QUANTUM,,173.70/10.26,AMMONIA,Liquid/Chemical Bulk,23202 MT,23202,LOADING,01/0001 HRS,,,HIGHSEAS,IFFCO,SSS,
27-08-2026,PARADIP PORT,Waiting & Expected,,MV. AFRICAN DRAGON,,199.99/,SULPHUR,Other,17500 MT,17500,DISCHARGE,02/0600 HRS,,,HIGHSEAS,IFFCO,SEACHHATHMA,
27-08-2026,PARADIP PORT,Waiting & Expected,,MV. SUNRISE I,,228.90/14.46,COKING COAL,Dry/General Bulk,33000 MT,33000,DISCHARGE,29/0600 HRS,29-08-2026,31-08-2026,KEMBLA,JSW JFE,GPR MARITIME,CQ-1
27-08-2026,PARADIP PORT,Waiting & Expected,,MV. ASHICO SYMPHONY,,120.93/9.75,FERRO CHROME,Dry/General Bulk,7490 MT,7490,LOADING,01/0800 HRS,01-09-2026,01-09-2026,HIGH SEAS,IMFA,CHOWGULE,SQ
27-08-2026,PARADIP PORT,Waiting & Expected,,MV. STAR FLAME,,120.93/7.95,LIMESTONE,Dry/General Bulk,45816 MT,45816,DISCHARGE,01/1800 HRS,01-09-2026,03-09-2026,GUANGZHO,AMNSIL,SAMSARA,
27-08-2026,PARADIP PORT,Waiting & Expected,,MV. SENTINEL,,200.00/,COAL,Dry/General Bulk,32550 MT,32550,DISCHARGE,08/09/26 HRS,08-09-2026,10-09-2026,HIGH SEAS,VULCAN,SPARTANS,MPB
27-08-2026,PARADIP PORT,Waiting & Expected,,"PRIORITY BERTHING ALLOWED FOR ALL IMPORT/EXPORT DRY BULK CARGO TO M/S. JSPL, TATA, JSW SAMBALPUR AT GCB.",,,,Other,,,,,,,,,,
27-08-2026,PARADIP PORT,Waiting & Expected,,"VESSEL WHICH CAN NOT PERFORM AS THE REQUIRED PORT NORMS, SHE WILL BE SHIFTED TO ROADS AND HER BERTHING WILL BE DECIDED AS THE LAST VESSEL ON SERIAL.",,,,Other,,,,,,,,,,
27-08-2026,PARADIP PORT,Waiting & Expected,,"MAXIMUM OF TWO COASTAL VESSELS WILL BE TAKEN AT A TIME IN THE CONVENTIONAL BERTH W.E.F 07-OCT-2018,TILL FURTHER ORDER",,,,Other,,,,,,,,,,
27-08-2026,KAKINADA,Waiting,,SAILED VESSELS::,,,,Other,,,,,,,,,,
27-08-2026,KAKINADA,Waiting,,M.V. MILAS,,,,Other,,,,21-08-2026,,,,,,
27-08-2026,KAKINADA,Waiting,,M.V.ODELMAR,,,,Other,,,,22-08-2026,,,,,,
27-08-2026,KAKINADA,Waiting,,M.T. SWARNA MALA,,,,Other,,,,23-08-2026,,,,,,
27-08-2026,KAKINADA,Waiting,,M.V. LV DAISY,,,,Other,,,,22-08-2026,,,,,,
27-08-2026,KAKINADA,Expected,,M.V.TRUONG MINH SEA,,,RICE,Dry/General Bulk,50000,50000,,27-08-2026,,,,,IMPERIAL,
27-08-2026,KAKINADA,Expected,,M.V.UTHITA NAREE,,,RICE,Dry/General Bulk,40000,40000,,29-08-2026,,,,"PATTABHI, SRI LALITHA",BOTHRA,
27-08-2026,KAKINADA,Expected,,M.T.ARLON,,,AMMONIA,Liquid/Chemical Bulk,14940,14940,,28-08-2026,,,,CIL,SEATRANS,
27-08-2026,KAKINADA,Expected,,M.T. GOLDEN ORCHID,,,EDIBLE OIL,Other,7000,7000,,28-08-2026,,,,SANTHOSHIMATAA,JAMES,
27-08-2026,KAKINADA,Expected,,M.V. AFRICAN DRAGON,,,SULPHUR,Other,17500,17500,,28-08-2026,,,,CIL,CROSS TRADE,
27-08-2026,KAKINADA,Expected,,M.V. PEGASUS,,,ALUMINA,Dry/General Bulk,29000,29000,,30-08-2026,,,,BALCO,JYOTHI MARINE,
27-08-2026,KAKINADA,Expected,,M.V. AMARYLLIS,,,COAL,Dry/General Bulk,76200,76200,,30-08-2026,,,,THE RAMCO CEMENTS,ATLANTIC,
27-08-2026,KAKINADA,Expected,,M.T. DING HENG 55,,,REFINED POME,Other,5983,5983,,31-08-2026,,,,KALEESUWARI REFINERY,SAMUDRA MARINE,
27-08-2026,KAKINADA,Expected,,M.V.DK APOLLO,,,BENTONITE,Other,10000,10000,,31-08-2026,,,,JUMBO MINING,ACT FORWARDERS,
27-08-2026,KAKINADA,Expected,,M.V.STAR CLEO,,,UREA,Other,49600,49600,,31-08-2026,,,,CIL,AN LINE,
27-08-2026,KAKINADA,Expected,,M.V. FUBAO,,,GRANITE BLOCKS,Other,48700,48700,,01-09-2026,,,,ELITE,ELITE,
27-08-2026,KAKINADA,Expected,,M.V.JIU XU,,,AMMONIUM SULPHATE,Dry/General Bulk,33000,33000,,01-09-2026,,,,HINDUSTAN URVAK,PRAVV SHIPPING,
27-08-2026,KAKINADA,Expected,,M.V. TCI SURYA,,,CONTAINERS,Container,150,150,,01-09-2026,,,,TCI,BOTHRA,
27-08-2026,KAKINADA,Expected,,M.V.HAMBURG,,,MOP,Other,67648,67648,,02-09-2026,,,,"CHAMBAL, INDORAMA, MOSAIC",BOTHRA,
27-08-2026,KAKINADA,Expected,,M.V. BROAD WEATH,,,MOP,Other,54637,54637,,03-09-2026,,,,RCFL,INTEROCEAN,
27-08-2026,KAKINADA,Expected,,M.V.RISHABH,,,,Other,,,,05-02-2026,,,,,,
27-08-2026,GANGAVARAM,Working,B3,MV LUCKY SUNDAY,,,LIMESTONE,Dry/General Bulk,77100,77100,,24-08-2026,B3,27-08-2026,,RINL,SEATRANS,MECHNICAL CONCEYOR LOADING BERTH
27-08-2026,GANGAVARAM,Working,B5,MV ARKTOS,,,COKING COAL,Dry/General Bulk,79261,79261,,27-08-2026,B5,29-08-2026,,NMDC,SAI SAMRAT,MECHNICAL CONCEYOR DISCH BERTH
27-08-2026,GANGAVARAM,Working,B6,MV XIN QI HANG 1,,,BAUXITE,Dry/General Bulk,63900,63900,,26-08-2026,B6,28-08-2026,,VEDANTA,IMPERIAL,
27-08-2026,GANGAVARAM,Working,B7,MV STAR SHANGHAI,,,UREA,Other,52500,52500,,26-08-2026,B7,31-08-2026,,INDIAN POTASH LTD,CHOWGULE,HMC BERTH
27-08-2026,GANGAVARAM,Working,B8,MV AL MANHAL,,,CP COKE,Dry/General Bulk,16499.886999999999,16499.887,,22-08-2026,B8,27-08-2026,,VEDANTA,SPARTANS,CONTAINER BERTH
27-08-2026,GANGAVARAM,Expected,B1/B7/B9,MV TIRYANDAFIL,,,STEEL BILLETS,Dry/General Bulk,50000,50000,,28-08-2026,B1/B7/B9,,,RINL,SPARTANS,
27-08-2026,GANGAVARAM,Expected,B1/B7/B9,MV LUCKY PIONEER,,,STEEL BILLETS,Dry/General Bulk,20000,20000,,29-08-2026,B1/B7/B9,,,RINL,,
27-08-2026,GANGAVARAM,Expected,B6,MV GOOD LUCK,,,NUT COKE,Dry/General Bulk,53021,53021,,29-08-2026,B6,31-08-2026,,RINL,GLORY FAITH,
27-08-2026,GANGAVARAM,Expected,B2,MV APJ INDRANI,,,THERMAL COAL,Dry/General Bulk,76000,76000,,29-08-2026,B2,31-08-2026,COASTAL,TANGEDCO,SEAPORT,
27-08-2026,GANGAVARAM,Expected,B1,MV HPC WISDOM,,,ALUMINA IN BULK,Dry/General Bulk,31500,31500,,29-08-2026,B1,04-09-2026,,VEDANTA,JYOTHI,
27-08-2026,GANGAVARAM,Expected,B3,MV LILA SHANGHAI,,,LIMESTONE,Dry/General Bulk,75250,75250,,30-08-2026,B3,02-08-2026,,SAIL,,
27-08-2026,GANGAVARAM,Expected,B5,MV VISHVA VIJAY,,,COKING COAL,Dry/General Bulk,77750,77750,,30-08-2026,B5,01-08-2026,,RINL,SEAWAYS,
27-08-2026,GANGAVARAM,Expected,B6,MV TRINITY,,,BAUXITE,Dry/General Bulk,54853,54853,,04-09-2026,B6,06-09-2026,,PIONEER ALUMINA,RICHMARK,
27-08-2026,VISAKHAPATNAM,Working,OB-1,MV ALASIA,,,IRON ORE FINES,Dry/General Bulk,59000,59000,L,22-08-2026,OB-1,27-08-2026,,,JYOTHI,
27-08-2026,VISAKHAPATNAM,Working,C.THERMAL,MV HALDI,,,REPAIR PURPOSE,Other,,,,23-08-2026,C.THERMAL,28-08-2026,,,TMILL,
27-08-2026,VISAKHAPATNAM,Working,VGCB,MV WESTERN DONCASTER,,,COKING COAL,Dry/General Bulk,34780,34780,D,22-08-2026,VGCB,27-08-2026,,,JYOTHI,
27-08-2026,VISAKHAPATNAM,Working,CB-1,MV XIN TIAN JIN,,,CONTAINERS,Container,34780,34780,D/L,26-08-2026,CB-1,28-08-2026,,,COSCO,
27-08-2026,VISAKHAPATNAM,Working,CB-3,MV SM MANALI,,,CONTAINERS,Container,43801,43801,D/L,26-08-2026,CB-3,27-08-2026,,,SIMA MARINE,
27-08-2026,VISAKHAPATNAM,Working,EQ-3,MV STAR COPENHAGEN,,,UREA,Other,54266,54266,D,20-08-2026,EQ-3,31-08-2026,,,CROSS TRADING,
27-08-2026,VISAKHAPATNAM,Working,EQ-4,MV SSI IRRSISTIBLE,,,AMMONIUM SULPHTE IN BULK,Other,40500,40500,D,15-08-2026,EQ-4,30-08-2026,,,SEATRANS,
27-08-2026,VISAKHAPATNAM,Working,EQ-6,MV SPIRIT OF KOBE,,,CP COKE,Dry/General Bulk,20400,20400,L,21-08-2026,EQ-6,26-08-2026,,,ESHWAR,
27-08-2026,VISAKHAPATNAM,Working,EQ-8 (VSPL),MV KM LONDON,,,STEAM COAL,Dry/General Bulk,40500,40500,D,25-08-2026,EQ-8 (VSPL),29-08-2026,,,SEATRANS,
27-08-2026,VISAKHAPATNAM,Working,EQ-9 (VSPL),MV RED AZALEA,,,PET COKE,Dry/General Bulk,52069,52069,D,26-08-2026,EQ-9 (VSPL),29-08-2026,,,JYOTHI,
27-08-2026,VISAKHAPATNAM,Working,WQ-1,MV CHENNAI VALARCHI,,,THERMAL COAL,Dry/General Bulk,73206,73206,L,22-08-2026,WQ-1,28-08-2026,,,SEAPORT,COASTAL
27-08-2026,VISAKHAPATNAM,Working,WQ-2,MV CRIMSON GLORY,,,MANGANESE ORE,Dry/General Bulk,27089,27089,D,23-08-2026,WQ-2,28-08-2026,,,INTEGRAL,
27-08-2026,VISAKHAPATNAM,Working,WQ-3,MV PANDA,,,ALUMINA IN BULK,Dry/General Bulk,33800,33800,L,13-08-2026,WQ-3,30-08-2026,,,INTEROCEAN,
27-08-2026,VISAKHAPATNAM,Working,WQ-4,MV BOSHI 78,,,ALUMINA IN BULK,Dry/General Bulk,30393,30393,L,19-08-2026,WQ-4,30-08-2026,,,INTEROCEAN,
27-08-2026,VISAKHAPATNAM,Working,WQ-5,MV SEA TOPAZ,,,ALUMINA IN BULK,Dry/General Bulk,30550,30550,L,19-08-2026,WQ-5,27-08-2026,,,INTEROCEAN,SHIFTED FROM EQ-3 TO WQ-5
27-08-2026,VISAKHAPATNAM,Working,WQ-6,MV SSI CONQUEST,,,TSP & DAP,Other,52700,52700,D,22-08-2026,WQ-6,29-08-2026,,,BOTHRA,
27-08-2026,VISAKHAPATNAM,Working,WQ-7,Handed over to m/s VMBCTPL for projecdt development,,,,Other,,,,,WQ-7,,,,,
27-08-2026,VISAKHAPATNAM,Working,OR-1,OR -1 Berth spared for Revamping by CE department,,,,Other,,,,,OR-1,,,,,
27-08-2026,VISAKHAPATNAM,Working,OR-2,MT SWARNA MALA,,,HSD & MS,Liquid/Chemical Bulk,8097,8097,D,27-08-2026,OR-2,28-08-2026,,,ATLANTIC,
27-08-2026,VISAKHAPATNAM,Working,OR-3,MT SAFESEA VARUNA,,,FUEL OIL,Other,35502,35502,L,25-08-2026,OR-3,29-08-2026,,,INTEROCEAN,
27-08-2026,VISAKHAPATNAM,Working,F.B,MV BAO CHANG,,,ROCK PHOSPHATE,Dry/General Bulk,48500,48500,D,14-08-2026,F.B,28-08-2026,,,RDS OIL & GAS,SHIFTED FROM EQ-1 TO FB
27-08-2026,VISAKHAPATNAM,Waiting,1,MV GLORIEUSE,,,STEEL BLOOMS,Dry/General Bulk,20000,20000,L,17-08-2026,1,,,,BENLINES,
27-08-2026,VISAKHAPATNAM,Waiting,2,MV TATEV,,,ALUMINA IN BAGS,Dry/General Bulk,10845,10845,L,17-08-2026,2,,,,INTEROCEAN,RE-ANCH
27-08-2026,VISAKHAPATNAM,Waiting,3,MV NORDTIGRIS,,,LENTILS IN BULK,Other,10000,10000,D,22-08-2026,3,,,,SEAVISION,
27-08-2026,VISAKHAPATNAM,Waiting,4,LPG/C. RED ADMIRAL,,,LPG,Other,24500,24500,D,24-08-2026,4,,,,GAC,
27-08-2026,VISAKHAPATNAM,Waiting,5,MT EASTERN QUINCE,,,FUEL OIL,Other,34650,34650,L,25-08-2026,5,,,,INTEROCEAN,
27-08-2026,VISAKHAPATNAM,Waiting,6,MV BRILLIANT ADVANCE,,,IRON ORE PELLETS,Dry/General Bulk,76000,76000,L,26-08-2026,6,,,,JYOTHI,
27-08-2026,VISAKHAPATNAM,Waiting,7,MV JPS BARCELONA,,,DAP,Other,52552,52552,D,26-08-2026,7,,,,ANLINE SHIPPING,
27-08-2026,VISAKHAPATNAM,Waiting,8,LPG/C. NAVIGATOR GLORY,,,LIQUID AMMONIA,Liquid/Chemical Bulk,10000,10000,D,26-08-2026,8,,,,INCHCAPE,
27-08-2026,VISAKHAPATNAM,Waiting,9,MV DORIC ARMOUR,,,COKING COAL,Dry/General Bulk,46506,46506,D,26-08-2026,9,,,,IMPERIAL,
27-08-2026,VISAKHAPATNAM,Expected,,MV EMMANUEL,,,IRON ORE FINES,Dry/General Bulk,55000,55000,L,27-08-2026,,,,,JYOTHI,
27-08-2026,VISAKHAPATNAM,Expected,,MV TAN BINH 279,,,STEEL CARGO,Dry/General Bulk,4100,4100,L,27-08-2026,,,,,SEATRANS,
27-08-2026,VISAKHAPATNAM,Expected,,MV MEDWAY SPIRIT,,,CP COKE,Dry/General Bulk,15000,15000,L,27-08-2026,,,,,ESHWAR,
27-08-2026,VISAKHAPATNAM,Expected,,MV CORN,,,ALUMINA IN BULK,Dry/General Bulk,30600,30600,L,27-08-2026,,,,,RICHMARK,
27-08-2026,VISAKHAPATNAM,Expected,,MV FUBAO,,,ANTHRACITE COAL,Dry/General Bulk,44000,44000,D,27-08-2026,27-08-2026,,,,INTEGRAL,
27-08-2026,VISAKHAPATNAM,Expected,,MV EVER BRAVE,,,CONTAINERS,Container,7000,7000,D/L,27-08-2026,28-08-2026,,,,BOXCO,
27-08-2026,VISAKHAPATNAM,Expected,,MV DP WORLD GODAVARI,,,CONTAINERS,Container,15000,15000,D/L,27-08-2026,,,,,UNIFEEDEER,
27-08-2026,VISAKHAPATNAM,Expected,,MV NORSE MOBILE,,,FERRO MANGANESE & STEEL CARGO,Dry/General Bulk,29200,29200,L,28-08-2026,,,,,SAIANS,
27-08-2026,VISAKHAPATNAM,Expected,,MV PAS SUNRISE,,,PROJECT CARGO [44 PKGS],Other,1742,1742,D,28-08-2026,,,,,J.M.BAXI,HMC REQUIRED
27-08-2026,VISAKHAPATNAM,Expected,,MV THOR BRAVE,,,MANGANESE ORE,Dry/General Bulk,30000,30000,D,28-08-2026,28-08-2026,,,,JYOTHI,
27-08-2026,VISAKHAPATNAM,Expected,,MV DP WORLD THAMIRABARANI,,,CONTAINERS,Container,8500,8500,D/L,28-08-2026,,,,,UNIFEEDEER,
27-08-2026,VISAKHAPATNAM,Expected,,MT FEATHER,,,FO & LDO,Other,7000,7000,D,28-08-2026,,,,,SRAVAN,
27-08-2026,VISAKHAPATNAM,Expected,,MT SANMAR SNEHA,,,PY GAS,Other,6300,6300,D,28-08-2026,28-08-2026,,,,BENLINES,
27-08-2026,VISAKHAPATNAM,Expected,,MV MEGHANA VISION,,,IRON ORE FINES,Dry/General Bulk,55000,55000,L,29-08-2026,,,,,JYOTHI,
27-08-2026,VISAKHAPATNAM,Expected,,MV BASIC STAR,,,IRON ORE PELLETS,Dry/General Bulk,76000,76000,L,29-08-2026,,,,,JYOTHI,
27-08-2026,VISAKHAPATNAM,Expected,,MV AFRICAN TOUCAN,,,CALCINED PET COKE,Dry/General Bulk,8000,8000,L,29-08-2026,,,,,ESHWAR,
27-08-2026,VISAKHAPATNAM,Expected,,MV FREE SAILING,,,PET COKE,Dry/General Bulk,31044,31044,D,29-08-2026,,,,,SAI SAMRAT,
27-08-2026,VISAKHAPATNAM,Expected,,MV ZHONG XING MEN,,,PET COKE,Dry/General Bulk,52510,52510,D,29-08-2026,,,,,BENLINES,
27-08-2026,VISAKHAPATNAM,Expected,,MV QI XIA SHAN,,,GRANITE BLOCKS,Other,12000,12000,L,30-08-2026,,,,,PUYVAST,
27-08-2026,VISAKHAPATNAM,Expected,,MV SYLVAN T,,,MOP,Other,49530,49530,D,30-08-2026,,,,,J.M.BAXI,
27-08-2026,VISAKHAPATNAM,Expected,,MV TRANSTIME,,,NPK,Other,54000,54000,D,30-08-2026,,,,,BOTHRA,
27-08-2026,VISAKHAPATNAM,Expected,,MV NEW ELIAS,,,STEAM COAL,Dry/General Bulk,161904,161904,D,30-08-2026,,,,,GPR MARTIME,
27-08-2026,VISAKHAPATNAM,Expected,,LPG/C. TINY DAISY,,,LPG,Other,24000,24000,D,30-08-2026,,,,,INTEROCEAN,
27-08-2026,VISAKHAPATNAM,Expected,,MV SORSI,,,MANGANESE ORE,Dry/General Bulk,24000,24000,D,31-08-2026,,,,,K.R.SONS,
27-08-2026,VISAKHAPATNAM,Expected,,MV RACOON,,,PET COKE,Dry/General Bulk,5001,5001,D,01-09-2026,,,,,JYOTHI,
27-08-2026,VISAKHAPATNAM,Expected,,MV OCEAN ROYAL,,,MANGANESE ORE,Dry/General Bulk,30650,30650,D,01-09-2026,,,,,BOTHRA,
27-08-2026,VISAKHAPATNAM,Expected,,MV WAN HAI 366,,,CONTAINERS,Container,19500,19500,D/L,01-09-2026,,,,,WAN HAI LINES,
27-08-2026,VISAKHAPATNAM,Expected,,MT ATREBATES,,,CRUDE OIL,Liquid/Chemical Bulk,250000,250000,D,01-09-2026,,,,,ATLANTIC,
27-08-2026,VISAKHAPATNAM,Expected,,MV PIONEER KIRA,,,"STONE AGGREGATE,CEMENT & GENERAL CARGO",Dry/General Bulk,20000,20000,L,02-09-2026,,,,,FAIRMACS,COASTAL
27-08-2026,VISAKHAPATNAM,Expected,,MV YASA KAPTAN ERBIL,,,UREA,Other,49500,49500,D,02-09-2026,,,,,INTEROCEAN,
27-08-2026,VISAKHAPATNAM,Expected,,MV MOGRAL,,,CONTAINERS,Container,40000,40000,D/L,02-09-2026,,,,,SIMA MARINE,
27-08-2026,VISAKHAPATNAM,Expected,,MV SWARAJ DWEEP,,,PASSENGERS,Other,,,D,03-09-2026,,,,,AVBGPR,
27-08-2026,VISAKHAPATNAM,Expected,,MV SPIRIT OF SEATREK,,,MANGANESE ORE,Dry/General Bulk,22550,22550,D,04-09-2026,,,,,BOTHRA,
27-08-2026,VISAKHAPATNAM,Expected,,MV LC PLANCHET,,,HARD COAL,Dry/General Bulk,85700,85700,D,05-09-2026,,,,,SEATRANS,
27-08-2026,VISAKHAPATNAM,Expected,,MV ALBERTA,,,MANGANESE ORE,Dry/General Bulk,32790,32790,D,05-09-2026,,,,,INTEGRAL,
27-08-2026,VISAKHAPATNAM,Expected,,MV SSL SABARIMALAI,,,CONTAINERS,Container,8500,8500,D/L,05-09-2026,,,,,UNIFEEDEER,
27-08-2026,VISAKHAPATNAM,Expected,,MV DARYA MAYA,,,MANGANESE ORE,Dry/General Bulk,30000,30000,D,06-09-2026,,,,,INTEGRAL,
27-08-2026,VISAKHAPATNAM,Expected,,MV ARIES STAR,,,HARD COAL,Dry/General Bulk,51500,51500,D,09-09-2026,,,,,SEATRANS,
27-08-2026,VISAKHAPATNAM,Expected,,MV SSL KRISHNA,,,CONTAINERS,Container,12000,12000,D/L,11-09-2026,,,,,UNIFEEDEER,
27-08-2026,VISAKHAPATNAM,Expected,,MV MILAS,,,ROCK PHOSPHATE,Dry/General Bulk,47900,47900,D,21-08-2026,,,,,RDS OIL,
31-08-2026,KARAIKAL,Working,III,MV LADY ANNE,,,COAL,Dry/General Bulk,77000,77000,IMPORT,28-08-2026,28-08-2026,31-08-2026,,,,
31-08-2026,KARAIKAL,Expected,,MV CFS HARMONY,,,COAL,Dry/General Bulk,80027,80027,IMPORT,02-09-2026,02-09-2026,05-09-2026,,,,
31-08-2026,GOPALPUR,Working,MPB-2,MV MOSKHA,,,IRON ORE FINES,Dry/General Bulk,54880,54880,L,20-08-2026,25-08-2026,31-08-2026,,,NAVSHIP,
31-08-2026,GOPALPUR,Expected,MPB-2,MV PEAK HAKU,,,THERMAL COAL,Dry/General Bulk,75000,75000,L,31-08-2026,31-08-2026,04-09-2026,,,GAC(CA)/BOTHRA(OPA),
31-08-2026,CHENNAI,Working,WQ2,GLOVIS SPIRIT,,,CARS,Other,4000,4000,L,30-08-2026,30-08-2026,01-09-2026,,,CARTRANS,
31-08-2026,CHENNAI,Working,JD1,RACOON,,,PIG IRON,Dry/General Bulk,2050,2050,D,30-08-2026,30-08-2026,31-08-2026,,,PEARL,
31-08-2026,CHENNAI,Working,JD3,ORCUN C,,,RICE,Dry/General Bulk,25000,25000,L,29-08-2026,29-08-2026,06-09-2026,,,SPARTRANS,
31-08-2026,CHENNAI,Working,BD2,SC SOLARIS,,,CPOIL,Other,12000,12000,D,26-08-2026,27-08-2026,01-09-2026,,,SAMSARA,
31-08-2026,CHENNAI,Waiting,BD2,ORCHIDS,,,F OIL/LDO,Other,8969-2002,,D/D,29-08-2026,01-09-2026,03-09-2026,,,ATLANTIC,
31-08-2026,CHENNAI,Waiting,JD2/4/6,AL MANHAL,,,PROJ,Other,1200,1200,L,30-08-2026,31-08-2026,01-09-2026,,,BENLINE,
31-08-2026,CHENNAI,Waiting,JD6/SQ2/WQ1/BD2,FORTUNE,,,B OIL,Other,8306,8306,D,30-08-2026,01-09-2026,04-09-2026,,,SEAPORT,
31-08-2026,CHENNAI,Expected,JD5,AMNS POLAR,,,SCOIL/SPLATE,Dry/General Bulk,15055,15055,D,01-09-2026,01-09-2026,03-09-2026,,,SAMSARA,
31-08-2026,CHENNAI,Expected,BD2/WQ1/JD2/4,DOCOMO,,,CPOIL,Other,11800,11800,D,02-09-2026,02-09-2026,04-09-2026,,,ATLANTIC,
31-08-2026,CHENNAI,Expected,JD2/4/6,BANGLAR JOYJATRA,,,J.BAG/BARITES,Other,"15,000/4,000",,L,02-09-2026,02-09-2026,06-09-2026,,,GENID,
31-08-2026,CHENNAI,Expected,JD2/4/6,BBC NORFOLK,,,PROJ,Other,13,13,L,05-09-2026,05-09-2026,06-09-2026,,,MARCONS,
31-08-2026,CHENNAI,Expected,JD1/SQ1,HT LOTUS,,,FLOU,Other,10000,10000,D,03-09-2026,03-09-2026,05-09-2026,,,SEAGREEN,
31-08-2026,CHENNAI,Expected,JD2/4/BD2,WECO SENNA,,,CSFOIL,Other,13060,13060,D,05-09-2026,05-09-2026,08-09-2026,,,INTEROCEAN,
31-08-2026,CHENNAI,Expected,,THERSESA EMPAT,,,CSFOIL,Other,RVRT,,D,07-09-2026,07-09-2026,09-09-2026,,,ATLANTIC,
31-08-2026,ENNORE,Working,CB1,CHOLA TREASURE,,,T COAL,Dry/General Bulk,74500,74500,D,30-08-2026,CB1,01-09-2026,,,SEAPORT,COASTAL
31-08-2026,ENNORE,Working,CB2,CHOLA MELODY,,,T COAL,Dry/General Bulk,74600,74600,D,29-08-2026,CB2,02-09-2026,,,JESPA,COASTAL
31-08-2026,ENNORE,Working,GCB2,Garnet Ace,,,AUTOMOBILE,Other,2100,2100,L,28-08-2026,GCB2,01-09-2026,,,MOL,
31-08-2026,ENNORE,Working,ECTPL,STAR EVA,,,S COAL,Dry/General Bulk,103901,103901,D,15-08-2026,ECTPL,03-09-2026,,,MERCHANT,
31-08-2026,ENNORE,Waiting,ECTPL,Venus Star,,,S COAL,Dry/General Bulk,78547,78547,D,17-08-2026,03-09-2026,06-09-2026,,,GAC,
31-08-2026,ENNORE,Waiting,MLT,LPG/C Maple Gas,,,Propane/Butane,Liquid/Chemical Bulk,21000,21000,D,24-08-2026,03-09-2026,04-09-2026,,,Interocean,
31-08-2026,ENNORE,Waiting,GCB,HOEGH TROOPER,,,AUTOMOBILE,Other,800,800,L,31-08-2026,31-08-2026,01-09-2026,,,MERCHANT,
31-08-2026,ENNORE,Expected,EBTPL,Glorieuse,,,ST BLOOMS/R BAR,Other,10000,10000,L,02-09-2026,02-09-2026,05-09-2026,,,SEAGREEN,
31-08-2026,ENNORE,Expected,MLT,FEATHER,,,FO/LDO,Other,16756,16756,D,31-08-2026,31-08-2026,01-09-2026,,,SAMSARA,
31-08-2026,ENNORE,Expected,MLT,Blue Phoneix,,,CHEMICAL,Other,2600,2600,D,05-09-2026,06-09-2026,07-09-2026,,,Wilhelmsen,
31-08-2026,ENNORE,Expected,MLT,Daewoo Diamond,,,CHEMICAL,Other,1500,1500,D,06-09-2026,07-09-2026,09-09-2026,,,Wilhelmsen,
31-08-2026,ENNORE,Expected,GCB,CANADIAN HIGHWAY,,,AUTOMOBILE,Other,1900,1900,L,13-09-2026,13-09-2026,14-09-2026,,,K STEAM,
31-08-2026,ENNORE,Expected,GCB,BAHRI TABUK,,,AUTOMOBILE,Other,700,700,L,17-09-2026,17-09-2026,18-09-2026,,,RADIANT,
31-08-2026,KRISHNAPATNAM,Working,WB-2,MT GOLDEN ORCHID,,,CPO,Other,7999.9359999999997,7999.936,D,30-08-2026,30-08-2026,01-09-2026,"BELAWAN, INDONESIA",,JAMES MACKINTOSH & CO PVT LTD,
31-08-2026,KRISHNAPATNAM,Working,S4,MV CRIMSON GRACE,,,COAL,Dry/General Bulk,59011,59011,D,29-08-2026,29-08-2026,01-09-2026,PARADIP,,SEAGREEN STEVEDORING & LOGISTICS PVT LTD,
31-08-2026,KRISHNAPATNAM,Working,8,MV VISHVA CHETNA,,,COAL,Dry/General Bulk,75000,75000,D,27-08-2026,29-08-2026,31-08-2026,PARADIP,,GAC SHIPPING PVT LTD.,
31-08-2026,KRISHNAPATNAM,Working,7,MV JEWEL GOLD,,,COAL,Dry/General Bulk,53700,53700,D,28-08-2026,30-08-2026,31-08-2026,HALDIA & PARADIP,,M/S.SARAT CHATTERJEE & CO (VSP) PVT LTD,
31-08-2026,KRISHNAPATNAM,Working,6,MV CHOLA PROSPERITY,,,COAL,Dry/General Bulk,75000,75000,D,27-08-2026,29-08-2026,01-09-2026,PARADIP,,SEATRANS MARINE PVT LTD.,
31-08-2026,KRISHNAPATNAM,Working,5,MV MARAN TRANSPORTER,,,IRON ORE FINES,Dry/General Bulk,165905,165905,D,26-08-2026,31-08-2026,05-09-2026,BRAZIL,,GPR MARITIME AGENCIES.,
31-08-2026,KRISHNAPATNAM,Working,4,MV WHITE FIN,,,UREA,Other,50580.542999999998,50580.543,D,27-08-2026,28-08-2026,02-09-2026,RUSSIA,,SEATRANS MARINE PVT LTD.,
31-08-2026,KRISHNAPATNAM,Working,3,MV RIPLEY PIONEER,,,COAL,Dry/General Bulk,75346,75346,D,29-08-2026,31-08-2026,02-09-2026,PARADIP,,GAC SHIPPING PVT LTD.,
31-08-2026,KRISHNAPATNAM,Working,2,MV XIN CHEN HAI YANG,,,SHIP UNLOADERS,Other,4098.8469999999998,4098.847,D,19-08-2026,24-08-2026,02-09-2026,CHINA,,SAMSARA SHIPPING PVT LTD,
31-08-2026,KRISHNAPATNAM,Waiting,6,MV APJ SHIRIN,,,COAL,Dry/General Bulk,54950,54950,D,30-08-2026,31-08-2026,02-09-2026,PARADIP,,SARAT CHATTERJEE & CO (VSP) PVT LTD,
31-08-2026,KRISHNAPATNAM,Waiting,7,MV DECCAN PRIDE,,,COAL,Dry/General Bulk,73481,73481,D,30-08-2026,31-08-2026,02-09-2026,PARADIP,,"J M BAXI MARINE SERVICES PRIVATE LIMITED,",
31-08-2026,KRISHNAPATNAM,Expected,S4A,MV W HUANG PU,,,GRANITE,Other,32200,32200,L,31-08-2026,31-08-2026,05-09-2026,CHINA,,PUYVAST LOGISTICS PRIVATE LIMITED,
31-08-2026,KRISHNAPATNAM,Expected,3,MV PHOENIX OCEAN,,,LIMESTONE,Dry/General Bulk,73166,73166,D,31-08-2026,02-09-2026,05-09-2026,CHINA,,MERCHANT SHIPPING SERVICES PVT. LTD.,
31-08-2026,KRISHNAPATNAM,Expected,WB-3,MV MING XI JIU YUE,,,DAP/APS,Other,25600,25600,D,31-08-2026,31-08-2026,04-09-2026,"YEOSU, KOREA",,ALAP CARRIERS-OPA SRI SRINIVASA MARINE AGENCIES,
31-08-2026,KRISHNAPATNAM,Expected,8,MV RIPLEY PROGRESS,,,COAL,Dry/General Bulk,74500,74500,D,31-08-2026,01-09-2026,03-09-2026,PARADIP,,ATLANTIC GLOBAL SHIPPING PVT LTD VRC CHITTINADU LOGISTICS,
31-08-2026,KRISHNAPATNAM,Expected,6,MV CSK GENERATIN,,,COAL,Dry/General Bulk,125290,125290,D,01-09-2026,02-09-2026,06-09-2026,AUSTRALIA,,"GPR MARITIME AGENCIES.,",
31-08-2026,KRISHNAPATNAM,Expected,7,MV.MANDARIN PENGHU,,,COAL,Dry/General Bulk,67500,67500,D,01-09-2026,02-09-2026,04-09-2026,INDONESIA,,J M BAXI PRIVATE LIMITED,
31-08-2026,KRISHNAPATNAM,Expected,S4,MV KANG SHUN,,,GRANITE,Other,53500,53500,L,01-09-2026,01-09-2026,08-09-2026,CHINA,,ELITE SHIPPING AGENCIES,
31-08-2026,KRISHNAPATNAM,Expected,1,MV CONSTANTINOS G.O.,,,COAL,Dry/General Bulk,42500,42500,D,02-09-2026,02-09-2026,05-09-2026,INDONESIA,,GAC SHIPPING-OPA/ JYOTHI MARINE SERVICES PVT LTD-CA,
31-08-2026,KRISHNAPATNAM,Expected,8,MV GIORGAKIS,,,COAL,Dry/General Bulk,77590,77590,D,02-09-2026,03-09-2026,05-09-2026,PARADIP,,SARAT CHATTERJEE & CO (VSP) PVT LTD,
31-08-2026,KRISHNAPATNAM,Expected,S4A,MV FREE SAILING,,,GRANITE,Other,31300,31300,D,02-09-2026,05-09-2026,09-09-2026,CHINA,,ESDI MARITIME PVT LTD,
31-08-2026,KRISHNAPATNAM,Expected,4,MV DAGHER,,,DAP,Other,54070,54070,D,03-09-2026,03-09-2026,08-09-2026,SAUDI ARABIA,,SEATRANS MARINE PVT LTD. OPA M/s GAC SHIPPING PVT LTD.,
31-08-2026,KRISHNAPATNAM,Expected,2,MV. SENTINEL,,,COAL,Dry/General Bulk,27858,27858,D,03-09-2026,03-09-2026,06-09-2026,"MOBILE, USA",,SPARTANS MARINE SERVICES PRIVATE LIMITED - OPA M/s BEN LINE AGENCIES,
31-08-2026,KRISHNAPATNAM,Expected,2,MV GEORGE H,,,COAL,Dry/General Bulk,82306,82306,D,05-09-2026,05-09-2026,09-09-2026,"BALTIMORE, USA",,SL SHIPPING PVT LTD,
31-08-2026,KRISHNAPATNAM,Expected,1,MV VITA MELODY,,,COAL,Dry/General Bulk,48871,48871,D,28-05-2026,28-05-2026,31-05-2026,INDONESIA,,JYOTHI MARINE,
31-08-2026,KATTUPALLI,Expected,CB3,NHK FORTUNE,,,TMT BAR,Other,14500,14500,D,04-09-2026,04-09-2026,09-09-2026,,,JMB,
31-08-2026,SANDHEADS,Working,,PELOPIDAS,,G'LESS,REVERT,Other,,,,NOT READY,090600,REVERT,,,N/A,
31-08-2026,SANDHEADS,Working,,THERE ARE 4 VIRTUAL ANCHORAGE POINTS AT SAGAR AND 4 VESSELS CAN WORK SIMULTANEOUSLY SUB PORT CONSIDERATION,,,,Other,,,,,,,,,,
31-08-2026,SANDHEADS,Working,,"VESSEL'S BERTHING MOVEMENT DEPENDS ON ALL FAVORABLE CONDITIONS SUCH AS CGO DOCS READINESS, VSL'S SENIORITY,",,,,Other,,,,,,,,,,
31-08-2026,SANDHEADS,Working,,"WEATHER CONDITIONS, CONGESTION & BERTH AVAILABILITY",,,,Other,,,,,,,,,,
31-08-2026,SANDHEADS,Working,,Port Working Hours: 24 x 7 basis,,,,Other,,,,,,,,,,
31-08-2026,SANDHEADS,Working,,COASTAL VESSELS HAVE OUSTING PRIORITY,,,,Other,,,,,,,,,,
31-08-2026,SAGAR,Waiting,,MV. THOR BRAVE,,GEARED,MANGANESE ORE,Dry/General Bulk,,,,31-08-2026,02-09-2026,03-09-2026,,,SAKURA,
31-08-2026,SAGAR,Waiting,,MV. WELL DREAM,,GEARED,LIMESTONE,Dry/General Bulk,,,,30-08-2026,31-08-2026,01-09-2026,,,GAC SHIPPING,
31-08-2026,HALDIA,Working,4B,MV. METTLE STARE-I,,GEARLESS,COKING COAL,Dry/General Bulk,32000,32000,DISCH,22-10-2025,23-10-2025,24-10-2025,,TATA STEEL,TMILL,
31-08-2026,HALDIA,Working,9,MV.KM LONDON,,GEARED,STEAM COAL,Dry/General Bulk,20000,20000,DISCH,30-08-2026,31-08-2026,01-09-2026,,VARIOUS,ALAP,QINZHOU
31-08-2026,HALDIA,Working,10,MV. ASAHI BULKER,,GEARED,LENTILS,Other,16824,16824,DISCH,19-08-2026,28-08-2026,06-09-2026,,VARIOUS,GAC SHIPPING,AUSTRALIA
31-08-2026,HALDIA,Waiting,14,MV. CRIMSON GLORY,,GEARED,MANGANESE ORE,Dry/General Bulk,26095,26095,DISCH,31-08-2026,01-09-2026,02-09-2026,,VARIOUS,GAC SHIPPING,PORT ELIZEBETH
31-08-2026,HALDIA,Waiting,1,MV. STELLA NAVIS,,GEARLESS,COKING COAL,Dry/General Bulk,35000,35000,DISCH,01-08-2026,01-08-2026,03-09-2026,,SHYAM SEL & POWER,GAC,FANGCHENG
31-08-2026,HALDIA,Waiting,4,MV. JAG AJAY,,GEARLESS,COKING COAL,Dry/General Bulk,33000,33000,DISCH,01-09-2026,01-09-2026,02-09-2026,,SAIL,GAC,HAYPOINT
31-08-2026,HALDIA,Expected,"2,8,9 & 13",M.V. THOR BRAVE,,GEARED,MANGANIES ORE,Other,4050/26895,,DISCH,31-08-2026,02-09-2026,03-09-2026,,VARIOUS,SAKURA,
31-08-2026,HALDIA,Expected,4A,M.V. STAR GALAXY,,GEARLESS,COKING COAL,Dry/General Bulk,33000,33000,DISCH,02-09-2026,03-09-2026,05-09-2026,,SAIL,TMILL,
31-08-2026,HALDIA,Expected,12,M.V. JY OCEAN,,GEARLESS,LIMESTONE,Dry/General Bulk,34000,34000,DISCH,02-09-2026,03-09-2026,05-09-2026,,TSL,TMILL,FANGCHENG
31-08-2026,HALDIA,Expected,"2,8,",M.V. DORIC ARMOUR,,GEARLESS,COKING COAL,Dry/General Bulk,33000,33000,DISCH,02-09-2026,03-09-2026,05-09-2026,,SAIL,SEANETIC,GLADSTONE
31-08-2026,HALDIA,Expected,12,M.V. UNITY FORCE,,GEARED,DOLOMITE,Dry/General Bulk,27200,27200,DISCH,05-09-2026,06-09-2026,08-09-2026,,TSL,TMILL,
31-08-2026,HALDIA,Expected,12,M.V. PAULA,,GEARLESS,PROJECT CARGO,Other,515,515,DISCH,06-09-2026,08-09-2026,10-09-2026,,EASTERN CLEARING & FORWARDING AGENCY PVT LTD,TMILL,
31-08-2026,HALDIA,Expected,"2,8,9 & 13",M.V. OCEAN ROYAL,,GEARED,MANGANIES ORE,Other,20920,20920,DISCH,07-09-2026,08-09-2026,10-09-2026,,VARIOUS,SEAHORSE,
31-08-2026,HALDIA,Expected,12,M.V. NORSE NAOSHIMA,,GEARLESS,PET COKE,Dry/General Bulk,17496,17496,DISCH,10-09-2026,11-09-2026,12-09-2026,,PERTO CARBON AND CHEMICALS,INTEROCEAN,
31-08-2026,HALDIA,Expected,"2,8,9 & 13",M.V. PELAGIA,,GEARED,AMMONIUM SULPHATE,Dry/General Bulk,28900,28900,DISCH,10-09-2026,11-09-2026,13-09-2026,,INDORAMA,ALAP,
31-08-2026,HALDIA,Expected,"2,8,9 & 13",M.V. WELL DREAM,,GEARED,LIMESTONE,Dry/General Bulk,4000/22639,,DISCH,10-09-2026,11-09-2026,13-09-2026,,SHYAM SEL AND POWER,GAC,DIBBA PORT
31-08-2026,DHAMRA,Working,B - 1/17.2/350,MV STELLA NAVIS,PANAMAX,,COKING COAL,Dry/General Bulk,,,DISCHARGE,28-08-2026,B - 1/17.2/350,31-08-2026,,SHYAM METALIKS,GAC,
31-08-2026,DHAMRA,Working,B- 2/17.2/350,MV NEW EXPLORER,PANAMAX,,PCI COAL,Dry/General Bulk,,,DISCHARGE,26-08-2026,B- 2/17.2/350,31-08-2026,,FEE GRADE,SMPL/INFINITY,
31-08-2026,DHAMRA,Working,B -3/17/350,MV XIN QI HANG 1,PANAMAX,,IRON ORE PELLETS,Dry/General Bulk,,,LOADING,30-08-2026,B -3/17/350,01-09-2026,,URISSA STEVEDORES LTD,TMIL,
31-08-2026,DHAMRA,Working,B-3 A /14.5/350,MV JY OCEAN,PANAMAX,,LIMESTONE,Dry/General Bulk,,,DISCHARGE,26-08-2026,B-3 A /14.5/350,02-09-2026,,TATA,TMIL,
31-08-2026,DHAMRA,Working,B-3A S /13.5,MV PAS BLUE WAVE,HANDIMAX,,HR COIL,Other,,,LOADING,22-08-2026,B-3A S /13.5,01-09-2026,,TATA,TMIL,
31-08-2026,DHAMRA,Working,B-4/17/300,MV PAC AGENA,HANDIMAX,,HR COIL,Other,,,DISCHARGE,21-08-2026,B-4/17/300,03-09-2026,,TATA,TMIL,
31-08-2026,DHAMRA,Working,B-5/17/300,MV SYMI,HANDIMAX,,DAP,Other,,,DISCHARGE,23-08-2026,B-5/17/300,02-09-2026,,IIPL,KANHU SHIPPING,
31-08-2026,DHAMRA,Waiting,B-5,MV GCL TAPI,PANAMAX,,LIMESTONE,Dry/General Bulk,105999 MT,105999,DISCHARGE,30-08-2026,02-09-2026,09-09-2026,,TATA,TMIL/MERCHANT,
31-08-2026,DHAMRA,Expected,B-2,MV MAXWELL,PANAMAX,,COKING COAL,Dry/General Bulk,45000 MT,45000,DISCHARGE,01-09-2026,01-09-2026,03-09-2026,,TATA,TMIL,
31-08-2026,DHAMRA,Expected,B-1,MV NAVIOS AMETHYST,CAPE,,COKING COAL,Dry/General Bulk,160000 MT,160000,DISCHARGE,03-09-2026,03-09-2026,07-09-2026,,TATA,TMIL,
31-08-2026,DHAMRA,Expected,B-2,MV BERN STAR,PANAMAX,,COKING COAL,Dry/General Bulk,45000 MT,45000,DISCHARGE,06-09-2026,06-09-2026,07-09-2026,,SAIL,SMPL/JYOTHI,
31-08-2026,DHAMRA,Expected,B-1,MV MARAN GLORY,CAPE,,COKING COAL,Dry/General Bulk,160000 MT,160000,DISCHARGE,08-09-2026,08-09-2026,12-09-2026,,TATA,TMIL,
31-08-2026,DHAMRA,Expected,B-5,MV PREGNY,PANAMAX,,LIMESTONE,Dry/General Bulk,45000 MT,45000,DISCHARGE,10-09-2026,10-09-2026,13-09-2026,,TATA,TMIL,
31-08-2026,PARADIP PORT,Waiting & Expected,,MV. MARINE FORTUNE I,,225.00/,THERMAL COAL,Dry/General Bulk,72000 MT,72000,LOADING,26/2354 HRS,31-08-2026,01-09-2026,HIGH SEAS,TNPGCL,SEAPORT,SUB TO READINESS
31-08-2026,PARADIP PORT,Waiting & Expected,,MV. YOUNG HARMONY,,206.06/13.00,THERMAL COAL,Dry/General Bulk,60000 MT,60000,LOADING,31/1400 HRS,01-09-2026,03-09-2026,JAIGARH,ALPS MINING,SSS,SUB TO READINESS
31-08-2026,PARADIP PORT,Waiting & Expected,,MV. CHOLA UNITY,,229.00/14.50,THERMAL COAL,Dry/General Bulk,78900 MT,78900,LOADING,31/2200 HRS,01-09-2026,03-09-2026,KRISHNAPATNAM,SEMBCORP,J M BAXIMSPL,SUB TO READINESS
31-08-2026,PARADIP PORT,Waiting & Expected,,MV. ECO DIAGON ALLEY,,225.00/14.50,THERMAL COAL,Dry/General Bulk,80000 MT,80000,LOADING,01/0600 HRS,01-09-2026,03-09-2026,KAKINADA,APG/SC,SCC(VSP),SUB TO READINESS
31-08-2026,PARADIP PORT,Waiting & Expected,,MV. SSI IRRESISTIBLE,,229.00/14.50,THERMAL COAL,Dry/General Bulk,81000 MT,81000,LOADING,01/0600 HRS,01-09-2026,03-09-2026,ENNORE,NTECL/SARAT,BOTHRA,SUB TO READINESS
31-08-2026,PARADIP PORT,Waiting & Expected,,MV. STAR SHANGHAI,,199.91/14.00,THERMAL COAL,Dry/General Bulk,61550 MT,61550,LOADING,02/0600 HRS,02-09-2026,04-09-2026,KRISHNAPATNAM,SURYADEV,MSSL,SUB TO READINESS
31-08-2026,PARADIP PORT,Waiting & Expected,,MV TAN BINH 259,,175.53/9.50,STEEL COILS,Dry/General Bulk,25391 MT,25391,DISCHARGE,22/1625 HRS,31-08-2026,02-09-2026,BAHODOPI,JINDAL STAINLESS,SSS,SUB TO READINESS
31-08-2026,PARADIP PORT,Waiting & Expected,,MV. NIKGENIOUS,,199.90/13.06,A. SULPHATE,Dry/General Bulk,31500 MT,31500,DISCHARGE,22/1700 HRS,05-09-2026,07-09-2026,XIUYU,HURL,ADMIRAL,SUB TO READINESS
31-08-2026,PARADIP PORT,Waiting & Expected,,MV. AP QUEEN,,110.67/8.77,FERRO NICKLE,Other,8250 MT,8250,DISCHARGE,23/1150 HRS,05-09-2026,07-09-2026,INDONESIA,JSL,PAREKH,SUB TO READINESS
31-08-2026,PARADIP PORT,Waiting & Expected,,MV. PELAGIA,,228.99/13.08,A. SULPHATE,Dry/General Bulk,36000 MT,36000,DISCHARGE,27/2300 HRS,07-09-2026,11-09-2026,JINGJIANG,HURL,ALAP,SUB TO READINESS
31-08-2026,PARADIP PORT,Waiting & Expected,,MV. YPERION,,229.00/7.25,PIG IRON,Dry/General Bulk,66000 MT,66000,LOADING,01/1000 HRS,11-09-2026,15-09-2026,HALDIA,OMPL,J M BAXIMSPL,SUB TO READINESS
31-08-2026,PARADIP PORT,Waiting & Expected,,MV. NEON TRADER,,179.90/9.24,STEEL COILS,Dry/General Bulk,15000 MT,15000,DISCHARGE,01/1900 HRS,07-09-2026,10-09-2026,BRAZIL,JSL,GAC,SUB TO READINESS
31-08-2026,PARADIP PORT,Waiting & Expected,,MV. ESCADA,,154.00/7.55,STEEL COILS,Dry/General Bulk,400 MT,400,DISCHARGE,03/1900 HRS,04-09-2026,05-09-2026,COLOMBO,MSC AGENCY,SAMSARA,SUB TO READINESS
31-08-2026,PARADIP PORT,Waiting & Expected,,MV. STAR GALAXY,,229.00/14.45,COKING COAL,Dry/General Bulk,45733 MT,45733,DISCHARGE,29/1100 HRS,31-08-2026,02-09-2026,HAYPOINT,SAIL,SSS,
31-08-2026,PARADIP PORT,Waiting & Expected,,MV. SENTINEL,,200.00/,COAL,Dry/General Bulk,32550 MT,32550,DISCHARGE,08/09/26 HRS,08-09-2026,09-09-2026,HIGH SEAS,VULCAN,SPARTANS,SUB TO READINESS
31-08-2026,PARADIP PORT,Waiting & Expected,,MV. ALASIA,,199.98/12.50,IRON ORE FINES,Dry/General Bulk,50000 MT,50000,LOADING,17/1310 HRS,,,MUMBAI,JSW,SSS,
31-08-2026,PARADIP PORT,Waiting & Expected,,MV. ZOLA,,199.90/14.00,IRON ORE PELLETS,Dry/General Bulk,60000 MT,60000,LOADING,31/0200 HRS,,,HAJIRA,AMNSIL,SAMSARA,
31-08-2026,PARADIP PORT,Waiting & Expected,,MV. STELLA NAVIS,,228.90/14.00,IRON ORE PELLETS,Dry/General Bulk,75000 MT,75000,LOADING,04/0200 HRS,,,HAJIRA,AMNSIL,SAMSARA,
31-08-2026,PARADIP PORT,Waiting & Expected,,MV. OCEAN WINNER,,225.00/14.35,IRON ORE FINES,Dry/General Bulk,73000 MT,73000,LOADING,05/2118 HRS,,,CHINA,OCL IRON,BOTHRA,
31-08-2026,PARADIP PORT,Waiting & Expected,,MV. GEOSTAR,,199.98/13.10,IRON ORE FINES,Dry/General Bulk,57000 MT,57000,LOADING,18/2212 HRS,,,CHINA,BAGADIYA,SSS,
31-08-2026,PARADIP PORT,Waiting & Expected,,MV.CAPTAIN PANAGIS,,199.90/,IRON ORE FINES,Dry/General Bulk,58000 MT,58000,LOADING,27/2215 HRS,01-09-2026,02-09-2026,CHINA,SESA MINING,SPARTANS,
31-08-2026,PARADIP PORT,Waiting & Expected,,MT. ALDAN,,243.79/13.90,CRUDE OIL,Liquid/Chemical Bulk,93429 MT,93429,DISCHARGE,21/0218 HRS,,,HIGH SEAS,IOCL PLD,AGS,
31-08-2026,PARADIP PORT,Waiting & Expected,,MT. AYAT,,179.99/11.40,CRUDE OIL,Liquid/Chemical Bulk,37861 MT,37861,DISCHARGE,26/1930 HRS,,,CHENNAI,IOCL PLD,AGS,
31-08-2026,PARADIP PORT,Waiting & Expected,,MT. POROS,,274.20/15.70,CRUDE OIL,Liquid/Chemical Bulk,139427 MT,139427,DISCHARGE,31/1300 HRS,,,HIGHSEAS,IOCL PLD,AGS,
31-08-2026,PARADIP PORT,Waiting & Expected,,MT. SOPRANO SERENE,,179.88/11.80,HSD/M.SPIRIT,Liquid/Chemical Bulk,19500 MT,19500,DISCHARGE,01/1000 HRS,,,HALDIA,BPCL,AGS,
31-08-2026,PARADIP PORT,Waiting & Expected,,MT. TINY DAISY,,225.13/,BUTANE/PROPAN,Liquid/Chemical Bulk,24000 MT,24000,DISCHARGE,26/2218 HRS,,,HIGHSEAS,IOCL,ISIPL,
31-08-2026,PARADIP PORT,Waiting & Expected,,MT. FAIRWAY,,171.26/,M.SPIRIT/NAPTH,Liquid/Chemical Bulk,15000 MT,15000,LOADING,23/1800 HRS,,,HIGHSEAS,IOCL,AGS,
31-08-2026,PARADIP PORT,Waiting & Expected,,MT. BW POLARIS,,229.90/12.22,BUTANE/PROPAN,Liquid/Chemical Bulk,20000 MT,20000,DISCHARGE,29/1000 HRS,,,NEW MANGALORE,IOCL,WILHELMSEN,
31-08-2026,PARADIP PORT,Waiting & Expected,,MV. GLEN COVE,,159.03/9.50,SULPHURIC ACID,Liquid/Chemical Bulk,19842 MT,19842,DISCHARGE,31/0730 HRS,,,HIGHSEAS,PPL,GAC,
31-08-2026,PARADIP PORT,Waiting & Expected,,MT. KESTREL,,182.50/,FURNACE OIL,Liquid/Chemical Bulk,10500 MT,10500,LOADING,31/2200 HRS,,,HIGHSEAS,IOCL,AGS,
31-08-2026,PARADIP PORT,Waiting & Expected,,MT. GAS QUANTUM,,173.70/10.26,AMMONIA,Liquid/Chemical Bulk,23202 MT,23202,LOADING,01/0001 HRS,,,HIGHSEAS,IFFCO,SSS,
31-08-2026,PARADIP PORT,Waiting & Expected,,MV. AFRICAN DRAGON,,199.99/,SULPHUR,Other,17500 MT,17500,DISCHARGE,01/2200 HRS,,,HIGHSEAS,IFFCO,SEACHHATHMA,
31-08-2026,PARADIP PORT,Waiting & Expected,,MV. STAR FLAME,,229.00/,LIMESTONE,Dry/General Bulk,45816 MT,45816,DISCHARGE,01/2000 HRS,01-09-2026,04-09-2026,GUANGZHO,AMNSIL,SAMSARA,CQ-2
31-08-2026,PARADIP PORT,Waiting & Expected,,MV. ASHICO SYMPHONY,,120.93/9.75,FERRO CHROM,Dry/General Bulk,7688 MT,7688,LOADING,02/1400 HRS,05-09-2026,06-09-2026,HIGH SEAS,IMFA,CHOWGULE,SQ
31-08-2026,PARADIP PORT,Waiting & Expected,,MV. AMNSI STALLION,,229.00/14.50,LIMESTONE,Dry/General Bulk,42000 MT,42000,DISCHARGE,02/1600 HRS,02-09-2026,05-09-2026,DIBBA,TATA,TMIL,MPB
31-08-2026,PARADIP PORT,Waiting & Expected,,MV. UNITY FORCE,,199.96/12.99,DOLOMITE,Dry/General Bulk,32000 MT,32000,DISCHARGE,03/1200 HRS,03-09-2026,05-09-2026,DUQM,TATA,TMIL,CQ-1
31-08-2026,PARADIP PORT,Waiting & Expected,,MV. SENTINEL,,200.00/,COAL,Dry/General Bulk,32550 MT,32550,DISCHARGE,08/09/26 HRS,08-09-2026,10-09-2026,HIGH SEAS,VULCAN,SPARTANS,MPB
31-08-2026,PARADIP PORT,Waiting & Expected,,"PRIORITY BERTHING ALLOWED FOR ALL IMPORT/EXPORT DRY BULK CARGO TO M/S. JSPL, TATA, JSW SAMBALPUR AT GCB.",,,,Other,,,,,,,,,,
31-08-2026,PARADIP PORT,Waiting & Expected,,"VESSEL WHICH CAN NOT PERFORM AS THE REQUIRED PORT NORMS, SHE WILL BE SHIFTED TO ROADS AND HER BERTHING WILL BE DECIDED AS THE LAST VESSEL ON SERIAL.",,,,Other,,,,,,,,,,
31-08-2026,PARADIP PORT,Waiting & Expected,,"MAXIMUM OF TWO COASTAL VESSELS WILL BE TAKEN AT A TIME IN THE CONVENTIONAL BERTH W.E.F 07-OCT-2018,TILL FURTHER ORDER",,,,Other,,,,,,,,,,
31-08-2026,KAKINADA,Waiting,,M.V. PEGASUS,,,ALUMINA,Dry/General Bulk,29000,29000,,31-08-2026,,,,"BALCO, ALUMINA",JYOTHI MARINE,
31-08-2026,KAKINADA,Waiting,,SAILED VESSELS::,,,,Other,,,,,,,,,,
31-08-2026,KAKINADA,Waiting,,M.V.LUCENT,,,,Other,,,,29-07-2026,,,,,,
31-08-2026,KAKINADA,Waiting,,M.T.ARLON,,,,Other,,,,28-08-2026,,,,,,
31-08-2026,KAKINADA,Waiting,,M.T. GOLDEN ORCHID,,,,Other,,,,28-08-2026,,,,,,
31-08-2026,KAKINADA,Waiting,,M.V. SALT LAKE,,,,Other,,,,25-08-2026,,,,,,
31-08-2026,KAKINADA,Expected,,M.V.UTHITA NAREE,,,RICE,Dry/General Bulk,40000,40000,,01-09-2026,,,,"PATTABHI, SRI LALITHA",BOTHRA,
31-08-2026,KAKINADA,Expected,,M.V.CS CRYSTAL,,,RICE,Dry/General Bulk,28500,28500,,01-09-2026,,,,,ESDI MARITIME,
31-08-2026,KAKINADA,Expected,,M.V.SAN NICOLAS,,,RICE,Dry/General Bulk,28000,28000,,02-09-2026,,,,SATYAM BALAJI,LOTUS,
31-08-2026,KAKINADA,Expected,,M.V.MJ MAYA,,,RICE,Dry/General Bulk,30000,30000,,03-09-2026,,,,,LOTUS,
31-08-2026,KAKINADA,Expected,,M.V.LORD HAMMOUR,,,RICE,Dry/General Bulk,27500,27500,,04-09-2026,,,,,LOTUS,
31-08-2026,KAKINADA,Expected,,M.V.PMS SEAGULL,,,RICE,Dry/General Bulk,22000,22000,,05-09-2026,,,,,LOTUS,
31-08-2026,KAKINADA,Expected,,M.V.STAR CLEO,,,UREA,Other,49600,49600,,31-08-2026,,,,CIL,AN LINE,
31-08-2026,KAKINADA,Expected,,M.T. DING HENG 55,,,REFINED POME,Other,5983,5983,,31-08-2026,,,,KALEESUWARI REFINERY,SAMUDRA MARINE,
31-08-2026,KAKINADA,Expected,,M.V.HAMBURG,,,MOP,Other,67648,67648,,02-09-2026,,,,"CHAMBAL, INDORAMA, MOSAIC",BOTHRA,
31-08-2026,KAKINADA,Expected,,M.V.JIU XU,,,AMMONIUM SULPHATE,Dry/General Bulk,33000,33000,,02-09-2026,,,,HINDUSTAN URVAK,PRAVV SHIPPING,
31-08-2026,KAKINADA,Expected,,M.V. BROAD WEATH,,,MOP,Other,54637,54637,,03-09-2026,,,,RCFL,INTEROCEAN,
31-08-2026,KAKINADA,Expected,,M.T. NAVIGATOR GLORY,,,AMMONIA,Liquid/Chemical Bulk,4786,4786,,03-09-2026,,,,CIL,ISS SHIPPING,
31-08-2026,KAKINADA,Expected,,M.V.WHITE FIN,,,IRON ORE,Dry/General Bulk,54550,54550,,04-09-2026,,,,LLOYDS METALS,BOTHRA,
31-08-2026,KAKINADA,Expected,,M.V. TCI SURYA,,,CONTAINERS,Container,150,150,,04-09-2026,,,,TCI,BOTHRA,
31-08-2026,KAKINADA,Expected,,M.V.IMPERIAL VARALAKSHMI,,,ROCK PHOSPHATE,Dry/General Bulk,31097,31097,,06-09-2026,,,,CIL,RDS OIL & GAS,
31-08-2026,KAKINADA,Expected,,M.T. DAEWOO DIAMOND,,,TOLUENE,Other,1000,1000,,08-09-2026,,,,PONPURE CHEMICALS,WHILHELMSEN,
31-08-2026,KAKINADA,Expected,,M.V. MEGHNA ROSE,,,DAP,Other,55000,55000,,08-09-2026,,,,RCFL,BOTHRA,
31-08-2026,KAKINADA,Expected,,M.V.RISHABH,,,,Other,,,,05-02-2026,,,,,,
31-08-2026,GANGAVARAM,Working,B1,MV TIRYANDAFIL,,,STEEL BILLETS,Dry/General Bulk,50000,50000,,29-08-2026,B1,13-09-2026,,RINL,SPARTANS,HMC BERTH
31-08-2026,GANGAVARAM,Working,B2,MV ENDLESS HORIZON,,,BF SLAG,Other,56750,56750,,28-08-2026,B2,02-09-2026,SHIFTED FROM B7 TO B2,MINSOTRANS,MINSOTRANS,HMC BERTH
31-08-2026,GANGAVARAM,Working,B3,MV LILA SHANGHAI,,,LIMESTONE,Dry/General Bulk,75250,75250,,30-08-2026,B3,01-09-2026,,SAIL,BOTHRA,MECHNICAL CONCEYOR LOADING BERTH
31-08-2026,GANGAVARAM,Working,B4,MV JABAL SAMHAN,,,IRON ORE FINES,Dry/General Bulk,55000,55000,,29-08-2026,B4,31-08-2026,,KIOCL,ANLINE,
31-08-2026,GANGAVARAM,Working,B5,MV VISHVA VIJAY,,,COKING COAL,Dry/General Bulk,77750,77750,,31-08-2026,B5,02-09-2026,,RINL,SEAWAYS,MECHNICAL CONCEYOR DISCH BERTH
31-08-2026,GANGAVARAM,Working,B6,MV PAN QUANTUM,,,COKING COAL,Dry/General Bulk,78205.732999999993,78205.733,,29-08-2026,B6,02-09-2026,,RINL,SAI SAMRAT,
31-08-2026,GANGAVARAM,Working,B7,MV HPC WISDOM,,,ALUMINA IN BULK,Dry/General Bulk,31500,31500,,29-08-2026,B7,07-09-2026,,VEDANTA/BALCO,JYOTHI,HMC BERTH
31-08-2026,GANGAVARAM,Working,B8,MV STAR SHANGHAI,,,UREA,Other,52500,52500,,26-08-2026,B8,31-08-2026,SHIFTED FROM B7 TO B8,INDIAN POTASH LTD,CHOWGULE,CONTAINER BERTH
31-08-2026,GANGAVARAM,Expected,B7/B8,MV SEAMEC GALLANT,,,QUICK LIME BAGS,Other,20441,20441,,31-08-2026,B7/B8,,,,INTEGRAL,
31-08-2026,GANGAVARAM,Expected,B6,MV SILVER GATE,,,COKING COAL,Dry/General Bulk,45000,45000,,31-08-2026,B6,02-09-2026,,SAIL,JM BAXI,
31-08-2026,GANGAVARAM,Expected,B4,MV RED AZALEA,,,IRON ORE FINES,Dry/General Bulk,55000,55000,,02-09-2026,B4,04-09-2026,,KIOCL,ANLINE,
31-08-2026,GANGAVARAM,Expected,B1/B9,MV LUCKY PIONEER,,,STEEL BILLETS,Dry/General Bulk,20000,20000,,01-09-2026,B1/B9,03-09-2026,,RINL,IMPERIAL,
31-08-2026,GANGAVARAM,Expected,B6,MV TRINITY,,,BAUXITE,Dry/General Bulk,54853,54853,,04-09-2026,B6,06-09-2026,,PIONEER ALUMINA,RICHMARK,
31-08-2026,GANGAVARAM,Expected,B2/B3/B8,MV MEDI EOLIE,,,LIMESTONE,Dry/General Bulk,76783,76783,,04-09-2026,B2/B3/B8,,,,,
31-08-2026,GANGAVARAM,Expected,B2/B3/B8,MV ALEXIS,,,LIMESTONE,Dry/General Bulk,77000,77000,,11-09-2026,B2/B3/B8,,,,,
31-08-2026,VISAKHAPATNAM,Working,OB-1,MV BASIC STAR,,,IRON ORE PELLETS,Dry/General Bulk,75480,75480,L,30-08-2026,OB-1,01-09-2026,,,JYOTHI,
31-08-2026,VISAKHAPATNAM,Working,OB-2,MV MEGHANA VISION,,,IRON ORE FINES,Dry/General Bulk,59200,59200,L,29-08-2026,OB-2,31-08-2026,,,JYOTHI,
31-08-2026,VISAKHAPATNAM,Working,C.THERMAL,MV HALDI,,,REPAIR PURPOSE,Other,,,,23-08-2026,C.THERMAL,31-08-2026,,,TMILL,
31-08-2026,VISAKHAPATNAM,Working,VGCB,MV ZHONG XING MEN,,,PET COKE,Dry/General Bulk,52510,52510,D,29-08-2026,VGCB,01-09-2026,,,BENLINES,
31-08-2026,VISAKHAPATNAM,Working,CB-3,MV ZEBRA,,,CONTAINERS,Container,25147,25147,D/L,30-08-2026,CB-3,31-08-2026,,,INCHCAPE,SAILED
31-08-2026,VISAKHAPATNAM,Working,LPG,MT LOURDES,,,MS & HSD,Liquid/Chemical Bulk,6000,6000,L,29-08-2026,LPG,31-08-2026,,,ATLANTIC,SAILED
31-08-2026,VISAKHAPATNAM,Working,EQ-3,MV STAR COPENHAGEN,,,UREA,Other,54266,54266,D,20-08-2026,EQ-3,02-09-2026,,,CROSS TRADING,
31-08-2026,VISAKHAPATNAM,Working,EQ-4,MV NORDTIGRIS,,,LENTILS IN BULK,Other,10000,10000,D,22-08-2026,EQ-4,02-09-2026,,,SEAVISION,SHIFTED FROM WQ-1 TO EQ-4
31-08-2026,VISAKHAPATNAM,Working,EQ-6,MV FREE SAILING,,,PET COKE,Dry/General Bulk,31044,31044,D,29-08-2026,EQ-6,01-09-2026,,,SAI SAMRAT,
31-08-2026,VISAKHAPATNAM,Working,EQ-8 (VSPL),MV DORIC ARMOUR,,,COKING COAL,Dry/General Bulk,46506,46506,D,26-08-2026,EQ-8 (VSPL),01-09-2026,,,IMPERIAL,
31-08-2026,VISAKHAPATNAM,Working,WQ-2,MV SORSI,,,MANGANESE ORE,Dry/General Bulk,24000,24000,D,30-08-2026,WQ-2,03-09-2026,,,K.R.SONS,
31-08-2026,VISAKHAPATNAM,Working,WQ-3,MV TATEV,,,ALUMINA IN BAGS,Dry/General Bulk,10845,10845,L,17-08-2026,WQ-3,02-09-2026,,,INTEROCEAN,RE-BERTHED
31-08-2026,VISAKHAPATNAM,Working,WQ-4,MV NORSE MOBILE,,,FERRO MANGANESE & STEEL CARGO,Dry/General Bulk,23250,23250,L,29-08-2026,WQ-4,03-09-2026,,,SAIANS,
31-08-2026,VISAKHAPATNAM,Working,WQ-5,MV GLORIEUSE,,,STEEL BLOOMS,Dry/General Bulk,20024,20024,L,17-08-2026,WQ-5,31-08-2026,,,BENLINES,
31-08-2026,VISAKHAPATNAM,Working,WQ-6,MV JPS BARCELONA,,,DAP,Other,52552.406999999999,52552.407,D,26-08-2026,WQ-6,03-09-2026,,,ANLINE SHIPPING,
31-08-2026,VISAKHAPATNAM,Working,WQ-7,Handed over to m/s VMBCTPL for projecdt development,,,,Other,,,,,WQ-7,,,,,
31-08-2026,VISAKHAPATNAM,Working,OR-1,OR -1 Berth spared for Revamping by CE department,,,,Other,,,,,OR-1,,,,,
31-08-2026,VISAKHAPATNAM,Working,OR-2,MT SANMAR SNEHA,,,PY GAS,Other,18985,18985,D,28-08-2026,OR-2,01-09-2026,,,BENLINES,
31-08-2026,VISAKHAPATNAM,Working,OR-3,MT EASTERN QUINCE,,,FUEL OIL,Other,35502,35502,L,25-08-2026,OR-3,02-09-2026,,,INTEROCEAN,
31-08-2026,VISAKHAPATNAM,Waiting,1,LPG/C. NAVIGATOR GLORY,,,LIQUID AMMONIA,Liquid/Chemical Bulk,10000,10000,D,26-08-2026,1,,,,INCHCAPE,
31-08-2026,VISAKHAPATNAM,Waiting,2,MV MEDWAY SPIRIT,,,CP COKE,Dry/General Bulk,15000,15000,L,27-08-2026,2,,,,ESHWAR,
31-08-2026,VISAKHAPATNAM,Waiting,3,MV TAN BINH 279,,,STEEL CARGO,Dry/General Bulk,4100,4100,L,27-08-2026,3,,,,SEATRANS,
31-08-2026,VISAKHAPATNAM,Waiting,4,MT SANMAR SNEHA,,,NAPTHA,Other,7000,7000,L,28-08-2026,4,,,,BENLINES,
31-08-2026,VISAKHAPATNAM,Waiting,5,MV PAS SUNRISE,,,PROJECT CARGO [44 PKGS],Other,1742,1742,D,28-08-2026,5,,,,J.M.BAXI,HMC REQUIRED
31-08-2026,VISAKHAPATNAM,Waiting,6,MV AFRICAN TOUCAN,,,RICE IN BAGS,Dry/General Bulk,20000,20000,L,29-08-2026,6,,,,ESHWAR,
31-08-2026,VISAKHAPATNAM,Waiting,7,MV AFRICAN TOUCAN,,,CALCINED PET COKE,Dry/General Bulk,8000,8000,L,29-08-2026,7,,,,ESHWAR,
31-08-2026,VISAKHAPATNAM,Waiting,8,MV ELISAR,,,ALUMINA IN BULK,Dry/General Bulk,35500,35500,L,30-08-2026,8,,,,INTEROCEAN,
31-08-2026,VISAKHAPATNAM,Waiting,9,MV SYLVAN T,,,MOP,Other,49530,49530,D,30-08-2026,9,,,,J.M.BAXI,
31-08-2026,VISAKHAPATNAM,Waiting,10,MV TRANSTIME,,,NPK,Other,54000,54000,D,30-08-2026,10,,,,BOTHRA,
31-08-2026,VISAKHAPATNAM,Waiting,11,MV NEW ELIAS,,,STEAM COAL,Dry/General Bulk,161904,161904,D,30-08-2026,11,,,,GPR MARTIME,
31-08-2026,VISAKHAPATNAM,Expected,,MT RADHA MOHAN,,,BITUMEN,Other,5000,5000,L,31-08-2026,01-09-2026,,,,ATLANTIC,
31-08-2026,VISAKHAPATNAM,Expected,,MV VISHVA DIKSHA,,,LIMESTONE,Dry/General Bulk,28200,28200,D,31-08-2026,31-08-2026,,,,SPARTANS,
31-08-2026,VISAKHAPATNAM,Expected,,MT SPETSA,,,CRUDE OIL,Liquid/Chemical Bulk,128342,128342,D,31-08-2026,31-08-2026,,,,ATLANTIC,
31-08-2026,VISAKHAPATNAM,Expected,,MV QI XIA SHAN,,,GRANITE BLOCKS,Other,12000,12000,L,01-09-2026,01-09-2026,,,,PUYVAST,
31-08-2026,VISAKHAPATNAM,Expected,,MV CHOLA SERENITY,,,THERMAL COAL,Dry/General Bulk,75500,75500,L,01-09-2026,01-09-2026,,,,SEAPORT,
31-08-2026,VISAKHAPATNAM,Expected,,MV RACOON,,,PET COKE,Dry/General Bulk,5001,5001,D,01-09-2026,01-09-2026,,,,JYOTHI,
31-08-2026,VISAKHAPATNAM,Expected,,MT ATREBATES,,,CRUDE OIL,Liquid/Chemical Bulk,250000,250000,D,01-09-2026,01-09-2026,,,,ATLANTIC,
31-08-2026,VISAKHAPATNAM,Expected,,MT AURORA I,,,VGO,Other,34000,34000,D,01-09-2026,,,,,ATLANTIC,
31-08-2026,VISAKHAPATNAM,Expected,,MV CRIMSON GRACE,,,IRON ORE FINES,Dry/General Bulk,55000,55000,L,02-09-2026,,,,,JYOTHI,
31-08-2026,VISAKHAPATNAM,Expected,,MV CORN,,,ALUMINA IN BULK,Dry/General Bulk,30600,30600,L,02-09-2026,,,,,RICHMARK,
31-08-2026,VISAKHAPATNAM,Expected,,MV YASA KAPTAN ERBIL,,,UREA,Other,49500,49500,D,02-09-2026,,,,,INTEROCEAN,
31-08-2026,VISAKHAPATNAM,Expected,,MV OCEAN ROYAL,,,MANGANESE ORE,Dry/General Bulk,30650,30650,D,02-09-2026,,,,,BOTHRA,
31-08-2026,VISAKHAPATNAM,Expected,,MV CASTLE POINT,,,BAUXITE IN BULK,Dry/General Bulk,59013,59013,D,02-09-2026,,,,,IMPERIAL,
31-08-2026,VISAKHAPATNAM,Expected,,MV WAN HAI 366,,,CONTAINERS,Container,19500,19500,D/L,02-09-2026,,,,,WAN HAI LINES,
31-08-2026,VISAKHAPATNAM,Expected,,MV YC PANSY,,,SULPHURIC ACID,Liquid/Chemical Bulk,18421,18421,D,03-09-2026,,,,,SEATRANS,
31-08-2026,VISAKHAPATNAM,Expected,,MV SWARAJ DWEEP,,,PASSENGERS,Other,,,D,03-09-2026,,,,,AVBGPR,
31-08-2026,VISAKHAPATNAM,Expected,,MV DESERT PIONEER,,,MANGANESE ORE,Dry/General Bulk,29600,29600,D,03-09-2026,,,,,GAC,
31-08-2026,VISAKHAPATNAM,Expected,,MV MOGRAL,,,CONTAINERS,Container,40000,40000,D/L,03-09-2026,,,,,SIMA MARINE,
31-08-2026,VISAKHAPATNAM,Expected,,LPG/C. TINY DAISY,,,LPG,Other,24000,24000,D,03-09-2026,,,,,INTEROCEAN,
31-08-2026,VISAKHAPATNAM,Expected,,MV PIONEER KIRA,,,"STONE AGGREGATE,CEMENT & GENERAL CARGO",Dry/General Bulk,20000,20000,L,04-09-2026,,,,,FAIRMACS,COASTAL
31-08-2026,VISAKHAPATNAM,Expected,,MV SPIRIT OF SEATREK,,,MANGANESE ORE,Dry/General Bulk,22550,22550,D,04-09-2026,,,,,BOTHRA,
31-08-2026,VISAKHAPATNAM,Expected,,MV SSL SABARIMALAI,,,CONTAINERS,Container,8500,8500,D/L,04-09-2026,,,,,UNIFEEDEER,
31-08-2026,VISAKHAPATNAM,Expected,,MV LC PLANCHET,,,HARD COAL,Dry/General Bulk,85700,85700,D,05-09-2026,,,,,SEATRANS,
31-08-2026,VISAKHAPATNAM,Expected,,MV STAR FLAME,,,LIMESTONE,Dry/General Bulk,30000,30000,D,05-09-2026,,,,,JYOTHI,
31-08-2026,VISAKHAPATNAM,Expected,,MV ALBERTA,,,MANGANESE ORE,Dry/General Bulk,32790,32790,D,06-09-2026,,,,,INTEGRAL,
31-08-2026,VISAKHAPATNAM,Expected,,MT DH EPOCH,,,STYRENE MONOMER,Other,1000,1000,D,06-09-2026,,,,,SAMUDRA,
31-08-2026,VISAKHAPATNAM,Expected,,MV DARYA MAYA,,,MANGANESE ORE,Dry/General Bulk,30000,30000,D,07-09-2026,,,,,INTEGRAL,
31-08-2026,VISAKHAPATNAM,Expected,,MV NAVIOS MERDIAN,,,MANGANESE ORE,Dry/General Bulk,30000,30000,D,08-09-2026,,,,,GAC,
31-08-2026,VISAKHAPATNAM,Expected,,MV STAR BRIGHT,,,ROCK PHOSPHATE,Dry/General Bulk,53456,53456,D,09-09-2026,,,,,CESAC,
31-08-2026,VISAKHAPATNAM,Expected,,MV ARIES STAR,,,HARD COAL,Dry/General Bulk,51500,51500,D,09-09-2026,,,,,SEATRANS,
31-08-2026,VISAKHAPATNAM,Expected,,MV SIGMA PEARL,,,ROCK PHOSPHATE,Dry/General Bulk,30332,30332,D,11-09-2026,,,,,ALAP,
31-08-2026,VISAKHAPATNAM,Expected,,MV SSL KRISHNA,,,CONTAINERS,Container,12000,12000,D/L,11-09-2026,,,,,UNIFEEDEER,
31-08-2026,VISAKHAPATNAM,Expected,,MV SIKINOS,,,MANGANESE ORE,Dry/General Bulk,30000,30000,D,12-09-2026,,,,,GAC,
31-08-2026,VISAKHAPATNAM,Expected,,MV FLAG GANGOS,,,MANGANESE ORE,Dry/General Bulk,30000,30000,D,14-09-2026,,,,,GAC,
31-08-2026,VISAKHAPATNAM,Expected,,MV MILAS,,,ROCK PHOSPHATE,Dry/General Bulk,47900,47900,D,21-08-2026,,,,,RDS OIL,
