snapshot_date,port,status,berth_name,vessel_name,vessel_type,vessel_dimensions,cargo,cargo_category,quantity_mts,quantity_mts_numeric,direction,arrival_or_eta,berth_or_etb,etc_or_etcd,origin_destination,shipper_receiver,agent,remarks
2026-08-10,KARAIKAL,Expected,,MV. ZAHAB JAHAN 1,,,GYPSUM,Dry/General Bulk,54850,54850.0,IMP,2026-08-12,,,,,,
2026-08-10,KARAIKAL,Expected,,MV. CHRISEA,,,COAL,Dry/General Bulk,75850,75850.0,IMP,2026-08-13,,,,,,
2026-08-10,KARAIKAL,Expected,,MV. VSG PIONEER,,,COAL,Dry/General Bulk,75000,75000.0,IMP,2026-08-14,,,,,,
2026-08-10,KARAIKAL,Expected,,MV. SAKIZAAYA VICTORY,,,COAL,Dry/General Bulk,77000,77000.0,IMP,2026-08-14,,,,,,
2026-08-10,GOPALPUR,Working,MPB-1,MV SKIATHOS,,,MET COKE,Dry/General Bulk,22791,22791.0,D,2026-08-08,2026-08-08,2026-08-10,,,EVEREADY (OPA)/ ALAP CARRIERS (CA),
2026-08-10,GOPALPUR,Expected,MPB-1,MV TONG YING,,,MET COKE,Dry/General Bulk,22322,22322.0,D,2026-08-13,2026-08-13,2026-08-15,,,OMPL,
2026-08-10,GOPALPUR,Expected,MPB-2,MV CHOLA DESTINY,,,GYPSUM,Dry/General Bulk,50000,50000.0,D,2026-08-15,2026-08-15,2026-08-17,,,ACCESS DEVELOPER PVT. LTD.,
2026-08-10,GOPALPUR,Expected,MPB-3,MV LH ANTHEA,,,LIMESTONE,Dry/General Bulk,74509,74509.0,D,2026-08-19,2026-08-19,2026-08-22,,,SEATRANS,
2026-08-10,CHENNAI,Working,JD1,KHOJALY,,,J BAG-SODA ASH/PROJ/STEEL,Dry/General Bulk,25551/750/8481,,D/D/D,2026-08-04,2026-08-04,2026-08-11,,,UNITRANS,
2026-08-10,CHENNAI,Expected,JD5,AMNS POLAR,,,S.COILS/ST.PLATES,Dry/General Bulk,13040,13040.0,D,2026-08-12,2026-08-12,2026-08-14,,,SAMSARA,
2026-08-10,CHENNAI,Expected,SQ1/JD1,ONE AND ONLY,,,PROJ,Other,600,600.0,L,2026-08-12,2026-08-12,2026-08-14,,,NTC,
2026-08-10,CHENNAI,Expected,JD2,LEOPARD II,,,BARY,Other,55000,55000.0,L,2026-08-13,2026-08-13,2026-08-17,,,ATLANTIC,
2026-08-10,CHENNAI,Expected,WQ3/4,QUEEN COARL,,,SCOIL,Other,2462,2462.0,D,2026-08-13,2026-08-13,2026-08-14,,,PUYVAST,
2026-08-10,CHENNAI,Expected,WQ2,GLOVIS SILVER,,,CARS,Other,4500,4500.0,L,2026-08-14,2026-08-14,2026-08-15,,,CARTRANS,
2026-08-10,CHENNAI,Expected,SQ1/JD1,SEA STELLAR,,,PROJ/STEEL,Dry/General Bulk,795-7843,,D/D,2026-08-14,2026-08-14,2026-08-16,,,UNITRANS,
2026-08-10,CHENNAI,Expected,,STAR LYSEFJORD,,,PROJ,Other,110,110.0,L,2026-08-15,2026-08-15,2026-08-16,,,PEARL,
2026-08-10,CHENNAI,Expected,,HT LOTUS,,,FLOU,Other,10000,10000.0,D,2026-08-16,2026-08-16,2026-08-18,,,SEAGREEN,
2026-08-10,CHENNAI,Expected,JD1/3/5,CHARLIE,,,PROJ,Other,4,4.0,D,2026-08-20,2026-08-20,2026-08-22,,,PAREKH,
2026-08-10,CHENNAI,Expected,,ECO CHEYENNE,,,PROJ,Other,,,L,2026-08-20,2026-08-20,2026-08-22,,,MARCONS,
2026-08-10,ENNORE,Working,CB1,CHENNAI VALARCHI,,,T COAL,Dry/General Bulk,74268,74268.0,D,2026-08-08,CB1,2026-08-11,,,SEAPORT,COASTAL
2026-08-10,ENNORE,Working,CB2,APJ ANGAD 2,,,T COAL,Dry/General Bulk,75230,75230.0,D,2026-08-09,CB2,2026-08-11,,,JESPA,COASTAL
2026-08-10,ENNORE,Working,MLT,Diwakar,,,HSD/MS,Liquid/Chemical Bulk,23000,23000.0,D,2026-08-09,MLT,2026-08-10,,,GREAT VOYAGE,COASTAL
2026-08-10,ENNORE,Working,ECTPL,Trood Osoak,,,S.COAL,Dry/General Bulk,82000,82000.0,D,2026-08-08,ECTPL,2026-08-12,,,UNICORN,
2026-08-10,ENNORE,Working,EBTPL,Royal Lavrel,,,BARITES,Other,77000,77000.0,L,2026-08-06,EBTPL,2026-08-11,,,SL SHIPPING,
2026-08-10,ENNORE,Waiting,EBTPL,BRONE LADY,,,ST.WI.ROD,Other,11500,11500.0,L,2026-07-20,2026-08-12,2026-08-14,,,SEAGREEN,
2026-08-10,ENNORE,Waiting,MLT,Stena Progressive,,,HSD/MS,Liquid/Chemical Bulk,15000,15000.0,D,2026-08-09,2026-08-10,2026-08-11,,,ATLANTIC,COASTAL
2026-08-10,ENNORE,Waiting,MLT,WILOWS,,,HSD/MS,Liquid/Chemical Bulk,19000,19000.0,D,2026-08-09,2026-08-11,2026-08-12,,,SAMSARA,COASTAL
2026-08-10,ENNORE,Expected,ECTPL,Alasia,,,T COAL,Dry/General Bulk,59400,59400.0,D,2026-08-11,2026-08-12,2026-08-13,,,MERCHANT,COASTAL
2026-08-10,ENNORE,Expected,GCB,Orion Highway,,,AUTOMOBILE,Other,600,600.0,L,2026-08-11,2026-08-11,2026-08-12,,,K STEAM,
2026-08-10,ENNORE,Expected,CB1,CHOLA LEGACY,,,T COAL,Dry/General Bulk,76410,76410.0,D,2026-08-11,2026-08-11,2026-08-14,,,SEAPORT,
2026-08-10,ENNORE,Expected,ECTPL,TIDE JUPITER,,,S COAL,Dry/General Bulk,75702,75702.0,D,2026-08-14,2026-08-16,2026-08-18,,,PEARL,
2026-08-10,ENNORE,Expected,GCB,TARUS LEADER,,,AUTOMOBILE,Other,18000,18000.0,L,2026-08-14,2026-08-14,2026-08-15,,,NYK,
2026-08-10,ENNORE,Expected,EBTPL,SHENLI,,,BARYTES,Other,54000,54000.0,D,2026-08-14,2026-08-14,2026-08-17,,,EVERWIN,
2026-08-10,ENNORE,Expected,ECTPL,STAR EVA,,,S COAL,Dry/General Bulk,103901,103901.0,D,2026-08-15,2026-08-19,2026-08-23,,,MERCHANT,
2026-08-10,ENNORE,Expected,ECTPL,SUNRISE I,,,S COAL,Dry/General Bulk,40952,40952.0,D,2026-08-14,2026-08-18,2026-08-19,,,PEARL,
2026-08-10,ENNORE,Expected,GCB,Jasper Arrow,,,AUTOMOBILE,Other,900,900.0,L,2026-08-24,2026-08-24,2026-08-25,,,K STEAM,
2026-08-10,KRISHNAPATNAM,Working,WB-3,MV PIONEER KIRA,,,FELDSPAR,Other,27000,27000.0,L,2026-08-07,2026-08-08,2026-08-11,BANGLADESH,,ATLANTIC GLOBAL SHIPPING PVT LTD,
2026-08-10,KRISHNAPATNAM,Working,WB-2,MT ZY LUNA,,,CPO,Other,15528.647000000001,15528.647,D,2026-08-03,2026-08-09,2026-08-12,MALAYSIA,,MARINELINKS SHIPPING AGENCIES,
2026-08-10,KRISHNAPATNAM,Working,S4,MV LILA SEOUL,,,GYPSUM,Dry/General Bulk,76442,76442.0,D,2026-08-07,2026-08-07,2026-08-11,OMAN,,SEATRANS MARINE PVT LTD.,
2026-08-10,KRISHNAPATNAM,Working,7,MV LADY,,,COAL,Dry/General Bulk,61500,61500.0,D,2026-08-09,2026-08-09,2026-08-12,HALDIA & PARADIP,,SARAT CHATTERJEE & CO (VSP) PVT LTD,
2026-08-10,KRISHNAPATNAM,Working,6,MV DORIC KATANA,,,COAL,Dry/General Bulk,79000,79000.0,D,2026-08-07,2026-08-08,2026-08-11,PARADIP,,M/S.SARAT CHATTERJEE & CO (VSP) PVT LTD,
2026-08-10,KRISHNAPATNAM,Working,5,MV XH META,,,IRON ORE FINES,Dry/General Bulk,188824,188824.0,D,2026-08-07,2026-08-08,2026-08-13,BRAZIL,,GPR MARITIME AGENCIES.,
2026-08-10,KRISHNAPATNAM,Working,4,MV MEDUSA,,,UREA,Other,47000,47000.0,D,2026-08-07,2026-08-08,2026-08-12,CHINA,,TAURUS SHIPPING,
2026-08-10,KRISHNAPATNAM,Working,3,MV PATMOS JOHN,,,BARYTES,Other,27225,27225.0,L,2026-08-09,2026-08-09,2026-08-10,"YANBU, SAUDI ARABIA",,SRI SRINIVASA MARINE AGENCIES,
2026-08-10,KRISHNAPATNAM,Working,2,MV PRINCESS GRACE,,,COAL,Dry/General Bulk,73035,73035.0,D,2026-08-09,2026-08-09,2026-08-14,RUSSIA,,UNICORN MARITIMES (INDIA) PVT LTD,
2026-08-10,KRISHNAPATNAM,Expected,3,MV XIN HAI TONG 17,,,GYPSUM,Dry/General Bulk,54878,54878.0,D,2026-08-11,2026-08-11,2026-08-15,OMAN,,SEAGREEN STEVEDORING AND LOGISTICS PVT LTD,
2026-08-10,KRISHNAPATNAM,Expected,WB-3,MT KEYSTONE,,,CPO-8800MT & RBD -3008MT,Other,11808,11808.0,D,2026-08-11,2026-08-11,2026-08-13,INDONESIA,,ATLANTIC GLOBAL SHIPPING PVT LTD,
2026-08-10,KRISHNAPATNAM,Expected,WB-1,MT THERESA LEO,,,CPO,Other,15997.700999999999,15997.701,D,2026-08-11,2026-08-11,2026-08-14,MALAYSIA,,INTEROCEAN SHIPPING(INDIA)PVT LTD,
2026-08-10,KRISHNAPATNAM,Expected,4,MV JUNO PACIFIC,,,AMMONIUM PHOSHATE,Other,30530,30530.0,D,2026-08-12,2026-08-12,2026-08-15,"LUBUK GAUNG, INDONESIA",,ALAP CARRIERS,
2026-08-10,KRISHNAPATNAM,Expected,S4A,MV ELIM COURAGE,,,GRANITE,Other,10500,10500.0,L,2026-08-12,2026-08-12,2026-08-14,CHINA,,PUYVAST LOGISTICS PVT LTD,
2026-08-10,KRISHNAPATNAM,Expected,1,MV NAN XIN 9,,,COAL,Dry/General Bulk,45500,45500.0,D,2026-08-13,2026-08-13,2026-08-16,RUSSIA,,SEATRANS MARINE PVT. LTD,
2026-08-10,KRISHNAPATNAM,Expected,8,MV LADY J,,,COAL,Dry/General Bulk,67500,67500.0,D,2026-08-13,2026-08-13,2026-08-15,INDONESIA,,J M BAXI MARINE SERVICES PVT. LTD.,
2026-08-10,KRISHNAPATNAM,Expected,6,M.V GIORGAKIS,,,COAL,Dry/General Bulk,79000,79000.0,D,2026-08-13,2026-08-13,2026-08-15,PARADIP,,M/S.SARAT CHATTERJEE & CO,
2026-08-10,KRISHNAPATNAM,Expected,2,MV CAPT EUGENE,,,FERTILIZER,Dry/General Bulk,34262,34262.0,D,2026-08-14,2026-08-14,2026-08-18,MOROCCO,,ATLANTIC GLOBAL SHIPPING PVT LTD,
2026-08-10,KRISHNAPATNAM,Expected,S4,MV DOUKATO,,,THERMAL COAL,Dry/General Bulk,83680,83680.0,D,2026-08-15,2026-08-15,2026-08-19,"NACALA PORT, MOZAMBIQUE",,SPARTANS MARINE SERVICES PRIVATE LIMITED,
2026-08-10,KRISHNAPATNAM,Expected,5,MV CAPE TAIZHOU,,,IRON ORE FINES,Dry/General Bulk,156326,156326.0,D,2026-08-15,2026-08-15,2026-08-20,RUSSIA,,MERCHANT SHIPPING SERVICES PVT. LTD.,
2026-08-10,KRISHNAPATNAM,Expected,6,MV ANDROS SPIRIT,,,COAL,Dry/General Bulk,79927,79927.0,D,2026-08-16,2026-08-16,2026-08-18,"RICHARDS BAY, SOUTH AFRICA",,JYOTHI MARINE SERVICES PVT LTD- OPA GAC SHIPPING,
2026-08-10,KRISHNAPATNAM,Expected,4,MV LV DAISY,,,DAP,Other,31400,31400.0,D,2026-08-18,2026-08-18,2026-08-21,"AQABA INDUSTRIAL, JORDAN",,***,
2026-08-10,KRISHNAPATNAM,Expected,1,MV XIN CHEN HAI YANG,,,SHIP UNLOADERS,Other,4098.8469999999998,4098.847,D,2026-08-19,2026-08-19,2026-08-25,CHINA,,SAMSARA SHIPPING PVT LTD,
2026-08-10,KRISHNAPATNAM,Expected,3,MV WESER POINT,,,LIMESTONE,Dry/General Bulk,76200,76200.0,D,2026-08-19,2026-08-19,2026-08-22,CHINA,,MERCHANT SHIPPING SERVICES PVT. LTD.,
2026-08-10,KRISHNAPATNAM,Expected,2,MV. SUN ISLAND,,,COAL,Dry/General Bulk,38230,38230.0,D,2026-08-20,2026-08-20,2026-08-22,"HAYPOINT, AUSTRALIA",,ASSOCIATED SHIPPING SERVICES,
2026-08-10,KRISHNAPATNAM,Expected,1,MV VITA MELODY,,,COAL,Dry/General Bulk,48871,48871.0,D,2026-05-28,2026-05-28,2026-05-31,INDONESIA,,JYOTHI MARINE,
2026-08-10,SANDHEADS,Working,,PELOPIDAS,,G'LESS,REVERT,Other,,,,NOT READY,090600,REVERT,,,N/A,
2026-08-10,SANDHEADS,Working,,THERE ARE 4 VIRTUAL ANCHORAGE POINTS AT SAGAR AND 4 VESSELS CAN WORK SIMULTANEOUSLY SUB PORT CONSIDERATION,,,,Other,,,,,,,,,,
2026-08-10,SANDHEADS,Working,,"VESSEL'S BERTHING MOVEMENT DEPENDS ON ALL FAVORABLE CONDITIONS SUCH AS CGO DOCS READINESS, VSL'S SENIORITY,",,,,Other,,,,,,,,,,
2026-08-10,SANDHEADS,Working,,"WEATHER CONDITIONS, CONGESTION & BERTH AVAILABILITY",,,,Other,,,,,,,,,,
2026-08-10,SANDHEADS,Working,,Port Working Hours: 24 x 7 basis,,,,Other,,,,,,,,,,
2026-08-10,SANDHEADS,Working,,COASTAL VESSELS HAVE OUSTING PRIORITY,,,,Other,,,,,,,,,,
2026-08-10,SAGAR,Waiting,,MV. WELL DREAM,,GEARED,LIMESTONE,Dry/General Bulk,,,,2026-08-15,2026-08-16,2026-08-17,,,GAC SHIPPING,
2026-08-10,SAGAR,Waiting,,MV. SEA FALCON,,GEARED,MANGANESE ORE,Dry/General Bulk,,,,2026-08-15,2026-08-18,2026-08-19,,,BOTHRA,
2026-08-10,HALDIA,Working,4B,MV. METTLE STARE-I,,GEARLESS,COKING COAL,Dry/General Bulk,32000,32000.0,DISCH,2025-10-22,2025-10-23,2025-10-24,,TATA STEEL,TMILL,
2026-08-10,HALDIA,Working,2,MV. PACIFIC STAR,,GEARLESS,STEAM COAL,Dry/General Bulk,23270,23270.0,DISCH,2026-08-09,2026-08-10,2026-08-12,,ANAND CARBO,SEATRANS,
2026-08-10,HALDIA,Working,3,MV. CHOLA PROSPERITY,,GEARLESS,THERMAL COAL,Dry/General Bulk,23050,23050.0,LOAD,2026-08-09,2026-08-09,2026-08-10,,APPDCL,SEATRANS,
2026-08-10,HALDIA,Working,4,MV. BADGER,,GEARLESS,PCI COAL,Dry/General Bulk,35000,35000.0,DISCH,2026-08-06,2026-08-08,2026-08-10,,SAIL,AQUA PORT,
2026-08-10,HALDIA,Working,10,MV. EAST WIND 1,,GEARED,YELLOW PEAS,Other,20000,20000.0,DISCH,2026-07-28,2026-08-07,2026-08-14,,VARIOUS,SEAVISION,
2026-08-10,HALDIA,Working,13,MV. ULTRA LYNX,,GEARLESS,LIMESTONE,Dry/General Bulk,35183,35183.0,DISCH,2026-08-08,2026-08-09,2026-08-11,,TATA STEEL,WILHELMSEN,
2026-08-10,HALDIA,Waiting,5,MV. AMAZON,,GEARLESS,COKING COAL,Dry/General Bulk,30000,30000.0,DISCH,2026-08-09,2026-08-10,2026-08-12,,TATA STEEL,TMILL,B/5
2026-08-10,HALDIA,Waiting,1,MV. PAN CERES,,GEARLESS,STEAM COAL,Dry/General Bulk,35000,35000.0,DISCH,2026-08-11,2026-08-11,2026-08-13,,BALAJI MALTS,SEATRANS,B/1
2026-08-10,HALDIA,Waiting,2,MV. SHINE RUBY,,GEARLESS,COKING COAL,Dry/General Bulk,30000,30000.0,DISCH,2026-08-10,2026-08-11,2026-08-13,,TATA INTERNATIONAL,SEATRANS,B/2
2026-08-10,HALDIA,Waiting,9,MV. SKIATHOS,,GEARLESS,METALLURGICAL COKE,Dry/General Bulk,32000,32000.0,DISCH,2026-08-11,2026-08-12,2026-08-14,,ORISSA METALIKS & RASHMI GREEN,EVEREADY,B/9
2026-08-10,HALDIA,Waiting,14,MV.LORIENT,,GEARLESS,STEAM COAL,Dry/General Bulk,33000,33000.0,DISCH,2026-08-11,2026-08-12,2026-08-14,,HPL,GAC SHIPPING,B/14
2026-08-10,HALDIA,Expected,12,MV. PACIFIC ADVANCE,,GEARED,GYPSUM,Dry/General Bulk,30610,30610.0,DISCH,2026-08-11,2026-08-12,2026-08-14,,ACCESS DEVELOPER & GYPMART INDIA,ALAP,DECLEAR FOR TMILL BERTH
2026-08-10,HALDIA,Expected,"2,8,9 & 13",MV. JIN MING 82,,GEARED,MANGANESE ORE,Dry/General Bulk,21050,21050.0,DISCH,2026-08-13,2026-08-14,2026-08-16,,VARIOUS,GAC SHIPPING,DECLEAR FOR MHC BERTH
2026-08-10,HALDIA,Expected,4B,MV. ODYSSEAS L,,GEARLESS,COKING COAL,Dry/General Bulk,30000,30000.0,DISCH,2026-08-13,2026-08-14,2026-08-16,,TATA STEEL,TMILL,DECLEAR FOR GBTPL BERTH
2026-08-10,HALDIA,Expected,12,MV. BASIC FORTUNE,,GEARLESS,LIMESTONE,Dry/General Bulk,30000,30000.0,DISCH,2026-08-14,2026-08-16,2026-08-18,,TATA STEEL,TMILL,DECLEAR FOR TMILL BERTH
2026-08-10,HALDIA,Expected,"2,8,9 & 13",MV. SEA FALCON,,GEARED,MANGANESE ORE,Dry/General Bulk,28000,28000.0,DISCH,2026-08-15,2026-08-20,2026-08-22,,VARIOUS,BOTHRA,"DECLEAR FOR MHC BERTH ,(TO LIGHTEN AT SAGAR 4500 MT)"
2026-08-10,HALDIA,Expected,"2,8,9 & 13",MV. WELL DREAM,,GEARED,LIMESTONE,Dry/General Bulk,26639,26639.0,DISCH,2026-08-15,2026-08-18,2026-08-20,,SHYAM SEL,GAC SHIPPING,"DECLEAR FOR MHC BERTH , (TO LIGHTEN AT SAGAR 4000 MT)"
2026-08-10,HALDIA,Expected,"2,8,9 & 13",MV. ACHILLEAS S,,GEARED,MANGANESE ORE,Dry/General Bulk,17660,17660.0,DISCH,2026-08-17,2026-08-18,2026-08-20,,VARIOUS,GAC SHIPPING,DECLEAR FOR MHC BERTH
2026-08-10,DHAMRA,Working,B -3/17/350,MV APJ JAOUAD,PANAMAX,,THERMAL COAL,Dry/General Bulk,,,LOADING,2026-08-01,B -3/17/350,2026-08-10,,TANGEDCO,JIGSAN,
2026-08-10,DHAMRA,Working,B-3 A /14.5/350,MV CHOLA MELODY,PANAMAX,,THERMAL COAL,Dry/General Bulk,,,LOADING,2026-08-05,B-3 A /14.5/350,2026-08-11,,NTECL,BOTHRA,
2026-08-10,DHAMRA,Working,B-3A S /13.5,MV MH ARPEGGIO,HANDIMAX,,IRON ORE PELLETS,Dry/General Bulk,,,LOADING,2026-08-02,B-3A S /13.5,2026-08-11,,RUNGTA SONS,GAC,
2026-08-10,DHAMRA,Working,B-4/17/300,MV APJ SHIRINI,HANDIMAX,,PYROXENITE,Other,,,DISCHARGE,2026-08-01,B-4/17/300,2026-08-12,,PARAG VINMAY,SMPL,
2026-08-10,DHAMRA,Working,B-5/17/300,MV YANGTZE DAWN,HANDIMAX,,UREA,Other,,,DISCHARGE,2026-07-31,B-5/17/300,2026-08-12,,INDIAN POTASH LTD,SMPL,
2026-08-10,DHAMRA,Waiting,B-3A,MV BASIC FORTUNE,PANAMAX,,LIMESTONE,Dry/General Bulk,45000 MT,45000.0,DISCHARGE,2026-08-08,2026-08-10,2026-08-13,,TATA,TMIL,
2026-08-10,DHAMRA,Waiting,B-3,MV INCE ISTANBUL,PANAMAX,,IRON ORE PELLETS,Dry/General Bulk,75000 MT,75000.0,LOADING,2026-08-09,2026-08-14,2026-08-17,,ORISSA METALICES PVT LTD/SHYAM METALICS,ATLANTIC,
2026-08-10,DHAMRA,Waiting,B-5,MV GCL SABARMATI,CAPE,,LIMESTONE,Dry/General Bulk,105000 MT,105000.0,DISCHARGE,2026-08-09,2026-08-12,2026-08-18,,TATA,TMIL/SAMSARA,
2026-08-10,DHAMRA,Waiting,B-4,MV PRINCESS JONNA,HANDIMAX,,HR COIL,Other,40000 MT,40000.0,LOADING,2026-08-10,2026-08-12,2026-08-16,,TATA,TMIL,
2026-08-10,DHAMRA,Expected,B-1,MV ODYSSEAS,PANAMAX,,COAL,Dry/General Bulk,45000 MT,45000.0,DISCHARGE,2026-08-10,2026-08-09,2026-08-10,,TATA,TMIL,
2026-08-10,DHAMRA,Expected,B-3,MV MAHIC PERSEUS,PANAMAX,,THERMAL COAL,Dry/General Bulk,76460 MT,76460.0,LOADING,2026-08-10,2026-08-11,2026-08-14,,MOXIE POWER,GAC,
2026-08-10,DHAMRA,Expected,B-3A,MV SAKIZAYA XCEL,PANAMAX,,LIMESTONE,Dry/General Bulk,45000 MT,45000.0,DISCHARGE,2026-08-10,2026-08-13,2026-08-16,,TATA,TMIL,
2026-08-10,DHAMRA,Expected,B-3AS,MV PORTLAND,HANDIMAX,,SLAG,Other,55000 MT,55000.0,LOADING,2026-08-10,2026-08-14,2026-08-18,,TATA,EIPL,
2026-08-10,DHAMRA,Expected,B-3AS,MV OCEAN HOPE,HANDIMAX,,IRON ORE FINES,Dry/General Bulk,55000 MT,55000.0,LOADING,2026-08-11,2026-08-12,2026-08-14,,LAXMI EXPORTS,SPARTANS,
2026-08-10,DHAMRA,Expected,B-2,MV CELINA,PANAMAX,,COKING COAL,Dry/General Bulk,75000 MT,75000.0,DISCHARGE,2026-08-12,2026-08-12,2026-08-14,,SAIL,SMPL/INTEROCEAN/SPARTANS,
2026-08-10,DHAMRA,Expected,B-4,MV PORT NARA,HANDIMAX,,THERMAL COAL,Dry/General Bulk,32000 MT,32000.0,LOADING,2026-08-13,2026-08-16,2026-08-18,,ORISSA METALICES PVT LTD/SHYAM METALICS,ATLANTIC,
2026-08-10,DHAMRA,Expected,B-3A,MV GREEK SEAS,PANAMAX,,LIMESTONE,Dry/General Bulk,45000 MT,45000.0,DISCHARGE,2026-08-13,2026-08-16,2026-08-19,,TATA,TMIL,
2026-08-10,DHAMRA,Expected,B-5,MV SAFESEA SINDOOR,HANDIMAX,,COIL/SLAB,Dry/General Bulk,30000 MT,30000.0,LOADING,2026-08-15,2026-08-18,2026-08-22,,JINDAL STEEL LTD,JM BAXI,
2026-08-10,DHAMRA,Expected,B-1,MV ANDRO SPIRIT,PANAMAX,,COKING COAL,Dry/General Bulk,38000 MT,38000.0,DISCHARGE,2026-08-20,2026-08-20,2026-08-21,,ADANI ENTERPRISES LTD,JYOTHI,
2026-08-10,DHAMRA,Expected,B-2,MV EASTERN QUINCE,PANAMAX,,COKING COAL,Dry/General Bulk,78000 MT,78000.0,DISCHARGE,2026-08-21,2026-08-21,2026-08-23,,TATA,TMIL/BEN LINE,
2026-08-10,PARADIP PORT,Waiting & Expected,,MV. ENDLESS HORIZON,,189.99/13.00,ROCK PHOSPHATE,Dry/General Bulk,56038 MT,56038.0,DISCHARGE,08/1624 HRS,,,HIGH SEAS,PPL,OSL,
2026-08-10,PARADIP PORT,Waiting & Expected,,MV. OTHRYS,,199.99/12.50,ROCK PHOSPHATE,Dry/General Bulk,54705 MT,54705.0,DISCHARGE,08/0420 HRS,,,HIGH SEAS,PPL,SSS,
2026-08-10,PARADIP PORT,Waiting & Expected,,MT. NORELIA,,274.00/,CRUDE OIL,Liquid/Chemical Bulk,137216MT,137216.0,DISCHARGE,09/1848 HRS,,,HIGHSEAS,IOCL,NAVSHIP,
2026-08-10,PARADIP PORT,Waiting & Expected,,MT. PLATA SOUTH,,333.00/,CRUDE OIL,Liquid/Chemical Bulk,269855 MT,269855.0,DISCHARGE,10/1600 HRS,,,HIGH SEAS,IOCL PLD,GAC,
2026-08-10,PARADIP PORT,Waiting & Expected,,MT. ATHERINA,,339.76/21.50,CRUDE OIL,Liquid/Chemical Bulk,286442 MT,286442.0,DISCHARGE,11/2000 HRS,,,HIGH SEAS,IOCL PLD,ISIPL,
2026-08-10,PARADIP PORT,Waiting & Expected,,MV. VISHVA JYOTI,,229.00/14.45,THERMAL COAL,Dry/General Bulk,36800 MT,36800.0,LOADING,24/0618 HRS,2026-08-10,2026-08-11,ENNORE,OPG,SEA SHIPS,
2026-08-10,PARADIP PORT,Waiting & Expected,,MV. APJ SETHU,,224.86/,THERMAL COAL,Dry/General Bulk,75000 MT,75000.0,LOADING,07/0354 HRS,2026-08-11,2026-08-12,HIGH SEAS,TNPGCL,SEAPORT,NOT READY
2026-08-10,PARADIP PORT,Waiting & Expected,,MV. STAR ISLAND,,199.99/13.30,THERMAL COAL,Dry/General Bulk,60000 MT,60000.0,LOADING,08/0800 HRS,2026-08-11,2026-08-12,DHARAMTAR,MAHAGENCO,SSS,NOT READY
2026-08-10,PARADIP PORT,Waiting & Expected,,MV. MARINE FORTUNE I,,225.00/13.80,THERMAL COAL,Dry/General Bulk,72000 MT,72000.0,LOADING,08/1624 HRS,2026-08-11,2026-08-12,HIGH SEAS,TNPGCL,SEAPORT,NOT READY
2026-08-10,PARADIP PORT,Waiting & Expected,,MV. VOSCO OCEAN,,189.99/13.00,THERMAL COAL,Dry/General Bulk,55000 MT,55000.0,LOADING,09/1545 HRS,2026-08-10,2026-08-13,ENNORE,OPG,SEA SHIPS,
2026-08-10,PARADIP PORT,Waiting & Expected,,MV. LILA FUJI,,229.00/14.50,THERMAL COAL,Dry/General Bulk,77000 MT,77000.0,LOADING,10/0600 HRS,2026-08-12,2026-08-13,KRISHNAPATNAM,NTPC/KUDGI,GAC,SUB TO READINESS
2026-08-10,PARADIP PORT,Waiting & Expected,,MV. JAL VAIBHAV,,228.05/14.50,THERMAL COAL,Dry/General Bulk,85000 MT,85000.0,LOADING,10/1100 HRS,2026-08-12,2026-08-13,KRISHNAPATNAM,NTECL/SARAT,BOTHRA,SUB TO READINESS
2026-08-10,PARADIP PORT,Waiting & Expected,,MV. AQUASTAR,,199.92/,THERMAL COAL,Dry/General Bulk,60000 MT,60000.0,LOADING,10/1100 HRS,2026-08-12,2026-08-13,KRISHNAPATNAM,MAHAGENCO,ACEC,SUB TO READINESS
2026-08-10,PARADIP PORT,Waiting & Expected,,MV. PACIFIC STAR,,224.90/14.50,THERMAL COAL,Dry/General Bulk,74000MT,74000.0,LOADING,11/0600 HRS,2026-08-12,2026-08-13,KRISHNAPATNAM,SEMBCORP,SCC(VSP),SUB TO READINESS
2026-08-10,PARADIP PORT,Waiting & Expected,,MV. VIOLETTA K,,228.99/14.50,THERMAL COAL,Dry/General Bulk,75000 MT,75000.0,LOADING,11/0645 HRS,2026-08-13,2026-08-14,ENNORE,APPDCL/ADANI,GAC,SUB TO READINESS
2026-08-10,PARADIP PORT,Waiting & Expected,,MV. RIPLEY PINNACLE,,225.00/14.50,THERMAL COAL,Dry/General Bulk,74000 MT,74000.0,LOADING,11/1800 HRS,2026-08-13,2026-08-14,ENNORE,APGEN/RIPLEY,SSS,SUB TO READINESS
2026-08-10,PARADIP PORT,Waiting & Expected,,MV. AFRICAN ISABELLE,,199.98/13.50,THERMAL COAL,Dry/General Bulk,60000 MT,60000.0,LOADING,13/0600 HRS,2026-08-13,2026-08-14,KAKINADA,APG/SC,SCC(VSP),SUB TO READINESS
2026-08-10,PARADIP PORT,Waiting & Expected,,MV TAN BINH 259,,175.53/9.50,STEEL COILS,Dry/General Bulk,25391 MT,25391.0,DISCHARGE,22/1625 HRS,2026-08-12,2026-08-14,BAHODOPI,JINDAL STAINLESS,SSS,SUB TO READINESS
2026-08-10,PARADIP PORT,Waiting & Expected,,MV. CONCARAN,,199.98/13.42,PIG IRON,Dry/General Bulk,51500 MT,51500.0,LOADING,29/1300 HRS,2026-08-12,2026-08-16,CORPUS CHR,MSC AGENCY,GAC,CONTAINER PRIORITY
2026-08-10,PARADIP PORT,Waiting & Expected,,MV. STAR HELSINKI,,199.90/12.23,UREA,Other,49350 MT,49350.0,DISCHARGE,09/0712 HRS,2026-08-17,2026-08-21,UST-LUGA,BRAHMAPUTRA,SSS,SUB TO READINESS
2026-08-10,PARADIP PORT,Waiting & Expected,,MV. MAGIC ARIEL,,229.00/7.50,PIG IRON,Dry/General Bulk,66000 MT,66000.0,LOADING,09/1124 HRS,2026-08-14,2026-08-17,SINGAPORE,OMPL,J M BAXIMSPL,SUB TO READINESS
2026-08-10,PARADIP PORT,Waiting & Expected,,MV. DELAVITA,,229.00/7.50,PIG IRON,Dry/General Bulk,60500 MT,60500.0,LOADING,10/0130 HRS,2026-08-17,2026-08-22,SINGAPORE,RAMSARUP,GAC,SUB TO READINESS
2026-08-10,PARADIP PORT,Waiting & Expected,,MV. DP WORLD THAMIRABARANI,,142.70/6.90,CONTAINER,Container,10324 MT,10324.0,LOADING,10/0130 HRS,2026-08-11,2026-08-12,HALDIA,SWS/JSL/SAL,UNIFEEDER,CONTAINER PRIORITY
2026-08-10,PARADIP PORT,Waiting & Expected,,MV. MSC MAKOTO II,,175.49/7.50,CONTAINER,Container,10324 MT,10324.0,LOADING,15/1800 HRS,2026-08-16,2026-08-17,COLOMBO,MSC AGENGY,MSC AGENGY,CONTAINER PRIORITY
2026-08-10,PARADIP PORT,Waiting & Expected,,MV. MARINE CRYSTAL,,249.88/15.15,HARD COKING COAL,Dry/General Bulk,111185 MT,111185.0,DISCHARGE,09/2000 HRS,2026-08-12,2026-08-15,ABBOT POINT,JSPL/JSOL,SWS,SUB TO READINESS
2026-08-10,PARADIP PORT,Waiting & Expected,,MV. YM DELIGHT,,228.99/9.88,HARD COKING COAL,Dry/General Bulk,32000 MT,32000.0,DISCHARGE,10/0248 HRS,,,SINGAPORE,JSW JFE,J M BAXIMSPL,SUB TO READINESS
2026-08-10,PARADIP PORT,Waiting & Expected,,MV. DDS MARINA,,126.80/9.10,AMMONIUM NITRATE,Other,11327 MT,11327.0,DISCHARGE,16/0600 HRS,,,HIGH SEAS,SPECIAL,SRAVAN,SQ
2026-08-10,PARADIP PORT,Waiting & Expected,,MV. BBG KINDNESS,,199.90/13.16,IRON ORE FINES,Dry/General Bulk,60000 MT,60000.0,LOADING,04/0430 HRS,,,CHINA,RSPL,GAC,
2026-08-10,PARADIP PORT,Waiting & Expected,,MV. YANGTZE DAWN,,189.99/,IRON ORE PELLET,Dry/General Bulk,55000 MT,55000.0,LOADING,12/0600 HRS,,,HIGH SEAS,RSPL,GAC,
2026-08-10,PARADIP PORT,Waiting & Expected,,MV. OCEAN WINNER,,225.00/14.35,IRON ORE FINES,Dry/General Bulk,73000 MT,73000.0,LOADING,05/2118 HRS,,,CHINA,OCL IRON,BOTHRA,
2026-08-10,PARADIP PORT,Waiting & Expected,,MV. QING QUAN SHAN,,199.90/,IRON ORE PELLET,Dry/General Bulk,35000 MT,35000.0,LOADING,09/0229 HRS,2026-08-09,2026-08-10,CHINA,RMLL,GAC,
2026-08-10,PARADIP PORT,Waiting & Expected,,MT. NV AQUAMARINE,,225.12/,BUTANE/PROPANE,Liquid/Chemical Bulk,24000 MT,24000.0,DISCHARGE,19/1912 HRS,,,HIGHSEAS,IOCL,ISIPL,
2026-08-10,PARADIP PORT,Waiting & Expected,,MT. SOPRANO SERENE,,179.88/11.80,HSD/M.SPIRIT,Liquid/Chemical Bulk,19500 MT,19500.0,DISCHARGE,01/1000 HRS,,,HALDIA,BPCL,AGS,
2026-08-10,PARADIP PORT,Waiting & Expected,,MT. NOVA BREEZE,,180.00/10.40,AMMONIA,Liquid/Chemical Bulk,25000 MT,25000.0,DISCHARGE,03/0812 HRS,,,HIGHSEAS,IFFCO/PPL,J M BAXIMSPL,
2026-08-10,PARADIP PORT,Waiting & Expected,,MT. SANMAR SHEHNAI,,182.50/7.70,NAPTHA,Other,14000MT,14000.0,LOADING,10/1000 HRS,,,KANDLA,IOCL,J M BAXIMSPL,
2026-08-10,PARADIP PORT,Waiting & Expected,,MV. GCL YAMUNA,,253.50/13.90,LIMESTONE,Dry/General Bulk,105000 MT,105000.0,DISCHARGE,05/0530 HRS,2026-08-11,2026-08-15,SALALAH,TATA,TMIL,CQ-1/SHIFTS SQ 11.08.2026 (AFTER ACHIEVING SQ DRAFT
2026-08-10,PARADIP PORT,Waiting & Expected,,MV. BLUE SPIRIT,,229.00/14.45,COKING COAL,Dry/General Bulk,78001 MT,78001.0,DISCHARGE,05/1512 HRS,2026-08-11,2026-08-15,TAMAN,JSPL,SSS,MPB
2026-08-10,PARADIP PORT,Waiting & Expected,,MV. AMNSI MAXIMUS,,229.00/13.50,PYROXENITE,Other,40000 MT,40000.0,DISCHARGE,06/0818 HRS,2026-08-11,2026-08-13,FUJAIRAH,TATA,TMIL,CQ-2
2026-08-10,PARADIP PORT,Waiting & Expected,,MV. HOANG ANH 03,,140.19/,R P COKE,Dry/General Bulk,10000 MT,10000.0,DISCHARGE,09/0600 HRS,2026-08-12,2026-08-13,LUMUT,GCL,ACEC,CQ-1
2026-08-10,PARADIP PORT,Waiting & Expected,,MV. OTHONOI,,229.00/14.45,COKING COAL,Dry/General Bulk,79100 MT,79100.0,DISCHARGE,09/2054HRS,2026-08-13,2026-08-17,HAYPOINT,JSPL,JMS,CQ-2
2026-08-10,PARADIP PORT,Waiting & Expected,,MV. EVER SUPERIOR,,116.99/7.90,FERRO CHROM,Dry/General Bulk,8900 MT,8900.0,DISCHARGE,11/0600 HRS,2026-08-13,2026-08-14,POHANG,IMFA,CHOWGULE,CQ-1
2026-08-10,PARADIP PORT,Waiting & Expected,,MV. ERACLEA,,189.98/10.20,HARD COKING COAL,Dry/General Bulk,37155 MT,37155.0,DISCHARGE,11/1800 HRS,2026-08-15,2026-08-17,BEIRA,JSPL,SSS,SQ
2026-08-10,PARADIP PORT,Waiting & Expected,,MV. SERENITY,,186.40/,MET COKE,Dry/General Bulk,17720 MT,17720.0,DISCHARGE,14/0600 HRS,2026-08-15,2026-08-16,BARRANQUILLA,IMFA,OSL,MPB
2026-08-10,PARADIP PORT,Waiting & Expected,,"PRIORITY BERTHING ALLOWED FOR ALL IMPORT/EXPORT DRY BULK CARGO TO M/S. JSPL, TATA, JSW SAMBALPUR AT GCB.",,,,Other,,,,,,,,,,
2026-08-10,PARADIP PORT,Waiting & Expected,,"VESSEL WHICH CAN NOT PERFORM AS THE REQUIRED PORT NORMS, SHE WILL BE SHIFTED TO ROADS AND HER BERTHING WILL BE DECIDED AS THE LAST VESSEL ON SERIAL.",,,,Other,,,,,,,,,,
2026-08-10,PARADIP PORT,Waiting & Expected,,"MAXIMUM OF TWO COASTAL VESSELS WILL BE TAKEN AT A TIME IN THE CONVENTIONAL BERTH W.E.F 07-OCT-2018,TILL FURTHER ORDER",,,,Other,,,,,,,,,,
2026-08-10,KAKINADA,Waiting,,M.T. SEA LEGEND,,,EDIBLE OIL,Other,13060,13060.0,,2026-08-09,,,,LOHIYA,INTEROCEAN,
2026-08-10,KAKINADA,Waiting,,SAILED VESSELS::,,,,Other,,,,,,,,,,
2026-08-10,KAKINADA,Waiting,,M.V.SENORITA,,,,Other,,,,2026-07-09,,,,,,
2026-08-10,KAKINADA,Waiting,,M.V.RG ATHENA,,,,Other,,,,2026-08-06,,,,,,
2026-08-10,KAKINADA,Waiting,,M.V. MARLA CHAMPION,,,,Other,,,,2026-08-01,,,,,,
2026-08-10,KAKINADA,Waiting,,M.T. FAIRWAY,,,,Other,,,,2026-08-09,,,,,,
2026-08-10,KAKINADA,Waiting,,M.T. DAEWOO DIAMOND,,,,Other,,,,2026-08-07,,,,,,
2026-08-10,KAKINADA,Waiting,,M.T.BOW ORION,,,,Other,,,,2026-08-07,,,,,,
2026-08-10,KAKINADA,Waiting,,M.T.MARIANA VICTORY,,,,Other,,,,2026-08-05,,,,,,
2026-08-10,KAKINADA,Expected,,M.V.BC LIBERTY,,,RICE,Dry/General Bulk,37400,37400.0,,2026-08-10,,,,,LOTUS,
2026-08-10,KAKINADA,Expected,,M.V.LIBRA,,,RICE,Dry/General Bulk,50000,50000.0,,2026-08-15,,,,,LOTUS,
2026-08-10,KAKINADA,Expected,,M.V.ALEXANDROS III,,,RICE,Dry/General Bulk,7500,7500.0,,2026-08-15,,,,,LOTUS,
2026-08-10,KAKINADA,Expected,,M.V.ZURICH STAR,,,MOP,Other,78900,78900.0,,2026-08-10,,,,"CIL, INDORAMA",BOTHRA,
2026-08-10,KAKINADA,Expected,,M.V. BLOOM HALO,,,IRON ORE PELLETS,Dry/General Bulk,63550,63550.0,,2026-08-11,,,,LLOYDS METALS,BOTHRA,
2026-08-10,KAKINADA,Expected,,M.V.VIVA ECLIPSE,,,DAP,Other,49500,49500.0,,2026-08-11,,,,KRIBHCO,ANLINE,
2026-08-10,KAKINADA,Expected,,M.V. ECO CZAR,,,COAL,Dry/General Bulk,75000,75000.0,,2026-08-11,,,,A.P.GENCO,BOTHRA,
2026-08-10,KAKINADA,Expected,,M.T. DIWAKAR,,,DIESEL MOTOR SPIRIT,Liquid/Chemical Bulk,25000,25000.0,,2026-08-11,,,,NAYARA,SRI OCEANIC,
2026-08-10,KAKINADA,Expected,,M.T. ORCHID SYLT,,,SULPHURIC ACID,Liquid/Chemical Bulk,20500,20500.0,,2026-08-13,,,,CIL,SEAPHOENIX,
2026-08-10,KAKINADA,Expected,,M.V. BOSHI 78,,,ALUMINA,Dry/General Bulk,30653,30653.0,,2026-08-13,,,,BALCO,ESDI MARITIME,
2026-08-10,KAKINADA,Expected,,M.V.DEBBIE,,,GENERAL CARGO,Other,133,133.0,,2026-08-19,,,,SCHLUMERGER ASIA SERVICES,PAREKH MARINE,
2026-08-10,KAKINADA,Expected,,M.V.RISHABH,,,,Other,,,,2026-02-05,,,,,,
2026-08-10,GANGAVARAM,Working,B1,MV ND THELIX,,,GRANULATED SLAG,Other,56570,56570.0,,2026-07-08,B1,2026-08-11,,MINISTRANS,GPR MARITIME,MANUAL BERTH / SHIP CRANES
2026-08-10,GANGAVARAM,Working,B2,MV GESELA OLDENDORFF,,,LIMESTONE,Dry/General Bulk,77750,77750.0,,2026-07-08,B2,2026-08-12,,THE COMMODITY HUB,SPARTANS,
2026-08-10,GANGAVARAM,Working,B3,MV VISHVA VIKAS,,,IRON ORE FINES,Dry/General Bulk,54275,54275.0,,2026-07-08,B3,2026-07-10,,RINL,SEAWAYS,HMC BERTH
2026-08-10,GANGAVARAM,Working,B4,MV AKTI,,,IRON ORE FINES,Dry/General Bulk,56545,56545.0,,2026-08-05,B4,2026-08-10,,JSW,JYOTHI,
2026-08-10,GANGAVARAM,Working,B6,MV MARAN UNITY,,,BAUXITE,Dry/General Bulk,169274,169274.0,,2026-08-06,B6,2026-08-13,,PIONEER ALUMINA,RICHMARK,MECHNICAL CONCEYOR DISCH BERTH
2026-08-10,GANGAVARAM,Working,B7,MV KOBE HARMONY,,,CP COKE,Dry/General Bulk,26250,26250.0,,2026-07-31,B7,2026-08-15,,VEDANTA/BALCO,SPARTANS,MANUAL BERTH / SHIP CRANES
2026-08-10,GANGAVARAM,Working,B8,MV LORIENT,,,STEAM COAL,Dry/General Bulk,46255,46255.0,,2026-08-07,B8,2026-08-09,,ADANI,JYOTHI,HMC BERTH
2026-08-10,GANGAVARAM,Waiting,B4,MV VISHVA PRERNA,,,IRON ORE FINES,Dry/General Bulk,55000,55000.0,,2026-08-07,B4,2026-08-12,,KIOCL,SEATRANS,
2026-08-10,GANGAVARAM,Expected,B1,MV LIA,,,STEEL BILLETS,Dry/General Bulk,40000,40000.0,,2026-08-11,B1,2026-08-18,,RINL,SPARTANS,
2026-08-10,GANGAVARAM,Expected,B5/B6,MV VISHVA CHETNA,,,COKING COAL,Dry/General Bulk,47200,47200.0,,2026-08-11,B5/B6,,,SAIL,,
2026-08-10,GANGAVARAM,Expected,B3,MV AQUAPRIMA,,,LIMESTONE,Dry/General Bulk,75000,75000.0,,2026-08-11,B3,,,,,
2026-08-10,VISAKHAPATNAM,Working,OB-1,MV PORTO DOLICHA,,,IRON ORE FINES,Dry/General Bulk,53420,53420.0,L,2026-08-09,OB-1,2026-08-10,,,JYOTHI,
2026-08-10,VISAKHAPATNAM,Working,VGCB,MV ALPHA TROPHY,,,BAUXITE IN BULK,Dry/General Bulk,198041,198041.0,D,2026-08-06,VGCB,2026-08-16,,,IMPERIAL,
2026-08-10,VISAKHAPATNAM,Working,CB-3,MV MSC MAKOTO II,,,CONTAINERS,Container,8000,8000.0,D/L,2026-08-10,CB-3,2026-08-10,,,MSC LINES,
2026-08-10,VISAKHAPATNAM,Working,CB-4,MV SM MANALI,,,CONTAINERS,Container,40000,40000.0,D/L,2026-08-09,CB-4,2026-08-11,,,SIMA MARINE,
2026-08-10,VISAKHAPATNAM,Working,EQ-3,MV ALEXANDROS III,,,RICE IN BAGS,Dry/General Bulk,29400,29400.0,L,2026-08-04,EQ-3,2026-08-14,,,DHANISHTA,
2026-08-10,VISAKHAPATNAM,Working,EQ-4,MV CYMONAEAGLE,,,AMMONIUM SULPHTE IN BULK,Other,29400,29400.0,D,2026-08-05,EQ-4,2026-08-10,,,SEATRANS,
2026-08-10,VISAKHAPATNAM,Working,EQ-6,MV LIAN YI DA 1 HAO,,,ALUMINA IN BULK,Dry/General Bulk,31300,31300.0,L,2026-08-01,EQ-6,2026-08-12,,,INTEROCEAN,
2026-08-10,VISAKHAPATNAM,Working,EQ-7,MT BOW ORION,,,PHOSPHERIC ACID,Other,10000,10000.0,D,2026-08-09,EQ-7,2026-08-11,,,GAC,
2026-08-10,VISAKHAPATNAM,Working,EQ-8 (VSPL),MV W SAPPHIRE,,,COKING COAL,Dry/General Bulk,78723,78723.0,D,2026-08-06,EQ-8 (VSPL),2026-08-10,,,ORISSA STEVEDORS LTD,VGCB QTY : 40000 & SHIFTED TO [EQ-8][VSPL] ON 08.08.2026 WITH BAL OF 38722.849
2026-08-10,VISAKHAPATNAM,Working,EQ-9 (VSPL),MV BELLA OLYMPIA,,,COKING COAL,Dry/General Bulk,28321,28321.0,D,2026-08-09,EQ-9 (VSPL),2026-08-11,,,INFINITY,
2026-08-10,VISAKHAPATNAM,Working,WQ-1,MV ONE AND ONLY,,,FERRO MANGANESE IN BULK & BAGS & STEEL CARGO.,Dry/General Bulk,28092,28092.0,L,2026-07-23,WQ-1,2026-08-12,,,SAIANS,SHIFTS TO WQ-1 ON 07.08.2026
2026-08-10,VISAKHAPATNAM,Working,WQ-2,MV JIN MING 82,,,MANGANESE ORE,Dry/General Bulk,33470,33470.0,D,2026-08-05,WQ-2,2026-08-11,,,INTEGRAL,
2026-08-10,VISAKHAPATNAM,Working,WQ-3,MV TATEV,,,ALUMINA IN BAGS,Dry/General Bulk,31500,31500.0,L,2026-08-07,WQ-3,2026-08-16,,,INTEROCEAN,
2026-08-10,VISAKHAPATNAM,Working,WQ-6,MV KIRAN CARIBEAN,,,IRON ORE FINES,Dry/General Bulk,55000,55000.0,L,2026-08-04,WQ-6,2026-08-10,,,ORISSA STEVEDORS LTD,
2026-08-10,VISAKHAPATNAM,Working,WQ-7,Handed over to m/s VMBCTPL for projecdt development,,,,Other,,,,,WQ-7,,,,,
2026-08-10,VISAKHAPATNAM,Working,OR-1,OR -1 Berth spared for Revamping by CE department,,,,Other,,,,,OR-1,,,,,
2026-08-10,VISAKHAPATNAM,Working,OR-2,MT NURA KARA,,,FURNACE OIL,Liquid/Chemical Bulk,35502,35502.0,L,2026-08-06,OR-2,2026-08-10,,,ATLANTIC,
2026-08-10,VISAKHAPATNAM,Working,OR-3,MT SWARNA PUSHP,,,ATF,Liquid/Chemical Bulk,3000,3000.0,D,2026-08-07,OR-3,2026-08-11,,,HARIKA,
2026-08-10,VISAKHAPATNAM,Waiting,1,MV WELL DREAM,,,QUICK LIME IN BAGS,Other,4000,4000.0,D,2026-06-26,1,,,,SPARTANS,
2026-08-10,VISAKHAPATNAM,Waiting,2,LPG/C. SEARMBLER,,,ANDHROUS AMMONIA,Liquid/Chemical Bulk,10000,10000.0,D,2026-07-17,2,,,,GAC,RE-ANCH
2026-08-10,VISAKHAPATNAM,Waiting,3,MT DAWN HARIDWAR,,,VLSFO,Other,7000,7000.0,D,2026-08-08,3,,,,HARIKA,
2026-08-10,VISAKHAPATNAM,Waiting,4,LPG/C. GAS PRIME,,,LPG,Other,22000,22000.0,D,2026-08-08,4,,,,INTEROCEAN,
2026-08-10,VISAKHAPATNAM,Waiting,5,MT AB OLIVIA,,,TRSP/ NAPTHA,Other,10000,10000.0,L,2026-08-09,5,,,,ATLANTIC,
2026-08-10,VISAKHAPATNAM,Waiting,6,MT LOURDES,,,HSD & MS,Liquid/Chemical Bulk,6000,6000.0,L,2026-08-10,6,,,,ATLANTIC,
2026-08-10,VISAKHAPATNAM,Expected,,MV DONG FANG WEI YE,,,ALUMINA IN BAGS,Dry/General Bulk,31500,31500.0,L,2026-08-10,,,,,ESHWAR,
2026-08-10,VISAKHAPATNAM,Expected,,MV PAULA TRADER,,,FERRO MANGANESE & STEEL CARGO,Dry/General Bulk,20350,20350.0,L,2026-08-10,,,,,SAIANS,
2026-08-10,VISAKHAPATNAM,Expected,,MV SERENITY,,,LAM COKE,Dry/General Bulk,7000,7000.0,D,2026-08-10,,,,,K.R & SONS,
2026-08-10,VISAKHAPATNAM,Expected,,MV YASA RUBY,,,COKING COAL,Dry/General Bulk,79841,79841.0,D,2026-08-10,,,,,IMPERIAL,
2026-08-10,VISAKHAPATNAM,Expected,,MV KONA EXPLORER,,,LIMESTONE,Dry/General Bulk,19321,19321.0,D,2026-08-10,,,,,WALTER CUMIN,
2026-08-10,VISAKHAPATNAM,Expected,,MV SNL HAIKOU,,,CONTAINERS,Container,8000,8000.0,D/L,2026-08-10,,,,,P A MARITIME,
2026-08-10,VISAKHAPATNAM,Expected,,MV SANTA ANGELINA,,,IRON ORE FINES,Dry/General Bulk,55000,55000.0,L,2026-08-11,,,,,JYOTHI,
2026-08-10,VISAKHAPATNAM,Expected,,MT VT QUEEN,,,TRSP/ NAPTHA,Other,10000,10000.0,L,2026-08-11,,,,,ATLANTIC,
2026-08-10,VISAKHAPATNAM,Expected,,MV NESTORS,,,UREA,Other,55000,55000.0,D,2026-08-11,,,,,INTEROCEAN,
2026-08-10,VISAKHAPATNAM,Expected,,MV XIN HAI TONG 807,,,STEAM COAL,Dry/General Bulk,78260,78260.0,D,2026-08-11,,,,,SEATRANS,
2026-08-10,VISAKHAPATNAM,Expected,,MV ACHILLEAS S,,,MANGANESE ORE,Dry/General Bulk,38831,38831.0,D,2026-08-11,,,,,GAC,
2026-08-10,VISAKHAPATNAM,Expected,,MV SEA FALCON,,,MANGANESE ORE,Dry/General Bulk,19321,19321.0,D,2026-08-11,,,,,NAVSHIP,
2026-08-10,VISAKHAPATNAM,Expected,,MV HONG YAO,,,CONTAINERS,Container,5000,5000.0,D/L,2026-08-11,,,,,P.V.RAMANMUR,
2026-08-10,VISAKHAPATNAM,Expected,,MV INFINITY,,,ALUMINA POWDER IN BULK,Dry/General Bulk,30600,30600.0,L,2026-08-12,,,,,RVSS,
2026-08-10,VISAKHAPATNAM,Expected,,MV CHENNAI VALARCHI,,,THERMAL COAL,Dry/General Bulk,77000,77000.0,L,2026-08-12,,,,,SEAPORT,
2026-08-10,VISAKHAPATNAM,Expected,,MV SSI IRRSISTIBLE,,,AMMONIUM SULPHTE IN BULK,Other,40500,40500.0,D,2026-08-12,,,,,SEATRANS,
2026-08-10,VISAKHAPATNAM,Expected,,MV KATERINA III,,,M.COKE & NUT COKE,Dry/General Bulk,30010,30010.0,D,2026-08-12,,,,,GAC,
2026-08-10,VISAKHAPATNAM,Expected,,LPG/C ETERNAL GLORY,,,LPG,Other,23000,23000.0,D,2026-08-12,,,,,BOTHRA,
2026-08-10,VISAKHAPATNAM,Expected,,MV GCL YAMUNA,,,IRON ORE PELLETS,Dry/General Bulk,105000,105000.0,L,2026-08-13,,,,,JYOTHI,
2026-08-10,VISAKHAPATNAM,Expected,,MV PANDA,,,ALUMINA IN BAGS,Dry/General Bulk,33000,33000.0,L,2026-08-13,,,,,INTEROCEAN,
2026-08-10,VISAKHAPATNAM,Expected,,MT MARAN AJAX,,,CRUDE OIL,Liquid/Chemical Bulk,248000,248000.0,D,2026-08-13,,,,,ATLANTIC,
2026-08-10,VISAKHAPATNAM,Expected,,MV HALDI,,,"STONE AGGREGATE ,CEMENT & GENERAL CARGO",Dry/General Bulk,5000,5000.0,L,2026-08-14,,,,,FAIRMACS,
2026-08-10,VISAKHAPATNAM,Expected,,MV BAO CHANG,,,ROCK PHOSPHATE,Dry/General Bulk,45000,45000.0,D,2026-08-14,,,,,RDS OIL,
2026-08-10,VISAKHAPATNAM,Expected,,MV THEOSKEPASTI,,,STEAM COAL,Dry/General Bulk,71670,71670.0,D,2026-08-14,,,,,SEATRANS,
2026-08-10,VISAKHAPATNAM,Expected,,MV OAK ANTON,,,NUT COKE IN BULK,Dry/General Bulk,17700,17700.0,D,2026-08-14,,,,,NAVSHIP,
2026-08-10,VISAKHAPATNAM,Expected,,MV SSL SABARIMALAI,,,CONTAINERS,Container,8500,8500.0,D/L,2026-08-14,,,,,UNIFEEDEER,
2026-08-10,VISAKHAPATNAM,Expected,,MV NAVIOS BAHAMAS,,,CONTAINERS,Container,20000,20000.0,D/L,2026-08-15,,,,,UNIFEEDEER,
2026-08-10,VISAKHAPATNAM,Expected,,MV AFRICAN PEACOCK,,,C.P.COKE,Dry/General Bulk,16000,16000.0,L,2026-08-16,,,,,ESHWAR,
2026-08-10,VISAKHAPATNAM,Expected,,MV DARLEAKAY,,,MANGANESE ORE,Dry/General Bulk,25000,25000.0,D,2026-08-16,,,,,BOTHRA,
2026-08-10,VISAKHAPATNAM,Expected,,MV MOGRAL,,,CONTAINERS,Container,40000,40000.0,D/L,2026-08-16,,,,,SIMA MARINE,
2026-08-10,VISAKHAPATNAM,Expected,,MV GCL SABARMATI,,,IRON ORE PELLETS,Dry/General Bulk,105000,105000.0,L,2026-08-17,,,,,JYOTHI,
2026-08-10,VISAKHAPATNAM,Expected,,MV MINI ATLAS,,,MANGANESE ORE,Dry/General Bulk,4800,4800.0,L,2026-08-17,,,,,GAC,
2026-08-10,VISAKHAPATNAM,Expected,,MV SSI CONQUEST,,,TSP & DAP,Other,52700,52700.0,D,2026-08-17,,,,,BOTHRA,
2026-08-10,VISAKHAPATNAM,Expected,,MV ODELMAR,,,UREA,Other,13000,13000.0,D,2026-08-17,,,,,ALAP,
2026-08-10,VISAKHAPATNAM,Expected,,MV ATP FORTUNE,,,MANGANESE ORE,Dry/General Bulk,23500,23500.0,D,2026-08-18,,,,,K.R.SONS,
2026-08-10,VISAKHAPATNAM,Expected,,MV SHIN SHUN,,,STEAM COAL,Dry/General Bulk,56836,56836.0,D,2026-08-19,,,,,SEATRANS,
2026-08-10,VISAKHAPATNAM,Expected,,MV AGRAFA,,,MANGANESE ORE,Dry/General Bulk,35596,35596.0,D,2026-08-19,,,,,BOTHRA,
2026-08-10,VISAKHAPATNAM,Expected,,MV STAR COPENHAGEN,,,UREA,Other,54266,54266.0,D,2026-08-20,,,,,CROSS TRADING,
2026-08-10,VISAKHAPATNAM,Expected,,MV MILAS,,,ROCK PHOSPHATE,Dry/General Bulk,47900,47900.0,D,2026-08-21,,,,,RDS OIL,
2026-08-10,VISAKHAPATNAM,Expected,,MV NORSE MOBILE,,,FERRO MANGANESE & STEEL CARGO,Dry/General Bulk,29200,29200.0,L,2026-08-23,,,,,SAIANS,
2026-08-10,VISAKHAPATNAM,Expected,,MV SM MANALI,,,CONTAINERS,Container,40000,40000.0,D/L,2026-08-24,,,,,SIMA MARINE,
2026-08-10,VISAKHAPATNAM,Expected,,MV MOGRAL,,,CONTAINERS,Container,40000,40000.0,D/L,2026-08-26,,,,,SIMA MARINE,
2026-08-11,KARAIKAL,Expected,,MV. ZAHAB JAHAN 1,,,GYPSUM,Dry/General Bulk,54850,54850.0,IMP,2026-08-12,,,,,,
2026-08-11,KARAIKAL,Expected,,MV. CHRISEA,,,COAL,Dry/General Bulk,75850,75850.0,IMP,2026-08-13,,,,,,
2026-08-11,KARAIKAL,Expected,,MV. VSG PIONEER,,,COAL,Dry/General Bulk,75000,75000.0,IMP,2026-08-14,,,,,,
2026-08-11,KARAIKAL,Expected,,MV. SAKIZAAYA VICTORY,,,COAL,Dry/General Bulk,77000,77000.0,IMP,2026-08-14,,,,,,
2026-08-11,GOPALPUR,Expected,MPB-1,MV TONG YING,,,MET COKE,Dry/General Bulk,22322,22322.0,D,2026-08-14,2026-08-14,2026-08-16,,,PAREKH(CA)/EVEREADY(OPA),
2026-08-11,GOPALPUR,Expected,MPB-2,MV CHOLA DESTINY,,,GYPSUM,Dry/General Bulk,50000,50000.0,D,2026-08-16,2026-08-16,2026-08-19,,,SEATRANS,
2026-08-11,GOPALPUR,Expected,MPB-3,MV LH ANTHEA,,,LIMESTONE,Dry/General Bulk,74509,74509.0,D,2026-08-19,2026-08-19,2026-08-22,,,SEATRANS,
2026-08-11,CHENNAI,Working,JD1,KHOJALY,,,J BAG-SODA ASH/PROJ/STEEL,Dry/General Bulk,25551/750/8481,,D/D/D,2026-08-04,2026-08-04,2026-08-11,,,UNITRANS,
2026-08-11,CHENNAI,Expected,JD5,AMNS POLAR,,,S.COILS/ST.PLATES,Dry/General Bulk,13040,13040.0,D,2026-08-12,2026-08-12,2026-08-14,,,SAMSARA,
2026-08-11,CHENNAI,Expected,SQ1/JD1,ONE AND ONLY,,,PROJ,Other,600,600.0,L,2026-08-12,2026-08-12,2026-08-14,,,NTC,
2026-08-11,CHENNAI,Expected,JD2,LEOPARD II,,,BARY,Other,55000,55000.0,L,2026-08-13,2026-08-13,2026-08-17,,,ATLANTIC,
2026-08-11,CHENNAI,Expected,WQ3/4,QUEEN COARL,,,SCOIL,Other,2462,2462.0,D,2026-08-13,2026-08-13,2026-08-14,,,PUYVAST,
2026-08-11,CHENNAI,Expected,WQ2,GLOVIS SILVER,,,CARS,Other,4500,4500.0,L,2026-08-14,2026-08-14,2026-08-15,,,CARTRANS,
2026-08-11,CHENNAI,Expected,SQ1/JD1,SEA STELLAR,,,PROJ/STEEL,Dry/General Bulk,795-7843,,D/D,2026-08-14,2026-08-14,2026-08-16,,,UNITRANS,
2026-08-11,CHENNAI,Expected,,STAR LYSEFJORD,,,PROJ,Other,110,110.0,L,2026-08-15,2026-08-15,2026-08-16,,,PEARL,
2026-08-11,CHENNAI,Expected,,HT LOTUS,,,FLOU,Other,10000,10000.0,D,2026-08-16,2026-08-16,2026-08-18,,,SEAGREEN,
2026-08-11,CHENNAI,Expected,JD1/3/5,CHARLIE,,,PROJ,Other,4,4.0,D,2026-08-20,2026-08-20,2026-08-22,,,PAREKH,
2026-08-11,CHENNAI,Expected,,ECO CHEYENNE,,,PROJ,Other,,,L,2026-08-20,2026-08-20,2026-08-22,,,MARCONS,
2026-08-11,ENNORE,Working,CB1,CHENNAI VALARCHI,,,T COAL,Dry/General Bulk,74268,74268.0,D,2026-08-08,CB1,2026-08-11,,,SEAPORT,COASTAL
2026-08-11,ENNORE,Working,CB2,APJ ANGAD 2,,,T COAL,Dry/General Bulk,75230,75230.0,D,2026-08-09,CB2,2026-08-11,,,JESPA,COASTAL
2026-08-11,ENNORE,Working,MLT,WILOWS,,,HSD/MS,Liquid/Chemical Bulk,19000,19000.0,D,2026-08-09,MLT,2026-08-12,,,SAMSARA,COASTAL
2026-08-11,ENNORE,Working,ECTPL,Trood Osoak,,,S.COAL,Dry/General Bulk,82000,82000.0,D,2026-08-08,ECTPL,2026-08-12,,,UNICORN,
2026-08-11,ENNORE,Working,EBTPL,BRONE LADY,,,ST.WI.ROD,Other,11500,11500.0,L,2026-07-20,EBTPL,2026-08-14,,,SEAGREEN,
2026-08-11,ENNORE,Waiting,ECTPL,Alasia,,,T COAL,Dry/General Bulk,59400,59400.0,D,2026-08-11,2026-08-12,2026-08-13,,,MERCHANT,COASTAL
2026-08-11,ENNORE,Expected,GCB,Orion Highway,,,AUTOMOBILE,Other,600,600.0,L,2026-08-11,2026-08-11,2026-08-12,,,K STEAM,
2026-08-11,ENNORE,Expected,CB1,CHOLA LEGACY,,,T COAL,Dry/General Bulk,76410,76410.0,D,2026-08-11,2026-08-11,2026-08-14,,,SEAPORT,
2026-08-11,ENNORE,Expected,ECTPL,TIDE JUPITER,,,S COAL,Dry/General Bulk,75702,75702.0,D,2026-08-14,2026-08-16,2026-08-18,,,PEARL,
2026-08-11,ENNORE,Expected,GCB,TARUS LEADER,,,AUTOMOBILE,Other,18000,18000.0,L,2026-08-14,2026-08-14,2026-08-15,,,NYK,
2026-08-11,ENNORE,Expected,EBTPL,SHENLI,,,BARYTES,Other,54000,54000.0,D,2026-08-14,2026-08-14,2026-08-17,,,EVERWIN,
2026-08-11,ENNORE,Expected,ECTPL,STAR EVA,,,S COAL,Dry/General Bulk,103901,103901.0,D,2026-08-15,2026-08-19,2026-08-23,,,MERCHANT,
2026-08-11,ENNORE,Expected,ECTPL,SUNRISE I,,,S COAL,Dry/General Bulk,40952,40952.0,D,2026-08-14,2026-08-18,2026-08-19,,,PEARL,
2026-08-11,ENNORE,Expected,GCB,Jasper Arrow,,,AUTOMOBILE,Other,900,900.0,L,2026-08-24,2026-08-24,2026-08-25,,,K STEAM,
2026-08-11,KRISHNAPATNAM,Working,WB-3,MV PIONEER KIRA,,,FELDSPAR,Other,27000,27000.0,L,2026-08-07,2026-08-08,2026-08-11,BANGLADESH,,ATLANTIC GLOBAL SHIPPING PVT LTD,
2026-08-11,KRISHNAPATNAM,Working,WB-2,MT ZY LUNA,,,CPO,Other,15528.647000000001,15528.647,D,2026-08-03,2026-08-09,2026-08-12,MALAYSIA,,MARINELINKS SHIPPING AGENCIES,
2026-08-11,KRISHNAPATNAM,Working,WB-1,MT KEYSTONE,,,CPO-8800MT & RBD -3008MT,Other,11808,11808.0,D,2026-08-11,2026-08-11,2026-08-13,INDONESIA,,ATLANTIC GLOBAL SHIPPING PVT LTD,
2026-08-11,KRISHNAPATNAM,Working,S4,MV LILA SEOUL,,,GYPSUM,Dry/General Bulk,76442,76442.0,D,2026-08-07,2026-08-07,2026-08-11,OMAN,,SEATRANS MARINE PVT LTD.,
2026-08-11,KRISHNAPATNAM,Working,7,MV LADY,,,COAL,Dry/General Bulk,61500,61500.0,D,2026-08-09,2026-08-09,2026-08-12,HALDIA & PARADIP,,SARAT CHATTERJEE & CO (VSP) PVT LTD,
2026-08-11,KRISHNAPATNAM,Working,6,MV DORIC KATANA,,,COAL,Dry/General Bulk,79000,79000.0,D,2026-08-07,2026-08-08,2026-08-12,PARADIP,,M/S.SARAT CHATTERJEE & CO (VSP) PVT LTD,
2026-08-11,KRISHNAPATNAM,Working,5,MV XH META,,,IRON ORE FINES,Dry/General Bulk,188824,188824.0,D,2026-08-07,2026-08-08,2026-08-13,BRAZIL,,GPR MARITIME AGENCIES.,
2026-08-11,KRISHNAPATNAM,Working,4,MV MEDUSA,,,UREA,Other,47000,47000.0,D,2026-08-07,2026-08-08,2026-08-13,CHINA,,TAURUS SHIPPING,
2026-08-11,KRISHNAPATNAM,Working,3,MV XIN HAI TONG 17,,,GYPSUM,Dry/General Bulk,54878,54878.0,D,2026-08-11,2026-08-11,2026-08-13,OMAN,,SEAGREEN STEVEDORING AND LOGISTICS PVT LTD,
2026-08-11,KRISHNAPATNAM,Working,2,MV PRINCESS GRACE,,,COAL,Dry/General Bulk,73035,73035.0,D,2026-08-09,2026-08-09,2026-08-14,RUSSIA,,UNICORN MARITIMES (INDIA) PVT LTD,
2026-08-11,KRISHNAPATNAM,Expected,8,MV DECCAN PRIDE,,,COAL,Dry/General Bulk,73658,73658.0,D,2026-08-11,2026-08-11,2026-08-13,PARADIP,,J M BAXI MARINE SERVICES PVT. LTD.,
2026-08-11,KRISHNAPATNAM,Expected,4,MV JUNO PACIFIC,,,FERTILIZER,Dry/General Bulk,30530,30530.0,D,2026-08-12,2026-08-13,2026-08-16,"LUBUK GAUNG, INDONESIA",,ALAP CARRIERS,
2026-08-11,KRISHNAPATNAM,Expected,S4A,MV ELIM COURAGE,,,GRANITE,Other,10500,10500.0,L,2026-08-12,2026-08-12,2026-08-14,CHINA,,PUYVAST LOGISTICS PVT LTD,
2026-08-11,KRISHNAPATNAM,Expected,WB-2,MT THERESA LEO,,,CPO,Other,15997.700999999999,15997.701,D,2026-08-12,2026-08-13,2026-08-16,MALAYSIA,,INTEROCEAN SHIPPING(INDIA)PVT LTD,
2026-08-11,KRISHNAPATNAM,Expected,1,MV NAN XIN 9,,,COAL,Dry/General Bulk,30500,30500.0,D,2026-08-13,2026-08-13,2026-08-16,RUSSIA,,SEATRANS MARINE PVT. LTD,
2026-08-11,KRISHNAPATNAM,Expected,6,MV LADY J,,,COAL,Dry/General Bulk,67500,67500.0,D,2026-08-13,2026-08-13,2026-08-15,INDONESIA,,J M BAXI MARINE SERVICES PVT. LTD.,
2026-08-11,KRISHNAPATNAM,Expected,8,M.V GIORGAKIS,,,COAL,Dry/General Bulk,79000,79000.0,D,2026-08-13,2026-08-13,2026-08-15,PARADIP,,M/S.SARAT CHATTERJEE & CO,
2026-08-11,KRISHNAPATNAM,Expected,2,MV CAPT EUGENE,,,TSP FERTILIZER,Dry/General Bulk,34262,34262.0,D,2026-08-14,2026-08-14,2026-08-18,MOROCCO,,ATLANTIC GLOBAL SHIPPING PVT LTD,
2026-08-11,KRISHNAPATNAM,Expected,6,MV PACIFIC STAR,,,COAL,Dry/General Bulk,75000,75000.0,D,2026-08-14,2026-08-15,2026-08-17,PARADIP,,SARAT CHATTERJEE & CO (VSP) PVT LTD,
2026-08-11,KRISHNAPATNAM,Expected,7,MV VIOLETTA K,,,COAL,Dry/General Bulk,75000,75000.0,D,2026-08-15,2026-08-15,2026-08-17,PARADIP,,GAC SHIPPING PVT LTD.,
2026-08-11,KRISHNAPATNAM,Expected,S4,MV DOUKATO,,,COAL,Dry/General Bulk,83680,83680.0,D,2026-08-15,2026-08-15,2026-08-19,"NACALA PORT, MOZAMBIQUE",,SPARTANS MARINE SERVICES PRIVATE LIMITED,
2026-08-11,KRISHNAPATNAM,Expected,3,MV CAPE TAIZHOU,,,COAL,Dry/General Bulk,156326,156326.0,D,2026-08-15,2026-08-15,2026-08-20,RUSSIA,,MERCHANT SHIPPING SERVICES PVT. LTD.,
2026-08-11,KRISHNAPATNAM,Expected,5,MV MINERAL FAITH,,,IRON ORE,Dry/General Bulk,170000,170000.0,D,2026-08-16,2026-08-16,2026-08-21,"WESTERN AUSTRALIA, PORT HEDLAND",,GPR MARITIME AGENCIES,
2026-08-11,KRISHNAPATNAM,Expected,8,MV CHOLA PROSPERITY,,,COAL,Dry/General Bulk,74960,74960.0,D,2026-08-16,2026-08-16,2026-08-18,PARADIP,,ATLANTIC GLOBAL SHIPPING PVT LTD,
2026-08-11,KRISHNAPATNAM,Expected,6,MV ANDROS SPIRIT,,,COAL,Dry/General Bulk,49927,49927.0,D,2026-08-16,2026-08-17,2026-08-19,"RICHARDS BAY, SOUTH AFRICA",,JYOTHI MARINE SERVICES PVT LTD- OPA GAC SHIPPING,
2026-08-11,KRISHNAPATNAM,Expected,4,MV LV DAISY,,,DAP,Other,31400,31400.0,D,2026-08-18,2026-08-18,2026-08-21,"AQABA INDUSTRIAL, JORDAN",,***,
2026-08-11,KRISHNAPATNAM,Expected,1,MV XIN CHEN HAI YANG,,,SHIP UNLOADERS,Other,4098.8469999999998,4098.847,D,2026-08-19,2026-08-19,2026-08-25,CHINA,,SAMSARA SHIPPING PVT LTD,
2026-08-11,KRISHNAPATNAM,Expected,3,MV WESER POINT,,,LIMESTONE,Dry/General Bulk,76200,76200.0,D,2026-08-19,2026-08-20,2026-08-23,CHINA,,MERCHANT SHIPPING SERVICES PVT. LTD.,
2026-08-11,KRISHNAPATNAM,Expected,2,MV. SUN ISLAND,,,COAL,Dry/General Bulk,38230,38230.0,D,2026-08-20,2026-08-20,2026-08-22,"HAYPOINT, AUSTRALIA",,ASSOCIATED SHIPPING SERVICES,
2026-08-11,KRISHNAPATNAM,Expected,1,MV VITA MELODY,,,COAL,Dry/General Bulk,48871,48871.0,D,2026-05-28,2026-05-28,2026-05-31,INDONESIA,,JYOTHI MARINE,
2026-08-11,SANDHEADS,Working,,PELOPIDAS,,G'LESS,REVERT,Other,,,,NOT READY,090600,REVERT,,,N/A,
2026-08-11,SANDHEADS,Working,,THERE ARE 4 VIRTUAL ANCHORAGE POINTS AT SAGAR AND 4 VESSELS CAN WORK SIMULTANEOUSLY SUB PORT CONSIDERATION,,,,Other,,,,,,,,,,
2026-08-11,SANDHEADS,Working,,"VESSEL'S BERTHING MOVEMENT DEPENDS ON ALL FAVORABLE CONDITIONS SUCH AS CGO DOCS READINESS, VSL'S SENIORITY,",,,,Other,,,,,,,,,,
2026-08-11,SANDHEADS,Working,,"WEATHER CONDITIONS, CONGESTION & BERTH AVAILABILITY",,,,Other,,,,,,,,,,
2026-08-11,SANDHEADS,Working,,Port Working Hours: 24 x 7 basis,,,,Other,,,,,,,,,,
2026-08-11,SANDHEADS,Working,,COASTAL VESSELS HAVE OUSTING PRIORITY,,,,Other,,,,,,,,,,
2026-08-11,SAGAR,Waiting,,MV. SEA FALCON,,GEARED,MANGANESE ORE,Dry/General Bulk,,,,2026-08-14,2026-08-15,2026-08-16,,,BOTHRA,
2026-08-11,SAGAR,Waiting,,MV. WELL DREAM,,GEARED,LIMESTONE,Dry/General Bulk,,,,2026-08-20,2026-08-21,2026-08-22,,,GAC SHIPPING,
2026-08-11,HALDIA,Working,4B,MV. METTLE STARE-I,,GEARLESS,COKING COAL,Dry/General Bulk,32000,32000.0,DISCH,2025-10-22,2025-10-23,2025-10-24,,TATA STEEL,TMILL,
2026-08-11,HALDIA,Working,5,MV. AMAZON,,GEARLESS,COKING COAL,Dry/General Bulk,30000,30000.0,DISCH,2026-08-09,2026-08-10,2026-08-12,,TATA STEEL,TMILL,
2026-08-11,HALDIA,Working,10,MV. EAST WIND 1,,GEARED,YELLOW PEAS,Other,20000,20000.0,DISCH,2026-07-28,2026-08-07,2026-08-14,,VARIOUS,SEAVISION,
2026-08-11,HALDIA,Working,13,MV. ULTRA LYNX,,GEARLESS,LIMESTONE,Dry/General Bulk,35183,35183.0,DISCH,2026-08-08,2026-08-09,2026-08-11,,TATA STEEL,WILHELMSEN,
2026-08-11,HALDIA,Waiting,2,MV. SHINE RUBY,,GEARLESS,COKING COAL,Dry/General Bulk,30000,30000.0,DISCH,2026-08-10,2026-08-11,2026-08-13,,TATA INTERNATIONAL,SEATRANS,
2026-08-11,HALDIA,Waiting,1,MV. PAN CERES,,GEARLESS,STEAM COAL,Dry/General Bulk,35000,35000.0,DISCH,2026-08-11,2026-08-11,2026-08-13,,BALAJI MALTS,SEATRANS,
2026-08-11,HALDIA,Waiting,13,MV. PACIFIC ADVANCE,,GEARED,GYPSUM,Dry/General Bulk,30610,30610.0,DISCH,2026-08-11,2026-08-12,2026-08-14,,ACCESS DEVELOPER & GYPMART INDIA,ALAP,
2026-08-11,HALDIA,Waiting,14,MV.LORIENT,,GEARLESS,STEAM COAL,Dry/General Bulk,33000,33000.0,DISCH,2026-08-11,2026-08-12,2026-08-14,,HPL,GAC SHIPPING,
2026-08-11,HALDIA,Waiting,9,MV. SKIATHOS,,GEARLESS,METALLURGICAL COKE,Dry/General Bulk,32000,32000.0,DISCH,2026-08-11,2026-08-12,2026-08-14,,ORISSA METALIKS & RASHMI GREEN,EVEREADY,
2026-08-11,HALDIA,Expected,12,MV.HT PIONEER,,GEARED,STEEL ROUNDS,Dry/General Bulk,10730,10730.0,DISH,2026-08-11,,,,Jindal Steel,SEATRANS,
2026-08-11,HALDIA,Expected,"2,8,9 & 13",MV. JIN MING 82,,GEARED,MANGANESE ORE,Dry/General Bulk,21050,21050.0,DISCH,2026-08-12,2026-08-14,2026-08-16,,VARIOUS,GAC SHIPPING,DECLEAR FOR MHC BERTH
2026-08-11,HALDIA,Expected,"2,8,9 & 13",MV. SEA FALCON,,GEARED,MANGANESE ORE,Dry/General Bulk,28000,28000.0,DISCH,2026-08-14,2026-08-17,2026-08-22,,VARIOUS,BOTHRA,"DECLEAR FOR MHC BERTH ,(TO LIGHTEN AT SAGAR 4500 MT)"
2026-08-11,HALDIA,Expected,12,MV. BASIC FORTUNE,,GEARLESS,LIMESTONE,Dry/General Bulk,30000,30000.0,DISCH,2026-08-14,2026-08-16,2026-08-18,,TATA STEEL,TMILL,DECLEAR FOR TMILL BERTH
2026-08-11,HALDIA,Expected,"2,8,9 & 13",MV. AMNSI MAXIMUS,,GEARLESS,PYROXENITE,Other,34200,34200.0,DISCH,2026-08-14,2026-08-16,2026-08-18,,TATA STEEL,SAMSARA,DECLEAR FOR TMILL BERTH
2026-08-11,HALDIA,Expected,4B,MV. ODYSSEAS L,,GEARLESS,COKING COAL,Dry/General Bulk,30000,30000.0,DISCH,2026-08-15,2026-08-17,2026-08-19,,TATA STEEL,TMILL,DECLEAR FOR GBTPL BERTH
2026-08-11,HALDIA,Expected,"2,8,9 & 13",MV. ACHILLEAS S,,GEARED,MANGANESE ORE,Dry/General Bulk,17660,17660.0,DISCH,2026-08-17,2026-08-18,2026-08-20,,VARIOUS,GAC SHIPPING,DECLEAR FOR MHC BERTH
2026-08-11,HALDIA,Expected,"2,8,9 & 13",MV.SAKIZAYA XCEL,,GEARLESS,LIMESTONE,Dry/General Bulk,33000,33000.0,DISCH,2026-08-18,2026-08-19,2026-08-21,,TATA STEEL,KANOOO,DECLEAR FOR TMILL BERTH
2026-08-11,HALDIA,Expected,"2,8,9 & 13",MV.GOLDEN ARSENAL,,GEARED,ROCK PHOSPHATE,Dry/General Bulk,18600,18600.0,DISCH,2026-08-18,2026-08-19,2026-08-21,,"Indorama India,Jay Shree Tea & Teesta Agro Industries",ALAP,DECLEAR FOR TMILL BERTH
2026-08-11,HALDIA,Expected,"2,8,9 & 13",MV. WELL DREAM,,GEARED,LIMESTONE,Dry/General Bulk,26639,26639.0,DISCH,2026-08-20,2026-08-23,2026-05-25,,SHYAM SEL,GAC SHIPPING,"DECLEAR FOR MHC BERTH , (TO LIGHTEN AT SAGAR 4000 MT)"
2026-08-11,DHAMRA,Working,B -3/17/350,MV CHOLA MELODY,PANAMAX,,THERMAL COAL,Dry/General Bulk,,,LOADING,2026-08-05,B -3/17/350,2026-08-12,,NTECL,BOTHRA,
2026-08-11,DHAMRA,Working,B-3 A /14.5/350,MV BASIC FORTUNE,PANAMAX,,LIMESTONE,Dry/General Bulk,,,DISCHARGE,2026-08-08,B-3 A /14.5/350,2026-08-14,,TATA,TMIL,
2026-08-11,DHAMRA,Working,B-3A S /13.5,MV MH ARPEGGIO,HANDIMAX,,IRON ORE PELLETS,Dry/General Bulk,,,LOADING,2026-08-02,B-3A S /13.5,2026-08-13,,RUNGTA SONS,GAC,
2026-08-11,DHAMRA,Working,B-4/17/300,MV APJ SHIRINI,HANDIMAX,,PYROXENITE,Other,,,DISCHARGE,2026-08-01,B-4/17/300,2026-08-13,,PARAG VINMAY,SMPL,
2026-08-11,DHAMRA,Working,B-5/17/300,MV YANGTZE DAWN,HANDIMAX,,UREA,Other,,,DISCHARGE,2026-07-31,B-5/17/300,2026-08-11,,INDIAN POTASH LTD,SMPL,
2026-08-11,DHAMRA,Waiting,B-3,MV INCE ISTANBUL,PANAMAX,,IRON ORE PELLETS,Dry/General Bulk,75000 MT,75000.0,LOADING,2026-08-09,2026-08-12,2026-08-14,,ORISSA METALICES PVT LTD/SHYAM METALICS,ATLANTIC,
2026-08-11,DHAMRA,Waiting,B-5,MV GCL SABARMATI,CAPE,,LIMESTONE,Dry/General Bulk,105000 MT,105000.0,DISCHARGE,2026-08-09,2026-08-14,2026-08-20,,TATA,TMIL/SAMSARA,
2026-08-11,DHAMRA,Waiting,B-4,MV PRINCESS JONNA,HANDIMAX,,HR COIL,Other,40000 MT,40000.0,LOADING,2026-08-10,2026-08-13,2026-08-16,,TATA,TMIL,
2026-08-11,DHAMRA,Waiting,B-3,MV MAHIC PERSEUS,PANAMAX,,THERMAL COAL,Dry/General Bulk,76460 MT,76460.0,LOADING,2026-08-10,2026-08-14,2026-08-17,,MOXIE POWER,GAC,
2026-08-11,DHAMRA,Waiting,B-3AS,MV SAKIZAYA XCEL,PANAMAX,,LIMESTONE,Dry/General Bulk,45000 MT,45000.0,DISCHARGE,2026-08-10,2026-08-13,2026-08-16,,TATA,TMIL,
2026-08-11,DHAMRA,Expected,B-3,MV ENGIADINA,HANDIMAX,,IRON ORE PELLETS,Dry/General Bulk,55000 MT,55000.0,LOADING,2026-08-11,2026-08-17,2026-08-18,,RUNGTA MINES,INFINITY,
2026-08-11,DHAMRA,Expected,B-1,MV ODYSSEAS,PANAMAX,,COAL,Dry/General Bulk,45000 MT,45000.0,DISCHARGE,2026-08-12,2026-08-12,2026-08-13,,TATA,TMIL,
2026-08-11,DHAMRA,Expected,B-3A,MV OCEAN HOPE,HANDIMAX,,IRON ORE FINES,Dry/General Bulk,55000 MT,55000.0,LOADING,2026-08-12,2026-08-12,2026-08-15,,LAXMI EXPORTS,SPARTANS,
2026-08-11,DHAMRA,Expected,B-2,MV CELINA,PANAMAX,,COKING COAL,Dry/General Bulk,75000 MT,75000.0,DISCHARGE,2026-08-12,2026-08-12,2026-08-13,,SAIL,SMPL/INTEROCEAN/SPARTANS,
2026-08-11,DHAMRA,Expected,B-3AS,MV GREEK SEAS,PANAMAX,,LIMESTONE,Dry/General Bulk,45000 MT,45000.0,DISCHARGE,2026-08-13,2026-08-17,2026-08-20,,TATA,TMIL,
2026-08-11,DHAMRA,Expected,B-3,MV PORT NARA,HANDIMAX,,THERMAL COAL,Dry/General Bulk,32000 MT,32000.0,LOADING,2026-08-13,2026-08-18,2026-08-19,,ORISSA METALICES PVT LTD/SHYAM METALICS,ATLANTIC,
2026-08-11,DHAMRA,Expected,B-4,MV SAFESEA SINDOOR,HANDIMAX,,COIL/SLAB,Dry/General Bulk,30000 MT,30000.0,LOADING,2026-08-15,2026-08-16,2026-08-22,,JINDAL STEEL LTD,JM BAXI,
2026-08-11,DHAMRA,Expected,B-3,MV PORTLAND,HANDIMAX,,SLAG,Other,55000 MT,55000.0,LOADING,2026-08-15,2026-08-19,2026-08-21,,TATA,EIPL,
2026-08-11,DHAMRA,Expected,B-1,MV ANDRO SPIRIT,PANAMAX,,COKING COAL,Dry/General Bulk,38000 MT,38000.0,DISCHARGE,2026-08-20,2026-08-20,2026-08-21,,ADANI ENTERPRISES LTD,JYOTHI,
2026-08-11,DHAMRA,Expected,B-2,MV EASTERN QUINCE,PANAMAX,,COKING COAL,Dry/General Bulk,78000 MT,78000.0,DISCHARGE,2026-08-21,2026-08-21,2026-08-23,,TATA,TMIL/BEN LINE,
2026-08-11,PARADIP PORT,Waiting & Expected,,MV. ENDLESS HORIZON,,189.99/13.00,ROCK PHOSPHATE,Dry/General Bulk,56038 MT,56038.0,DISCHARGE,08/1624 HRS,,,HIGH SEAS,PPL,OSL,
2026-08-11,PARADIP PORT,Waiting & Expected,,MV. ANASTASIA K,,229.00/,ROCK PHOSPHATE,Dry/General Bulk,76015 MT,76015.0,DISCHARGE,13/1800 HRS,,,HIGH SEAS,IFFCO,JMS,
2026-08-11,PARADIP PORT,Waiting & Expected,,MT. PLATA SOUTH,,333.00/,CRUDE OIL,Liquid/Chemical Bulk,269855 MT,269855.0,DISCHARGE,10/2106HRS,,,HIGH SEAS,IOCL PLD,GAC,
2026-08-11,PARADIP PORT,Waiting & Expected,,MT. ATHERINA,,339.76/21.50,CRUDE OIL,Liquid/Chemical Bulk,286442 MT,286442.0,DISCHARGE,11/2000 HRS,,,HIGH SEAS,IOCL PLD,ISIPL,
2026-08-11,PARADIP PORT,Waiting & Expected,,MV. APJ SETHU,,224.86/,THERMAL COAL,Dry/General Bulk,75000 MT,75000.0,LOADING,07/0354 HRS,2026-08-11,2026-08-12,HIGH SEAS,TNPGCL,SEAPORT,NOT READY
2026-08-11,PARADIP PORT,Waiting & Expected,,MV. MARINE FORTUNE I,,225.00/13.80,THERMAL COAL,Dry/General Bulk,72000 MT,72000.0,LOADING,08/1624 HRS,2026-08-11,2026-08-12,HIGH SEAS,TNPGCL,SEAPORT,NOT READY
2026-08-11,PARADIP PORT,Waiting & Expected,,MV. LILA FUJI,,229.00/14.50,THERMAL COAL,Dry/General Bulk,77000 MT,77000.0,LOADING,10/1436 HRS,2026-08-12,2026-08-13,KRISHNAPATNAM,NTPC/KUDGI,GAC,SUB TO READINESS
2026-08-11,PARADIP PORT,Waiting & Expected,,MV. JAL VAIBHAV,,228.05/14.50,THERMAL COAL,Dry/General Bulk,85000 MT,85000.0,LOADING,10/1242 HRS,2026-08-12,2026-08-13,KRISHNAPATNAM,NTECL/SARAT,BOTHRA,SUB TO READINESS
2026-08-11,PARADIP PORT,Waiting & Expected,,MV. AQUASTAR,,199.92/,THERMAL COAL,Dry/General Bulk,60000 MT,60000.0,LOADING,10/1245 HRS,2026-08-12,2026-08-13,KRISHNAPATNAM,MAHAGENCO,ACEC,SUB TO READINESS
2026-08-11,PARADIP PORT,Waiting & Expected,,MV. PACIFIC STAR,,224.90/14.50,THERMAL COAL,Dry/General Bulk,74000MT,74000.0,LOADING,11/0600 HRS,2026-08-12,2026-08-13,KRISHNAPATNAM,SEMBCORP,SCC(VSP),SUB TO READINESS
2026-08-11,PARADIP PORT,Waiting & Expected,,MV. VIOLETTA K,,228.99/14.50,THERMAL COAL,Dry/General Bulk,75000 MT,75000.0,LOADING,11/0906 HRS,2026-08-13,2026-08-14,ENNORE,APPDCL/ADANI,GAC,SUB TO READINESS
2026-08-11,PARADIP PORT,Waiting & Expected,,MV. RIPLEY PINNACLE,,225.00/14.50,THERMAL COAL,Dry/General Bulk,74000 MT,74000.0,LOADING,11/1800 HRS,2026-08-13,2026-08-14,ENNORE,APGEN/RIPLEY,SSS,SUB TO READINESS
2026-08-11,PARADIP PORT,Waiting & Expected,,MV. CHOLA PROSPERITY,,225.00/14.50,THERMAL COAL,Dry/General Bulk,44000 MT,44000.0,LOADING,11/2130 HRS,2026-08-13,2026-08-14,KRISHNAPATNAM,KPCLA/C CLPL,SSS,SUB TO READINESS
2026-08-11,PARADIP PORT,Waiting & Expected,,MV. W SAPPHIRE,,229.00/14.50,THERMAL COAL,Dry/General Bulk,75000 MT,75000.0,LOADING,12/0600 HRS,2026-08-14,2026-08-15,KRISHNAPATNAM,APPDCL/ADANI,GAC,SUB TO READINESS
2026-08-11,PARADIP PORT,Waiting & Expected,,MV. APJ KABIR ANAND,,225.00/14.50,THERMAL COAL,Dry/General Bulk,75000 MT,75000.0,LOADING,13/1800 HRS,2026-08-14,2026-08-15,HIGH SEAS,TNPGCL,SEAPORT,NOT READY
2026-08-11,PARADIP PORT,Waiting & Expected,,MV. AFRICAN ISABELLE,,199.98/13.50,THERMAL COAL,Dry/General Bulk,74000 MT,74000.0,LOADING,14/0600 HRS,2026-08-14,2026-08-15,KAKINADA,APG/SC,SCC(VSP),SUB TO READINESS
2026-08-11,PARADIP PORT,Waiting & Expected,,MV TAN BINH 259,,175.53/9.50,STEEL COILS,Dry/General Bulk,25391 MT,25391.0,DISCHARGE,22/1625 HRS,2026-08-12,2026-08-14,BAHODOPI,JINDAL STAINLESS,SSS,SUB TO READINESS
2026-08-11,PARADIP PORT,Waiting & Expected,,MV. CONCARAN,,199.98/13.42,PIG IRON,Dry/General Bulk,51500 MT,51500.0,LOADING,29/1300 HRS,2026-08-12,2026-08-16,CORPUS CHR,MSC AGENCY,GAC,CONTAINER PRIORITY
2026-08-11,PARADIP PORT,Waiting & Expected,,MV. STAR HELSINKI,,199.90/12.23,UREA,Other,49350 MT,49350.0,DISCHARGE,09/0712 HRS,2026-08-17,2026-08-21,UST-LUGA,BRAHMAPUTRA,SSS,SUB TO READINESS
2026-08-11,PARADIP PORT,Waiting & Expected,,MV. MAGIC ARIEL,,229.00/7.50,PIG IRON,Dry/General Bulk,66000 MT,66000.0,LOADING,09/1124 HRS,2026-08-14,2026-08-17,SINGAPORE,OMPL,J M BAXIMSPL,SUB TO READINESS
2026-08-11,PARADIP PORT,Waiting & Expected,,MV. DELAVITA,,229.00/7.50,PIG IRON,Dry/General Bulk,60500 MT,60500.0,LOADING,10/0130 HRS,2026-08-17,2026-08-22,SINGAPORE,RAMSARUP,GAC,SUB TO READINESS
2026-08-11,PARADIP PORT,Waiting & Expected,,MV. DP WORLD THAMIRABARANI,,142.70/6.90,CONTAINER,Container,10324 MT,10324.0,LOADING,10/0130 HRS,2026-08-11,2026-08-12,HALDIA,SWS/JSL/SAL,UNIFEEDER,CONTAINER PRIORITY
2026-08-11,PARADIP PORT,Waiting & Expected,,MV. MSC MAKOTO II,,175.49/7.50,CONTAINER,Container,10324 MT,10324.0,LOADING,17/1800 HRS,2026-08-16,2026-08-17,COLOMBO,MSC AGENGY,MSC AGENGY,CONTAINER PRIORITY
2026-08-11,PARADIP PORT,Waiting & Expected,,MV. MARINE CRYSTAL,,249.88/15.15,HARD COKING COAL,Dry/General Bulk,111185 MT,111185.0,DISCHARGE,09/2000 HRS,2026-08-12,2026-08-15,ABBOT POINT,JSPL/JSOL,SWS,SUB TO READINESS
2026-08-11,PARADIP PORT,Waiting & Expected,,MV. YM DELIGHT,,228.99/9.88,HARD COKING COAL,Dry/General Bulk,32000 MT,32000.0,DISCHARGE,10/0248 HRS,,,SINGAPORE,JSW JFE,J M BAXIMSPL,SUB TO READINESS
2026-08-11,PARADIP PORT,Waiting & Expected,,MV. DDS MARINA,,126.80/9.10,AMMONIUM NITRATE,Other,11327 MT,11327.0,DISCHARGE,16/0600 HRS,,,HIGH SEAS,SPECIAL,SRAVAN,SQ
2026-08-11,PARADIP PORT,Waiting & Expected,,MV. JIN HAI RUN,,199.85/13.65,IRON ORE PELLET,Dry/General Bulk,61920 MT,61920.0,LOADING,11/1300 HRS,,,HIGH SEAS,RSPL,INFINITY,
2026-08-11,PARADIP PORT,Waiting & Expected,,MV. YANGTZE DAWN,,189.99/,IRON ORE PELLET,Dry/General Bulk,55000 MT,55000.0,LOADING,12/0600 HRS,,,HIGH SEAS,RSPL,GAC,
2026-08-11,PARADIP PORT,Waiting & Expected,,MV. OCEAN WINNER,,225.00/14.35,IRON ORE FINES,Dry/General Bulk,73000 MT,73000.0,LOADING,05/2118 HRS,,,CHINA,OCL IRON,BOTHRA,
2026-08-11,PARADIP PORT,Waiting & Expected,,MV. QING QUAN SHAN,,199.90/,IRON ORE PELLET,Dry/General Bulk,35000 MT,35000.0,LOADING,09/0229 HRS,2026-08-09,2026-08-10,CHINA,RMLL,GAC,
2026-08-11,PARADIP PORT,Waiting & Expected,,MT. NV AQUAMARINE,,225.12/,BUTANE/PROPANE,Liquid/Chemical Bulk,24000 MT,24000.0,DISCHARGE,19/1912 HRS,,,HIGHSEAS,IOCL,ISIPL,
2026-08-11,PARADIP PORT,Waiting & Expected,,MT. SOPRANO SERENE,,179.88/11.80,HSD/M.SPIRIT,Liquid/Chemical Bulk,19500 MT,19500.0,DISCHARGE,01/1000 HRS,,,HALDIA,BPCL,AGS,
2026-08-11,PARADIP PORT,Waiting & Expected,,MT. NOVA BREEZE,,180.00/10.40,AMMONIA,Liquid/Chemical Bulk,25000 MT,25000.0,DISCHARGE,03/0812 HRS,,,HIGHSEAS,IFFCO/PPL,J M BAXIMSPL,
2026-08-11,PARADIP PORT,Waiting & Expected,,MT. FAIRWAY,,274.00/7.70,NAPTHA,Other,14000 MT,14000.0,LOADING,11/1000 HRS,,,HIGHSEAS,IOCL,AGS,
2026-08-11,PARADIP PORT,Waiting & Expected,,MT. SANMAR SHEHNAI,,182.50/7.70,NAPTHA,Other,14000MT,14000.0,LOADING,12/1000 HRS,,,KANDLA,IOCL,J M BAXIMSPL,
2026-08-11,PARADIP PORT,Waiting & Expected,,MV. BLUE SPIRIT,,229.00/14.45,COKING COAL,Dry/General Bulk,78001 MT,78001.0,DISCHARGE,05/1512 HRS,2026-08-11,2026-08-15,TAMAN,JSPL,SSS,MPB
2026-08-11,PARADIP PORT,Waiting & Expected,,MV. AMNSI MAXIMUS,,229.00/13.50,PYROXENITE,Other,40000 MT,40000.0,DISCHARGE,06/0818 HRS,2026-08-11,2026-08-13,FUJAIRAH,TATA,TMIL,CQ-2
2026-08-11,PARADIP PORT,Waiting & Expected,,MV. HOANG ANH 03,,140.19/,R P COKE,Dry/General Bulk,10000 MT,10000.0,DISCHARGE,09/0600 HRS,2026-08-12,2026-08-13,LUMUT,GCL,ACEC,CQ-1
2026-08-11,PARADIP PORT,Waiting & Expected,,MV. OTHONOI,,229.00/14.45,COKING COAL,Dry/General Bulk,79100 MT,79100.0,DISCHARGE,09/2054HRS,2026-08-13,2026-08-17,HAYPOINT,JSPL,JMS,CQ-2
2026-08-11,PARADIP PORT,Waiting & Expected,,MV. EVER SUPERIOR,,116.99/7.90,FERRO CHROM,Dry/General Bulk,8900 MT,8900.0,DISCHARGE,11/0600 HRS,2026-08-13,2026-08-14,POHANG,IMFA,CHOWGULE,CQ-1
2026-08-11,PARADIP PORT,Waiting & Expected,,MV. BASIC STAR,,189.98/10.20,C.COAL/PCI COAL,Dry/General Bulk,44000 MT,44000.0,DISCHARGE,12/1230 HRS,2026-08-14,2026-08-16,HALDIA,TATA,TMIL,CQ-1
2026-08-11,PARADIP PORT,Waiting & Expected,,MV. ERACLEA,,189.98/10.20,HARD COKING COAL,Dry/General Bulk,37155 MT,37155.0,DISCHARGE,12/1530 HRS,2026-08-15,2026-08-17,BEIRA,JSPL,SSS,SQ
2026-08-11,PARADIP PORT,Waiting & Expected,,MV. SERENITY,,186.40/,MET COKE,Dry/General Bulk,17720 MT,17720.0,DISCHARGE,14/0600 HRS,2026-08-15,2026-08-16,BARRANQUILLA,IMFA,OSL,MPB
2026-08-11,PARADIP PORT,Waiting & Expected,,MV. BRILLIANT ADVANCE,,228.99/14.53,COKING COAL,Dry/General Bulk,79300 MT,79300.0,DISCHARGE,16/0600 HRS,2026-08-17,2026-08-20,HIGH SEAS,TATA,TMIL,MPB
2026-08-11,PARADIP PORT,Waiting & Expected,,"PRIORITY BERTHING ALLOWED FOR ALL IMPORT/EXPORT DRY BULK CARGO TO M/S. JSPL, TATA, JSW SAMBALPUR AT GCB.",,,,Other,,,,,,,,,,
2026-08-11,PARADIP PORT,Waiting & Expected,,"VESSEL WHICH CAN NOT PERFORM AS THE REQUIRED PORT NORMS, SHE WILL BE SHIFTED TO ROADS AND HER BERTHING WILL BE DECIDED AS THE LAST VESSEL ON SERIAL.",,,,Other,,,,,,,,,,
2026-08-11,PARADIP PORT,Waiting & Expected,,"MAXIMUM OF TWO COASTAL VESSELS WILL BE TAKEN AT A TIME IN THE CONVENTIONAL BERTH W.E.F 07-OCT-2018,TILL FURTHER ORDER",,,,Other,,,,,,,,,,
2026-08-11,KAKINADA,Waiting,,M.V. BLOOM HALO,,,IRON ORE PELLETS,Dry/General Bulk,63550,63550.0,,2026-08-11,,,,LLOYDS METALS,BOTHRA,
2026-08-11,KAKINADA,Waiting,,SAILED VESSELS::,,,,Other,,,,,,,,,,
2026-08-11,KAKINADA,Waiting,,M.V.AM PROGRESS,,,,Other,,,,2026-08-06,,,,,,
2026-08-11,KAKINADA,Waiting,,M.T. NORD VANQUISH,,,,Other,,,,2026-08-09,,,,,,
2026-08-11,KAKINADA,Waiting,,M.V. THAI BINH 02,,,,Other,,,,2026-08-07,,,,,,
2026-08-11,KAKINADA,Expected,,M.V.ESPERITA,,,RICE,Dry/General Bulk,50000,50000.0,,2026-08-14,,,,,IMPERIAL,
2026-08-11,KAKINADA,Expected,,M.V.LIBRA,,,RICE,Dry/General Bulk,50000,50000.0,,2026-08-15,,,,,LOTUS,
2026-08-11,KAKINADA,Expected,,M.V.ALEXANDROS III,,,RICE,Dry/General Bulk,7500,7500.0,,2026-08-15,,,,,LOTUS,
2026-08-11,KAKINADA,Expected,,M.T. DIWAKAR,,,DIESEL MOTOR SPIRIT,Liquid/Chemical Bulk,9537 3958,,,2026-08-11,,,,NAYARA,SRI OCEANIC,
2026-08-11,KAKINADA,Expected,,M.V.VIVA ECLIPSE,,,DAP,Other,49500,49500.0,,2026-08-11,,,,KRIBHCO,ANLINE,
2026-08-11,KAKINADA,Expected,,M.V. ECO CZAR,,,COAL,Dry/General Bulk,75000,75000.0,,2026-08-12,,,,A.P.GENCO,BOTHRA,
2026-08-11,KAKINADA,Expected,,M.T. ORCHID SYLT,,,SULPHURIC ACID,Liquid/Chemical Bulk,20500,20500.0,,2026-08-13,,,,CIL,SEAPHOENIX,
2026-08-11,KAKINADA,Expected,,M.V. BOSHI 78,,,ALUMINA,Dry/General Bulk,30653,30653.0,,2026-08-13,,,,BALCO,ESDI MARITIME,
2026-08-11,KAKINADA,Expected,,M.V. ROYAL FALCON,,,ALUMINA,Dry/General Bulk,31499,31499.0,,2026-08-15,,,,BALCO,JYOTHI MARINE,
2026-08-11,KAKINADA,Expected,,M.T. DX PIONEER,,,EDIBLE OIL,Other,13000,13000.0,,2026-08-17,,,,"GEMINI , NAVABHARAT PATANJALI SANTHOSHIMATHAA",SEAPORT SERVICES,
2026-08-11,KAKINADA,Expected,,M.V.DEBBIE,,,GENERAL CARGO,Other,133,133.0,,2026-08-19,,,,SCHLUMERGER ASIA SERVICES,PAREKH MARINE,
2026-08-11,KAKINADA,Expected,,M.V.RISHABH,,,,Other,,,,2026-02-05,,,,,,
2026-08-11,GANGAVARAM,Working,B1,MV ND THELIX,,,GRANULATED SLAG,Other,56570,56570.0,,2026-07-08,B1,2026-08-11,,MINISTRANS,GPR MARITIME,MANUAL BERTH / SHIP CRANES
2026-08-11,GANGAVARAM,Working,B2,MV GESELA OLDENDORFF,,,LIMESTONE,Dry/General Bulk,77750,77750.0,,2026-07-08,B2,2026-08-12,,THE COMMODITY HUB,SPARTANS,
2026-08-11,GANGAVARAM,Working,B4,MV VISHVA PRERNA,,,IRON ORE FINES,Dry/General Bulk,52625,52625.0,,2026-08-10,B4,2026-08-12,,KIOCL,SEAWAYS,MECHNICAL CONCEYOR LOADING BERTH
2026-08-11,GANGAVARAM,Working,B6,MV MARAN UNITY,,,BAUXITE,Dry/General Bulk,169274,169274.0,,2026-08-06,B6,2026-08-13,,PIONEER ALUMINA,RICHMARK,MECHNICAL CONCEYOR DISCH BERTH
2026-08-11,GANGAVARAM,Working,B7,MV KOBE HARMONY,,,CP COKE,Dry/General Bulk,26250,26250.0,,2026-07-31,B7,2026-08-14,,VEDANTA/BALCO,SPARTANS,MANUAL BERTH / SHIP CRANES
2026-08-11,GANGAVARAM,Working,B8,MV RIPLEY PROSPERITY,,,THERMAL COAL,Dry/General Bulk,75000,75000.0,,2026-08-11,B8,2026-08-14,COASTAL,ADANI,JYOTHI,HMC BERTH
2026-08-11,GANGAVARAM,Waiting,B4,MV VISHVA VIKAS,,,IRON ORE FINES,Dry/General Bulk,55000,55000.0,,2026-08-11,B4,2026-08-14,,KIOCL,SEAWAYS,
2026-08-11,GANGAVARAM,Expected,B1,MV LIA,,,STEEL BILLETS,Dry/General Bulk,40000,40000.0,,2026-08-12,B1,2026-08-18,,RINL,SPARTANS,
2026-08-11,GANGAVARAM,Expected,B3,MV AQUAPRIMA,,,LIMESTONE,Dry/General Bulk,75000,75000.0,,2026-08-12,B3,2026-08-15,,JSW,ATLANTIC,
2026-08-11,GANGAVARAM,Expected,B5,MV VISHVA CHETNA,,,COKING COAL,Dry/General Bulk,47200,47200.0,,2026-08-12,B5,2026-08-14,,SAIL,SEAWAYS,
2026-08-11,GANGAVARAM,Expected,B6,MV FIRST HUNTER,,,COKING COAL,Dry/General Bulk,46800,46800.0,,2026-08-12,B6,2026-08-13,,SAIL,GAC,
2026-08-11,GANGAVARAM,Expected,B5,SERENDIPITY,,,COKING COAL,Dry/General Bulk,46500,46500.0,,2026-08-14,B5,2026-08-15,,SAIL,GAC,
2026-08-11,VISAKHAPATNAM,Working,OB-1,MV PORTO DOLICHA,,,IRON ORE FINES,Dry/General Bulk,53420,53420.0,L,2026-08-09,OB-1,2026-08-10,,,JYOTHI,SAILED
2026-08-11,VISAKHAPATNAM,Working,VGCB,MV ALPHA TROPHY,,,BAUXITE IN BULK,Dry/General Bulk,198041,198041.0,D,2026-08-06,VGCB,2026-08-17,,,IMPERIAL,
2026-08-11,VISAKHAPATNAM,Working,CB-3,MV SNL HAIKOU,,,CONTAINERS,Container,12445,12445.0,D/L,2026-08-10,CB-3,2026-08-11,,,P A MARITIME,
2026-08-11,VISAKHAPATNAM,Working,CB-4,MV SM MANALI,,,CONTAINERS,Container,39356,39356.0,D/L,2026-08-09,CB-4,2026-08-11,,,SIMA MARINE,
2026-08-11,VISAKHAPATNAM,Working,AVCTPL[EQ-1A],MV KONA EXPLORER,,,LIMESTONE,Dry/General Bulk,78846,78846.0,D,2026-08-10,AVCTPL[EQ-1A],2026-08-14,,,WALTER CUMIN,
2026-08-11,VISAKHAPATNAM,Working,EQ-3,MV ALEXANDROS III,,,RICE IN BAGS,Dry/General Bulk,23070,23070.0,L,2026-08-04,EQ-3,2026-08-16,,,DHANISHTA,
2026-08-11,VISAKHAPATNAM,Working,EQ-4,MV CYMONAEAGLE,,,AMMONIUM SULPHTE IN BULK,Other,29400,29400.0,D,2026-08-05,EQ-4,2026-08-11,,,SEATRANS,
2026-08-11,VISAKHAPATNAM,Working,EQ-6,MV LIAN YI DA 1 HAO,,,ALUMINA IN BULK,Dry/General Bulk,28400,28400.0,L,2026-08-01,EQ-6,2026-08-12,,,INTEROCEAN,
2026-08-11,VISAKHAPATNAM,Working,EQ-7,MT BOW ORION,,,PHOSPHERIC ACID,Other,10000,10000.0,D,2026-08-09,EQ-7,2026-08-11,,,GAC,
2026-08-11,VISAKHAPATNAM,Working,EQ-8 (VSPL),MV YASA RUBY,,,COKING COAL,Dry/General Bulk,79841,79841.0,D,2026-08-10,EQ-8 (VSPL),2026-08-14,,,IMPERIAL,
2026-08-11,VISAKHAPATNAM,Working,EQ-9 (VSPL),MV BELLA OLYMPIA,,,COKING COAL,Dry/General Bulk,28321,28321.0,D,2026-08-09,EQ-9 (VSPL),2026-08-11,,,INFINITY,
2026-08-11,VISAKHAPATNAM,Working,WQ-1,MV ONE AND ONLY,,,FERRO MANGANESE IN BULK & BAGS & STEEL CARGO.,Dry/General Bulk,28092,28092.0,L,2026-07-23,WQ-1,2026-08-13,,,SAIANS,SHIFTS TO WQ-1 ON 07.08.2026
2026-08-11,VISAKHAPATNAM,Working,WQ-2,MV JIN MING 82,,,MANGANESE ORE,Dry/General Bulk,34100,34100.0,D,2026-08-05,WQ-2,2026-08-11,,,INTEGRAL,
2026-08-11,VISAKHAPATNAM,Working,WQ-3,MV TATEV,,,ALUMINA IN BAGS,Dry/General Bulk,27600,27600.0,L,2026-08-07,WQ-3,2026-08-17,,,INTEROCEAN,
2026-08-11,VISAKHAPATNAM,Working,WQ-5,MV SERENITY,,,LAM COKE,Dry/General Bulk,7000,7000.0,D,2026-08-10,WQ-5,2026-08-12,,,K.R & SONS,
2026-08-11,VISAKHAPATNAM,Working,WQ-7,Handed over to m/s VMBCTPL for projecdt development,,,,Other,,,,,WQ-7,,,,,
2026-08-11,VISAKHAPATNAM,Working,OR-1,OR -1 Berth spared for Revamping by CE department,,,,Other,,,,,OR-1,,,,,
2026-08-11,VISAKHAPATNAM,Working,OR-2,MT DAWN HARIDWAR,,,VLSFO,Other,7000,7000.0,D,2026-08-08,OR-2,2026-08-12,,,HARIKA,
2026-08-11,VISAKHAPATNAM,Working,OR-3,MT SWARNA PUSHP,,,ATF,Liquid/Chemical Bulk,3827,3827.0,D,2026-08-07,OR-3,2026-08-11,,,HARIKA,
2026-08-11,VISAKHAPATNAM,Waiting,1,MV WELL DREAM,,,QUICK LIME IN BAGS,Other,4000,4000.0,D,2026-06-26,1,,,,SPARTANS,
2026-08-11,VISAKHAPATNAM,Waiting,2,LPG/C. SEARMBLER,,,ANDHROUS AMMONIA,Liquid/Chemical Bulk,10000,10000.0,D,2026-07-17,2,,,,GAC,RE-ANCH
2026-08-11,VISAKHAPATNAM,Waiting,3,LPG/C. GAS PRIME,,,LPG,Other,22000,22000.0,D,2026-08-08,3,,,,INTEROCEAN,
2026-08-11,VISAKHAPATNAM,Waiting,4,MT AB OLIVIA,,,TRSP/ NAPTHA,Other,10000,10000.0,L,2026-08-10,4,,,,ATLANTIC,
2026-08-11,VISAKHAPATNAM,Waiting,5,MT LOURDES,,,HSD & MS,Liquid/Chemical Bulk,6000,6000.0,L,2026-08-10,5,2026-08-12,,,ATLANTIC,
2026-08-11,VISAKHAPATNAM,Waiting,6,MV SANTA ANGELINA,,,IRON ORE FINES,Dry/General Bulk,55000,55000.0,L,2026-08-11,6,,,,JYOTHI,
2026-08-11,VISAKHAPATNAM,Waiting,7,MV PAULA TRADER,,,FERRO MANGANESE & STEEL CARGO,Dry/General Bulk,20350,20350.0,L,2026-08-11,7,,,,SAIANS,
2026-08-11,VISAKHAPATNAM,Waiting,8,MV NESTORS,,,UREA,Other,55000,55000.0,D,2026-08-11,8,,,,INTEROCEAN,
2026-08-11,VISAKHAPATNAM,Waiting,9,MV SEA FALCON,,,MANGANESE ORE,Dry/General Bulk,19321,19321.0,D,2026-08-11,9,,,,NAVSHIP,
2026-08-11,VISAKHAPATNAM,Waiting,10,MV DONG FANG WEI YE,,,ALUMINA IN BAGS,Dry/General Bulk,31500,31500.0,L,2026-08-11,10,,,,ESHWAR,
2026-08-11,VISAKHAPATNAM,Expected,,MT VT QUEEN,,,TRSP/ NAPTHA,Other,10000,10000.0,L,2026-08-11,,,,,ATLANTIC,
2026-08-11,VISAKHAPATNAM,Expected,,MT SANCHI,,,HSD,Liquid/Chemical Bulk,6000,6000.0,L,2026-08-11,2026-08-12,,,,INTEROCEAN,
2026-08-11,VISAKHAPATNAM,Expected,,MV XIN HAI TONG 807,,,STEAM COAL,Dry/General Bulk,78260,78260.0,D,2026-08-11,,,,,SEATRANS,
2026-08-11,VISAKHAPATNAM,Expected,,MV ACHILLEAS S,,,MANGANESE ORE,Dry/General Bulk,38831,38831.0,D,2026-08-11,2026-08-12,,,,GAC,
2026-08-11,VISAKHAPATNAM,Expected,,MV HONG YAO,,,CONTAINERS,Container,5000,5000.0,D/L,2026-08-11,2026-08-11,,,,P.V.RAMANMUR,
2026-08-11,VISAKHAPATNAM,Expected,,MV CHENNAI VALARCHI,,,THERMAL COAL,Dry/General Bulk,77000,77000.0,L,2026-08-12,,,,,SEAPORT,
2026-08-11,VISAKHAPATNAM,Expected,,MV INFINITY,,,ALUMINA POWDER IN BULK,Dry/General Bulk,30600,30600.0,L,2026-08-12,2026-08-12,,,,RVSS,
2026-08-11,VISAKHAPATNAM,Expected,,LPG/C ETERNAL GLORY,,,LPG,Other,23000,23000.0,D,2026-08-12,,,,,BOTHRA,
2026-08-11,VISAKHAPATNAM,Expected,,MV GCL YAMUNA,,,IRON ORE PELLETS,Dry/General Bulk,105000,105000.0,L,2026-08-13,,,,,JYOTHI,
2026-08-11,VISAKHAPATNAM,Expected,,MV HAI DUONG 68,,,STEEL CARGO,Dry/General Bulk,5000,5000.0,L,2026-08-13,,,,,SPARTANS,
2026-08-11,VISAKHAPATNAM,Expected,,MV PANDA,,,ALUMINA IN BAGS,Dry/General Bulk,33000,33000.0,L,2026-08-13,,,,,INTEROCEAN,
2026-08-11,VISAKHAPATNAM,Expected,,MV SSI IRRSISTIBLE,,,AMMONIUM SULPHTE IN BULK,Other,40500,40500.0,D,2026-08-13,,,,,SEATRANS,
2026-08-11,VISAKHAPATNAM,Expected,,MV KATERINA III,,,M.COKE & NUT COKE,Dry/General Bulk,30010,30010.0,D,2026-08-13,,,,,GAC,
2026-08-11,VISAKHAPATNAM,Expected,,MT MARAN AJAX,,,CRUDE OIL,Liquid/Chemical Bulk,248000,248000.0,D,2026-08-13,,,,,ATLANTIC,
2026-08-11,VISAKHAPATNAM,Expected,,MV HALDI,,,"STONE AGGREGATE ,CEMENT & GENERAL CARGO",Dry/General Bulk,5000,5000.0,L,2026-08-14,,,,,FAIRMACS,
2026-08-11,VISAKHAPATNAM,Expected,,MV BAO CHANG,,,ROCK PHOSPHATE,Dry/General Bulk,45000,45000.0,D,2026-08-14,,,,,RDS OIL,
2026-08-11,VISAKHAPATNAM,Expected,,MV THEOSKEPASTI,,,STEAM COAL,Dry/General Bulk,71670,71670.0,D,2026-08-14,,,,,SEATRANS,
2026-08-11,VISAKHAPATNAM,Expected,,MV OAK ANTON,,,NUT COKE IN BULK,Dry/General Bulk,17700,17700.0,D,2026-08-14,,,,,NAVSHIP,
2026-08-11,VISAKHAPATNAM,Expected,,MV SITC PORTKLANG,,,CONTAINERS,Container,10200,10200.0,D/L,2026-08-14,,,,,ELS,
2026-08-11,VISAKHAPATNAM,Expected,,MV ZHONG GU XIONG AN,,,CONTAINERS,Container,25000,25000.0,D/L,2026-08-15,,,,,BTL,
2026-08-11,VISAKHAPATNAM,Expected,,MV AFRICAN PEACOCK,,,C.P.COKE,Dry/General Bulk,16000,16000.0,L,2026-08-16,,,,,ESHWAR,
2026-08-11,VISAKHAPATNAM,Expected,,MV DARLEAKAY,,,MANGANESE ORE,Dry/General Bulk,25000,25000.0,D,2026-08-16,,,,,BOTHRA,
2026-08-11,VISAKHAPATNAM,Expected,,MV MOGRAL,,,CONTAINERS,Container,40000,40000.0,D/L,2026-08-16,,,,,SIMA MARINE,
2026-08-11,VISAKHAPATNAM,Expected,,MV GCL SABARMATI,,,IRON ORE PELLETS,Dry/General Bulk,105000,105000.0,L,2026-08-17,,,,,JYOTHI,
2026-08-11,VISAKHAPATNAM,Expected,,MV MINI ATLAS,,,MANGANESE ORE,Dry/General Bulk,4800,4800.0,L,2026-08-17,,,,,GAC,
2026-08-11,VISAKHAPATNAM,Expected,,MV ODELMAR,,,UREA,Other,13000,13000.0,D,2026-08-17,,,,,ALAP,
2026-08-11,VISAKHAPATNAM,Expected,,MV SSI CONQUEST,,,TSP & DAP,Other,52700,52700.0,D,2026-08-17,,,,,BOTHRA,
2026-08-11,VISAKHAPATNAM,Expected,,MV NAVIOS BAHAMAS,,,CONTAINERS,Container,20000,20000.0,D/L,2026-08-17,,,,,UNIFEEDEER,
2026-08-11,VISAKHAPATNAM,Expected,,MV SEA TOPAZ,,,ALUMINA IN BULK,Dry/General Bulk,31500,31500.0,L,2026-08-18,,,,,INTEROCEAN,
2026-08-11,VISAKHAPATNAM,Expected,,MV ATP FORTUNE,,,MANGANESE ORE,Dry/General Bulk,23500,23500.0,D,2026-08-18,,,,,K.R.SONS,
2026-08-11,VISAKHAPATNAM,Expected,,MV SHIN SHUN,,,STEAM COAL,Dry/General Bulk,56836,56836.0,D,2026-08-19,,,,,SEATRANS,
2026-08-11,VISAKHAPATNAM,Expected,,MV AGRAFA,,,MANGANESE ORE,Dry/General Bulk,35596,35596.0,D,2026-08-19,,,,,BOTHRA,
2026-08-11,VISAKHAPATNAM,Expected,,MV STAR COPENHAGEN,,,UREA,Other,54266,54266.0,D,2026-08-20,,,,,CROSS TRADING,
2026-08-11,VISAKHAPATNAM,Expected,,MV MILAS,,,ROCK PHOSPHATE,Dry/General Bulk,47900,47900.0,D,2026-08-21,,,,,RDS OIL,
2026-08-11,VISAKHAPATNAM,Expected,,MV NORSE MOBILE,,,FERRO MANGANESE & STEEL CARGO,Dry/General Bulk,29200,29200.0,L,2026-08-23,,,,,SAIANS,
2026-08-11,VISAKHAPATNAM,Expected,,MV SSL SABARIMALAI,,,CONTAINERS,Container,8500,8500.0,D/L,2026-08-24,,,,,UNIFEEDEER,
2026-08-11,VISAKHAPATNAM,Expected,,MV SM MANALI,,,CONTAINERS,Container,40000,40000.0,D/L,2026-08-24,,,,,SIMA MARINE,
2026-08-11,VISAKHAPATNAM,Expected,,MV MOGRAL,,,CONTAINERS,Container,40000,40000.0,D/L,2026-08-26,,,,,SIMA MARINE,
2026-08-12,KARAIKAL,Working,I,MV. ZAHAB JAHAN 1,,,GYPSUM,Dry/General Bulk,54850,54850.0,IMP,2026-08-12,2026-08-12,2026-08-14,,,,
2026-08-12,KARAIKAL,Expected,,MV. ND THELKIS,,,SLAG,Other,56570,56570.0,IMP,2026-08-13,2026-08-13,2026-08-15,,,,
2026-08-12,KARAIKAL,Expected,,MV. CHRISEA,,,COAL,Dry/General Bulk,75850,75850.0,IMP,2026-08-13,2026-08-16,2026-08-18,,,,
2026-08-12,KARAIKAL,Expected,,MV. SAKIZAAYA VICTORY,,,COAL,Dry/General Bulk,77000,77000.0,IMP,2026-08-14,2026-08-14,2026-08-16,,,,
2026-08-12,KARAIKAL,Expected,,MV. VSG PIONEER,,,COAL,Dry/General Bulk,75000,75000.0,IMP,2026-08-14,2026-08-15,2026-08-17,,,,
2026-08-12,KARAIKAL,Expected,,MV. BAO RUN,,,UREA,Other,42000,42000.0,IMP,2026-08-18,2026-08-18,2026-08-20,,,,
2026-08-12,GOPALPUR,Expected,MPB-1,MV TONG YING,,,MET COKE,Dry/General Bulk,22322,22322.0,D,2026-08-14,2026-08-14,2026-08-16,,,PAREKH(CA)/EVEREADY(OPA),
2026-08-12,GOPALPUR,Expected,MPB-2,MV CHOLA DESTINY,,,GYPSUM,Dry/General Bulk,50000,50000.0,D,2026-08-16,2026-08-16,2026-08-19,,,SEATRANS,
2026-08-12,GOPALPUR,Expected,MPB-3,MV LH ANTHEA,,,LIMESTONE,Dry/General Bulk,74509,74509.0,D,2026-08-19,2026-08-19,2026-08-22,,,SEATRANS,
2026-08-12,CHENNAI,Working,JD1,AMNS POLAR,,,S.COILS/ST.PLATES,Dry/General Bulk,13040,13040.0,D,2026-08-12,2026-08-12,2026-08-14,,,SAMSARA,
2026-08-12,CHENNAI,Expected,JD4,RADHA MOHAN,,,BITUMEN,Other,4228,4228.0,D,2026-08-12,2026-08-12,2026-08-14,,,ATLANTIC,
2026-08-12,CHENNAI,Expected,WQ2,GLOVIS SILVER,,,CARS,Other,4500,4500.0,L,2026-08-13,2026-08-13,2026-08-14,,,CARTRANS,
2026-08-12,CHENNAI,Expected,WQ3/CQ,QUEEN COARL,,,SCOIL,Other,2462,2462.0,D,2026-08-13,2026-08-13,2026-08-15,,,PUYVAST,
2026-08-12,CHENNAI,Expected,JD2,LEOPARD II,,,BARY,Other,54000,54000.0,L,2026-08-13,2026-08-13,2026-08-16,,,ATLANTIC,
2026-08-12,CHENNAI,Expected,SQ1/JD1,ONE AND ONLY,,,PROJ,Other,600,600.0,L,2026-08-14,2026-08-14,2026-08-16,,,NTC,
2026-08-12,CHENNAI,Expected,SQ1/JD1,SEA STELLAR,,,PROJ/STEEL,Dry/General Bulk,795-7843,,D/D,2026-08-15,2026-08-15,2026-08-17,,,UNITRANS,
2026-08-12,CHENNAI,Expected,WQ1/2,MRC SEDEF,,,CSFO,Other,6000,6000.0,D,2026-08-15,2026-08-15,2026-08-17,,,INTEROCEAN,
2026-08-12,CHENNAI,Expected,SQ1/JD1/3,STAR LYSEFJORD,,,PROJ,Other,110,110.0,L,2026-08-15,2026-08-15,2026-08-16,,,PEARL,
2026-08-12,CHENNAI,Expected,JD,SJ LILY,,,S.COILS/ST.PLATES,Dry/General Bulk,8720,8720.0,D,2026-08-16,2026-08-16,2026-08-17,,,SAMSARA,
2026-08-12,CHENNAI,Expected,JD1/SQ1,HT LOTUS,,,FLOU,Other,10000,10000.0,D,2026-08-16,2026-08-16,2026-08-20,,,SEAGREEN,
2026-08-12,CHENNAI,Expected,WQ1/2/BD2,FORTUNE GLORY,,,CSFO,Other,8000,8000.0,D,2026-08-18,2026-08-18,2026-08-20,,,GAC,
2026-08-12,CHENNAI,Expected,JD1/3/5,CHARLIE,,,PROJ,Other,4,4.0,D,2026-08-20,2026-08-20,2026-08-22,,,PAREKH,
2026-08-12,CHENNAI,Expected,,BRIGHT STAR,,,ST.COILS/HR.COILS/ST.BAR/ST.PLATES,Dry/General Bulk,7702/5498/696/306,,D,2026-08-20,2026-08-20,2026-08-22,,,SAMSARA,
2026-08-12,CHENNAI,Expected,JD6/2/5,ECO CHEYENNE,,,PROJ,Other,1712,1712.0,L,2026-08-20,2026-08-20,2026-08-22,,,MARCONS,
2026-08-12,ENNORE,Working,CB1,Chola Serenity,,,T COAL,Dry/General Bulk,75410,75410.0,D,2026-08-11,CB1,2026-08-13,,,SEAPORT,COASTAL
2026-08-12,ENNORE,Working,MLT,WILOWS,,,HSD/MS,Liquid/Chemical Bulk,19000,19000.0,D,2026-08-09,MLT,2026-08-12,,,SAMSARA,COASTAL
2026-08-12,ENNORE,Working,LNGT,LNG/C San Navigator,,,LNG,Other,62100,62100.0,D,2026-08-12,LNGT,2026-08-13,,,ATLANTIC,
2026-08-12,ENNORE,Working,EBTPL,BRONE LADY,,,ST.WI.ROD,Other,11500,11500.0,L,2026-07-20,EBTPL,2026-08-14,,,SEAGREEN,
2026-08-12,ENNORE,Waiting,ECTPL,Alasia,,,T COAL,Dry/General Bulk,59400,59400.0,D,2026-08-11,2026-08-12,2026-08-14,,,MERCHANT,COASTAL
2026-08-12,ENNORE,Expected,GCB,Orion Highway,,,AUTOMOBILE,Other,600,600.0,L,2026-08-12,2026-08-12,2026-08-13,,,K STEAM,
2026-08-12,ENNORE,Expected,CB1,CHOLA LEGACY,,,T COAL,Dry/General Bulk,76410,76410.0,D,2026-08-13,2026-08-13,2026-08-16,,,SEAPORT,COASTAL
2026-08-12,ENNORE,Expected,ECTPL,Vishva Jyoti,,,T.COAL,Dry/General Bulk,68500,68500.0,D,2026-08-14,2026-08-14,2026-08-16,,,SEAGREEN,COASTAL
2026-08-12,ENNORE,Expected,ECTPL,TIDE JUPITER,,,S COAL,Dry/General Bulk,75702,75702.0,D,2026-08-14,2026-08-16,2026-08-18,,,PEARL,
2026-08-12,ENNORE,Expected,CB2,Chola Melody,,,T COAL,Dry/General Bulk,74500,74500.0,D,2026-08-14,2026-08-14,2026-08-16,,,JESPA,COASTAL
2026-08-12,ENNORE,Expected,GCB,TARUS LEADER,,,AUTOMOBILE,Other,18000,18000.0,L,2026-08-14,2026-08-14,2026-08-15,,,NYK,
2026-08-12,ENNORE,Expected,EBTPL,SHENLI,,,BARYTES,Other,54000,54000.0,L,2026-08-14,2026-08-15,2026-08-19,,,EVERWIN,
2026-08-12,ENNORE,Expected,GCB,Sirius Highway,,,AUTOMOBILE,Other,18000,18000.0,L,2026-08-14,2026-08-15,2026-08-16,,,K STEAM,
2026-08-12,ENNORE,Expected,ECTPL,STAR EVA,,,S COAL,Dry/General Bulk,103901,103901.0,D,2026-08-15,2026-08-19,2026-08-23,,,MERCHANT,
2026-08-12,ENNORE,Expected,ECTPL,SUNRISE I,,,S COAL,Dry/General Bulk,40952,40952.0,D,2026-08-14,2026-08-18,2026-08-19,,,PEARL,
2026-08-12,ENNORE,Expected,ECTPL,Venus Star,,,S COAL,Dry/General Bulk,78547,78547.0,D,2026-08-16,2026-08-19,2026-08-21,,,GAC,
2026-08-12,ENNORE,Expected,EBTPL,Fortune Sunshine,,,L.STONE,Other,71037,71037.0,D,2026-08-18,2026-08-19,2026-08-22,,,PEARL,
2026-08-12,ENNORE,Expected,GCB,Jasper Arrow,,,AUTOMOBILE,Other,900,900.0,L,2026-08-24,2026-08-24,2026-08-25,,,K STEAM,
2026-08-12,KRISHNAPATNAM,Working,WB-2,MV JUNO PACIFIC,,,FERTILIZER,Dry/General Bulk,30530,30530.0,D,2026-08-12,2026-08-12,2026-08-16,"LUBUK GAUNG, INDONESIA",,ALAP CARRIERS,
2026-08-12,KRISHNAPATNAM,Working,WB-1,MT KEYSTONE,,,CPO-8800MT & RBD -3008MT,Other,11808,11808.0,D,2026-08-11,2026-08-11,2026-08-13,INDONESIA,,ATLANTIC GLOBAL SHIPPING PVT LTD,
2026-08-12,KRISHNAPATNAM,Working,8,MV DECCAN PRIDE,,,COAL,Dry/General Bulk,73658,73658.0,D,2026-08-12,2026-08-12,2026-08-14,PARADIP,,J M BAXI MARINE SERVICES PVT. LTD.,
2026-08-12,KRISHNAPATNAM,Working,7,MV LADY,,,COAL,Dry/General Bulk,61500,61500.0,D,2026-08-09,2026-08-09,2026-08-12,HALDIA & PARADIP,,SARAT CHATTERJEE & CO (VSP) PVT LTD,
2026-08-12,KRISHNAPATNAM,Working,5,MV XH META,,,IRON ORE FINES,Dry/General Bulk,188824,188824.0,D,2026-08-07,2026-08-08,2026-08-14,BRAZIL,,GPR MARITIME AGENCIES.,
2026-08-12,KRISHNAPATNAM,Working,4,MV MEDUSA,,,UREA,Other,47000,47000.0,D,2026-08-07,2026-08-08,2026-08-14,CHINA,,TAURUS SHIPPING,
2026-08-12,KRISHNAPATNAM,Working,3,MV XIN HAI TONG 17,,,GYPSUM,Dry/General Bulk,54878,54878.0,D,2026-08-11,2026-08-11,2026-08-13,OMAN,,SEAGREEN STEVEDORING AND LOGISTICS PVT LTD,
2026-08-12,KRISHNAPATNAM,Working,2,MV PRINCESS GRACE,,,COAL,Dry/General Bulk,73035,73035.0,D,2026-08-09,2026-08-09,2026-08-14,RUSSIA,,UNICORN MARITIMES (INDIA) PVT LTD,
2026-08-12,KRISHNAPATNAM,Expected,WB-3,MT THERESA LEO,,,CPO,Other,15997.700999999999,15997.701,D,2026-08-12,2026-08-12,2026-08-15,MALAYSIA,,INTEROCEAN SHIPPING(INDIA)PVT LTD,
2026-08-12,KRISHNAPATNAM,Expected,S4A,MV ELIM COURAGE,,,GRANITE,Other,14000,14000.0,L,2026-08-13,2026-08-13,2026-08-15,CHINA,,PUYVAST LOGISTICS PVT LTD,
2026-08-12,KRISHNAPATNAM,Expected,1,MV NAN XIN 9,,,COAL,Dry/General Bulk,30500,30500.0,D,2026-08-13,2026-08-13,2026-08-16,RUSSIA,,SEATRANS MARINE PVT. LTD,
2026-08-12,KRISHNAPATNAM,Expected,6,MV LADY J,,,COAL,Dry/General Bulk,67500,67500.0,D,2026-08-13,2026-08-13,2026-08-15,INDONESIA,,J M BAXI MARINE SERVICES PVT. LTD.,
2026-08-12,KRISHNAPATNAM,Expected,8,M.V GIORGAKIS,,,COAL,Dry/General Bulk,79000,79000.0,D,2026-08-13,2026-08-14,2026-08-16,PARADIP,,M/S.SARAT CHATTERJEE & CO,
2026-08-12,KRISHNAPATNAM,Expected,7,MV W-SAPPHIRE,,,COAL,Dry/General Bulk,75000,75000.0,D,2026-08-14,2026-08-14,2026-08-16,PARADIP,,GAC SHIPPING PVT LTD.,
2026-08-12,KRISHNAPATNAM,Expected,WB-1,MV PENNA SURAKSHA,,,CEMENT,Dry/General Bulk,25000,25000.0,L,2026-08-14,2026-08-14,2026-08-17,COCHIN,,MBK LOGISTIX PVT LTD,
2026-08-12,KRISHNAPATNAM,Expected,2,MV CAPT EUGENE,,,TSP FERTILIZER,Dry/General Bulk,34262,34262.0,D,2026-08-14,2026-08-14,2026-08-18,MOROCCO,,ATLANTIC GLOBAL SHIPPING PVT LTD,
2026-08-12,KRISHNAPATNAM,Expected,6,MV AQUASTAR,,,COAL,Dry/General Bulk,59611,59611.0,D,2026-08-14,2026-08-15,2026-08-17,PARADIP,,SARAT CHATTERJEE & CO (VSP) PVT LTD,
2026-08-12,KRISHNAPATNAM,Expected,8,MV PACIFIC STAR,,,COAL,Dry/General Bulk,75000,75000.0,D,2026-08-14,2026-08-15,2026-08-17,PARADIP,,SARAT CHATTERJEE & CO (VSP) PVT LTD,
2026-08-12,KRISHNAPATNAM,Expected,7,MV VIOLETTA K,,,COAL,Dry/General Bulk,75000,75000.0,D,2026-08-15,2026-08-16,2026-08-18,PARADIP,,GAC SHIPPING PVT LTD.,
2026-08-12,KRISHNAPATNAM,Expected,S4,MV DOUKATO,,,COAL,Dry/General Bulk,83680,83680.0,D,2026-08-15,2026-08-15,2026-08-19,"NACALA PORT, MOZAMBIQUE",,SPARTANS MARINE SERVICES PRIVATE LIMITED,
2026-08-12,KRISHNAPATNAM,Expected,3,MV CAPE TAIZHOU,,,COAL,Dry/General Bulk,156326,156326.0,D,2026-08-15,2026-08-15,2026-08-20,RUSSIA,,MERCHANT SHIPPING SERVICES PVT. LTD.,
2026-08-12,KRISHNAPATNAM,Expected,5,MV MINERAL FAITH,,,IRON ORE,Dry/General Bulk,170000,170000.0,D,2026-08-16,2026-08-16,2026-08-21,"WESTERN AUSTRALIA, PORT HEDLAND",,GPR MARITIME AGENCIES,
2026-08-12,KRISHNAPATNAM,Expected,8,MV CHOLA PROSPERITY,,,COAL,Dry/General Bulk,74960,74960.0,D,2026-08-16,2026-08-17,2026-08-19,PARADIP,,ATLANTIC GLOBAL SHIPPING PVT LTD,
2026-08-12,KRISHNAPATNAM,Expected,WB-3,MT DALMACIJA,,,CDSBO,Other,8280.25,8280.25,D,2026-08-16,2026-08-16,2026-08-18,"SANLORENZO, ARGENTINA",,INTEROCEAN SHIPPING(INDIA)PVT LTD,
2026-08-12,KRISHNAPATNAM,Expected,4,MV LV DAISY,,,DAP,Other,31400,31400.0,D,2026-08-17,2026-08-17,2026-08-21,AQABA SEAPORT OF JORDAN,,***,
2026-08-12,KRISHNAPATNAM,Expected,6,MV ANDROS SPIRIT,,,COAL,Dry/General Bulk,49927,49927.0,D,2026-08-17,2026-08-17,2026-08-19,"RICHARDS BAY, SOUTH AFRICA",,JYOTHI MARINE SERVICES PVT LTD- OPA GAC SHIPPING,
2026-08-12,KRISHNAPATNAM,Expected,WB-1,MT SH GLORY,,,CDSBO,Other,11000,11000.0,D,2026-08-19,2026-08-19,2026-08-21,CHINA,,ATLANTIC GLOBAL SHIPPING PVT LTD,
2026-08-12,KRISHNAPATNAM,Expected,1,MV XIN CHEN HAI YANG,,,SHIP UNLOADERS,Other,4098.8469999999998,4098.847,D,2026-08-19,2026-08-19,2026-08-25,CHINA,,SAMSARA SHIPPING PVT LTD,
2026-08-12,KRISHNAPATNAM,Expected,3,MV WESER POINT,,,LIMESTONE,Dry/General Bulk,76200,76200.0,D,2026-08-19,2026-08-20,2026-08-23,CHINA,,MERCHANT SHIPPING SERVICES PVT. LTD.,
2026-08-12,KRISHNAPATNAM,Expected,2,MV. SUN ISLAND,,,COAL,Dry/General Bulk,38230,38230.0,D,2026-08-20,2026-08-20,2026-08-22,"HAYPOINT, AUSTRALIA",,ASSOCIATED SHIPPING SERVICES,
2026-08-12,KRISHNAPATNAM,Expected,5,MV WEI HE,,,LIMESTONE,Dry/General Bulk,77000,77000.0,D,2026-08-20,2026-08-21,2026-08-24,CHINA,,MERCHANT SHIPPING SERVICES PVT. LTD.,
2026-08-12,KRISHNAPATNAM,Expected,1,MV VITA MELODY,,,COAL,Dry/General Bulk,48871,48871.0,D,2026-05-28,2026-05-28,2026-05-31,INDONESIA,,JYOTHI MARINE,
2026-08-12,KATTUPALLI,Working,CB3,EATERN BANGKOK,,,SILICA SANT,Other,30300,30300.0,D,2026-08-09,2026-08-09,2026-08-12,,,SEAGREEN,
2026-08-12,KATTUPALLI,Expected,CB3,CL LINDY,,,DOLOMITE,Dry/General Bulk,60500,60500.0,D,2026-08-16,2026-08-16,2026-08-20,,,PEARL/SEAGREEN,
2026-08-12,SANDHEADS,Working,,PELOPIDAS,,G'LESS,REVERT,Other,,,,NOT READY,090600,REVERT,,,N/A,
2026-08-12,SANDHEADS,Working,,THERE ARE 4 VIRTUAL ANCHORAGE POINTS AT SAGAR AND 4 VESSELS CAN WORK SIMULTANEOUSLY SUB PORT CONSIDERATION,,,,Other,,,,,,,,,,
2026-08-12,SANDHEADS,Working,,"VESSEL'S BERTHING MOVEMENT DEPENDS ON ALL FAVORABLE CONDITIONS SUCH AS CGO DOCS READINESS, VSL'S SENIORITY,",,,,Other,,,,,,,,,,
2026-08-12,SANDHEADS,Working,,"WEATHER CONDITIONS, CONGESTION & BERTH AVAILABILITY",,,,Other,,,,,,,,,,
2026-08-12,SANDHEADS,Working,,Port Working Hours: 24 x 7 basis,,,,Other,,,,,,,,,,
2026-08-12,SANDHEADS,Working,,COASTAL VESSELS HAVE OUSTING PRIORITY,,,,Other,,,,,,,,,,
2026-08-12,SAGAR,Waiting,,MV. SEA FALCON,,GEARED,MANGANESE ORE,Dry/General Bulk,,,,2026-08-14,2026-08-15,2026-08-16,,,BOTHRA,
2026-08-12,SAGAR,Waiting,,MV. WELL DREAM,,GEARED,LIMESTONE,Dry/General Bulk,,,,2026-08-20,2026-08-21,2026-08-22,,,GAC SHIPPING,
2026-08-12,HALDIA,Working,4B,MV. METTLE STARE-I,,GEARLESS,COKING COAL,Dry/General Bulk,32000,32000.0,DISCH,2025-10-22,2025-10-23,2025-10-24,,TATA STEEL,TMILL,
2026-08-12,HALDIA,Working,1,MV. PAN CERES,,GEARLESS,STEAM COAL,Dry/General Bulk,35000,35000.0,DISCH,2026-08-11,2026-08-11,2026-08-13,,BALAJI MALTS,SEATRANS,
2026-08-12,HALDIA,Working,2,MV. SHINE RUBY,,GEARLESS,COKING COAL,Dry/General Bulk,30000,30000.0,DISCH,2026-08-10,2026-08-11,2026-08-13,,TATA INTERNATIONAL,SEATRANS,
2026-08-12,HALDIA,Working,10,MV. EAST WIND 1,,GEARED,YELLOW PEAS,Other,20000,20000.0,DISCH,2026-07-28,2026-08-07,2026-08-14,,VARIOUS,SEAVISION,
2026-08-12,HALDIA,Working,13,MV. PACIFIC ADVANCE,,GEARED,GYPSUM,Dry/General Bulk,30610,30610.0,DISCH,2026-08-11,2026-08-12,2026-08-14,,ACCESS DEVELOPER & GYPMART INDIA,ALAP,
2026-08-12,HALDIA,Working,9,MV. SKIATHOS,,GEARLESS,METALLURGICAL COKE,Dry/General Bulk,32000,32000.0,DISCH,2026-08-11,2026-08-12,2026-08-14,,ORISSA METALIKS & RASHMI GREEN,EVEREADY,
2026-08-12,HALDIA,Working,14,MV.LORIENT,,GEARLESS,STEAM COAL,Dry/General Bulk,33000,33000.0,DISCH,2026-08-11,2026-08-12,2026-08-14,,HPL,GAC SHIPPING,
2026-08-12,HALDIA,Waiting,12,MV. JIN MING 82,,GEARED,MANGANESE ORE,Dry/General Bulk,21050,21050.0,DISCH,2026-08-12,2026-08-13,2026-08-15,,VARIOUS,GAC SHIPPING,DECLEAR FOR MHC BERTH
2026-08-12,HALDIA,Expected,12,MV.HT PIONEER,,GEARED,STEEL ROUNDS,Dry/General Bulk,10730,10730.0,DISCH,2026-08-11,2026-08-17,2026-08-22,,Jindal Steel,SEATRANS,
2026-08-12,HALDIA,Expected,"2,8,9 & 13",MV. SEA FALCON,,GEARED,MANGANESE ORE,Dry/General Bulk,28000,28000.0,DISCH,2026-08-14,2026-08-17,2026-08-20,,VARIOUS,BOTHRA SHIPP,"DECLEAR FOR MHC BERTH ,(TO LIGHTEN AT SAGAR 4500 MT)"
2026-08-12,HALDIA,Expected,12,MV. BASIC FORTUNE,,GEARLESS,LIMESTONE,Dry/General Bulk,33000,33000.0,DISCH,2026-08-14,2026-08-15,2026-08-17,,TATA STEEL,TMILL,DECLEAR FOR TMILL BERTH
2026-08-12,HALDIA,Expected,12,MV. AMNSI MAXIMUS,,GEARLESS,PYROXENITE,Other,34200,34200.0,DISCH,2026-08-15,2026-08-16,2026-08-18,,TATA STEEL,SAMSARA SHIPP,DECLEAR FOR TMILL BERTH
2026-08-12,HALDIA,Expected,"2,8,",MV. VISHVA CHETNA,,GEARLESS,COKING COAL,Dry/General Bulk,33000,33000.0,DISCH,2026-08-16,2026-08-17,2026-08-19,,SAIL,SCI,
2026-08-12,HALDIA,Expected,"2,8,9 & 13",MV. TONG YING,,GEARLESS,MET COKE,Dry/General Bulk,32010,32010.0,DISCH,2026-08-16,2026-08-18,2026-08-20,,Orissa Metaliks &,EVEREADY SHIPP,
2026-08-12,HALDIA,Expected,4B,MV. ODYSSEAS L,,GEARLESS,COKING COAL,Dry/General Bulk,34000,34000.0,DISCH,2026-08-17,2026-08-18,2026-08-20,,TATA STEEL,TMILL,DECLEAR FOR GBTPL BERTH
2026-08-12,HALDIA,Expected,"2,8,9 & 13",MV. ACHILLEAS S,,GEARED,MANGANESE ORE,Dry/General Bulk,17660,17660.0,DISCH,2026-08-17,2026-08-18,2026-08-20,,VARIOUS,GAC SHIPPING,DECLEAR FOR MHC BERTH
2026-08-12,HALDIA,Expected,12,MV.SAKIZAYA XCEL,,GEARLESS,LIMESTONE,Dry/General Bulk,33000,33000.0,DISCH,2026-08-18,2026-08-19,2026-08-21,,TATA STEEL,KANOO SHIPP,DECLEAR FOR TMILL BERTH
2026-08-12,HALDIA,Expected,12,MV.GOLDEN ARSENAL,,GEARED,ROCK PHOPHATE,Other,18600,18600.0,DISCH,2026-08-18,2026-08-19,2026-08-21,,VARIOUS,ALAP CARRIERS,DECLEAR FOR TMILL BERTH
2026-08-12,HALDIA,Expected,"2,8,9 & 13",MV. WELL DREAM,,GEARED,LIMESTONE,Dry/General Bulk,22639,22639.0,DISCH,2026-08-20,2026-08-23,2026-05-25,,SHYAM SEL,GAC SHIPPING,"DECLEAR FOR MHC BERTH , (TO LIGHTEN AT SAGAR 4000 MT)"
2026-08-12,DHAMRA,Working,B -3/17/350,MV INCE ISTANBUL,PANAMAX,,IRON ORE PELLETS,Dry/General Bulk,,,LOADING,2026-08-09,B -3/17/350,2026-08-14,,ORISSA METALICES PVT LTD/SHYAM METALICS,ATLANTIC,
2026-08-12,DHAMRA,Working,B-3 A /14.5/350,MV BASIC FORTUNE,PANAMAX,,LIMESTONE,Dry/General Bulk,,,DISCHARGE,2026-08-08,B-3 A /14.5/350,2026-08-14,,TATA,TMIL,
2026-08-12,DHAMRA,Working,B-3A S /13.5,MV ARPEGGIO,HANDIMAX,,IRON ORE PELLETS,Dry/General Bulk,,,LOADING,2026-08-02,B-3A S /13.5,2026-08-15,,RUNGTA SONS,GAC,
2026-08-12,DHAMRA,Working,B-4/17/300,MV APJ SHIRINI,HANDIMAX,,PYROXENITE,Other,,,DISCHARGE,2026-08-01,B-4/17/300,2026-08-13,,PARAG VINMAY,SMPL,
2026-08-12,DHAMRA,Working,B-5/17/300,MV YANGTZE DAWN,HANDIMAX,,UREA,Other,,,DISCHARGE,2026-07-31,B-5/17/300,2026-08-12,,INDIAN POTASH LTD,SMPL,
2026-08-12,DHAMRA,Waiting,B-5,MV GCL SABARMATI,CAPE,,LIMESTONE,Dry/General Bulk,105000 MT,105000.0,DISCHARGE,2026-08-09,2026-08-13,2026-08-19,,TATA,TMIL/SAMSARA,
2026-08-12,DHAMRA,Waiting,B-4,MV PRINCESS JONNA,HANDIMAX,,HR COIL,Other,40000 MT,40000.0,LOADING,2026-08-10,2026-08-13,2026-08-16,,TATA,TMIL,
2026-08-12,DHAMRA,Waiting,B-3,MV MAHIC PERSEUS,PANAMAX,,THERMAL COAL,Dry/General Bulk,76460 MT,76460.0,LOADING,2026-08-10,2026-08-14,2026-08-16,,MOXIE POWER,GAC,
2026-08-12,DHAMRA,Waiting,B-3AS,MV SAKIZAYA XCEL,PANAMAX,,LIMESTONE,Dry/General Bulk,45000 MT,45000.0,DISCHARGE,2026-08-10,2026-08-15,2026-08-16,,TATA,TMIL,
2026-08-12,DHAMRA,Waiting,B-3,MV ENGIADINA,HANDIMAX,,IRON ORE PELLETS,Dry/General Bulk,55000 MT,55000.0,LOADING,2026-08-11,2026-08-16,2026-08-18,,RUNGTA MINES,INFINITY,
2026-08-12,DHAMRA,Waiting,B-3A,MV OCEAN HOPE,HANDIMAX,,IRON ORE FINES,Dry/General Bulk,55000 MT,55000.0,LOADING,2026-08-11,2026-08-13,2026-08-16,,LAXMI EXPORTS,SPARTANS,
2026-08-12,DHAMRA,Expected,B-2,MV CELINA,PANAMAX,,COKING COAL,Dry/General Bulk,45000 MT,45000.0,DISCHARGE,2026-08-12,2026-08-12,2026-08-13,,SAIL,SMPL/INFINITY/SPARTANS,
2026-08-12,DHAMRA,Expected,B-3,MV APJ KABIR ANAND,PANAMAX,,THERMAL COAL,Dry/General Bulk,75000 MT,75000.0,LOADING,2026-08-13,2026-08-18,2026-08-21,,TANGEDCO,JIGSAN,
2026-08-12,DHAMRA,Expected,B-1,MV ODYSSEAS,PANAMAX,,COKING COAL,Dry/General Bulk,45000 MT,45000.0,DISCHARGE,2026-08-13,2026-08-13,2026-08-14,,TATA,TMIL,
2026-08-12,DHAMRA,Expected,B-5,MV GREEK SEAS,PANAMAX,,LIMESTONE,Dry/General Bulk,45000 MT,45000.0,DISCHARGE,2026-08-13,2026-08-19,2026-08-22,,TATA,TMIL,
2026-08-12,DHAMRA,Expected,B-3A,MV PORT NARA,HANDIMAX,,THERMAL COAL,Dry/General Bulk,32000 MT,32000.0,LOADING,2026-08-13,2026-08-16,2026-08-18,,ORISSA METALICES PVT LTD/SHYAM METALICS,ATLANTIC,
2026-08-12,DHAMRA,Expected,B-3AS,MV SHAHRIAR JAHAN,HANDIMAX,,SLAG,Other,46000 MT,46000.0,LOADING,2026-08-14,2026-08-16,2026-08-20,,TATA,EIPL,
2026-08-12,DHAMRA,Expected,B-4,MV SAFESEA SINDOOR,HANDIMAX,,COIL/SLAB,Dry/General Bulk,30000 MT,30000.0,LOADING,2026-08-15,2026-08-16,2026-08-22,,JINDAL STEEL LTD,JM BOXI,
2026-08-12,DHAMRA,Expected,B-3,MV PORTLAND,HANDIMAX,,SLAG,Other,55000 MT,55000.0,LOADING,2026-08-15,2026-08-21,2026-08-23,,TATA,EIPL,
2026-08-12,DHAMRA,Expected,B-2,MV EASTERN QUINCE,PANAMAX,,COKING COAL,Dry/General Bulk,78000 MT,78000.0,DISCHARGE,2026-08-21,2026-08-21,2026-08-23,,TATA,TMIL/BEN LINE,
2026-08-12,DHAMRA,Expected,B-1,MV ANDROS SPIRIT,PANAMAX,,COKING COAL,Dry/General Bulk,38000 MT,38000.0,DISCHARGE,2026-08-23,2026-08-23,2026-08-24,,ADANI ENTERPRISES LTD,JYOTHI/GPR,
2026-08-12,PARADIP PORT,Waiting & Expected,,MV. ENDLESS HORIZON,,189.99/13.00,ROCK PHOSPHATE,Dry/General Bulk,56038 MT,56038.0,DISCHARGE,08/1624 HRS,,,HIGH SEAS,PPL,OSL,
2026-08-12,PARADIP PORT,Waiting & Expected,,MV. ANASTASIA K,,229.00/,ROCK PHOSPHATE,Dry/General Bulk,76015 MT,76015.0,DISCHARGE,13/1800 HRS,,,HIGH SEAS,IFFCO,JMS,
2026-08-12,PARADIP PORT,Waiting & Expected,,MV. KANG SHUN,,189.90/12.42,ROCK PHOSPHATE,Dry/General Bulk,52500 MT,52500.0,DISCHARGE,13/1800 HRS,,,HIGH SEAS,PPL,OSL,
2026-08-12,PARADIP PORT,Waiting & Expected,,MT. PLATA SOUTH,,333.00/,CRUDE OIL,Liquid/Chemical Bulk,269855 MT,269855.0,DISCHARGE,10/2106HRS,,,HIGH SEAS,IOCL PLD,GAC,
2026-08-12,PARADIP PORT,Waiting & Expected,,MT. ATHERINA,,339.76/21.50,CRUDE OIL,Liquid/Chemical Bulk,286442 MT,286442.0,DISCHARGE,11/1812 HRS,,,HIGH SEAS,IOCL PLD,ISIPL,
2026-08-12,PARADIP PORT,Waiting & Expected,,MV. APJ SETHU,,224.86/,THERMAL COAL,Dry/General Bulk,75000 MT,75000.0,LOADING,07/0354 HRS,2026-08-12,2026-08-14,HIGH SEAS,TNPGCL,SEAPORT,NOT READY
2026-08-12,PARADIP PORT,Waiting & Expected,,MV. MARINE FORTUNE I,,225.00/13.80,THERMAL COAL,Dry/General Bulk,72000 MT,72000.0,LOADING,08/1624 HRS,2026-08-13,2026-08-14,HIGH SEAS,TNPGCL,SEAPORT,NOT READY
2026-08-12,PARADIP PORT,Waiting & Expected,,MV. JAL VAIBHAV,,228.05/14.50,THERMAL COAL,Dry/General Bulk,85000 MT,85000.0,LOADING,10/1242 HRS,2026-08-14,2026-08-15,KRISHNAPATNAM,NTECL/SARAT,BOTHRA,SUB TO READINESS
2026-08-12,PARADIP PORT,Waiting & Expected,,MV. LILA FUJI,,229.00/14.50,THERMAL COAL,Dry/General Bulk,77000 MT,77000.0,LOADING,10/1436 HRS,2026-08-14,2026-08-15,KRISHNAPATNAM,NTPC/KUDGI,GAC,SUB TO READINESS
2026-08-12,PARADIP PORT,Waiting & Expected,,MV. PACIFIC STAR,,224.90/14.50,THERMAL COAL,Dry/General Bulk,74000MT,74000.0,LOADING,11/1850 HRS,2026-08-13,2026-08-14,KRISHNAPATNAM,SEMBCORP,SCC(VSP),SUB TO READINESS
2026-08-12,PARADIP PORT,Waiting & Expected,,MV. RIPLEY PINNACLE,,225.00/14.50,THERMAL COAL,Dry/General Bulk,74000 MT,74000.0,LOADING,11/2030 HRS,2026-08-14,2026-08-15,ENNORE,APGEN/RIPLEY,SSS,SUB TO READINESS
2026-08-12,PARADIP PORT,Waiting & Expected,,MV. CHOLA PROSPERITY,,225.00/14.50,THERMAL COAL,Dry/General Bulk,44000 MT,44000.0,LOADING,11/2100 HRS,2026-08-12,2026-08-13,KRISHNAPATNAM,KPCLA/C CLPL,SSS,SUB TO READINESS
2026-08-12,PARADIP PORT,Waiting & Expected,,MV. W SAPPHIRE,,229.00/14.50,THERMAL COAL,Dry/General Bulk,75000 MT,75000.0,LOADING,12/1230 HRS,2026-08-15,2026-08-16,KRISHNAPATNAM,APPDCL/ADANI,GAC,SUB TO READINESS
2026-08-12,PARADIP PORT,Waiting & Expected,,MV. APJ KABIR ANAND,,225.00/14.50,THERMAL COAL,Dry/General Bulk,75000 MT,75000.0,LOADING,13/0300 HRS,2026-08-15,2026-08-16,HIGH SEAS,TNPGCL,SEAPORT,NOT READY
2026-08-12,PARADIP PORT,Waiting & Expected,,MV. APJ ANGAD 2,,224.94/14.50,THERMAL COAL,Dry/General Bulk,75000 MT,75000.0,LOADING,13/1800 HRS,2026-08-15,2026-08-16,HIGH SEAS,NTECL/SARAT,BOTHRA,NOT READY
2026-08-12,PARADIP PORT,Waiting & Expected,,MV. AFRICAN ISABELLE,,199.98/13.50,THERMAL COAL,Dry/General Bulk,74000 MT,74000.0,LOADING,14/0600 HRS,2026-08-15,2026-08-16,KAKINADA,APG/SC,SCC(VSP),SUB TO READINESS
2026-08-12,PARADIP PORT,Waiting & Expected,,MV TAN BINH 259,,175.53/9.50,STEEL COILS,Dry/General Bulk,25391 MT,25391.0,DISCHARGE,22/1625 HRS,2026-08-17,2026-08-19,BAHODOPI,JINDAL STAINLESS,SSS,SUB TO READINESS
2026-08-12,PARADIP PORT,Waiting & Expected,,MV. STAR HELSINKI,,199.90/12.23,UREA,Other,49350 MT,49350.0,DISCHARGE,09/0712 HRS,2026-08-13,2026-08-20,UST-LUGA,BRAHMAPUTRA,SSS,SUB TO READINESS
2026-08-12,PARADIP PORT,Waiting & Expected,,MV. MAGIC ARIEL,,229.00/7.50,PIG IRON,Dry/General Bulk,66000 MT,66000.0,LOADING,09/1124 HRS,2026-08-19,2026-08-24,SINGAPORE,OMPL,J M BAXIMSPL,SUB TO READINESS
2026-08-12,PARADIP PORT,Waiting & Expected,,MV. DELAVITA,,229.00/7.50,PIG IRON,Dry/General Bulk,60500 MT,60500.0,LOADING,10/0130 HRS,2026-08-20,2026-08-26,SINGAPORE,RAMSARUP,GAC,SUB TO READINESS
2026-08-12,PARADIP PORT,Waiting & Expected,,MV. DP WORLD THAMIRABARANI,,142.70/6.90,CONTAINER,Container,10324 MT,10324.0,LOADING,11/0818 HRS,2026-08-16,2026-08-17,HALDIA,SWS/JSL/SAL,UNIFEEDER,CONTAINER PRIORITY
2026-08-12,PARADIP PORT,Waiting & Expected,,MV. MSC MAKOTO II,,175.49/7.50,CONTAINER,Container,350 MT,350.0,LOADING,17/1800 HRS,2026-08-17,2026-08-17,COLOMBO,MSC AGENGY,MSC AGENGY,CONTAINER PRIORITY
2026-08-12,PARADIP PORT,Waiting & Expected,,MV. MARINE CRYSTAL,,249.88/15.15,HARD COKING COAL,Dry/General Bulk,111185 MT,111185.0,DISCHARGE,09/2000 HRS,2026-08-13,2026-08-16,ABBOT POINT,JSPL/JSOL,SWS,SUB TO READINESS
2026-08-12,PARADIP PORT,Waiting & Expected,,MV. OTHONOI,,229.00/14.45,COKING COAL,Dry/General Bulk,79100 MT,79100.0,DISCHARGE,09/2054HRS,2026-08-16,2026-08-18,ABBOT POINT,JSPL,JMS,SUB TO READINESS
2026-08-12,PARADIP PORT,Waiting & Expected,,MV. BASIC STAR,,189.98/10.20,C.COAL/PCI COAL,Dry/General Bulk,44000 MT,44000.0,DISCHARGE,12/0900 HRS,2026-08-18,2026-08-19,ABBOT POINT,TATA,TMIL,SUB TO READINESS
2026-08-12,PARADIP PORT,Waiting & Expected,,MV. GRACE LOUISE,,228.99/14.38,COKING COAL,Dry/General Bulk,42000 MT,42000.0,DISCHARGE,15/0600 HRS,2026-08-19,2026-08-20,NORFOLK,TATA,TMIL,SUB TO READINESS
2026-08-12,PARADIP PORT,Waiting & Expected,,MV. BRILLIANT ADVANCE,,228.99/14.53,COKING COAL,Dry/General Bulk,79300 MT,79300.0,DISCHARGE,15/0800 HRS,2026-08-20,2026-08-22,HAYPOINT,TATA,TMIL,SUB TO READINESS
2026-08-12,PARADIP PORT,Waiting & Expected,,MV. GLORY LOONG,,224.95/13.86,COKING COAL,Dry/General Bulk,72667 MT,72667.0,DISCHARGE,15/0800 HRS,2026-08-22,2026-08-24,UST-LUGA,JSW/JSW JFE,SSS,SUB TO READINESS
2026-08-12,PARADIP PORT,Waiting & Expected,,MV. BLUE SPIRIT,,228.96/14.00,IRON ORE PELLET,Dry/General Bulk,75000 MT,75000.0,LOADING,13/0600 HRS,,,HAJIRA,AMNSIL,SAMSARA,
2026-08-12,PARADIP PORT,Waiting & Expected,,MV. OCEAN WINNER,,225.00/14.35,IRON ORE FINES,Dry/General Bulk,73000 MT,73000.0,LOADING,05/2118 HRS,,,CHINA,OCL IRON,BOTHRA,
2026-08-12,PARADIP PORT,Waiting & Expected,,MV. QING QUAN SHAN,,199.90/,IRON ORE PELLET,Dry/General Bulk,35000 MT,35000.0,LOADING,09/0229 HRS,2026-08-12,2026-08-13,CHINA,RMLL,GAC,
2026-08-12,PARADIP PORT,Waiting & Expected,,MV. JIN HAI RUN,,199.85/13.65,IRON ORE PELLET,Dry/General Bulk,61920 MT,61920.0,LOADING,11/1200 HRS,2026-08-13,2026-08-15,HIGH SEAS,RSPL,INFINITY,
2026-08-12,PARADIP PORT,Waiting & Expected,,MV. YANGTZE DAWN,,189.99/,IRON ORE PELLET,Dry/General Bulk,55000 MT,55000.0,LOADING,13/0600 HRS,2026-08-15,2026-08-16,HIGH SEAS,RSPL,GAC,
2026-08-12,PARADIP PORT,Waiting & Expected,,MT. NV AQUAMARINE,,225.12/,BUTANE/PROPANE,Liquid/Chemical Bulk,24000 MT,24000.0,DISCHARGE,19/1912 HRS,,,HIGHSEAS,IOCL,ISIPL,
2026-08-12,PARADIP PORT,Waiting & Expected,,MT. SOPRANO SERENE,,179.88/11.80,HSD/M.SPIRIT,Liquid/Chemical Bulk,19500 MT,19500.0,DISCHARGE,01/1000 HRS,,,HALDIA,BPCL,AGS,
2026-08-12,PARADIP PORT,Waiting & Expected,,MT. NOVA BREEZE,,180.00/10.40,AMMONIA,Liquid/Chemical Bulk,25000 MT,25000.0,DISCHARGE,03/0812 HRS,,,HIGHSEAS,IFFCO/PPL,J M BAXIMSPL,
2026-08-12,PARADIP PORT,Waiting & Expected,,MT. FAIRWAY,,274.00/7.70,NAPTHA,Other,14000 MT,14000.0,LOADING,11/0742 HRS,,,HIGHSEAS,IOCL,AGS,
2026-08-12,PARADIP PORT,Waiting & Expected,,MT. JAG PARTH,,183.00/8.20,GAS OIL,Other,40000 MT,40000.0,LOADING,12/1530 HRS,,,COLOMBO,IOCL,ISIPL,
2026-08-12,PARADIP PORT,Waiting & Expected,,MT. SANMAR SHEHNAI,,182.50/7.70,NAPTHA,Other,14000 MT,14000.0,LOADING,12/2300 HRS,,,KANDLA,IOCL,J M BAXIMSPL,
2026-08-12,PARADIP PORT,Waiting & Expected,,MV. YM DELIGHT,,228.99/9.88,HARD COKING COAL,Dry/General Bulk,32000 MT,32000.0,DISCHARGE,10/0248 HRS,,,SINGAPORE,JSW JFE,J M BAXIMSPL,
2026-08-12,PARADIP PORT,Waiting & Expected,,MV. ERACLEA,,189.98/10.20,HARD COKING COAL,Dry/General Bulk,37155 MT,37155.0,DISCHARGE,12/1630 HRS,2026-08-13,2026-08-15,BEIRA,JSPL,SSS,CQ-1
2026-08-12,PARADIP PORT,Waiting & Expected,,MV. EVER SUPERIOR,,116.99/7.90,FERRO CHROM,Dry/General Bulk,8900 MT,8900.0,LOADING,12/2130 HRS,2026-08-12,2026-08-14,POHANG,IMFA,CHOWGULE,NQ-2
2026-08-12,PARADIP PORT,Waiting & Expected,,MV. SERENITY,,186.40/,MET COKE,Dry/General Bulk,17720 MT,17720.0,DISCHARGE,14/0600 HRS,2026-08-14,2026-08-16,BARRANQUILLA,IMFA,OSL,SQ
2026-08-12,PARADIP PORT,Waiting & Expected,,MV. GREEK SEAS,,229.00/,LIME STONE,Other,40000 MT,40000.0,DISCHARGE,14/1400 HRS,2026-08-15,2026-08-17,FANGCHEN,TATA,TMIL,MPB
2026-08-12,PARADIP PORT,Waiting & Expected,,MV. DDS MARINA,,126.80/9.10,AMMONIUM NITRATE,Other,11327 MT,11327.0,DISCHARGE,16/0600 HRS,2026-08-16,2026-08-19,NAKHODA,SPECIAL,SRAVAN,CQ-2
2026-08-12,PARADIP PORT,Waiting & Expected,,MV. PHC SURYA,,118.00/,GYPSUM,Dry/General Bulk,10000 MT,10000.0,LOADING,17/0600 HRS,2026-08-17,2026-08-18,NAKHODA,SMPL,OSL,CQ-1
2026-08-12,PARADIP PORT,Waiting & Expected,,"PRIORITY BERTHING ALLOWED FOR ALL IMPORT/EXPORT DRY BULK CARGO TO M/S. JSPL, TATA, JSW SAMBALPUR AT GCB.",,,,Other,,,,,,,,,,
2026-08-12,PARADIP PORT,Waiting & Expected,,"VESSEL WHICH CAN NOT PERFORM AS THE REQUIRED PORT NORMS, SHE WILL BE SHIFTED TO ROADS AND HER BERTHING WILL BE DECIDED AS THE LAST VESSEL ON SERIAL.",,,,Other,,,,,,,,,,
2026-08-12,PARADIP PORT,Waiting & Expected,,"MAXIMUM OF TWO COASTAL VESSELS WILL BE TAKEN AT A TIME IN THE CONVENTIONAL BERTH W.E.F 07-OCT-2018,TILL FURTHER ORDER",,,,Other,,,,,,,,,,
2026-08-12,KAKINADA,Waiting,,M.V. BLOOM HALO,,,IRON ORE PELLETS,Dry/General Bulk,63550,63550.0,,2026-08-11,,,,LLOYDS METALS,BOTHRA,
2026-08-12,KAKINADA,Waiting,,M.V.VIVA ECLIPSE,,,DAP,Other,49500,49500.0,,2026-08-11,,,,KRIBHCO,ANLINE,
2026-08-12,KAKINADA,Waiting,,M.T.STENA PROGRESSIVE,,,"DIESEL, PETROL",Other,"9604, 2,402",,,2026-08-12,,,,ATLANTIC,RELIANCE,
2026-08-12,KAKINADA,Waiting,,SAILED VESSELS::,,,,Other,,,,,,,,,,
2026-08-12,KAKINADA,Waiting,,M.V. THAI BINH 02,,,,Other,,,,2026-08-07,,,,,,
2026-08-12,KAKINADA,Waiting,,M.V. EVER SUPERIOR,,,,Other,,,,2026-08-08,,,,,,
2026-08-12,KAKINADA,Waiting,,M.T.ONSAN CHEMI,,,,Other,,,,2026-08-09,,,,,,
2026-08-12,KAKINADA,Expected,,M.V.ESPERITA,,,RICE,Dry/General Bulk,50000,50000.0,,2026-08-14,,,,,IMPERIAL,
2026-08-12,KAKINADA,Expected,,M.V.LIBRA,,,RICE,Dry/General Bulk,50000,50000.0,,2026-08-15,,,,,LOTUS,
2026-08-12,KAKINADA,Expected,,M.V.ALEXANDROS III,,,RICE,Dry/General Bulk,7500,7500.0,,2026-08-15,,,,,LOTUS,
2026-08-12,KAKINADA,Expected,,M.V. BOSHI 78,,,ALUMINA,Dry/General Bulk,30653,30653.0,,2026-08-13,,,,BALCO,ESDI MARITIME,
2026-08-12,KAKINADA,Expected,,M.T. ORCHID SYLT,,,SULPHURIC ACID,Liquid/Chemical Bulk,20500,20500.0,,2026-08-13,,,,CIL,SEAPHOENIX,
2026-08-12,KAKINADA,Expected,,M.V. ROYAL FALCON,,,ALUMINA,Dry/General Bulk,31499,31499.0,,2026-08-15,,,,BALCO,JYOTHI MARINE,
2026-08-12,KAKINADA,Expected,,M.T. DX PIONEER,,,EDIBLE OIL,Other,13000,13000.0,,2026-08-17,,,,"GEMINI , NAVABHARAT PATANJALI SANTHOSHIMATHAA",SEAPORT SERVICES,
2026-08-12,KAKINADA,Expected,,M.V.DEBBIE,,,GENERAL CARGO,Other,133,133.0,,2026-08-19,,,,SCHLUMERGER ASIA SERVICES,PAREKH MARINE,
2026-08-12,KAKINADA,Expected,,M.V.RISHABH,,,,Other,,,,2026-02-05,,,,,,
2026-08-12,GANGAVARAM,Working,B1,MV KOBE HARMONY,,,CP COKE,Dry/General Bulk,26250,26250.0,,2026-07-31,B1,2026-08-13,SHIFTED FROM B7 TO B1 ON 12.08.2026,VEDANTA/BALCO,SPARTANS,MANUAL BERTH / SHIP CRANES
2026-08-12,GANGAVARAM,Working,B2,MV GESELA OLDENDORFF,,,LIMESTONE,Dry/General Bulk,77750,77750.0,,2026-07-08,B2,2026-08-13,,THE COMMODITY HUB,SPARTANS,
2026-08-12,GANGAVARAM,Working,B4,MV VISHVA PRERNA,,,IRON ORE FINES,Dry/General Bulk,52625,52625.0,,2026-08-10,B4,2026-08-12,,KIOCL,SEAWAYS,MECHNICAL CONCEYOR LOADING BERTH
2026-08-12,GANGAVARAM,Working,B6,MV MARAN UNITY,,,BAUXITE,Dry/General Bulk,169274,169274.0,,2026-08-06,B6,2026-08-12,,PIONEER ALUMINA,RICHMARK,MECHNICAL CONCEYOR DISCH BERTH
2026-08-12,GANGAVARAM,Working,B8,MV RIPLEY PROSPERITY,,,THERMAL COAL,Dry/General Bulk,67000,67000.0,,2026-08-11,B8,2026-08-13,COASTAL,ADANI,JYOTHI,HMC BERTH
2026-08-12,GANGAVARAM,Working,B9,MV LIA,,,STEEL BILLETS,Dry/General Bulk,40000,40000.0,,2026-08-12,B9,2026-08-19,,RINL,SPARTANS,CONTAINER BERTH
2026-08-12,GANGAVARAM,Waiting,B4,MV VISHVA VIKAS,,,IRON ORE FINES,Dry/General Bulk,55000,55000.0,,2026-08-11,B4,2026-08-14,,KIOCL,SEAWAYS,
2026-08-12,GANGAVARAM,Expected,B3,MV AQUAPRIMA,,,LIMESTONE,Dry/General Bulk,75000,75000.0,,2026-08-12,B3,2026-08-15,,JSW,ATLANTIC,
2026-08-12,GANGAVARAM,Expected,B5,MV VISHVA CHETNA,,,COKING COAL,Dry/General Bulk,47200,47200.0,,2026-08-12,B5,2026-08-14,,SAIL,SEAWAYS,
2026-08-12,GANGAVARAM,Expected,B6,MV FIRST HUNTER,,,COKING COAL,Dry/General Bulk,46800,46800.0,,2026-08-12,B6,2026-08-13,,SAIL,GAC,
2026-08-12,GANGAVARAM,Expected,B5,MV SERENDIPITY,,,COKING COAL,Dry/General Bulk,46500,46500.0,,2026-08-14,B5,2026-08-15,,SAIL,GAC,
2026-08-12,GANGAVARAM,Expected,,MV AP PETKA,,,SODA ASH,Dry/General Bulk,25052,25052.0,,2026-08-18,,,,,SAMUDRA,
2026-08-12,VISAKHAPATNAM,Working,OB-2,MT VT QUEEN,,,TRSP/ NAPTHA,Other,9500,9500.0,L,2026-08-11,OB-2,2026-08-12,,,ATLANTIC,
2026-08-12,VISAKHAPATNAM,Working,OB-2 A/S,MT AB OLIVIA,,,TRSP/ NAPTHA,Other,9500,9500.0,L,2026-08-10,OB-2 A/S,2026-08-12,,,ATLANTIC,
2026-08-12,VISAKHAPATNAM,Working,VGCB,MV ALPHA TROPHY,,,BAUXITE IN BULK,Dry/General Bulk,198041,198041.0,D,2026-08-06,VGCB,2026-08-17,,,IMPERIAL,
2026-08-12,VISAKHAPATNAM,Working,CB-3,MV HONG YAO,,,CONTAINERS,Container,1571,1571.0,D/L,2026-08-11,CB-3,2026-08-12,,,P.V.RAMANMUR,
2026-08-12,VISAKHAPATNAM,Working,LPG,LPG/C. GAS PRIME,,,LPG,Other,23900,23900.0,D,2026-08-08,LPG,2026-08-13,,,INTEROCEAN,
2026-08-12,VISAKHAPATNAM,Working,AVCTPL[EQ-1A],MV KONA EXPLORER,,,LIMESTONE,Dry/General Bulk,78846,78846.0,D,2026-08-10,AVCTPL[EQ-1A],2026-08-13,,,WALTER CUMIN,
2026-08-12,VISAKHAPATNAM,Working,EQ-3,MV ALEXANDROS III,,,RICE IN BAGS,Dry/General Bulk,23070,23070.0,L,2026-08-04,EQ-3,2026-08-16,,,DHANISHTA,
2026-08-12,VISAKHAPATNAM,Working,EQ-4,MV NESTORS,,,UREA,Other,55000,55000.0,D,2026-08-11,EQ-4,2026-08-20,,,INTEROCEAN,
2026-08-12,VISAKHAPATNAM,Working,EQ-6,MV LIAN YI DA 1 HAO,,,ALUMINA IN BULK,Dry/General Bulk,28400,28400.0,L,2026-08-01,EQ-6,2026-08-12,,,INTEROCEAN,SAILED
2026-08-12,VISAKHAPATNAM,Working,EQ-7,MT BOW ORION,,,PHOSPHERIC ACID,Other,10000,10000.0,D,2026-08-09,EQ-7,2026-08-12,,,GAC,SAILED
2026-08-12,VISAKHAPATNAM,Working,EQ-8 (VSPL),MV YASA RUBY,,,COKING COAL,Dry/General Bulk,79841,79841.0,D,2026-08-10,EQ-8 (VSPL),2026-08-14,,,IMPERIAL,
2026-08-12,VISAKHAPATNAM,Working,WQ-1,MV ONE AND ONLY,,,FERRO MANGANESE IN BULK & BAGS & STEEL CARGO.,Dry/General Bulk,29630,29630.0,L,2026-07-23,WQ-1,2026-08-13,,,SAIANS,SHIFTS TO WQ-1 ON 07.08.2026
2026-08-12,VISAKHAPATNAM,Working,WQ-2,MV ACHILLEAS S,,,MANGANESE ORE,Dry/General Bulk,38831,38831.0,D,2026-08-11,WQ-2,2026-08-16,,,GAC,
2026-08-12,VISAKHAPATNAM,Working,WQ-3,MV TATEV,,,ALUMINA IN BAGS,Dry/General Bulk,27600,27600.0,L,2026-08-07,WQ-3,2026-08-17,,,INTEROCEAN,
2026-08-12,VISAKHAPATNAM,Working,WQ-5,MV SERENITY,,,LAM COKE,Dry/General Bulk,7000,7000.0,D,2026-08-10,WQ-5,2026-08-12,,,K.R & SONS,
2026-08-12,VISAKHAPATNAM,Working,WQ-6,MV SEA FALCON,,,MANGANESE ORE,Dry/General Bulk,16821,16821.0,D,2026-08-11,WQ-6,2026-08-13,,,NAVSHIP,
2026-08-12,VISAKHAPATNAM,Working,WQ-7,Handed over to m/s VMBCTPL for projecdt development,,,,Other,,,,,WQ-7,,,,,
2026-08-12,VISAKHAPATNAM,Working,OR-1,OR -1 Berth spared for Revamping by CE department,,,,Other,,,,,OR-1,,,,,
2026-08-12,VISAKHAPATNAM,Working,OR-2,MT DAWN HARIDWAR,,,VLSFO,Other,10346,10346.0,D,2026-08-08,OR-2,2026-08-12,,,HARIKA,
2026-08-12,VISAKHAPATNAM,Working,OR-3,MT LOURDES,,,HSD & MS,Liquid/Chemical Bulk,9258,9258.0,L,2026-08-10,OR-3,2026-08-12,,,ATLANTIC,
2026-08-12,VISAKHAPATNAM,Waiting,1,LPG/C. SEARMBLER,,,ANDHROUS AMMONIA,Liquid/Chemical Bulk,10000,10000.0,D,2026-07-17,1,,,,GAC,RE-ANCH
2026-08-12,VISAKHAPATNAM,Waiting,2,MV SANTA ANGELINA,,,IRON ORE FINES,Dry/General Bulk,55000,55000.0,L,2026-08-11,2,,,,JYOTHI,
2026-08-12,VISAKHAPATNAM,Waiting,3,MT SHAN CHI,,,FURNACE OIL,Liquid/Chemical Bulk,33000,33000.0,L,2026-08-11,3,,,,INTEROCEAN,
2026-08-12,VISAKHAPATNAM,Waiting,4,MV XIN HAI TONG 807,,,STEAM COAL,Dry/General Bulk,78260,78260.0,D,2026-08-11,4,,,,SEATRANS,
2026-08-12,VISAKHAPATNAM,Expected,,MV DONG FANG WEI YE,,,ALUMINA IN BAGS,Dry/General Bulk,31500,31500.0,L,2026-08-12,,,,,ESHWAR,
2026-08-12,VISAKHAPATNAM,Expected,,MV PAULA TRADER,,,FERRO MANGANESE & STEEL CARGO,Dry/General Bulk,20350,20350.0,L,2026-08-12,,,,,SAIANS,
2026-08-12,VISAKHAPATNAM,Expected,,MV CHENNAI VALARCHI,,,THERMAL COAL,Dry/General Bulk,77000,77000.0,L,2026-08-12,,,,,SEAPORT,
2026-08-12,VISAKHAPATNAM,Expected,,MV INFINITY,,,ALUMINA POWDER IN BULK,Dry/General Bulk,30600,30600.0,L,2026-08-12,2026-08-12,,,,RVSS,
2026-08-12,VISAKHAPATNAM,Expected,,LPG/C ETERNAL GLORY,,,LPG,Other,23000,23000.0,D,2026-08-12,,,,,BOTHRA,
2026-08-12,VISAKHAPATNAM,Expected,,MV GCL YAMUNA,,,IRON ORE PELLETS,Dry/General Bulk,105000,105000.0,L,2026-08-13,,,,,JYOTHI,
2026-08-12,VISAKHAPATNAM,Expected,,MV HAI DUONG 68,,,STEEL CARGO,Dry/General Bulk,5000,5000.0,L,2026-08-13,,,,,SPARTANS,
2026-08-12,VISAKHAPATNAM,Expected,,MV PANDA,,,ALUMINA IN BAGS,Dry/General Bulk,33000,33000.0,L,2026-08-13,,,,,INTEROCEAN,
2026-08-12,VISAKHAPATNAM,Expected,,MV SSI IRRSISTIBLE,,,AMMONIUM SULPHTE IN BULK,Other,40500,40500.0,D,2026-08-13,,,,,SEATRANS,
2026-08-12,VISAKHAPATNAM,Expected,,MV KATERINA III,,,M.COKE & NUT COKE,Dry/General Bulk,30010,30010.0,D,2026-08-13,,,,,GAC,
2026-08-12,VISAKHAPATNAM,Expected,,MV HALDI,,,"STONE AGGREGATE ,CEMENT & GENERAL CARGO",Dry/General Bulk,5000,5000.0,L,2026-08-14,,,,,FAIRMACS,
2026-08-12,VISAKHAPATNAM,Expected,,MV BAO CHANG,,,ROCK PHOSPHATE,Dry/General Bulk,45000,45000.0,D,2026-08-14,,,,,RDS OIL,
2026-08-12,VISAKHAPATNAM,Expected,,MV THEOSKEPASTI,,,STEAM COAL,Dry/General Bulk,71670,71670.0,D,2026-08-14,,,,,SEATRANS,
2026-08-12,VISAKHAPATNAM,Expected,,MV OAK ANTON,,,NUT COKE IN BULK,Dry/General Bulk,17700,17700.0,D,2026-08-14,,,,,NAVSHIP,
2026-08-12,VISAKHAPATNAM,Expected,,MV SITC PORTKLANG,,,CONTAINERS,Container,10200,10200.0,D/L,2026-08-14,,,,,ELS,
2026-08-12,VISAKHAPATNAM,Expected,,MT HAFINA MYNA,,,FURNACE OIL,Liquid/Chemical Bulk,33000,33000.0,L,2026-08-15,,,,,INTEROCEAN,
2026-08-12,VISAKHAPATNAM,Expected,,MV YU YAN,,,COKING COAL,Dry/General Bulk,46000,46000.0,D,2026-08-15,,,,,SAMSARA,
2026-08-12,VISAKHAPATNAM,Expected,,MV ZHONG GU XIONG AN,,,CONTAINERS,Container,25000,25000.0,D/L,2026-08-15,,,,,BTL,
2026-08-12,VISAKHAPATNAM,Expected,,MV AFRICAN PEACOCK,,,C.P.COKE,Dry/General Bulk,16000,16000.0,L,2026-08-16,,,,,ESHWAR,
2026-08-12,VISAKHAPATNAM,Expected,,MV DARLEAKAY,,,MANGANESE ORE,Dry/General Bulk,25000,25000.0,D,2026-08-16,,,,,BOTHRA,
2026-08-12,VISAKHAPATNAM,Expected,,MV MOGRAL,,,CONTAINERS,Container,40000,40000.0,D/L,2026-08-16,,,,,SIMA MARINE,
2026-08-12,VISAKHAPATNAM,Expected,,MT MARAN AJAX,,,CRUDE OIL,Liquid/Chemical Bulk,248000,248000.0,D,2026-08-16,,,,,ATLANTIC,
2026-08-12,VISAKHAPATNAM,Expected,,MV GCL SABARMATI,,,IRON ORE PELLETS,Dry/General Bulk,105000,105000.0,L,2026-08-17,,,,,JYOTHI,
2026-08-12,VISAKHAPATNAM,Expected,,MV MINI ATLAS,,,MANGANESE ORE,Dry/General Bulk,4800,4800.0,L,2026-08-17,,,,,GAC,
2026-08-12,VISAKHAPATNAM,Expected,,MV ODELMAR,,,UREA,Other,10000,10000.0,D,2026-08-17,,,,,ALAP,
2026-08-12,VISAKHAPATNAM,Expected,,MV SSI CONQUEST,,,TSP & DAP,Other,52700,52700.0,D,2026-08-17,,,,,BOTHRA,
2026-08-12,VISAKHAPATNAM,Expected,,MV ATP FORTUNE,,,MANGANESE ORE,Dry/General Bulk,23500,23500.0,D,2026-08-17,,,,,K.R.SONS,
2026-08-12,VISAKHAPATNAM,Expected,,MV NAVIOS BAHAMAS,,,CONTAINERS,Container,20000,20000.0,D/L,2026-08-17,,,,,UNIFEEDEER,
2026-08-12,VISAKHAPATNAM,Expected,,MV SEA TOPAZ,,,ALUMINA IN BULK,Dry/General Bulk,31500,31500.0,L,2026-08-18,,,,,INTEROCEAN,
2026-08-12,VISAKHAPATNAM,Expected,,MV SHIN SHUN,,,STEAM COAL,Dry/General Bulk,56836,56836.0,D,2026-08-19,,,,,SEATRANS,
2026-08-12,VISAKHAPATNAM,Expected,,MV AGRAFA,,,MANGANESE ORE,Dry/General Bulk,35596,35596.0,D,2026-08-19,,,,,BOTHRA,
2026-08-12,VISAKHAPATNAM,Expected,,MV STAR COPENHAGEN,,,UREA,Other,54266,54266.0,D,2026-08-20,,,,,CROSS TRADING,
2026-08-12,VISAKHAPATNAM,Expected,,MV MILAS,,,ROCK PHOSPHATE,Dry/General Bulk,47900,47900.0,D,2026-08-21,,,,,RDS OIL,
2026-08-12,VISAKHAPATNAM,Expected,,MV CRIMSON GLORY,,,MANGANESE ORE,Dry/General Bulk,30000,30000.0,D,2026-08-21,,,,,INTEGRAL,
2026-08-12,VISAKHAPATNAM,Expected,,MV NORSE MOBILE,,,FERRO MANGANESE & STEEL CARGO,Dry/General Bulk,29200,29200.0,L,2026-08-23,,,,,SAIANS,
2026-08-12,VISAKHAPATNAM,Expected,,MV SSL SABARIMALAI,,,CONTAINERS,Container,8500,8500.0,D/L,2026-08-24,,,,,UNIFEEDEER,
2026-08-12,VISAKHAPATNAM,Expected,,MV SM MANALI,,,CONTAINERS,Container,40000,40000.0,D/L,2026-08-24,,,,,SIMA MARINE,
2026-08-12,VISAKHAPATNAM,Expected,,MV MOGRAL,,,CONTAINERS,Container,40000,40000.0,D/L,2026-08-26,,,,,SIMA MARINE,
2026-08-13,KARAIKAL,Working,I,MV. ZAHAB JAHAN 1,,,GYPSUM,Dry/General Bulk,54850,54850.0,IMP,2026-08-12,2026-08-12,2026-08-14,,,,
2026-08-13,KARAIKAL,Expected,,MV. ND THELKIS,,,SLAG,Other,56570,56570.0,IMP,2026-08-13,2026-08-13,2026-08-15,,,,
2026-08-13,KARAIKAL,Expected,,MV. CHRISEA,,,COAL,Dry/General Bulk,75850,75850.0,IMP,2026-08-14,2026-08-16,2026-08-18,,,,
2026-08-13,KARAIKAL,Expected,,MV. SAKIZAAYA VICTORY,,,COAL,Dry/General Bulk,77000,77000.0,IMP,2026-08-14,2026-08-14,2026-08-16,,,,
2026-08-13,KARAIKAL,Expected,,MV. VSG PIONEER,,,COAL,Dry/General Bulk,75000,75000.0,IMP,2026-08-14,2026-08-15,2026-08-17,,,,
2026-08-13,KARAIKAL,Expected,,MV. BAO RUN,,,UREA,Other,42000,42000.0,IMP,2026-08-18,2026-08-18,2026-08-20,,,,
2026-08-13,GOPALPUR,Expected,MPB-1,MV TONG YING,,,MET COKE,Dry/General Bulk,22322,22322.0,D,2026-08-14,2026-08-14,2026-08-16,,,PAREKH(CA)/EVEREADY(OPA),
2026-08-13,GOPALPUR,Expected,MPB-2,MV CHOLA DESTINY,,,GYPSUM,Dry/General Bulk,50000,50000.0,D,2026-08-17,2026-08-17,2026-08-20,,,SEATRANS,
2026-08-13,GOPALPUR,Expected,MPB-3,MV LH ANTHEA,,,LIMESTONE,Dry/General Bulk,74509,74509.0,D,2026-08-19,2026-08-19,2026-08-22,,,BENLINE,
2026-08-13,GOPALPUR,Expected,MPB-1,MV C FORCE,,,LIMESTONE,Dry/General Bulk,78419,78419.0,D,2026-08-19,2026-08-19,2026-08-23,,,SEATRANS,
2026-08-13,CHENNAI,Working,JD1,AMNS POLAR,,,S.COILS/ST.PLATES,Dry/General Bulk,13040,13040.0,D,2026-08-12,2026-08-12,2026-08-13,,,SAMSARA,
2026-08-13,CHENNAI,Working,JD4,RADHA MOHAN,,,BITUMEN,Other,4228,4228.0,D,2026-08-12,2026-08-12,2026-08-13,,,ATLANTIC,
2026-08-13,CHENNAI,Expected,WQ2,GLOVIS SILVER,,,CARS,Other,4500,4500.0,L,2026-08-13,2026-08-13,2026-08-14,,,CARTRANS,
2026-08-13,CHENNAI,Expected,WQ3/CQ,QUEEN COARL,,,SCOIL,Other,2462,2462.0,D,2026-08-13,2026-08-13,2026-08-15,,,PUYVAST,
2026-08-13,CHENNAI,Expected,JD2,LEOPARD II,,,BARY,Other,54000,54000.0,L,2026-08-14,2026-08-14,2026-08-16,,,ATLANTIC,
2026-08-13,CHENNAI,Expected,SQ1/JD1,ONE AND ONLY,,,PROJ,Other,600,600.0,L,2026-08-14,2026-08-14,2026-08-16,,,NTC,
2026-08-13,CHENNAI,Expected,SQ1/JD1,SEA STELLAR,,,PROJ/STEEL,Dry/General Bulk,795-7843,,D/D,2026-08-15,2026-08-15,2026-08-17,,,UNITRANS,
2026-08-13,CHENNAI,Expected,WQ1/2,MRC SEDEF,,,CSFO,Other,6000,6000.0,D,2026-08-15,2026-08-15,2026-08-17,,,INTEROCEAN,
2026-08-13,CHENNAI,Expected,SQ1/JD1/3,STAR LYSEFJORD,,,PROJ,Other,110,110.0,L,2026-08-15,2026-08-15,2026-08-16,,,PEARL,
2026-08-13,CHENNAI,Expected,JD,SJ LILY,,,S.COILS/ST.PLATES,Dry/General Bulk,8720,8720.0,D,2026-08-16,2026-08-16,2026-08-17,,,SAMSARA,
2026-08-13,CHENNAI,Expected,JD1/SQ1,HT LOTUS,,,FLOU,Other,10000,10000.0,D,2026-08-16,2026-08-16,2026-08-20,,,SEAGREEN,
2026-08-13,CHENNAI,Expected,WQ1/2/BD2,FORTUNE GLORY,,,CSFO,Other,8000,8000.0,D,2026-08-18,2026-08-18,2026-08-20,,,GAC,
2026-08-13,CHENNAI,Expected,JD1/3/5,CHARLIE,,,PROJ,Other,4,4.0,D,2026-08-20,2026-08-20,2026-08-22,,,PAREKH,
2026-08-13,CHENNAI,Expected,,BRIGHT STAR,,,ST.COILS/HR.COILS/ST.BAR/ST.PLATES,Dry/General Bulk,7702/5498/696/306,,D,2026-08-20,2026-08-20,2026-08-22,,,SAMSARA,
2026-08-13,ENNORE,Working,CB1,Chola Serenity,,,T COAL,Dry/General Bulk,75410,75410.0,D,2026-08-11,CB1,2026-08-14,,,SEAPORT,COASTAL
2026-08-13,ENNORE,Working,MLT,hari priya,,,HSD/MS,Liquid/Chemical Bulk,19000,19000.0,D,2026-08-11,MLT,2026-08-13,,,SEAPORT,COASTAL
2026-08-13,ENNORE,Working,LNGT,LNG/C San Navigator,,,LNG,Other,62100,62100.0,D,2026-08-12,LNGT,2026-08-13,,,ATLANTIC,
2026-08-13,ENNORE,Working,ECTPL,Alasia,,,T COAL,Dry/General Bulk,59400,59400.0,D,2026-08-11,ECTPL,2026-08-14,,,MERCHANT,
2026-08-13,ENNORE,Working,EBTPL,BRONE LADY,,,ST.WI.ROD,Other,11500,11500.0,L,2026-07-20,EBTPL,2026-08-16,,,SEAGREEN,
2026-08-13,ENNORE,Expected,CB1,CHOLA LEGACY,,,T COAL,Dry/General Bulk,76410,76410.0,D,2026-08-13,2026-08-13,2026-08-16,,,SEAPORT,COASTAL
2026-08-13,ENNORE,Expected,MLT,BABYLON,,,HSD/MS,Liquid/Chemical Bulk,13000,13000.0,D,2026-08-14,2026-08-14,2026-08-15,,,ATLANTIC,
2026-08-13,ENNORE,Expected,ECTPL,TIDE JUPITER,,,S COAL,Dry/General Bulk,75702,75702.0,D,2026-08-14,2026-08-14,2026-08-16,,,PEARL,
2026-08-13,ENNORE,Expected,GCB,TARUS LEADER,,,AUTOMOBILE,Other,18000,18000.0,L,2026-08-14,2026-08-14,2026-08-15,,,NYK,
2026-08-13,ENNORE,Expected,EBTPL,SHENLI,,,BARYTES,Other,54000,54000.0,L,2026-08-15,2026-08-16,2026-08-20,,,EVERWIN,
2026-08-13,ENNORE,Expected,GCB,Sirius Highway,,,AUTOMOBILE,Other,18000,18000.0,L,2026-08-14,2026-08-15,2026-08-16,,,K STEAM,
2026-08-13,ENNORE,Expected,ECTPL,Vishva Jyoti,,,T.COAL,Dry/General Bulk,68500,68500.0,D,2026-08-14,2026-08-16,2026-08-18,,,SEAGREEN,COASTAL
2026-08-13,ENNORE,Expected,CB2,Chola Melody,,,T COAL,Dry/General Bulk,74500,74500.0,D,2026-08-14,2026-08-14,2026-08-16,,,JESPA,COASTAL
2026-08-13,ENNORE,Expected,ECTPL,STAR EVA,,,S COAL,Dry/General Bulk,103901,103901.0,D,2026-08-15,2026-08-19,2026-08-23,,,MERCHANT,
2026-08-13,ENNORE,Expected,ECTPL,SUNRISE I,,,S COAL,Dry/General Bulk,40952,40952.0,D,2026-08-15,2026-08-18,2026-08-19,,,PEARL,
2026-08-13,ENNORE,Expected,ECTPL,Venus Star,,,S COAL,Dry/General Bulk,78547,78547.0,D,2026-08-16,2026-08-23,2026-08-25,,,GAC,
2026-08-13,ENNORE,Expected,MLT,LPG/C REMEI,,,PROPANE/BUTANE,Liquid/Chemical Bulk,21000,21000.0,D,2026-08-17,2026-08-24,2026-08-25,,,ATLANTIC,
2026-08-13,ENNORE,Expected,MLT,LPG/C BW POLARIS,,,PROPANE/BUTANE,Liquid/Chemical Bulk,23000,23000.0,D,2026-08-18,2026-08-18,2026-08-20,,,WILHELMSEN,
2026-08-13,ENNORE,Expected,EBTPL,Fortune Sunshine,,,L.STONE,Other,71037,71037.0,D,2026-08-18,2026-08-20,2026-08-23,,,PEARL,
2026-08-13,ENNORE,Expected,GCB,Jasper Arrow,,,AUTOMOBILE,Other,900,900.0,L,2026-08-24,2026-08-24,2026-08-25,,,K STEAM,
2026-08-13,ENNORE,Expected,GCB,HOEGH TROOPER,,,AUTOMOBILE,Other,800,800.0,L,2026-08-25,2026-08-25,2026-08-26,,,SAMSARA,
2026-08-13,ENNORE,Expected,GCB,EUPHRATE HIGHWAY,,,AUTOMOBILE,Other,600,600.0,L,2026-08-28,2026-08-28,2026-08-29,,,JM BAXI,
2026-08-13,KRISHNAPATNAM,Working,WB-3,MT THERESA LEO,,,CPO,Other,15997.700999999999,15997.701,D,2026-08-12,2026-08-12,2026-08-15,MALAYSIA,,INTEROCEAN SHIPPING(INDIA)PVT LTD,
2026-08-13,KRISHNAPATNAM,Working,WB-2,MV JUNO PACIFIC,,,FERTILIZER,Dry/General Bulk,30530,30530.0,D,2026-08-12,2026-08-12,2026-08-16,"LUBUK GAUNG, INDONESIA",,ALAP CARRIERS,
2026-08-13,KRISHNAPATNAM,Working,WB-1,MT KEYSTONE,,,CPO-8800MT & RBD -3008MT,Other,11808,11808.0,D,2026-08-11,2026-08-11,2026-08-14,INDONESIA,,ATLANTIC GLOBAL SHIPPING PVT LTD,
2026-08-13,KRISHNAPATNAM,Working,8,MV DECCAN PRIDE,,,COAL,Dry/General Bulk,73658,73658.0,D,2026-08-12,2026-08-12,2026-08-14,PARADIP,,J M BAXI MARINE SERVICES PVT. LTD.,
2026-08-13,KRISHNAPATNAM,Working,6,MV PRINCESS GRACE,,,COAL,Dry/General Bulk,73035,73035.0,D,2026-08-09,2026-08-09,2026-08-14,RUSSIA,,UNICORN MARITIMES (INDIA) PVT LTD,
2026-08-13,KRISHNAPATNAM,Working,5,MV XH META,,,IRON ORE FINES,Dry/General Bulk,188824,188824.0,D,2026-08-07,2026-08-08,2026-08-13,BRAZIL,,GPR MARITIME AGENCIES.,
2026-08-13,KRISHNAPATNAM,Working,4,MV MEDUSA,,,UREA,Other,47000,47000.0,D,2026-08-07,2026-08-08,2026-08-14,CHINA,,TAURUS SHIPPING,
2026-08-13,KRISHNAPATNAM,Working,3,MV XIN HAI TONG 17,,,GYPSUM,Dry/General Bulk,54878,54878.0,D,2026-08-11,2026-08-11,2026-08-13,OMAN,,SEAGREEN STEVEDORING AND LOGISTICS PVT LTD,
2026-08-13,KRISHNAPATNAM,Expected,S4A,MV ELIM COURAGE,,,GRANITE,Other,14800,14800.0,L,2026-08-13,2026-08-13,2026-08-15,CHINA,,PUYVAST LOGISTICS PVT LTD,
2026-08-13,KRISHNAPATNAM,Expected,1,MV NAN XIN 9,,,COAL,Dry/General Bulk,45500,45500.0,D,2026-08-13,2026-08-13,2026-08-16,RUSSIA,,SEATRANS MARINE PVT. LTD,
2026-08-13,KRISHNAPATNAM,Expected,7,MV LADY J,,,COAL,Dry/General Bulk,67500,67500.0,D,2026-08-13,2026-08-13,2026-08-15,INDONESIA,,J M BAXI MARINE SERVICES PVT. LTD.,
2026-08-13,KRISHNAPATNAM,Expected,6,M.V GIORGAKIS,,,COAL,Dry/General Bulk,79000,79000.0,D,2026-08-14,2026-08-14,2026-08-16,PARADIP,,M/S.SARAT CHATTERJEE & CO,
2026-08-13,KRISHNAPATNAM,Expected,WB-1,MV PENNA SURAKSHA,,,CEMENT,Dry/General Bulk,25000,25000.0,L,2026-08-14,2026-08-14,2026-08-17,COCHIN,,MBK LOGISTIX PVT LTD,
2026-08-13,KRISHNAPATNAM,Expected,2,MV CAPT EUGENE,,,TSP FERTILIZER,Dry/General Bulk,54262,54262.0,D,2026-08-14,2026-08-14,2026-08-18,MOROCCO,,ATLANTIC GLOBAL SHIPPING PVT LTD,
2026-08-13,KRISHNAPATNAM,Expected,8,MV AQUASTAR,,,COAL,Dry/General Bulk,59611,59611.0,D,2026-08-14,2026-08-14,2026-08-16,PARADIP,,SARAT CHATTERJEE & CO (VSP) PVT LTD,
2026-08-13,KRISHNAPATNAM,Expected,7,MV PACIFIC STAR,,,COAL,Dry/General Bulk,75000,75000.0,D,2026-08-14,2026-08-15,2026-08-17,PARADIP,,SARAT CHATTERJEE & CO (VSP) PVT LTD,
2026-08-13,KRISHNAPATNAM,Expected,S4,MV DOUKATO,,,COAL,Dry/General Bulk,83680,83680.0,D,2026-08-15,2026-08-15,2026-08-19,"NACALA PORT, MOZAMBIQUE",,SPARTANS MARINE SERVICES PRIVATE LIMITED,
2026-08-13,KRISHNAPATNAM,Expected,6,MV VIOLETTA K,,,COAL,Dry/General Bulk,75000,75000.0,D,2026-08-15,2026-08-16,2026-08-18,PARADIP,,GAC SHIPPING PVT LTD.,
2026-08-13,KRISHNAPATNAM,Expected,3,MV CAPE TAIZHOU,,,COAL,Dry/General Bulk,156326,156326.0,D,2026-08-15,2026-08-15,2026-08-20,RUSSIA,,MERCHANT SHIPPING SERVICES PVT. LTD.,
2026-08-13,KRISHNAPATNAM,Expected,8,MV W-SAPPHIRE,,,COAL,Dry/General Bulk,79053,79053.0,D,2026-08-16,2026-08-16,2026-08-18,PARADIP,,GAC SHIPPING PVT LTD.,
2026-08-13,KRISHNAPATNAM,Expected,5,MV MINERAL FAITH,,,IRON ORE,Dry/General Bulk,163952,163952.0,D,2026-08-16,2026-08-16,2026-08-21,"WESTERN AUSTRALIA, PORT HEDLAND",,GPR MARITIME AGENCIES,
2026-08-13,KRISHNAPATNAM,Expected,7,MV CHOLA PROSPERITY,,,COAL,Dry/General Bulk,74960,74960.0,D,2026-08-16,2026-08-17,2026-08-19,PARADIP,,ATLANTIC GLOBAL SHIPPING PVT LTD,
2026-08-13,KRISHNAPATNAM,Expected,WB-2,MT DALMACIJA,,,CDSBO,Other,8280.25,8280.25,D,2026-08-16,2026-08-16,2026-08-18,"SANLORENZO, ARGENTINA",,INTEROCEAN SHIPPING(INDIA)PVT LTD,
2026-08-13,KRISHNAPATNAM,Expected,2,MV W HUANG PU,,,ROCK PHOSPHATE,Dry/General Bulk,13500,13500.0,D,2026-08-17,2026-08-18,2026-08-20,ABU GHOSOUN,,ALAP CARRIERS,
2026-08-13,KRISHNAPATNAM,Expected,4,MV LV DAISY,,,DAP,Other,31400,31400.0,D,2026-08-17,2026-08-17,2026-08-21,AQABA SEAPORT OF JORDAN,,***,
2026-08-13,KRISHNAPATNAM,Expected,1,MV ANDROS SPIRIT,,,COAL,Dry/General Bulk,30000,30000.0,D,2026-08-17,2026-08-17,2026-08-20,"RICHARDS BAY, SOUTH AFRICA",,JYOTHI MARINE SERVICES PVT LTD- OPA GAC SHIPPING,
2026-08-13,KRISHNAPATNAM,Expected,6,MV DIAMOND TRADER,,,COAL,Dry/General Bulk,46700,46700.0,D,2026-08-18,2026-08-18,2026-08-21,INDONESIA,,JYOTHI MARINE SERVICES PVT LTD- OPA GAC SHIPPING,
2026-08-13,KRISHNAPATNAM,Expected,3,MV WESER POINT,,,LIMESTONE,Dry/General Bulk,76200,76200.0,D,2026-08-18,2026-08-20,2026-08-23,CHINA,,MERCHANT SHIPPING SERVICES PVT. LTD.,
2026-08-13,KRISHNAPATNAM,Expected,WB-3,MT SH GLORY,,,CDSBO,Other,11000,11000.0,D,2026-08-19,2026-08-19,2026-08-21,CHINA,,ATLANTIC GLOBAL SHIPPING PVT LTD,
2026-08-13,KRISHNAPATNAM,Expected,1,MV XIN CHEN HAI YANG,,,SHIP UNLOADERS,Other,4098.8469999999998,4098.847,D,2026-08-19,2026-08-20,2026-08-27,CHINA,,SAMSARA SHIPPING PVT LTD,
2026-08-13,KRISHNAPATNAM,Expected,2,MV. SUN ISLAND,,,COAL,Dry/General Bulk,38230,38230.0,D,2026-08-20,2026-08-20,2026-08-22,"HAYPOINT, AUSTRALIA",,ASSOCIATED SHIPPING SERVICES,
2026-08-13,KRISHNAPATNAM,Expected,5,MV WEI HE,,,LIMESTONE,Dry/General Bulk,77000,77000.0,D,2026-08-20,2026-08-21,2026-08-24,CHINA,,MERCHANT SHIPPING SERVICES PVT. LTD.,
2026-08-13,KRISHNAPATNAM,Expected,1,MV VITA MELODY,,,COAL,Dry/General Bulk,48871,48871.0,D,2026-05-28,2026-05-28,2026-05-31,INDONESIA,,JYOTHI MARINE,
2026-08-13,KATTUPALLI,Expected,CB3,CL LINDY,,,DOLOMITE,Dry/General Bulk,60500,60500.0,D,2026-08-16,2026-08-16,2026-08-20,,,PEARL/SEAGREEN,
2026-08-13,SANDHEADS,Working,,PELOPIDAS,,G'LESS,REVERT,Other,,,,NOT READY,090600,REVERT,,,N/A,
2026-08-13,SANDHEADS,Working,,THERE ARE 4 VIRTUAL ANCHORAGE POINTS AT SAGAR AND 4 VESSELS CAN WORK SIMULTANEOUSLY SUB PORT CONSIDERATION,,,,Other,,,,,,,,,,
2026-08-13,SANDHEADS,Working,,"VESSEL'S BERTHING MOVEMENT DEPENDS ON ALL FAVORABLE CONDITIONS SUCH AS CGO DOCS READINESS, VSL'S SENIORITY,",,,,Other,,,,,,,,,,
2026-08-13,SANDHEADS,Working,,"WEATHER CONDITIONS, CONGESTION & BERTH AVAILABILITY",,,,Other,,,,,,,,,,
2026-08-13,SANDHEADS,Working,,Port Working Hours: 24 x 7 basis,,,,Other,,,,,,,,,,
2026-08-13,SANDHEADS,Working,,COASTAL VESSELS HAVE OUSTING PRIORITY,,,,Other,,,,,,,,,,
2026-08-13,SAGAR,Waiting,,MV. SEA FALCON,,GEARED,MANGANESE ORE,Dry/General Bulk,,,,2026-08-14,2026-08-15,2026-08-16,,,BOTHRA,
2026-08-13,SAGAR,Waiting,,MV. WELL DREAM,,GEARED,LIMESTONE,Dry/General Bulk,,,,2026-08-20,2026-08-21,2026-08-23,,,GAC SHIPPING,
2026-08-13,HALDIA,Working,4B,MV. METTLE STARE-I,,GEARLESS,COKING COAL,Dry/General Bulk,32000,32000.0,DISCH,2025-10-22,2025-10-23,2025-10-24,,TATA STEEL,TMILL,
2026-08-13,HALDIA,Working,1,MV. PAN CERES,,GEARLESS,STEAM COAL,Dry/General Bulk,35000,35000.0,DISCH,2026-08-11,2026-08-11,2026-08-13,,BALAJI MALTS,SEATRANS,
2026-08-13,HALDIA,Working,2,MV. SHINE RUBY,,GEARLESS,COKING COAL,Dry/General Bulk,30000,30000.0,DISCH,2026-08-10,2026-08-11,2026-08-13,,TATA INTERNATIONAL,SEATRANS,
2026-08-13,HALDIA,Working,9,MV. SKIATHOS,,GEARLESS,METALLURGICAL COKE,Dry/General Bulk,32000,32000.0,DISCH,2026-08-11,2026-08-12,2026-08-14,,ORISSA METALIKS & RASHMI GREEN,EVEREADY,
2026-08-13,HALDIA,Working,10,MV. EAST WIND 1,,GEARED,YELLOW PEAS,Other,20000,20000.0,DISCH,2026-07-28,2026-08-07,2026-08-17,,VARIOUS,SEAVISION,
2026-08-13,HALDIA,Working,13,MV. PACIFIC ADVANCE,,GEARED,GYPSUM,Dry/General Bulk,30610,30610.0,DISCH,2026-08-11,2026-08-12,2026-08-14,,ACCESS DEVELOPER & GYPMART INDIA,ALAP,
2026-08-13,HALDIA,Working,14,MV.LORIENT,,GEARLESS,STEAM COAL,Dry/General Bulk,33000,33000.0,DISCH,2026-08-11,2026-08-12,2026-08-14,,HPL,GAC SHIPPING,
2026-08-13,HALDIA,Waiting,1,MV. JIN MING 82,,GEARED,MANGANESE ORE,Dry/General Bulk,21050,21050.0,DISCH,2026-08-12,2026-08-13,2026-08-15,,VARIOUS,GAC SHIPPING,
2026-08-13,HALDIA,Waiting,13,MV. HT PIONEER,,GEARED,STEEL ROUNDS,Dry/General Bulk,10730,10730.0,DISCH,2026-08-11,2026-08-14,2026-08-16,,JINDAL STEEL,SEATRANS,
2026-08-13,HALDIA,Expected,"2,8,9 & 13",MV. BASIC FORTUNE,,GEARLESS,LIMESTONE,Dry/General Bulk,30000,30000.0,DISCH,2026-08-14,2026-08-15,2026-08-17,,TATA STEEL,TMILL,DECLEAR FOR TMILL BERTH
2026-08-13,HALDIA,Expected,"2,8,9 & 13",MV. SEA FALCON,,GEARED,MANGANESE ORE,Dry/General Bulk,28000,28000.0,DISCH,2026-08-14,2026-08-17,2026-08-20,,VARIOUS,BOTHRA,"DECLEAR FOR MHC BERTH ,(TO LIGHTEN AT SAGAR 4500 MT)"
2026-08-13,HALDIA,Expected,"2,8,",MV. VISHVA CHETNA,,GEARLESS,COKING COAL,Dry/General Bulk,33000,33000.0,DISCH,2026-08-15,2026-08-16,2026-08-18,,SAIL,THE SHIPPING,DECLEAR FOR MHC BERTH
2026-08-13,HALDIA,Expected,"2,8,9 & 13",MV. AMNSI MAXIMUS,,GEARLESS,PYROXENITE,Other,34200,34200.0,DISCH,2026-08-15,2026-08-16,2026-08-18,,TATA STEEL,SAMSARA,DECLEAR FOR TMILL BERTH
2026-08-13,HALDIA,Expected,"2,8,9 & 13",MV. TONG YING,,GEARLESS,MET COKE,Dry/General Bulk,32010,32010.0,DISCH,2026-08-17,2026-08-18,2026-08-20,,ORISSA METALIK / RASHMI GREEN,EVEREADY,DECLEAR FOR MHC BERTH
2026-08-13,HALDIA,Expected,"2,8,9 & 13",MV. ACHILLEAS S,,GEARED,MANGANESE ORE,Dry/General Bulk,17660,17660.0,DISCH,2026-08-17,2026-08-18,2026-08-20,,VARIOUS,GAC SHIPPING,DECLEAR FOR MHC BERTH
2026-08-13,HALDIA,Expected,"2,8,9 & 13",MV. KATERINA III,,GEARLESS,MET COKE,Dry/General Bulk,28648,28648.0,DISCH,2026-08-17,2026-08-18,2026-08-20,,VARIOUS,SEATRANS,DECLEAR FOR MHC BERTH
2026-08-13,HALDIA,Expected,"2,8,",MV. YU YAN,,GEARLESS,COKING COAL,Dry/General Bulk,33000,33000.0,DISCH,2026-08-18,2026-08-19,2026-08-21,,SAIL,V-OCEAN,DECLEAR FOR MHC BERTH
2026-08-13,HALDIA,Expected,4B,MV. ODYSSEAS L,,GEARLESS,COKING COAL,Dry/General Bulk,30000,30000.0,DISCH,2026-08-18,2026-08-19,2026-08-21,,TATA STEEL,TMILL,DECLEAR FOR GBTPL BERTH
2026-08-13,HALDIA,Expected,"2,8,9 & 13",MV. GREEK SEAS,,GEARLESS,LIMESTONE,Dry/General Bulk,34000,34000.0,DISCH,2026-08-18,2026-08-19,2026-08-21,,TATA STEEL,TMILL,DECLEAR FOR TMILL BERTH
2026-08-13,HALDIA,Expected,"2,8,",MV. YM MASCOT,,GEARLESS,COKING COAL,Dry/General Bulk,33000,33000.0,DISCH,2026-08-18,2026-08-20,2026-08-22,,SAIL,GAC,DECLEAR FOR MHC BERTH
2026-08-13,HALDIA,Expected,"2,8,9 & 13",MV.SAKIZAYA XCEL,,GEARLESS,LIMESTONE,Dry/General Bulk,33000,33000.0,DISCH,2026-08-18,2026-08-21,2026-08-23,,TATA STEEL,KANOOO,DECLEAR FOR TMILL BERTH
2026-08-13,HALDIA,Expected,"2,8,9 & 13",MV.GOLDEN ARSENAL,,GEARED,ROCK PHOSPHATE,Dry/General Bulk,18600,18600.0,DISCH,2026-08-18,2026-08-25,2026-08-27,,VARIOUS,ALAP,DECLEAR FOR TMILL BERTH
2026-08-13,HALDIA,Expected,4B,MV. BASIC STAR,,GEARLESS,COKING COAL/ PCI COAL,Dry/General Bulk,31906,31906.0,DISCH,2026-08-19,2026-08-22,2026-08-24,,TATA STEEL,TMILL,DECLEAR FOR GBTPL BERTH
2026-08-13,HALDIA,Expected,"2,8,9 & 13",MV. WELL DREAM,,GEARED,LIMESTONE,Dry/General Bulk,26639,26639.0,DISCH,2026-08-20,2026-08-24,2026-05-26,,SHYAM SEL,GAC SHIPPING,"DECLEAR FOR MHC BERTH , (TO LIGHTEN AT SAGAR 4000 MT)"
2026-08-13,HALDIA,Expected,4B,MV. GRACE LOUISE,,GEARLESS,COKING COAL,Dry/General Bulk,35000,35000.0,DISCH,2026-08-20,2026-08-25,2026-08-27,,TATA STEEL,TMILL,DECLEAR FOR GBTPL BERTH
2026-08-13,HALDIA,Expected,"2,8,9 & 13",MV. AGRAFA,,GEARED,MANGANESE ORE,Dry/General Bulk,23000,23000.0,DISCH,2026-08-23,2026-08-24,2026-08-26,,VARIOUS,BENLINE,DECLEAR FOR MHC BERTH
2026-08-13,DHAMRA,Working,B - 1/17.2/350,MV CELINA,PANAMAX,,COKING COAL,Dry/General Bulk,,,DISCHARGE,2026-08-12,B - 1/17.2/350,2026-08-15,,SAIL,SMPL/INFINITY/SPARTANS,
2026-08-13,DHAMRA,Working,B -3/17/350,MV INCE ISTANBUL,PANAMAX,,IRON ORE PELLETS,Dry/General Bulk,,,LOADING,2026-08-09,B -3/17/350,2026-08-14,,ORISSA METALICES PVT LTD/SHYAM METALICS,ATLANTIC,
2026-08-13,DHAMRA,Working,B-3 A /14.5/350,MV BASIC FORTUNE,PANAMAX,,LIMESTONE,Dry/General Bulk,,,DISCHARGE,2026-08-08,B-3 A /14.5/350,2026-08-14,,TATA,TMIL,
2026-08-13,DHAMRA,Working,B-3A S /13.5,MV MH ARPEGGIO,HANDIMAX,,IRON ORE PELLETS,Dry/General Bulk,,,LOADING,2026-08-02,B-3A S /13.5,2026-08-15,,RUNGTA SONS,GAC,
2026-08-13,DHAMRA,Working,B-4/17/300,MV APJ SHIRINI,HANDIMAX,,PYROXENITE,Other,,,DISCHARGE,2026-08-01,B-4/17/300,2026-08-13,,PARAG VINMAY,SMPL,
2026-08-13,DHAMRA,Working,B-5/17/300,MV YANGTZE DAWN,HANDIMAX,,UREA,Other,,,DISCHARGE,2026-07-31,B-5/17/300,2026-08-13,,INDIAN POTASH LTD,SMPL,
2026-08-13,DHAMRA,Waiting,B-5,MV GCL SABARMATI,CAPE,,LIMESTONE,Dry/General Bulk,105000 MT,105000.0,DISCHARGE,2026-08-09,2026-08-13,2026-08-19,,TATA,TMIL/SAMSARA,
2026-08-13,DHAMRA,Waiting,B-4,MV PRINCESS JONNA,HANDIMAX,,HR COIL,Other,40000 MT,40000.0,LOADING,2026-08-10,2026-08-13,2026-08-16,,TATA,TMIL,
2026-08-13,DHAMRA,Waiting,B-3,MV MAHIC PERSEUS,PANAMAX,,THERMAL COAL,Dry/General Bulk,76460 MT,76460.0,LOADING,2026-08-10,2026-08-14,2026-08-16,,MOXIE POWER,GAC,
2026-08-13,DHAMRA,Waiting,B-3AS,MV SAKIZAYA XCEL,PANAMAX,,LIMESTONE,Dry/General Bulk,45000 MT,45000.0,DISCHARGE,2026-08-10,2026-08-15,2026-08-16,,TATA,TMIL,
2026-08-13,DHAMRA,Waiting,B-3,MV ENGIADINA,HANDIMAX,,IRON ORE PELLETS,Dry/General Bulk,55000 MT,55000.0,LOADING,2026-08-11,2026-08-16,2026-08-18,,RUNGTA MINES,INFINITY,
2026-08-13,DHAMRA,Waiting,B-3A,MV OCEAN HOPE,HANDIMAX,,IRON ORE FINES,Dry/General Bulk,55000 MT,55000.0,LOADING,2026-08-11,2026-08-13,2026-08-16,,LAXMI EXPORTS,SPARTANS,
2026-08-13,DHAMRA,Waiting,B-3,MV APJ KABIR ANAND,PANAMAX,,THERMAL COAL,Dry/General Bulk,75000 MT,75000.0,LOADING,2026-08-13,2026-08-18,2026-08-21,,TANGEDCO,JIGSAN,
2026-08-13,DHAMRA,Expected,B-1,MV ODYSSEAS,PANAMAX,,COKING COAL,Dry/General Bulk,45000 MT,45000.0,DISCHARGE,2026-08-13,2026-08-13,2026-08-14,,TATA,TMIL,
2026-08-13,DHAMRA,Expected,B-5,MV GREEK SEAS,PANAMAX,,LIMESTONE,Dry/General Bulk,45000 MT,45000.0,DISCHARGE,2026-08-13,2026-08-19,2026-08-22,,TATA,TMIL,
2026-08-13,DHAMRA,Expected,B-3A,MV PORT NARA,HANDIMAX,,THERMAL COAL,Dry/General Bulk,32000 MT,32000.0,LOADING,2026-08-13,2026-08-16,2026-08-18,,ORISSA METALICES PVT LTD/SHYAM METALICS,ATLANTIC,
2026-08-13,DHAMRA,Expected,B-3AS,MV SHAHRIAR JAHAN,HANDIMAX,,SLAG,Other,46000 MT,46000.0,LOADING,2026-08-14,2026-08-16,2026-08-20,,TATA,EIPL,
2026-08-13,DHAMRA,Expected,B-4,MV SAFESEA SINDOOR,HANDIMAX,,COIL/SLAB,Dry/General Bulk,30000 MT,30000.0,LOADING,2026-08-15,2026-08-16,2026-08-22,,JINDAL STEEL LTD,JM BOXI,
2026-08-13,DHAMRA,Expected,B-3,MV PORTLAND,HANDIMAX,,SLAG,Other,55000 MT,55000.0,LOADING,2026-08-15,2026-08-21,2026-08-23,,TATA,EIPL,
2026-08-13,DHAMRA,Expected,B-2,MV EASTERN QUINCE,PANAMAX,,COKING COAL,Dry/General Bulk,78000 MT,78000.0,DISCHARGE,2026-08-21,2026-08-21,2026-08-23,,TATA,TMIL/BEN LINE,
2026-08-13,DHAMRA,Expected,B-1,MV ANDROS SPIRIT,PANAMAX,,COKING COAL,Dry/General Bulk,38000 MT,38000.0,DISCHARGE,2026-08-23,2026-08-23,2026-08-24,,ADANI ENTERPRISES LTD,JYOTHI/GPR,
2026-08-13,PARADIP PORT,Waiting & Expected,,MV. ENDLESS HORIZON,,189.99/13.00,ROCK PHOSPHATE,Dry/General Bulk,56038 MT,56038.0,DISCHARGE,08/1624 HRS,,,HIGH SEAS,PPL,OSL,
2026-08-13,PARADIP PORT,Waiting & Expected,,MV. ANASTASIA K,,229.00/,ROCK PHOSPHATE,Dry/General Bulk,76015 MT,76015.0,DISCHARGE,13/1800 HRS,,,HIGH SEAS,IFFCO,JMS,
2026-08-13,PARADIP PORT,Waiting & Expected,,MV. KANG SHUN,,189.90/12.42,ROCK PHOSPHATE,Dry/General Bulk,52500 MT,52500.0,DISCHARGE,15/1800 HRS,,,HIGH SEAS,PPL,OSL,
2026-08-13,PARADIP PORT,Waiting & Expected,,MT. PLATA SOUTH,,333.00/,CRUDE OIL,Liquid/Chemical Bulk,269855 MT,269855.0,DISCHARGE,10/2106HRS,,,HIGH SEAS,IOCL PLD,GAC,
2026-08-13,PARADIP PORT,Waiting & Expected,,MT. MAINI,,249.00/,CRUDE OIL,Liquid/Chemical Bulk,94486 MT,94486.0,DISCHARGE,12/2148 HRS,,,HIGH SEAS,IOCL PLD,NAVSHIP,
2026-08-13,PARADIP PORT,Waiting & Expected,,MT. SPARTAN,,274.00/,CRUDE OIL,Liquid/Chemical Bulk,125039 MT,125039.0,DISCHARGE,15/0800 HRS,,,HIGH SEAS,IOCL PLD,NAVSHIP,
2026-08-13,PARADIP PORT,Waiting & Expected,,MT. OLYMPIC FIGHTER,,274.22/15.00,CRUDE OIL,Liquid/Chemical Bulk,125159 MT,125159.0,DISCHARGE,15/2230 HRS,,,HIGH SEAS,IOCL PLD,AGS,
2026-08-13,PARADIP PORT,Waiting & Expected,,MV. APJ SETHU,,224.86/,THERMAL COAL,Dry/General Bulk,75000 MT,75000.0,LOADING,07/0354 HRS,2026-08-14,2026-08-15,HIGH SEAS,TNPGCL,SEAPORT,NOT READY
2026-08-13,PARADIP PORT,Waiting & Expected,,MV. MARINE FORTUNE I,,225.00/13.80,THERMAL COAL,Dry/General Bulk,72000 MT,72000.0,LOADING,08/1624 HRS,2026-08-14,2026-08-15,HIGH SEAS,TNPGCL,SEAPORT,NOT READY
2026-08-13,PARADIP PORT,Waiting & Expected,,MV. JAL VAIBHAV,,228.05/14.50,THERMAL COAL,Dry/General Bulk,85000 MT,85000.0,LOADING,10/1242 HRS,2026-08-14,2026-08-15,KRISHNAPATNAM,NTECL/SARAT,BOTHRA,SUB TO READINESS
2026-08-13,PARADIP PORT,Waiting & Expected,,MV. LILA FUJI,,229.00/14.50,THERMAL COAL,Dry/General Bulk,77000 MT,77000.0,LOADING,10/1436 HRS,2026-08-13,2026-08-15,GOA,NTPC/KUDGI,GAC,
2026-08-13,PARADIP PORT,Waiting & Expected,,MV. APJ INDRANI,,225.00/,THERMAL COAL,Dry/General Bulk,75000 MT,75000.0,LOADING,11/1454 HRS,2026-08-15,2026-08-16,HIGH SEAS,TNPGCL,SEAPORT,SUB TO READINESS
2026-08-13,PARADIP PORT,Waiting & Expected,,MV. RIPLEY PINNACLE,,225.00/14.50,THERMAL COAL,Dry/General Bulk,74000 MT,74000.0,LOADING,11/2030 HRS,2026-08-15,2026-08-16,ENNORE,APGEN/RIPLEY,SSS,SUB TO READINESS
2026-08-13,PARADIP PORT,Waiting & Expected,,MV. W SAPPHIRE,,229.00/14.50,THERMAL COAL,Dry/General Bulk,75000 MT,75000.0,LOADING,12/1212 HRS,2026-08-15,2026-08-16,KRISHNAPATNAM,APPDCL/ADANI,GAC,SUB TO READINESS
2026-08-13,PARADIP PORT,Waiting & Expected,,MV. APJ ANGAD 2,,224.94/14.50,THERMAL COAL,Dry/General Bulk,75000 MT,75000.0,LOADING,13/1800 HRS,2026-08-16,2026-08-17,ENNORE,NTECL/SARAT,BOTHRA,SUB TO READINESS
2026-08-13,PARADIP PORT,Waiting & Expected,,MV. AFRICAN ISABELLE,,199.98/13.50,THERMAL COAL,Dry/General Bulk,74000 MT,74000.0,LOADING,15/0600 HRS,2026-08-16,2026-08-17,KAKINADA,APG/SC,SCC(VSP),SUB TO READINESS
2026-08-13,PARADIP PORT,Waiting & Expected,,MV. DECCAN PRIDE,,225.00/14.50,THERMAL COAL,Dry/General Bulk,78360 MT,78360.0,LOADING,16/1200 HRS,2026-08-16,2026-08-17,KRISHNAPATNAM,SEMBCORP,J M BAXIMSPL,SUB TO READINESS
2026-08-13,PARADIP PORT,Waiting & Expected,,MV TAN BINH 259,,175.53/9.50,STEEL COILS,Dry/General Bulk,25391 MT,25391.0,DISCHARGE,22/1625 HRS,2026-08-17,2026-08-19,BAHODOPI,JINDAL STAINLESS,SSS,SUB TO READINESS
2026-08-13,PARADIP PORT,Waiting & Expected,,MV. STAR HELSINKI,,199.90/12.23,UREA,Other,49350 MT,49350.0,DISCHARGE,09/0712 HRS,2026-08-14,2026-08-17,UST-LUGA,BRAHMAPUTRA,SSS,SUB TO READINESS
2026-08-13,PARADIP PORT,Waiting & Expected,,MV. MAGIC ARIEL,,229.00/7.50,PIG IRON,Dry/General Bulk,66000 MT,66000.0,LOADING,09/1124 HRS,2026-08-18,2026-08-22,SINGAPORE,OMPL,J M BAXIMSPL,SUB TO READINESS
2026-08-13,PARADIP PORT,Waiting & Expected,,MV. DELAVITA,,229.00/7.50,PIG IRON,Dry/General Bulk,60500 MT,60500.0,LOADING,10/0130 HRS,2026-08-19,2026-08-23,SINGAPORE,RAMSARUP,GAC,SUB TO READINESS
2026-08-13,PARADIP PORT,Waiting & Expected,,MV. DP WORLD THAMIRABARANI,,142.70/6.90,CONTAINER,Container,10324 MT,10324.0,LOADING,11/0818 HRS,2026-08-16,2026-08-17,HALDIA,SWS/JSL/SAL,UNIFEEDER,CONTAINER PRIORITY
2026-08-13,PARADIP PORT,Waiting & Expected,,MV. AM PROGRESS,,176.54/,STEEL SLAB,Dry/General Bulk,30000 MT,30000.0,LOADING,14/0600 HRS,2026-08-22,2026-08-25,NEWPORT,TATA,TMIL,SUB TO READINESS
2026-08-13,PARADIP PORT,Waiting & Expected,,MV. MSC MAKOTO II,,175.49/7.50,CONTAINER,Container,350 MT,350.0,LOADING,17/1800 HRS,2026-08-17,2026-08-17,COLOMBO,MSC AGENGY,MSC AGENGY,CONTAINER PRIORITY
2026-08-13,PARADIP PORT,Waiting & Expected,,MV. MARINE CRYSTAL,,249.88/15.15,HARD COKING COAL,Dry/General Bulk,111185 MT,111185.0,DISCHARGE,09/2000 HRS,2026-08-13,2026-08-16,ABBOT POINT,JSPL/JSOL,SWS,SUB TO READINESS
2026-08-13,PARADIP PORT,Waiting & Expected,,MV. OTHONOI,,229.00/14.45,COKING COAL,Dry/General Bulk,79100 MT,79100.0,DISCHARGE,09/2054HRS,2026-08-16,2026-08-18,ABBOT POINT,JSPL,JMS,SUB TO READINESS
2026-08-13,PARADIP PORT,Waiting & Expected,,MV. BASIC STAR,,189.98/10.20,C.COAL/PCI COAL,Dry/General Bulk,44000 MT,44000.0,DISCHARGE,12/1724 HRS,2026-08-18,2026-08-19,ABBOT POINT,TATA,TMIL,SUB TO READINESS
2026-08-13,PARADIP PORT,Waiting & Expected,,MV. GRACE LOUISE,,228.99/14.38,COKING COAL,Dry/General Bulk,42000 MT,42000.0,DISCHARGE,15/0600 HRS,2026-08-19,2026-08-20,NORFOLK,TATA,TMIL,SUB TO READINESS
2026-08-13,PARADIP PORT,Waiting & Expected,,MV. BRILLIANT ADVANCE,,228.99/14.53,COKING COAL,Dry/General Bulk,79300 MT,79300.0,DISCHARGE,15/0800 HRS,2026-08-20,2026-08-22,HAYPOINT,TATA,TMIL,SUB TO READINESS
2026-08-13,PARADIP PORT,Waiting & Expected,,MV. GLORY LOONG,,224.95/13.86,COKING COAL,Dry/General Bulk,72667 MT,72667.0,DISCHARGE,15/2100 HRS,2026-08-22,2026-08-24,UST-LUGA,JSW/JSW JFE,SSS,SUB TO READINESS
2026-08-13,PARADIP PORT,Waiting & Expected,,MV. BLUE SPIRIT,,228.96/14.00,IRON ORE PELLET,Dry/General Bulk,75000 MT,75000.0,LOADING,15/0600 HRS,,,HAJIRA,AMNSIL,SAMSARA,
2026-08-13,PARADIP PORT,Waiting & Expected,,MV. OCEAN WINNER,,225.00/14.35,IRON ORE FINES,Dry/General Bulk,73000 MT,73000.0,LOADING,05/2118 HRS,,,CHINA,OCL IRON,BOTHRA,
2026-08-13,PARADIP PORT,Waiting & Expected,,MV. YANGTZE DAWN,,189.99/,IRON ORE PELLET,Dry/General Bulk,55000 MT,55000.0,LOADING,14/1800 HRS,2026-08-15,2026-08-16,HIGH SEAS,RSPL,GAC,
2026-08-13,PARADIP PORT,Waiting & Expected,,MT. NV AQUAMARINE,,225.12/,BUTANE/PROPANE,Liquid/Chemical Bulk,24000 MT,24000.0,DISCHARGE,19/1912 HRS,,,HIGHSEAS,IOCL,ISIPL,
2026-08-13,PARADIP PORT,Waiting & Expected,,MT. SOPRANO SERENE,,179.88/11.80,HSD/M.SPIRIT,Liquid/Chemical Bulk,19500 MT,19500.0,DISCHARGE,01/1000 HRS,,,HALDIA,BPCL,AGS,
2026-08-13,PARADIP PORT,Waiting & Expected,,MT. NOVA BREEZE,,180.00/10.40,AMMONIA,Liquid/Chemical Bulk,25000 MT,25000.0,DISCHARGE,03/0812 HRS,,,HIGHSEAS,IFFCO/PPL,J M BAXIMSPL,
2026-08-13,PARADIP PORT,Waiting & Expected,,MT. FAIRWAY,,274.00/7.70,NAPTHA,Other,14000 MT,14000.0,LOADING,11/0742 HRS,,,HIGHSEAS,IOCL,AGS,
2026-08-13,PARADIP PORT,Waiting & Expected,,MT. SANMAR SHEHNAI,,182.50/7.70,NAPTHA,Other,14000 MT,14000.0,LOADING,12/2054 HRS,,,KANDLA,IOCL,J M BAXIMSPL,
2026-08-13,PARADIP PORT,Waiting & Expected,,MT. SWARNA PUSHP,,184.95/8.10,ATF,Liquid/Chemical Bulk,8972 MT,8972.0,LOADING,13/0036 HRS,,,HIGHSEAS,IOCL,AGS,
2026-08-13,PARADIP PORT,Waiting & Expected,,MV. YM DELIGHT,,228.99/9.88,HARD COKING COAL,Dry/General Bulk,32000 MT,32000.0,DISCHARGE,10/0248 HRS,,,SINGAPORE,JSW JFE,J M BAXIMSPL,
2026-08-13,PARADIP PORT,Waiting & Expected,,MT. MANASAROVAR,,226.00/11.60,BUTANE/PROPANE,Liquid/Chemical Bulk,22700 MT,22700.0,DISCHARGE,16/0600 HRS,,,HIGHSEAS,IOCL,ISIPL,
2026-08-13,PARADIP PORT,Waiting & Expected,,MV. OCEAN WINNER,,225.00/14.35,IRON ORE FINES,Dry/General Bulk,73000 MT,73000.0,LOADING,05/2118 HRS,2026-08-13,2026-08-16,CHINA,OCL IRON,BOTHRA,CQ-1
2026-08-13,PARADIP PORT,Waiting & Expected,,MV. ERACLEA,,189.98/10.20,HARD COKING COAL,Dry/General Bulk,37155 MT,37155.0,DISCHARGE,12/1630 HRS,2026-08-14,2026-08-16,BEIRA,JSPL,SSS,CQ-2
2026-08-13,PARADIP PORT,Waiting & Expected,,MV. EVER SUPERIOR,,116.99/7.90,FERRO CHROM,Dry/General Bulk,8900 MT,8900.0,LOADING,12/2230 HRS,2026-08-15,2026-08-16,POHANG,IMFA,CHOWGULE,SQ
2026-08-13,PARADIP PORT,Waiting & Expected,,MV. SERENITY,,186.40/,MET COKE,Dry/General Bulk,17720 MT,17720.0,DISCHARGE,14/0600 HRS,2026-08-15,2026-08-16,BARRANQUILLA,IMFA,OSL,MPB
2026-08-13,PARADIP PORT,Waiting & Expected,,MV. GREEK SEAS,,229.00/,LIME STONE,Other,40000 MT,40000.0,DISCHARGE,14/1400 HRS,2026-08-16,2026-08-18,FANGCHEN,TATA,TMIL,CQ-1
2026-08-13,PARADIP PORT,Waiting & Expected,,MV. YM MASCOT,,228.95/,HARD COAL,Dry/General Bulk,43945 MT,43945.0,DISCHARGE,14/2000 HRS,2026-08-16,2026-08-18,NEWPORT,SAIL,SSS,CQ-2
2026-08-13,PARADIP PORT,Waiting & Expected,,MV. DDS MARINA,,126.80/9.10,AMMONIUM NITRATE,Other,11327 MT,11327.0,DISCHARGE,16/0600 HRS,2026-08-16,2026-08-19,NAKHODA,SPECIAL,SRAVAN,SQ
2026-08-13,PARADIP PORT,Waiting & Expected,,MV. PHC SURYA,,118.00/,GYPSUM,Dry/General Bulk,10000 MT,10000.0,LOADING,17/0600 HRS,2026-08-17,2026-08-18,NAKHODA,SMPL,OSL,MPB
2026-08-13,PARADIP PORT,Waiting & Expected,,"PRIORITY BERTHING ALLOWED FOR ALL IMPORT/EXPORT DRY BULK CARGO TO M/S. JSPL, TATA, JSW SAMBALPUR AT GCB.",,,,Other,,,,,,,,,,
2026-08-13,PARADIP PORT,Waiting & Expected,,"VESSEL WHICH CAN NOT PERFORM AS THE REQUIRED PORT NORMS, SHE WILL BE SHIFTED TO ROADS AND HER BERTHING WILL BE DECIDED AS THE LAST VESSEL ON SERIAL.",,,,Other,,,,,,,,,,
2026-08-13,PARADIP PORT,Waiting & Expected,,"MAXIMUM OF TWO COASTAL VESSELS WILL BE TAKEN AT A TIME IN THE CONVENTIONAL BERTH W.E.F 07-OCT-2018,TILL FURTHER ORDER",,,,Other,,,,,,,,,,
2026-08-13,KAKINADA,Waiting,,M.V.VIVA ECLIPSE,,,DAP,Other,49500,49500.0,,2026-08-11,,,,KRIBHCO,ANLINE,
2026-08-13,KAKINADA,Waiting,,SAILED VESSELS::,,,,Other,,,,,,,,,,
2026-08-13,KAKINADA,Waiting,,M.T. DIWAKAR,,,,Other,,,,2026-08-11,,,,,,
2026-08-13,KAKINADA,Waiting,,M.V. GREEN GENIE,,,,Other,,,,2026-08-09,,,,,,
2026-08-13,KAKINADA,Expected,,M.V.ESPERITA,,,RICE,Dry/General Bulk,50000,50000.0,,2026-08-14,,,,,IMPERIAL,
2026-08-13,KAKINADA,Expected,,M.V.LIBRA,,,RICE,Dry/General Bulk,50000,50000.0,,2026-08-15,,,,,LOTUS,
2026-08-13,KAKINADA,Expected,,M.V.ALEXANDROS III,,,RICE,Dry/General Bulk,7500,7500.0,,2026-08-15,,,,,LOTUS,
2026-08-13,KAKINADA,Expected,,M.V. BOSHI 78,,,ALUMINA,Dry/General Bulk,30653,30653.0,,2026-08-13,,,,BALCO,ESDI MARITIME,
2026-08-13,KAKINADA,Expected,,M.T. ORCHID SYLT,,,SULPHURIC ACID,Liquid/Chemical Bulk,20500,20500.0,,2026-08-14,,,,CIL,SEAPHOENIX,
2026-08-13,KAKINADA,Expected,,M.V. ROYAL FALCON,,,ALUMINA,Dry/General Bulk,31499,31499.0,,2026-08-16,,,,BALCO,JYOTHI MARINE,
2026-08-13,KAKINADA,Expected,,M.V. MAGPIE SW,,,ALUMINA,Dry/General Bulk,31500,31500.0,,2026-08-17,,,,VEDANTA & BALCO,CHOWGULE,
2026-08-13,KAKINADA,Expected,,M.V. CHOLA ETERNITY,,,COAL,Dry/General Bulk,49535,49535.0,,2026-08-17,,,,INDIA COKE AND POWER,GLORY FAITH,
2026-08-13,KAKINADA,Expected,,M.T. DX PIONEER,,,EDIBLE OIL,Other,13000,13000.0,,2026-08-18,,,,"GEMINI , NAVABHARAT PATANJALI SANTHOSHIMATHAA",SEAPORT SERVICES,
2026-08-13,KAKINADA,Expected,,M.V.DEBBIE,,,DRILLING EQUIPEMENT,Other,133,133.0,,2026-08-19,,,,"SCHLUMBERGER, SUBENO INDIA",PAREKH,
2026-08-13,KAKINADA,Expected,,M.V. SEA LYRA,,,MOP,Other,28000,28000.0,,2026-08-19,,,,CHAMBAL,BOTHRA,
2026-08-13,KAKINADA,Expected,,M.V. MILAS,,,ROCK PHOSPHATE,Dry/General Bulk,47900,47900.0,,2026-08-20,,,,CIL,RDS OIL & GAS,
2026-08-13,KAKINADA,Expected,,M.T. AZALEA,,,METHANOL,Other,4500,4500.0,,2026-08-22,,,,KLJ RESOURCES,GAC,
2026-08-13,KAKINADA,Expected,,M.V.RISHABH,,,,Other,,,,2026-02-05,,,,,,
2026-08-13,GANGAVARAM,Working,B1,MV KOBE HARMONY,,,CP COKE,Dry/General Bulk,26250,26250.0,,2026-07-31,B1,2026-08-14,SHIFTED FROM B7 TO B1 ON 12.08.2026,VEDANTA/BALCO,SPARTANS,MANUAL BERTH / SHIP CRANES
2026-08-13,GANGAVARAM,Working,B3,MV AQUAPRIMA,,,LIMESTONE,Dry/General Bulk,78710,78710.0,,2026-08-12,B3,2026-08-16,,JSW,ATLANTIC,HMC BERTH
2026-08-13,GANGAVARAM,Working,B4,MV VISHVA VIKAS,,,IRON ORE FINES,Dry/General Bulk,54850,54850.0,,2026-08-11,B4,2026-08-15,,KIOCL,SEAWAYS,MECHNICAL CONCEYOR LOADING BERTH
2026-08-13,GANGAVARAM,Working,B5,MV VISHVA CHETNA,,,COKING COAL,Dry/General Bulk,47200,47200.0,,2026-08-12,B5,2026-08-14,,SAIL,SEAWAYS,MECHNICAL CONCEYOR DISCH BERTH
2026-08-13,GANGAVARAM,Working,B8,MV RIPLEY PROSPERITY,,,THERMAL COAL,Dry/General Bulk,67000,67000.0,,2026-08-11,B8,2026-08-13,COASTAL,ADANI,JYOTHI,HMC BERTH
2026-08-13,GANGAVARAM,Working,B9,MV LIA,,,STEEL BILLETS,Dry/General Bulk,39720.74,39720.74,,2026-08-12,B9,2026-08-25,,RINL,SPARTANS,CONTAINER BERTH
2026-08-13,GANGAVARAM,Waiting,B6,MV FIRST HUNTER,,,COKING COAL,Dry/General Bulk,46800,46800.0,,2026-08-12,B6,2026-08-15,,SAIL,GAC,
2026-08-13,GANGAVARAM,Expected,B5,MV SERENDIPITY,,,COKING COAL,Dry/General Bulk,46500,46500.0,,2026-08-14,B5,2026-08-15,,SAIL,GAC,
2026-08-13,GANGAVARAM,Expected,B4,MV ZAHAB JAHAN,,,IRON ORE FINES,Dry/General Bulk,55000,55000.0,,2026-08-15,B4,2026-08-17,,KIOCL,,
2026-08-13,GANGAVARAM,Expected,,MV AP PETKA,,,SODA ASH,Dry/General Bulk,25052,25052.0,,2026-08-18,,,,,SAMUDRA,
2026-08-13,VISAKHAPATNAM,Working,OB-1,MV SANTA ANGELINA,,,IRON ORE FINES,Dry/General Bulk,56760,56760.0,L,2026-08-11,OB-1,2026-08-14,,,JYOTHI,
2026-08-13,VISAKHAPATNAM,Working,VGCB,MV ALPHA TROPHY,,,BAUXITE IN BULK,Dry/General Bulk,198041,198041.0,D,2026-08-06,VGCB,2026-08-17,,,IMPERIAL,
2026-08-13,VISAKHAPATNAM,Working,LPG,LPG/C. GAS PRIME,,,LPG,Other,23900,23900.0,D,2026-08-08,LPG,2026-08-14,,,INTEROCEAN,
2026-08-13,VISAKHAPATNAM,Working,AVCTPL[EQ-1A],MV KONA EXPLORER,,,LIMESTONE,Dry/General Bulk,78846,78846.0,D,2026-08-10,AVCTPL[EQ-1A],2026-08-13,,,WALTER CUMIN,
2026-08-13,VISAKHAPATNAM,Working,EQ-3,MV ALEXANDROS III,,,RICE IN BAGS,Dry/General Bulk,22830,22830.0,L,2026-08-04,EQ-3,2026-08-15,,,DHANISHTA,
2026-08-13,VISAKHAPATNAM,Working,EQ-4,MV NESTORS,,,UREA,Other,55000,55000.0,D,2026-08-11,EQ-4,2026-08-20,,,INTEROCEAN,
2026-08-13,VISAKHAPATNAM,Working,EQ-8 (VSPL),MV YASA RUBY,,,COKING COAL,Dry/General Bulk,79841,79841.0,D,2026-08-10,EQ-8 (VSPL),2026-08-14,,,IMPERIAL,
2026-08-13,VISAKHAPATNAM,Working,WQ-1,MV ONE AND ONLY,,,FERRO MANGANESE IN BULK & BAGS & STEEL CARGO.,Dry/General Bulk,29829,29829.0,L,2026-07-23,WQ-1,2026-08-13,,,SAIANS,SHIFTS TO WQ-1 ON 07.08.2026
2026-08-13,VISAKHAPATNAM,Working,WQ-2,MV ACHILLEAS S,,,MANGANESE ORE,Dry/General Bulk,38831,38831.0,D,2026-08-11,WQ-2,2026-08-16,,,GAC,
2026-08-13,VISAKHAPATNAM,Working,WQ-3,MV TATEV,,,ALUMINA IN BAGS,Dry/General Bulk,27600,27600.0,L,2026-08-07,WQ-3,2026-08-19,,,INTEROCEAN,
2026-08-13,VISAKHAPATNAM,Working,WQ-4,MV PAULA TRADER,,,FERRO MANGANESE & STEEL CARGO,Dry/General Bulk,23750,23750.0,L,2026-08-12,WQ-4,2026-08-20,,,SAIANS,
2026-08-13,VISAKHAPATNAM,Working,WQ-5,MV DONG FANG WEI YE,,,ALUMINA IN BAGS,Dry/General Bulk,31500,31500.0,L,2026-08-12,WQ-5,2026-08-20,,,ESHWAR,
2026-08-13,VISAKHAPATNAM,Working,WQ-6,MV SEA FALCON,,,MANGANESE ORE,Dry/General Bulk,16821,16821.0,D,2026-08-11,WQ-6,2026-08-13,,,NAVSHIP,
2026-08-13,VISAKHAPATNAM,Working,WQ-7,Handed over to m/s VMBCTPL for projecdt development,,,,Other,,,,,WQ-7,,,,,
2026-08-13,VISAKHAPATNAM,Working,OR-1,OR -1 Berth spared for Revamping by CE department,,,,Other,,,,,OR-1,,,,,
2026-08-13,VISAKHAPATNAM,Working,OR-3,MT SHAN CHI,,,FURNACE OIL,Liquid/Chemical Bulk,35502,35502.0,L,2026-08-11,OR-3,2026-08-15,,,INTEROCEAN,
2026-08-13,VISAKHAPATNAM,Waiting,1,LPG/C. SEARMBLER,,,ANDHROUS AMMONIA,Liquid/Chemical Bulk,10000,10000.0,D,2026-07-17,1,,,,GAC,RE-ANCH
2026-08-13,VISAKHAPATNAM,Waiting,2,MV XIN HAI TONG 807,,,STEAM COAL,Dry/General Bulk,78260,78260.0,D,2026-08-11,2,,,,SEATRANS,
2026-08-13,VISAKHAPATNAM,Waiting,3,MV CHENNAI VALARCHI,,,THERMAL COAL,Dry/General Bulk,77000,77000.0,L,2026-08-12,3,,,,SEAPORT,
2026-08-13,VISAKHAPATNAM,Waiting,4,MV INFINITY,,,ALUMINA POWDER IN BULK,Dry/General Bulk,30600,30600.0,L,2026-08-12,4,,,,RVSS,
2026-08-13,VISAKHAPATNAM,Waiting,5,LPG/C ETERNAL GLORY,,,LPG,Other,23000,23000.0,D,2026-08-12,5,,,,BOTHRA,
2026-08-13,VISAKHAPATNAM,Waiting,6,MV PANDA,,,ALUMINA IN BAGS,Dry/General Bulk,33000,33000.0,L,2026-08-13,6,,,,INTEROCEAN,
2026-08-13,VISAKHAPATNAM,Waiting,7,MV KATERINA III,,,M.COKE & NUT COKE,Dry/General Bulk,30010,30010.0,D,2026-08-13,7,,,,GAC,
2026-08-13,VISAKHAPATNAM,Waiting,8,MV HAI DUONG 68,,,STEEL CARGO,Dry/General Bulk,5000,5000.0,L,2026-08-13,8,,,,SPARTANS,
2026-08-13,VISAKHAPATNAM,Expected,,MV SSI IRRSISTIBLE,,,AMMONIUM SULPHTE IN BULK,Other,40500,40500.0,D,2026-08-14,,,,,SEATRANS,
2026-08-13,VISAKHAPATNAM,Expected,,MV BAO CHANG,,,ROCK PHOSPHATE,Dry/General Bulk,45000,45000.0,D,2026-08-14,,,,,RDS OIL,
2026-08-13,VISAKHAPATNAM,Expected,,MV THEOSKEPASTI,,,STEAM COAL,Dry/General Bulk,71670,71670.0,D,2026-08-14,2026-08-14,,,,SEATRANS,
2026-08-13,VISAKHAPATNAM,Expected,,MV OAK ANTON,,,NUT COKE IN BULK,Dry/General Bulk,17700,17700.0,D,2026-08-14,2026-08-14,,,,NAVSHIP,
2026-08-13,VISAKHAPATNAM,Expected,,MV SITC PORTKLANG,,,CONTAINERS,Container,10200,10200.0,D/L,2026-08-14,2026-08-14,,,,ELS,
2026-08-13,VISAKHAPATNAM,Expected,,MT HARI PRIYA,,,HSD,Liquid/Chemical Bulk,18361,18361.0,D,2026-08-14,,,,,HARIKA,
2026-08-13,VISAKHAPATNAM,Expected,,MV CHOLA SERENITY,,,THERMAL COAL,Dry/General Bulk,77000,77000.0,L,2026-08-15,,,,,SEAPORT,
2026-08-13,VISAKHAPATNAM,Expected,,MV YU YAN,,,COKING COAL,Dry/General Bulk,46000,46000.0,D,2026-08-15,,,,,SAMSARA,
2026-08-13,VISAKHAPATNAM,Expected,,MV ZHONG GU XIONG AN,,,CONTAINERS,Container,25000,25000.0,D/L,2026-08-15,,,,,BTL,
2026-08-13,VISAKHAPATNAM,Expected,,MV GCL YAMUNA,,,IRON ORE PELLETS,Dry/General Bulk,105000,105000.0,L,2026-08-16,,,,,JYOTHI,
2026-08-13,VISAKHAPATNAM,Expected,,MV AFRICAN PEACOCK,,,C.P.COKE,Dry/General Bulk,16000,16000.0,L,2026-08-16,,,,,ESHWAR,
2026-08-13,VISAKHAPATNAM,Expected,,MV DARLEAKAY,,,MANGANESE ORE,Dry/General Bulk,25000,25000.0,D,2026-08-16,,,,,BOTHRA,
2026-08-13,VISAKHAPATNAM,Expected,,MT MARAN AJAX,,,CRUDE OIL,Liquid/Chemical Bulk,248000,248000.0,D,2026-08-16,,,,,ATLANTIC,
2026-08-13,VISAKHAPATNAM,Expected,,MV MINI ATLAS,,,MANGANESE ORE,Dry/General Bulk,4800,4800.0,L,2026-08-17,,,,,GAC,
2026-08-13,VISAKHAPATNAM,Expected,,MT HAFINA MYNA,,,FURNACE OIL,Liquid/Chemical Bulk,33000,33000.0,L,2026-08-17,,,,,INTEROCEAN,
2026-08-13,VISAKHAPATNAM,Expected,,MV SSI CONQUEST,,,TSP & DAP,Other,52700,52700.0,D,2026-08-17,,,,,BOTHRA,
2026-08-13,VISAKHAPATNAM,Expected,,MV ODELMAR,,,UREA,Other,10000,10000.0,D,2026-08-17,,,,,ALAP,
2026-08-13,VISAKHAPATNAM,Expected,,MV ATP FORTUNE,,,MANGANESE ORE,Dry/General Bulk,23500,23500.0,D,2026-08-17,,,,,K.R.SONS,
2026-08-13,VISAKHAPATNAM,Expected,,MV NAVIOS BAHAMAS,,,CONTAINERS,Container,20000,20000.0,D/L,2026-08-17,,,,,UNIFEEDEER,
2026-08-13,VISAKHAPATNAM,Expected,,MV MOGRAL,,,CONTAINERS,Container,40000,40000.0,D/L,2026-08-17,,,,,SIMA MARINE,
2026-08-13,VISAKHAPATNAM,Expected,,MV SEA TOPAZ,,,ALUMINA IN BULK,Dry/General Bulk,31500,31500.0,L,2026-08-18,,,,,INTEROCEAN,
2026-08-13,VISAKHAPATNAM,Expected,,MV SHIN SHUN,,,STEAM COAL,Dry/General Bulk,56836,56836.0,D,2026-08-19,,,,,SEATRANS,
2026-08-13,VISAKHAPATNAM,Expected,,MV AGRAFA,,,MANGANESE ORE,Dry/General Bulk,35596,35596.0,D,2026-08-19,,,,,BOTHRA,
2026-08-13,VISAKHAPATNAM,Expected,,MV STAR COPENHAGEN,,,UREA,Other,54266,54266.0,D,2026-08-20,,,,,CROSS TRADING,
2026-08-13,VISAKHAPATNAM,Expected,,MV GCL SABARMATI,,,IRON ORE PELLETS,Dry/General Bulk,105000,105000.0,L,2026-08-21,,,,,JYOTHI,
2026-08-13,VISAKHAPATNAM,Expected,,MV CRIMSON GLORY,,,MANGANESE ORE,Dry/General Bulk,30000,30000.0,D,2026-08-21,,,,,INTEGRAL,
2026-08-13,VISAKHAPATNAM,Expected,,MV SSL SABARIMALAI,,,CONTAINERS,Container,8500,8500.0,D/L,2026-08-24,,,,,UNIFEEDEER,
2026-08-13,VISAKHAPATNAM,Expected,,MV SM MANALI,,,CONTAINERS,Container,40000,40000.0,D/L,2026-08-24,,,,,SIMA MARINE,
2026-08-13,VISAKHAPATNAM,Expected,,MV NORSE MOBILE,,,FERRO MANGANESE & STEEL CARGO,Dry/General Bulk,29200,29200.0,L,2026-08-25,,,,,SAIANS,
2026-08-13,VISAKHAPATNAM,Expected,,MV JPS BARCELONA,,,DAP,Other,52552,52552.0,D,2026-08-25,,,,,ANLINE SHIPPING,
2026-08-13,VISAKHAPATNAM,Expected,,MV HALDI,,,"STONE AGGREGATE ,CEMENT & GENERAL CARGO",Dry/General Bulk,5000,5000.0,L,2026-08-26,,,,,FAIRMACS,
2026-08-13,VISAKHAPATNAM,Expected,,MV MOGRAL,,,CONTAINERS,Container,40000,40000.0,D/L,2026-08-26,,,,,SIMA MARINE,
2026-08-13,VISAKHAPATNAM,Expected,,MV MILAS,,,ROCK PHOSPHATE,Dry/General Bulk,47900,47900.0,D,2026-08-21,,,,,RDS OIL,
2026-08-17,KARAIKAL,Working,II,MV. SAKIZAAYA VICTORY,,,COAL,Dry/General Bulk,77000,77000.0,IMP,2026-08-14,2026-08-15,2026-08-18,,,,
2026-08-17,KARAIKAL,Working,III,MV. VSG PIONEER,,,COAL,Dry/General Bulk,75000,75000.0,IMP,2026-08-14,2026-08-16,2026-08-18,,,,
2026-08-17,KARAIKAL,Working,IV,MV. ND THELKIS,,,SLAG,Other,56570,56570.0,IMP,2026-08-14,2026-08-14,2026-08-18,,,,
2026-08-17,KARAIKAL,Expected,,MV. BAO RUN,,,UREA,Other,42000,42000.0,IMP,2026-08-18,2026-08-18,2026-08-20,,,,
2026-08-17,KARAIKAL,Expected,,MV. APJ SETHU,,,COAL,Dry/General Bulk,80147,80147.0,IMP,2026-08-18,2026-08-18,2026-08-20,,,,
2026-08-17,KARAIKAL,Expected,,MV. HAI DUONG 36,,,CALCITE,Other,10200,10200.0,IMP,2026-08-20,2026-08-20,2026-08-22,,,,
2026-08-17,GOPALPUR,Waiting,MPB-1,MV CHOLA DESTINY,,,GYPSUM,Dry/General Bulk,40000,40000.0,D,2026-08-17,2026-08-17,2026-08-20,,,SEATRANS,
2026-08-17,GOPALPUR,Expected,MPB-2,MV C FORCE,,,LIMESTONE,Dry/General Bulk,78419,78419.0,D,2026-08-19,2026-08-19,2026-08-23,,,SEATRANS,
2026-08-17,GOPALPUR,Expected,MPB-3,MV LH ANTHEA,,,LIMESTONE,Dry/General Bulk,74509,74509.0,D,2026-08-19,2026-08-19,2026-08-23,,,BENLINE,
2026-08-17,CHENNAI,Working,SQ1,STAR LYSEFJORD,,,PROJ,Other,110,110.0,L,2026-08-17,2026-08-17,2026-08-18,,,PEARL,
2026-08-17,CHENNAI,Working,JD,SJ LILY,,,S.COILS/ST.PLATES,Dry/General Bulk,8720,8720.0,D,2026-08-16,2026-08-16,2026-08-17,,,SAMSARA,
2026-08-17,CHENNAI,Working,JD1,SEA STELLAR,,,PROJ/STEEL,Dry/General Bulk,795-7843,,D/D,2026-08-15,2026-08-15,2026-08-17,,,UNITRANS,
2026-08-17,CHENNAI,Expected,WQ1/2/BD2,FORTUNE GLORY,,,CSFO,Other,8000,8000.0,D,2026-08-18,2026-08-18,2026-08-20,,,GAC,
2026-08-17,CHENNAI,Expected,,BRIGHT STAR,,,ST.COILS/HR.COILS/ST.BAR/ST.PLATES,Dry/General Bulk,7702/5498/696/306,,D,2026-08-20,2026-08-20,2026-08-22,,,SAMSARA,
2026-08-17,CHENNAI,Expected,JD1/SQ1,HT LOTUS,,,FLOU,Other,10000,10000.0,D,2026-08-23,2026-08-23,2026-08-28,,,SEAGREEN,
2026-08-17,CHENNAI,Expected,JD1/3/5,CHARLIE,,,PROJ,Other,4,4.0,D,2026-08-24,2026-08-24,2026-08-26,,,PAREKH,
2026-08-17,ENNORE,Working,CB1,CHOLA LEGACY,,,T COAL,Dry/General Bulk,76410,76410.0,D,2026-08-13,CB1,2026-08-17,,,SEAPORT,COASTAL
2026-08-17,ENNORE,Working,CB2,Chola Melody,,,T COAL,Dry/General Bulk,74500,74500.0,D,2026-08-15,CB2,2026-08-18,,,JESPA,COASTAL
2026-08-17,ENNORE,Working,GCB2,OCEAN VOYAGER,,,CATERPILLAR,Other,10,10.0,L,2026-08-16,GCB2,2026-08-18,,,XLLENT,
2026-08-17,ENNORE,Working,ECTPL,TIDE JUPITER,,,S COAL,Dry/General Bulk,75702,75702.0,D,2026-08-14,ECTPL,2026-08-17,,,PEARL,
2026-08-17,ENNORE,Waiting,EBTPL,SHENLI,,,BARYTES,Other,54000,54000.0,L,2026-08-15,2026-08-17,2026-08-20,,,EVERWIN,
2026-08-17,ENNORE,Waiting,ECTPL,Vishva Jyoti,,,T.COAL,Dry/General Bulk,68500,68500.0,D,2026-08-15,2026-08-21,2026-08-23,,,SEAGREEN,COASTAL
2026-08-17,ENNORE,Waiting,ECTPL,STAR EVA,,,S COAL,Dry/General Bulk,103901,103901.0,D,2026-08-15,2026-08-18,2026-08-21,,,MERCHANT,
2026-08-17,ENNORE,Waiting,ECTPL,SUNRISE I,,,S COAL,Dry/General Bulk,40952,40952.0,D,2026-08-15,2026-08-20,2026-08-23,,,PEARL,
2026-08-17,ENNORE,Waiting,ECTPL,Venus Star,,,S COAL,Dry/General Bulk,78547,78547.0,D,2026-08-16,2026-08-23,2026-08-25,,,GAC,
2026-08-17,ENNORE,Expected,EBTPL,Fortune Sunshine,,,L.STONE,Other,71037,71037.0,D,2026-08-18,2026-08-20,2026-08-23,,,PEARL,
2026-08-17,ENNORE,Expected,MLT,LPG/C BW POLARIS,,,PROPANE/BUTANE,Liquid/Chemical Bulk,23000,23000.0,D,2026-08-18,2026-08-18,2026-08-20,,,WILHELMSEN,
2026-08-17,ENNORE,Expected,LNGT,LNG/C CELSIUS GEORGETOWN,,,LNG,Other,55000,55000.0,D,2026-08-19,2026-08-19,2026-08-20,,,SAMSARA,
2026-08-17,ENNORE,Expected,GCB,PRIMROSE ACE,,,AUTOMOBILE,Other,2100,2100.0,L,2026-08-20,2026-08-20,2026-08-21,,,MOL,
2026-08-17,ENNORE,Expected,GCB,Jasper Arrow,,,AUTOMOBILE,Other,900,900.0,L,2026-08-24,2026-08-24,2026-08-25,,,K STEAM,
2026-08-17,ENNORE,Expected,GCB,EUPHRATE HIGHWAY,,,AUTOMOBILE,Other,600,600.0,L,2026-08-28,2026-08-28,2026-08-29,,,JM BAXI,
2026-08-17,ENNORE,Expected,GCB,HOEGH TROOPER,,,AUTOMOBILE,Other,800,800.0,L,2026-08-31,2026-08-31,2026-09-01,,,SAMSARA,
2026-08-17,KRISHNAPATNAM,Working,WB-3,MT DALMACIJA,,,CDSBO,Other,8280.25,8280.25,D,2026-08-16,2026-08-16,2026-08-18,"SANLORENZO, ARGENTINA",,INTEROCEAN SHIPPING(INDIA)PVT LTD,
2026-08-17,KRISHNAPATNAM,Working,WB-2,MV CAPT EUGENE,,,TSP FERTILIZER,Dry/General Bulk,34262,34262.0,D,2026-08-16,2026-08-16,2026-08-19,MOROCCO,,ATLANTIC GLOBAL SHIPPING PVT LTD,
2026-08-17,KRISHNAPATNAM,Working,WB-1,MV PENNA SURAKSHA,,,CEMENT,Dry/General Bulk,25000,25000.0,L,2026-08-14,2026-08-14,2026-08-17,COCHIN,,MBK LOGISTIX PVT LTD,
2026-08-17,KRISHNAPATNAM,Working,S4,MV DOUKATO,,,THERMAL COAL,Dry/General Bulk,83680,83680.0,D,2026-08-14,2026-08-15,2026-08-19,"NACALA PORT, MOZAMBIQUE",,SPARTANS MARINE SERVICES PRIVATE LIMITED,
2026-08-17,KRISHNAPATNAM,Working,8,M.V GIORGAKIS,,,COAL,Dry/General Bulk,79000,79000.0,D,2026-08-14,2026-08-15,2026-08-17,PARADIP,,M/S.SARAT CHATTERJEE & CO,
2026-08-17,KRISHNAPATNAM,Working,7,MV AQUASTAR,,,COAL,Dry/General Bulk,59611,59611.0,D,2026-08-15,2026-08-15,2026-08-17,PARADIP,,SARAT CHATTERJEE & CO (VSP) PVT LTD,
2026-08-17,KRISHNAPATNAM,Working,6,MV CAPE TAIZHOU,,,IRON ORE FINES,Dry/General Bulk,156326,156326.0,D,2026-08-15,2026-08-15,2026-08-19,RUSSIA,,MERCHANT SHIPPING SERVICES PVT. LTD.,
2026-08-17,KRISHNAPATNAM,Working,5,MV MINERAL FAITH,,,IRON ORE FINES,Dry/General Bulk,170000,170000.0,D,2026-08-16,2026-08-16,2026-08-20,"WESTERN AUSTRALIA, PORT HEDLAND",,GPR MARITIME AGENCIES,
2026-08-17,KRISHNAPATNAM,Working,4,MV LV DAISY,,,DAP,Other,31400,31400.0,D,2026-08-17,2026-08-17,2026-08-21,AQABA SEAPORT OF JORDAN,,SPARTANS MARINE SERVICES PRIVATE LIMITED,
2026-08-17,KRISHNAPATNAM,Working,3,MV CHOLA PROSPERITY,,,COAL,Dry/General Bulk,74960,74960.0,D,2026-08-16,2026-08-16,2026-08-19,PARADIP,,ATLANTIC GLOBAL SHIPPING PVT LTD,
2026-08-17,KRISHNAPATNAM,Working,2,MV VIOLETTA K,,,COAL,Dry/General Bulk,75000,75000.0,D,2026-08-15,2026-08-15,2026-08-20,PARADIP,,GAC SHIPPING PVT LTD.,
2026-08-17,KRISHNAPATNAM,Waiting,7,MV PACIFIC STAR,,,COAL,Dry/General Bulk,75000,75000.0,D,2026-08-16,2026-08-17,2026-08-19,PARADIP,,SARAT CHATTERJEE & CO (VSP) PVT LTD,
2026-08-17,KRISHNAPATNAM,Waiting,3,MV W HUANG PU,,,ROCK PHOSPHATE,Dry/General Bulk,13500,13500.0,D,2026-08-17,2026-08-19,2026-08-21,ABU GHOSOUN,,ALAP CARRIERS,
2026-08-17,KRISHNAPATNAM,Expected,1,MV ANDROS SPIRIT,,,COAL,Dry/General Bulk,30000,30000.0,D,2026-08-17,2026-08-18,2026-08-21,"RICHARDS BAY, SOUTH AFRICA",,JYOTHI MARINE SERVICES PVT LTD- OPA GAC SHIPPING,
2026-08-17,KRISHNAPATNAM,Expected,8,MV W-SAPPHIRE,,,COAL,Dry/General Bulk,79053,79053.0,D,2026-08-18,2026-08-19,2026-08-21,PARADIP,,GAC SHIPPING PVT LTD.,
2026-08-17,KRISHNAPATNAM,Expected,S4A,MV YUN SHENG,,,GYPSUM,Dry/General Bulk,44900,44900.0,D,2026-08-18,2026-08-19,2026-08-23,,,SEATRANS MARINE PVT LTD.,
2026-08-17,KRISHNAPATNAM,Expected,6,MV DIAMOND TRADER,,,COAL,Dry/General Bulk,46700,46700.0,D,2026-08-18,2026-08-19,2026-08-21,INDONESIA,,GAC SHIPPING-OPA/ JYOTHI MARINE SERVICES PVT LTD-CA,
2026-08-17,KRISHNAPATNAM,Expected,3,MV WESER POINT,,,LIMESTONE,Dry/General Bulk,76200,76200.0,D,2026-08-18,2026-08-19,2026-08-25,CHINA,,MERCHANT SHIPPING SERVICES PVT. LTD.,
2026-08-17,KRISHNAPATNAM,Expected,2,MV PAMPERO,,,COAL,Dry/General Bulk,40432,40432.0,D,2026-08-18,2026-08-20,2026-08-22,"MOBILE,USA",,SEATRANS MARINE PVT LTD.,
2026-08-17,KRISHNAPATNAM,Expected,WB-3,MT SH GLORY,,,CDSBO,Other,11000,11000.0,D,2026-08-19,2026-08-19,2026-08-21,CHINA,,ATLANTIC GLOBAL SHIPPING PVT LTD,
2026-08-17,KRISHNAPATNAM,Expected,WB-1,MV. DARYA SHAAN,,,CEMENT,Dry/General Bulk,21000,21000.0,L,2026-08-19,2026-08-19,2026-08-21,,,MBK LOGISTICS,
2026-08-17,KRISHNAPATNAM,Expected,S4,MV POLYDEFKIS,,,METCOKE,Dry/General Bulk,51408,51408.0,D,2026-08-19,2026-08-19,2026-08-22,INDONESIA,,WALTERR CUMINNS SHIPPING SERVICES VRC-SLR METALIKS LTD,
2026-08-17,KRISHNAPATNAM,Expected,1,MV XIN CHEN HAI YANG,,,SHIP UNLOADERS,Other,4098.8469999999998,4098.847,D,2026-08-19,2026-08-21,2026-08-28,CHINA,,SAMSARA SHIPPING PVT LTD,
2026-08-17,KRISHNAPATNAM,Expected,2,MV. SUN ISLAND,,,COAL,Dry/General Bulk,38230,38230.0,D,2026-08-20,2026-08-22,2026-08-25,"HAYPOINT, AUSTRALIA",,ASSOCIATED SHIPPING SERVICES,
2026-08-17,KRISHNAPATNAM,Expected,6,MV WEI HE,,,LIMESTONE,Dry/General Bulk,77000,77000.0,D,2026-08-20,2026-08-21,2026-08-24,CHINA,,MERCHANT SHIPPING SERVICES PVT. LTD.,
2026-08-17,KRISHNAPATNAM,Expected,S4,MV CL DEMOCRACY,,,COAL,Dry/General Bulk,38498.97,38498.97,D,2026-08-21,2026-08-22,2026-08-24,***,,PAREKH MARINE,
2026-08-17,KRISHNAPATNAM,Expected,5,MV GREAT TRIUMPH,,,LIMESTONE,Dry/General Bulk,75024,75024.0,D,2026-08-23,2026-08-23,2026-08-26,CHINA,,MERCHANT SHIPPING SERVICES PVT. LTD.,
2026-08-17,KRISHNAPATNAM,Expected,1,MV VITA MELODY,,,COAL,Dry/General Bulk,48871,48871.0,D,2026-05-28,2026-05-28,2026-05-31,INDONESIA,,JYOTHI MARINE,
2026-08-17,KATTUPALLI,Expected,CB3,CL LINDY,,,DOLOMITE,Dry/General Bulk,60500,60500.0,D,2026-08-17,2026-08-17,2026-08-22,,,PEARL/SEAGREEN,
2026-08-17,KATTUPALLI,Expected,CB3,SCORPIO HONOUR,,,GYPSUM,Dry/General Bulk,56000,56000.0,D,2026-08-22,2026-08-22,2026-08-26,,,MINSOTRANS,
2026-08-17,SANDHEADS,Working,,PELOPIDAS,,G'LESS,REVERT,Other,,,,NOT READY,090600,REVERT,,,N/A,
2026-08-17,SANDHEADS,Working,,THERE ARE 4 VIRTUAL ANCHORAGE POINTS AT SAGAR AND 4 VESSELS CAN WORK SIMULTANEOUSLY SUB PORT CONSIDERATION,,,,Other,,,,,,,,,,
2026-08-17,SANDHEADS,Working,,"VESSEL'S BERTHING MOVEMENT DEPENDS ON ALL FAVORABLE CONDITIONS SUCH AS CGO DOCS READINESS, VSL'S SENIORITY,",,,,Other,,,,,,,,,,
2026-08-17,SANDHEADS,Working,,"WEATHER CONDITIONS, CONGESTION & BERTH AVAILABILITY",,,,Other,,,,,,,,,,
2026-08-17,SANDHEADS,Working,,Port Working Hours: 24 x 7 basis,,,,Other,,,,,,,,,,
2026-08-17,SANDHEADS,Working,,COASTAL VESSELS HAVE OUSTING PRIORITY,,,,Other,,,,,,,,,,
2026-08-17,SAGAR,Waiting,,MV. WELL DREAM,,GEARED,LIMESTONE,Dry/General Bulk,,,,2026-08-20,2026-08-21,2026-08-23,,,GAC SHIPPING,
2026-08-17,HALDIA,Working,4B,MV. METTLE STARE-I,,GEARLESS,COKING COAL,Dry/General Bulk,32000,32000.0,DISCH,2025-10-22,2025-10-23,2025-10-24,,TATA STEEL,TMILL,
2026-08-17,HALDIA,Working,10,MV. EAST WIND 1,,GEARED,YELLOW PEAS,Other,20000,20000.0,DISCH,2026-07-28,2026-08-07,2026-08-20,,VARIOUS,SEAVISION,
2026-08-17,HALDIA,Working,13,MV. HT PIONEER,,GEARED,STEEL ROUNDS,Dry/General Bulk,10730,10730.0,LOAD,2026-08-11,2026-08-14,2026-08-20,,JINDAL STEEL,SEATRANS,
2026-08-17,HALDIA,Working,1,MV. BASIC FORTUNE,,GEARLESS,LIMESTONE,Dry/General Bulk,30000,30000.0,DISCH,2026-08-14,2026-08-15,2026-08-18,,TATA STEEL,TMILL,
2026-08-17,HALDIA,Working,14,MV. SEA FALCON,,GEARED,MANGANESE ORE,Dry/General Bulk,28000,28000.0,DISCH,2026-08-14,2026-08-17,2026-08-20,,VARIOUS,BOTHRA,
2026-08-17,HALDIA,Working,9,MV.FIRST HUNTER,,GEARLESS,COKING COAL,Dry/General Bulk,33000,33000.0,DISCH,2026-08-17,2026-08-17,2026-08-19,,SAIL,GAC SHIPPING,
2026-08-17,HALDIA,Waiting,"2,8,",MV. VISHVA CHETNA,,GEARLESS,COKING COAL,Dry/General Bulk,33000,33000.0,DISCH,2026-08-16,2026-08-19,2026-08-21,,SAIL,THE SHIPPING,DECLEAR FOR MHC BERTH
2026-08-17,HALDIA,Waiting,1,MV. AMNSI MAXIMUS,,GEARLESS,PYROXENITE,Other,34200,34200.0,DISCH,2026-08-15,2026-08-18,2026-08-20,,TATA STEEL,SAMSARA,DECLEAR FOR TMILL BERTH
2026-08-17,HALDIA,Expected,"2,8,9 & 13",MV TONG YING,,GEARLESS,MET COKE,Dry/General Bulk,32010,32010.0,DISCH,2026-08-17,2026-08-18,2026-08-20,,ORISSA/RASHMI,EVEREADY,BAHUDOPI
2026-08-17,HALDIA,Expected,13,M.V. GOLDEN ARSENAL,,GEARED,ROCK PHOSPHATE,Dry/General Bulk,18600,18600.0,DISCH,2026-08-17,2026-08-25,2026-08-27,,"INDORAMA INDIA , JAY SHREE TEA & TEESTA AGRO INDUSTRIES",ALAP,HAMRAWEIL
2026-08-17,HALDIA,Expected,"2,8,",M.V. SERENDIPITY,,GEARLESS,COKING COAL,Dry/General Bulk,33000,33000.0,DISCH,2026-08-17,2026-08-20,2026-08-22,,SAIL,GAC,GLADSTONE
2026-08-17,HALDIA,Expected,"2,8,9 & 13",M.V. NAN XIN 9,,GEARLESS,PCI COAL,Dry/General Bulk,26800,26800.0,DISCH,2026-08-18,2026-08-20,2026-08-22,,"CARBON RESOURCES , ESL STEEL LTD , NARSINGH ISPAT LTD",SEATRANS,UST LUGA
2026-08-17,HALDIA,Expected,"5,9",M.V. ASAHI BULKER,,GEARLESS,LENTILS,Other,16824,16824.0,DISCH,2026-08-18,2026-08-21,2026-08-23,,VARIOUS,GAC,AUSTRALIA
2026-08-17,HALDIA,Expected,4B,M.V.ODYSSEAS L,,GEARLESS,COKING COAL,Dry/General Bulk,34000,34000.0,DISCH,2026-08-19,2026-08-21,2026-08-23,,TSL,TMILL,LONGKOU
2026-08-17,HALDIA,Expected,"2,8,",M.V. YU YAN,,GEARLESS,COKING COAL,Dry/General Bulk,33000,33000.0,DISCH,2026-08-19,2026-08-22,2026-08-24,,SAIL,V OCEAN,NAKHODKA
2026-08-17,HALDIA,Expected,4B,M.V. BASIC STAR,,GEARLESS,COKING COAL,Dry/General Bulk,31906,31906.0,DISCH,2026-08-20,2026-08-22,2026-08-24,,TSL,TMILL,ABBOT POINT
2026-08-17,HALDIA,Expected,12,M.V. GREEK SEAS,,GEARLESS,LIMESTONE,Dry/General Bulk,34000,34000.0,DISCH,2026-08-20,2026-08-20,2026-08-22,,TSL,TMILL,FENGCHENG
2026-08-17,HALDIA,Expected,"2,8,9 & 13",M.V. KATERINA III,,GEARLESS,MET COKE,Dry/General Bulk,28648,28648.0,DISCH,2026-08-20,2026-08-21,2026-08-23,,SHYAM SEL AND POWER / SHYAM FERRO ALLOYS,SEATRANS,BAHUDOPI
2026-08-17,HALDIA,Expected,"2,8,9 & 13",M.V. CHOLA DESTINY,,GEARLESS,GYPSUM,Dry/General Bulk,34679,34679.0,DISCH,2026-08-20,2026-08-21,2026-08-23,,ACCESS DEVLOPER PVT LTD,ALAP,
2026-08-17,HALDIA,Expected,"2,8,",M.V. YM MASCOT,,GEARLESS,COKING COAL,Dry/General Bulk,33000,33000.0,DISCH,2026-08-20,2026-08-25,2026-08-27,,SAIL,GAC,USA
2026-08-17,HALDIA,Expected,"2,8,9 & 13",M.V. ACHILLEAS S,,GEARED,MANGANIES ORE,Other,17660,17660.0,DISCH,2026-08-20,2026-08-25,2026-08-27,,VARIOUS,GAC,SALDANHA BAY
2026-08-17,HALDIA,Expected,"2,8,9 & 13",M.V. WELL DREAM,,GEARED,LIMESTONE,Dry/General Bulk,4000/22639,,DISCH,2026-08-20,2026-08-24,2026-05-26,,SHYAM SEL AND POWER,GAC,DIBBA PORT
2026-08-17,HALDIA,Expected,"2,8,9 & 13",M.V. OAK ANTON,,GEARLESS,NUT COKE,Dry/General Bulk,34000,34000.0,DISCH,2026-08-20,2026-08-24,2026-05-26,,VARIOUS,SAKURA,BAHUDOPI
2026-08-17,HALDIA,Expected,12,M.V. SAKIZAYA XCEL,,GEARLESS,LIMESTONE,Dry/General Bulk,33000,33000.0,DISCH,2026-08-23,2026-08-25,2026-08-27,,TSL,KANOO SHIPPING,FENGCHENG
2026-08-17,HALDIA,Expected,"2,8,9 & 13",M.V. DARLEAKAY,,GEARLESS,MANGANIES ORE,Other,17970,17970.0,DISCH,2026-08-23,2026-08-25,2026-08-27,,VARIOUS,BEN LINE,LIBREVILLE
2026-08-17,HALDIA,Expected,4B,M.V. GRACE LOUISE,,GEARLESS,COKING COAL,Dry/General Bulk,35000,35000.0,DISCH,2026-08-24,2026-08-27,2026-08-29,,TSL,TMILL,USA
2026-08-17,HALDIA,Expected,"2,8,9 & 13",M.V. AGRAFA,,GEARED,MANGANIES ORE,Other,23000,23000.0,DISCH,2026-08-24,2026-08-27,2026-08-29,,VARIOUS,BEN LINE,LIBREVILLE
2026-08-17,DHAMRA,Working,B -3/17/350,MV MAHIC PERSEUS,PANAMAX,,THERMAL COAL,Dry/General Bulk,,,LOADING,2026-08-10,B -3/17/350,2026-08-18,,MOXIE POWER,GAC,
2026-08-17,DHAMRA,Working,B-3 A /14.5/350,MV OCEAN HOPE,HANDIMAX,,IRON ORE FINES,Dry/General Bulk,,,LOADING,2026-08-11,B-3 A /14.5/350,2026-08-19,,LAXMI EXPORTS,SPARTANS,
2026-08-17,DHAMRA,Working,B-3A S /13.5,MV MH ARPEGGIO,HANDIMAX,,IRON ORE PELLETS,Dry/General Bulk,,,LOADING,2026-08-02,B-3A S /13.5,2026-08-18,,RUNGTA SONS,GAC,
2026-08-17,DHAMRA,Working,B-4/17/300,MV PRINCESS JONNA,HANDIMAX,,HR COIL,Other,,,LOADING,2026-08-10,B-4/17/300,2026-08-18,,TATA,TMIL,
2026-08-17,DHAMRA,Working,B-5/17/300,MV GCL SABARMATI,CAPE,,LIMESTONE,Dry/General Bulk,,,DISCHARGE,2026-08-09,B-5/17/300,2026-08-20,,TATA,TMIL/SAMSARA,
2026-08-17,DHAMRA,Waiting,B-5,MV SAKIZAYA XCEL,PANAMAX,,LIMESTONE,Dry/General Bulk,45000 MT,45000.0,DISCHARGE,2026-08-10,2026-08-20,2026-08-23,,TATA,TMIL,
2026-08-17,DHAMRA,Waiting,B-3,MV ENGIADINA,HANDIMAX,,IRON ORE PELLETS,Dry/General Bulk,55000 MT,55000.0,LOADING,2026-08-11,2026-08-18,2026-08-20,,RUNGTA MINES,INFINITY,
2026-08-17,DHAMRA,Waiting,B-3,MV APJ KABIR ANAND,PANAMAX,,THERMAL COAL,Dry/General Bulk,75000 MT,75000.0,LOADING,2026-08-13,2026-08-20,2026-08-22,,TANGEDCO,JIGSAN,
2026-08-17,DHAMRA,Waiting,B-4,MV PORT NARA,HANDIMAX,,THERMAL COAL,Dry/General Bulk,32000 MT,32000.0,LOADING,2026-08-13,2026-08-18,2026-08-21,,ORISSA METALICES PVT LTD/SHYAM METALICS,ATLANTIC,
2026-08-17,DHAMRA,Waiting,B-3AS,MV APJ ANGAD 2,PANAMAX,,THERMAL COAL,Dry/General Bulk,75000 MT,75000.0,LOADING,2026-08-14,2026-08-18,2026-08-22,,TANGEDCO,SEAPORT,
2026-08-17,DHAMRA,Waiting,B-3AS,MV SHAHRIAR JAHAN,HANDIMAX,,SLAG,Other,46000 MT,46000.0,LOADING,2026-08-14,2026-08-18,2026-08-22,,TATA,EIPL,
2026-08-17,DHAMRA,Waiting,B-3AS,MV CELINA,PANAMAX,,IRON ORE FINES,Dry/General Bulk,64000 MT,64000.0,LOADING,2026-08-16,2026-08-22,2026-08-26,,STARLIGHT,INFINITY,
2026-08-17,DHAMRA,Waiting,B-2,MV ELONA,PANAMAX,,COKING COAL,Dry/General Bulk,45000 MT,45000.0,DISCHARGE,2026-08-17,2026-08-17,2026-08-18,,SAIL,SMPL/JM BOXI,
2026-08-17,DHAMRA,Expected,B-3,MV PORTLAND,HANDIMAX,,SLAG,Other,55000 MT,55000.0,LOADING,2026-08-17,2026-08-22,2026-08-25,,TATA,EIPL,
2026-08-17,DHAMRA,Expected,B-1,MV ODYSSEAS,PANAMAX,,COKING COAL,Dry/General Bulk,45000 MT,45000.0,DISCHARGE,2026-08-17,2026-08-17,2026-08-18,,TATA,TMIL,
2026-08-17,DHAMRA,Expected,B-4,MV SAFESEA SINDOOR,HANDIMAX,,COIL/SLAB,Dry/General Bulk,30000 MT,30000.0,LOADING,2026-08-17,2026-08-21,2026-08-30,,JINDAL STEEL LTD,JM BAXI,
2026-08-17,DHAMRA,Expected,B-2,MV EASTERN QUINCE,PANAMAX,,COKING COAL,Dry/General Bulk,78000 MT,78000.0,DISCHARGE,2026-08-23,2026-08-23,2026-08-25,,TATA,TMIL/BEN LINE,
2026-08-17,DHAMRA,Expected,B-1,MV ANDROS SPIRIT,PANAMAX,,COKING COAL,Dry/General Bulk,38000 MT,38000.0,DISCHARGE,2026-08-23,2026-08-23,2026-08-24,,ADANI ENTERPRISES LTD,JYOTHI/GPR,
2026-08-17,DHAMRA,Expected,B-1,MV SHIN SHUN,CAPE,,STEAM COAL,Dry/General Bulk,109000 MT,109000.0,DISCHARGE,2026-08-23,2026-08-24,2026-08-28,,RUNGTA MINES,GAC,
2026-08-17,DHAMRA,Expected,B-2,MV STELLA NAVIS,PANAMAX,,COKING COAL,Dry/General Bulk,45000 MT,45000.0,DISCHARGE,2026-08-27,2026-08-25,2026-08-26,,SHYAM METALIKS,GAC,
2026-08-17,DHAMRA,Expected,B-1,MV NEW EXPLORER,PANAMAX,,PCI COAL,Dry/General Bulk,76000 MT,76000.0,DISCHARGE,2026-08-26,2026-08-26,2026-08-28,,FEE GRADE,SMPL/INFINITY,
2026-08-17,PARADIP PORT,Waiting & Expected,,MV. ENDLESS HORIZON,,189.99/13.00,ROCK PHOSPHATE,Dry/General Bulk,56038 MT,56038.0,DISCHARGE,08/1624 HRS,,,HIGH SEAS,PPL,OSL,
2026-08-17,PARADIP PORT,Waiting & Expected,,MV. KANG SHUN,,189.90/12.42,ROCK PHOSPHATE,Dry/General Bulk,52500 MT,52500.0,DISCHARGE,15/1612 HRS,,,HIGH SEAS,PPL,OSL,
2026-08-17,PARADIP PORT,Waiting & Expected,,MT. SPARTAN,,274.00/,CRUDE OIL,Liquid/Chemical Bulk,125039 MT,125039.0,DISCHARGE,15/2042 HRS,,,HIGH SEAS,IOCL PLD,NAVSHIP,
2026-08-17,PARADIP PORT,Waiting & Expected,,MV. APJ INDRANI,,225.00/,THERMAL COAL,Dry/General Bulk,75000 MT,75000.0,LOADING,11/1454 HRS,2026-08-18,2026-08-19,HIGH SEAS,TNPGCL,SEAPORT,SUB TO READINESS
2026-08-17,PARADIP PORT,Waiting & Expected,,MV. APJ SHIRIN,,189.99/,THERMAL COAL,Dry/General Bulk,57000 MT,57000.0,LOADING,14/1800 HRS,2026-08-18,2026-08-19,KRISHNAPATNAM,APPDCL/SARAT,BOTHRA,SUB TO READINESS
2026-08-17,PARADIP PORT,Waiting & Expected,,MV. AFRICAN ISABELLE,,199.98/13.50,THERMAL COAL,Dry/General Bulk,60000 MT,60000.0,LOADING,17/1600 HRS,2026-08-18,2026-08-19,KAKINADA,APG/SC,SCC(VSP),SUB TO READINESS
2026-08-17,PARADIP PORT,Waiting & Expected,,MV. ANASTASIA K,,229.00/14.50,THERMAL COAL,Dry/General Bulk,75000 MT,75000.0,LOADING,17/1600 HRS,2026-08-19,2026-08-20,PAJARMASIN,NTPL A/C KCT,GAC,
2026-08-17,PARADIP PORT,Waiting & Expected,,MV. GREEN K MAX 2,,229.00/14.45,THERMAL COAL,Dry/General Bulk,65000 MT,65000.0,LOADING,18/0600 HRS,2026-08-19,2026-08-20,ENNORE,OPG,SEA SHIPS,SUB TO READINESS
2026-08-17,PARADIP PORT,Waiting & Expected,,MV TAN BINH 259,,175.53/9.50,STEEL COILS,Dry/General Bulk,25391 MT,25391.0,DISCHARGE,22/1625 HRS,2026-08-20,2026-08-22,BAHODOPI,JINDAL STAINLESS,SSS,SUB TO READINESS
2026-08-17,PARADIP PORT,Waiting & Expected,,MV. MAGIC ARIEL,,229.00/7.50,PIG IRON,Dry/General Bulk,66000 MT,66000.0,LOADING,09/1124 HRS,2026-08-20,2026-08-24,SINGAPORE,OMPL,J M BAXIMSPL,SUB TO READINESS
2026-08-17,PARADIP PORT,Waiting & Expected,,MV. DELAVITA,,229.00/7.50,PIG IRON,Dry/General Bulk,60500 MT,60500.0,LOADING,10/0130 HRS,2026-08-22,2026-08-26,SINGAPORE,RAMSARUP,GAC,SUB TO READINESS
2026-08-17,PARADIP PORT,Waiting & Expected,,MV. DP WORLD THAMIRABARANI,,142.70/6.90,CONTAINER,Container,10324 MT,10324.0,LOADING,11/0818 HRS,2026-08-18,2026-08-19,HALDIA,SWS/JSL/SAL,UNIFEEDER,CONTAINER PRIORITY
2026-08-17,PARADIP PORT,Waiting & Expected,,MV. AM PROGRESS,,176.54/,STEEL SLAB,Dry/General Bulk,30000 MT,30000.0,LOADING,14/0536 HRS,2026-08-24,2026-08-27,NEWPORT,TATA,TMIL,SUB TO READINESS
2026-08-17,PARADIP PORT,Waiting & Expected,,MV. LILA MUNDRA,,190.00/,STEEL PLATES/COILS,Dry/General Bulk,44661 MT,44661.0,LOADING,17/1800 HRS,2026-08-26,2026-09-02,HIGH SEAS,JSPL,SPARTANS,SUB TO READINESS
2026-08-17,PARADIP PORT,Waiting & Expected,,MV. MSC MAKOTO II,,175.49/7.50,CONTAINER,Container,350 MT,350.0,LOADING,19/0600 HRS,2026-08-19,2026-08-20,COLOMBO,MSC AGENGY,MSC AGENGY,CONTAINER PRIORITY
2026-08-17,PARADIP PORT,Waiting & Expected,,MV. AP QUEEN,,110.67/8.77,FERRO NICKLE,Other,8250 MT,8250.0,DISCHARGE,20/0600 HRS,2026-08-27,2026-08-28,INDONESIA,JSL,PAREKH,SUB TO READINESS
2026-08-17,PARADIP PORT,Waiting & Expected,,MV. OTHONOI,,229.00/14.45,COKING COAL,Dry/General Bulk,79100 MT,79100.0,DISCHARGE,09/2054 HRS,2026-08-17,2026-08-19,ABBOT POINT,JSPL,JMS,SUB TO READINESS
2026-08-17,PARADIP PORT,Waiting & Expected,,MV. BASIC STAR,,189.98/10.20,C.COAL/PCI COAL,Dry/General Bulk,44000 MT,44000.0,DISCHARGE,12/0924 HRS,2026-08-19,2026-08-20,ABBOT POINT,TATA,TMIL,SUB TO READINESS
2026-08-17,PARADIP PORT,Waiting & Expected,,MV. BRILLIANT ADVANCE,,228.99/14.53,COKING COAL,Dry/General Bulk,79300 MT,79300.0,DISCHARGE,15/0830 HRS,2026-08-20,2026-08-22,HAYPOINT,TATA,TMIL,SUB TO READINESS
2026-08-17,PARADIP PORT,Waiting & Expected,,MV. GRACE LOUISE,,228.99/14.38,COKING COAL,Dry/General Bulk,42000 MT,42000.0,DISCHARGE,15/0900 HRS,2026-08-22,2026-08-23,NORFOLK,TATA,TMIL,SUB TO READINESS
2026-08-17,PARADIP PORT,Waiting & Expected,,MV. GLORY LOONG,,224.95/13.86,COKING COAL,Dry/General Bulk,72667 MT,72667.0,DISCHARGE,16/0242 HRS,2026-08-23,2026-08-25,UST-LUGA,JSW/JSW JFE,SSS,SUB TO READINESS
2026-08-17,PARADIP PORT,Waiting & Expected,,MV. YPERION,,229.00/14.53,PCI COAL,Dry/General Bulk,47541 MT,47541.0,DISCHARGE,19/2000 HRS,2026-08-25,2026-08-26,LYTTELTO,TATA,TMIL,SUB TO READINESS
2026-08-17,PARADIP PORT,Waiting & Expected,,MV. SENTINEL,,200.00/,COAL,Dry/General Bulk,,,DISCHARGE,06/09/26 HRS,2026-09-06,2026-09-08,HIGH SEAS,VULCAN,SPARTANS,SUB TO READINESS
2026-08-17,PARADIP PORT,Waiting & Expected,,MV. ALASIA,,199.98/12.50,IRON ORE FINES,Dry/General Bulk,50000 MT,50000.0,LOADING,17/0200 HRS,,,MUMBAI,JSW,SSS,
2026-08-17,PARADIP PORT,Waiting & Expected,,MV. OCEAN WINNER,,225.00/14.35,IRON ORE FINES,Dry/General Bulk,73000 MT,73000.0,LOADING,05/2118 HRS,,,CHINA,OCL IRON,BOTHRA,
2026-08-17,PARADIP PORT,Waiting & Expected,,MV. OTHRYS,,199.99/13.32,IRON ORE FINES,Dry/General Bulk,62000 MT,62000.0,LOADING,19/0600 HRS,,,CHINA,RSPL,SSS,
2026-08-17,PARADIP PORT,Waiting & Expected,,MV. GEOSTAR,,199.98/13.10,IRON ORE FINES,Dry/General Bulk,57000 MT,57000.0,LOADING,19/1800 HRS,,,CHINA,BAGADIYA,SSS,
2026-08-17,PARADIP PORT,Waiting & Expected,,MV. AMNSI MAXIMUS,,229.00/14.00,IRON ORE PELLET,Dry/General Bulk,55000 MT,55000.0,LOADING,20/0600 HRS,,,HAJIRA,AMNSIL,SAMSARA,
2026-08-17,PARADIP PORT,Waiting & Expected,,MT. SOPRANO SERENE,,179.88/11.80,HSD/M.SPIRIT,Liquid/Chemical Bulk,19500 MT,19500.0,DISCHARGE,01/1000 HRS,,,HALDIA,BPCL,AGS,
2026-08-17,PARADIP PORT,Waiting & Expected,,MT. NOVA BREEZE,,180.00/10.40,AMMONIA,Liquid/Chemical Bulk,25000 MT,25000.0,DISCHARGE,03/0812 HRS,,,HIGHSEAS,IFFCO/PPL,J M BAXIMSPL,
2026-08-17,PARADIP PORT,Waiting & Expected,,MT. FAIRWAY,,274.00/7.70,NAPTHA,Other,14000 MT,14000.0,LOADING,11/0742 HRS,,,HIGHSEAS,IOCL,AGS,
2026-08-17,PARADIP PORT,Waiting & Expected,,MT. SANMAR SHEHNAI,,182.50/7.70,NAPTHA,Other,14000 MT,14000.0,LOADING,12/2054 HRS,,,KANDLA,IOCL,J M BAXIMSPL,
2026-08-17,PARADIP PORT,Waiting & Expected,,MT. MANASAROVAR,,226.00/11.60,BUTANE/PROPANE,Liquid/Chemical Bulk,22700 MT,22700.0,DISCHARGE,16/0624 HRS,,,HIGHSEAS,IOCL,ISIPL,
2026-08-17,PARADIP PORT,Waiting & Expected,,MT. BW POLARIS,,229.90/12.22,BUTANE/PROPAN,Liquid/Chemical Bulk,20000 MT,20000.0,DISCHARGE,21/1000 HRS,,,NEW MANGALORE,IOCL,WILHELMSEN,
2026-08-17,PARADIP PORT,Waiting & Expected,,MV. YM MASCOT,,228.95/,HARD COAL,Dry/General Bulk,43945 MT,43945.0,DISCHARGE,14/2042 HRS,2026-08-17,2026-08-20,NEWPORT,SAIL,SSS,MPB/SHIFTS SQ 19.08.2026
2026-08-17,PARADIP PORT,Waiting & Expected,,MV. GREEK SEAS,,229.00/,LIME STONE,Other,40000 MT,40000.0,DISCHARGE,14/2354 HRS,2026-08-18,2026-08-20,FANGCHEN,TATA,TMIL,CQ-1
2026-08-17,PARADIP PORT,Waiting & Expected,,MV. GLORY LOONG,,224.95/13.86,COKING COAL,Dry/General Bulk,72667 MT,72667.0,DISCHARGE,16/0242 HRS,2026-08-19,2026-08-23,UST-LUGA,JSW/JSW JFE,SSS,MPB
2026-08-17,PARADIP PORT,Waiting & Expected,,MV. DDS MARINA,,126.80/9.10,AMMONIUM NITRATE,Other,11327 MT,11327.0,DISCHARGE,16/1000 HRS,,,NAKHODA,SPECIAL,SRAVAN,
2026-08-17,PARADIP PORT,Waiting & Expected,,MV. RISOLUTO,,228.90/14.50,LIME STONE,Other,40000 MT,40000.0,DISCHARGE,17/0100 HRS,2026-08-20,2026-08-22,ZHANGJIAN,TATA,TMIL,CQ-2
2026-08-17,PARADIP PORT,Waiting & Expected,,MV. PHC SURYA,,118.00/,GYPSUM,Dry/General Bulk,10000 MT,10000.0,LOADING,18/0600 HRS,2026-08-20,2026-08-21,NAKHODA,SMPL,OSL,SQ
2026-08-17,PARADIP PORT,Waiting & Expected,,MV. THERESA PRIDE,,199.99/13.39,DOLOMITE,Dry/General Bulk,60500 MT,60500.0,DISCHARGE,19/1800 HRS,2026-08-20,2026-08-23,KHANOM,TATA,TMIL,CQ-1
2026-08-17,PARADIP PORT,Waiting & Expected,,MV. SUNRISE I,,228.90/14.46,COKING COAL,Dry/General Bulk,33000 MT,33000.0,DISCHARGE,20/0600 HRS,2026-08-22,2026-08-25,HIGHSEAS,JSW JFE,GPR MARITIME,
2026-08-17,PARADIP PORT,Waiting & Expected,,MV. NIKGENIOUS,,199.90/13.06,A. SULPHATE,Dry/General Bulk,31500 MT,31500.0,DISCHARGE,22/0600 HRS,2026-08-23,2026-08-26,NEW MANGALORE,HURL,ADMIRAL,
2026-08-17,PARADIP PORT,Waiting & Expected,,MV. SENTINEL,,200.00/,COAL,Dry/General Bulk,,,DISCHARGE,05/09/26 HRS,2026-09-05,2026-09-07,NEW MANGALORE,VULCAN,SPARTANS,MPB
2026-08-17,PARADIP PORT,Waiting & Expected,,"PRIORITY BERTHING ALLOWED FOR ALL IMPORT/EXPORT DRY BULK CARGO TO M/S. JSPL, TATA, JSW SAMBALPUR AT GCB.",,,,Other,,,,,,,,,,
2026-08-17,PARADIP PORT,Waiting & Expected,,"VESSEL WHICH CAN NOT PERFORM AS THE REQUIRED PORT NORMS, SHE WILL BE SHIFTED TO ROADS AND HER BERTHING WILL BE DECIDED AS THE LAST VESSEL ON SERIAL.",,,,Other,,,,,,,,,,
2026-08-17,PARADIP PORT,Waiting & Expected,,"MAXIMUM OF TWO COASTAL VESSELS WILL BE TAKEN AT A TIME IN THE CONVENTIONAL BERTH W.E.F 07-OCT-2018,TILL FURTHER ORDER",,,,Other,,,,,,,,,,
2026-08-17,KAKINADA,Waiting,,M.T. ORCHID SYLT,,,SULPHURIC ACID,Liquid/Chemical Bulk,20500,20500.0,,2026-08-14,,,,CIL,SEAPHOENIX,
2026-08-17,KAKINADA,Waiting,,M.V. ROYAL FALCON,,,ALUMINA,Dry/General Bulk,31499,31499.0,,2026-08-17,,,,BALCO,JYOTHI MARINE,
2026-08-17,KAKINADA,Waiting,,SAILED VESSELS::,,,,Other,,,,,,,,,,
2026-08-17,KAKINADA,Waiting,,M.V.PRICE JOY,,,,Other,,,,2026-07-16,,,,,,
2026-08-17,KAKINADA,Waiting,,M.V.JAL KUMUD,,,,Other,,,,2026-07-20,,,,,,
2026-08-17,KAKINADA,Waiting,,M.V. ECO CZAR,,,,Other,,,,2026-08-12,,,,,,
2026-08-17,KAKINADA,Waiting,,M.V. BLOOM HALO,,,,Other,,,,2026-08-11,,,,,,
2026-08-17,KAKINADA,Waiting,,M.V.ATHOS,,,,Other,,,,2026-08-05,,,,,,
2026-08-17,KAKINADA,Expected,,M.V.LIBRA,,,RICE,Dry/General Bulk,50000,50000.0,,2026-08-17,,,,,LOTUS,
2026-08-17,KAKINADA,Expected,,M.V. LILA SEOUL,,,COAL,Dry/General Bulk,75000,75000.0,,2026-08-17,,,,AP GENCO,SARAT CHATTERJEE,
2026-08-17,KAKINADA,Expected,,M.V. MAGPIE SW,,,ALUMINA,Dry/General Bulk,31500,31500.0,,2026-08-17,,,,VEDANTA & BALCO,CHOWGULE,
2026-08-17,KAKINADA,Expected,,M.V. CHOLA ETERNITY,,,COAL,Dry/General Bulk,49535,49535.0,,2026-08-18,,,,INDIA COKE AND POWER,GLORY FAITH,
2026-08-17,KAKINADA,Expected,,M.T. DX PIONEER,,,EDIBLE OIL,Other,13000,13000.0,,2026-08-19,,,,"GEMINI , NAVABHARAT PATANJALI SANTHOSHIMATHAA",SEAPORT SERVICES,
2026-08-17,KAKINADA,Expected,,M.V. SEA LYRA,,,MOP,Other,28000,28000.0,,2026-08-19,,,,CHAMBAL,BOTHRA,
2026-08-17,KAKINADA,Expected,,M.V.DEBBIE,,,DRILLING EQUIPEMENT,Other,133,133.0,,2026-08-19,,,,"SCHLUMBERGER, SUBENO INDIA",PAREKH,
2026-08-17,KAKINADA,Expected,,M.T. DALMACIJA,,,EDIBLE OIL,Other,15000,15000.0,,2026-08-19,,,,LOHIYA,INTEROCEAN,
2026-08-17,KAKINADA,Expected,,M.V.ODELMAR,,,UREA,Other,23000,23000.0,,2026-08-19,,,,CIL,ALAP,
2026-08-17,KAKINADA,Expected,,M.V. MILAS,,,ROCK PHOSPHATE,Dry/General Bulk,47900,47900.0,,2026-08-20,,,,CIL,RDS OIL & GAS,
2026-08-17,KAKINADA,Expected,,M.V.AQUASTAR,,,IRON ORE,Dry/General Bulk,60000,60000.0,,2026-08-20,,,,LLOYDS METALS,BOTHRA,
2026-08-17,KAKINADA,Expected,,M.T. AZALEA,,,METHANOL,Other,4500,4500.0,,2026-08-21,,,,KLJ RESOURCES,GAC,
2026-08-17,KAKINADA,Expected,,M.T.GLOBAL JUPITER,,,EDIBLE OIL,Other,5000,5000.0,,2026-08-22,,,,AWL AGRI,SEAPORT,
2026-08-17,KAKINADA,Expected,,M.T. SWARNA MALA,,,"DIESEL, MOTOR SPIRIT",Liquid/Chemical Bulk,5654 946,,,2026-08-22,,,,RIL,ATLANTIC,
2026-08-17,KAKINADA,Expected,,M.V.JIU XU36,,,AMMONIUM SULPHATE,Dry/General Bulk,33000,33000.0,,2026-08-23,,,,HINDUSTAN URVAK,PRAVV SHIPPING,
2026-08-17,KAKINADA,Expected,,M.V. SALT LAKE,,,NPK,Other,65992,65992.0,,2026-08-24,,,,CIL,CROSS TRADE,
2026-08-17,KAKINADA,Expected,,M.V.RISHABH,,,,Other,,,,2026-02-05,,,,,,
2026-08-17,GANGAVARAM,Working,B9,MV LIA,,,STEEL BILLETS,Dry/General Bulk,39720.74,39720.74,,2026-08-12,B9,2026-08-22,,RINL,SPARTANS,CONTAINER BERTH
2026-08-17,GANGAVARAM,Expected,B5,MV AURIGA STAR,,,ANTHRACITE COAL,Dry/General Bulk,80090,80090.0,,2026-08-17,B5,2026-08-19,,JSW,SEATRANS,
2026-08-17,GANGAVARAM,Expected,B6,MV SIANS,,,COKING COAL,Dry/General Bulk,78000,78000.0,,2026-08-17,B6,2026-08-20,,NMDC,ESDI,
2026-08-17,GANGAVARAM,Expected,B7,MV AP PETKA,,,SODA ASH,Dry/General Bulk,25052,25052.0,,2026-08-17,B7,2026-08-20,,INTEGRAL,SRINIVASA,
2026-08-17,VISAKHAPATNAM,Working,VGCB,MV ALPHA TROPHY,,,BAUXITE IN BULK,Dry/General Bulk,198041,198041.0,D,2026-08-06,VGCB,2026-08-18,,,IMPERIAL,
2026-08-17,VISAKHAPATNAM,Working,CB-1,MV MSC SABRINA III,,,CONTAINERS,Container,28097,28097.0,D/L,2026-08-16,CB-1,2026-08-18,,,MSC LINES,
2026-08-17,VISAKHAPATNAM,Working,CB-2,MV ZHONG GU XIONG AN,,,CONTAINERS,Container,29989,29989.0,D/L,2026-08-15,CB-2,2026-08-17,,,BTL,
2026-08-17,VISAKHAPATNAM,Working,CB-3,MV ZEBRA,,,CONTAINERS,Container,30477,30477.0,D/L,2026-08-16,CB-3,2026-08-17,,,MAERSK,
2026-08-17,VISAKHAPATNAM,Working,SPM,MT MARAN AJAX,,,CRUDE OIL,Liquid/Chemical Bulk,326527,326527.0,D,2026-08-16,SPM,2026-08-18,,,ATLANTIC,
2026-08-17,VISAKHAPATNAM,Working,LPG,LPG/C ETERNAL GLORY,,,LPG,Other,23000,23000.0,D,2026-08-12,LPG,2026-08-18,,,BOTHRA,
2026-08-17,VISAKHAPATNAM,Working,AVCTPL[EQ-1A],MV KATERINA III,,,M.COKE & NUT COKE,Dry/General Bulk,30010,30010.0,D,2026-08-13,AVCTPL[EQ-1A],2026-08-20,,,GAC,
2026-08-17,VISAKHAPATNAM,Working,EQ-3,MV DONG FANG WEI YE,,,ALUMINA IN BAGS,Dry/General Bulk,31500,31500.0,L,2026-08-12,EQ-3,2026-08-20,,,ESHWAR,SHIFTED FROM WQ-5 TO EQ-3
2026-08-17,VISAKHAPATNAM,Working,EQ-4,MV NESTORS,,,UREA,Other,55000,55000.0,D,2026-08-11,EQ-4,2026-08-20,,,INTEROCEAN,
2026-08-17,VISAKHAPATNAM,Working,EQ-6,MV AFRICAN PEACOCK,,,C.P.COKE,Dry/General Bulk,16450,16450.0,L,2026-08-16,EQ-6,2026-08-20,,,ESHWAR,
2026-08-17,VISAKHAPATNAM,Working,EQ-8 (VSPL),MV YU YAN,,,COKING COAL,Dry/General Bulk,47600,47600.0,D,2026-08-15,EQ-8 (VSPL),2026-08-18,,,SAMSARA,
2026-08-17,VISAKHAPATNAM,Working,EQ-9 (VSPL),MV THEOSKEPASTI,,,STEAM COAL,Dry/General Bulk,71670,71670.0,D,2026-08-14,EQ-9 (VSPL),2026-08-19,,,SEATRANS,
2026-08-17,VISAKHAPATNAM,Working,WQ-1 RE,MV HAI DUONG 68,,,STEEL CARGO,Dry/General Bulk,5396.5460000000003,5396.546,L,2026-08-13,WQ-1 RE,2026-08-19,,,SPARTANS,
2026-08-17,VISAKHAPATNAM,Working,WQ-1,MV CHOLA SERENITY,,,THERMAL COAL,Dry/General Bulk,77000,77000.0,L,2026-08-15,WQ-1,2026-08-20,,,SEAPORT,
2026-08-17,VISAKHAPATNAM,Working,WQ-2,MV ACHILLEAS S,,,MANGANESE ORE,Dry/General Bulk,38831,38831.0,D,2026-08-11,WQ-2,2026-08-19,,,GAC,
2026-08-17,VISAKHAPATNAM,Working,WQ-3,MV TATEV,,,ALUMINA IN BAGS,Dry/General Bulk,27600,27600.0,L,2026-08-07,WQ-3,2026-08-20,,,INTEROCEAN,
2026-08-17,VISAKHAPATNAM,Working,WQ-4,MV PAULA TRADER,,,FERRO MANGANESE & STEEL CARGO,Dry/General Bulk,23750,23750.0,L,2026-08-12,WQ-4,2026-08-20,,,SAIANS,
2026-08-17,VISAKHAPATNAM,Working,WQ-5,MV INFINITY,,,ALUMINA POWDER IN BULK,Dry/General Bulk,30600,30600.0,L,2026-08-12,WQ-5,2026-08-18,,,RVSS,
2026-08-17,VISAKHAPATNAM,Working,WQ-7,Handed over to m/s VMBCTPL for projecdt development,,,,Other,,,,,WQ-7,,,,,
2026-08-17,VISAKHAPATNAM,Working,OR-1,OR -1 Berth spared for Revamping by CE department,,,,Other,,,,,OR-1,,,,,
2026-08-17,VISAKHAPATNAM,Working,OR-2,MT HARI PRIYA,,,HSD,Liquid/Chemical Bulk,21512,21512.0,D,2026-08-14,OR-2,2026-08-17,,,HARIKA,SAILED
2026-08-17,VISAKHAPATNAM,Waiting,1,LPG/C. SEARMBLER,,,ANDHROUS AMMONIA,Liquid/Chemical Bulk,10000,10000.0,D,2026-07-17,1,2026-08-18,,,GAC,RE-ANCH
2026-08-17,VISAKHAPATNAM,Waiting,2,MV PANDA,,,ALUMINA IN BULK,Dry/General Bulk,33000,33000.0,L,2026-08-13,2,,,,INTEROCEAN,
2026-08-17,VISAKHAPATNAM,Waiting,3,MV BAO CHANG,,,ROCK PHOSPHATE,Dry/General Bulk,45000,45000.0,D,2026-08-14,3,,,,RDS OIL,
2026-08-17,VISAKHAPATNAM,Waiting,4,MV OAK ANTON,,,NUT COKE IN BULK,Dry/General Bulk,17700,17700.0,D,2026-08-14,4,,,,NAVSHIP,
2026-08-17,VISAKHAPATNAM,Waiting,5,MT RADHA MOHAN,,,BITUMEN,Other,5000,5000.0,L,2026-08-15,5,2026-08-18,,,ATLANTIC,
2026-08-17,VISAKHAPATNAM,Waiting,6,MV SSI IRRSISTIBLE,,,AMMONIUM SULPHTE IN BULK,Other,40500,40500.0,D,2026-08-15,6,,,,SEATRANS,
2026-08-17,VISAKHAPATNAM,Waiting,7,MV ODELMAR,,,UREA,Other,10000,10000.0,D,2026-08-16,7,,,,ALAP,
2026-08-17,VISAKHAPATNAM,Waiting,8,MV DARLEAKAY,,,MANGANESE ORE,Dry/General Bulk,25000,25000.0,D,2026-08-16,8,,,,BOTHRA,
2026-08-17,VISAKHAPATNAM,Waiting,9,MV ATP FORTUNE,,,MANGANESE ORE,Dry/General Bulk,23500,23500.0,D,2026-08-17,9,,,,K.R.SONS,
2026-08-17,VISAKHAPATNAM,Waiting,10,MV MOGRAL,,,CONTAINERS,Container,40000,40000.0,D/L,2026-08-17,10,2026-08-18,,,SIMA MARINE,
2026-08-17,VISAKHAPATNAM,Expected,,MV GLORIEUSE,,,STEEL BLOOMS,Dry/General Bulk,20000,20000.0,L,2026-08-17,,,,,BENLINES,
2026-08-17,VISAKHAPATNAM,Expected,,MT KESTREL,,,VSLFO & NFO,Other,10700,10700.0,D,2026-08-17,,,,,HARIKA,
2026-08-17,VISAKHAPATNAM,Expected,,MV GCL YAMUNA,,,IRON ORE PELLETS,Dry/General Bulk,105000,105000.0,L,2026-08-18,2026-08-18,,,,JYOTHI,
2026-08-17,VISAKHAPATNAM,Expected,,MT HAFINA MYNA,,,FURNACE OIL,Liquid/Chemical Bulk,33000,33000.0,L,2026-08-18,,,,,INTEROCEAN,
2026-08-17,VISAKHAPATNAM,Expected,,MV CYMONA OCEAN,,,COKING COAL,Dry/General Bulk,79430,79430.0,D,2026-08-18,,,,,ORISSA STEVEDORES LTD,
2026-08-17,VISAKHAPATNAM,Expected,,MV NAVIOS BAHAMAS,,,CONTAINERS,Container,20000,20000.0,D/L,2026-08-18,2026-08-18,,,,UNIFEEDEER,
2026-08-17,VISAKHAPATNAM,Expected,,MV ULSAN VOYAGER,,,CONTAINERS,Container,300,300.0,D/L,2026-08-18,,,,,PAREKH,
2026-08-17,VISAKHAPATNAM,Expected,,MV SEA TOPAZ,,,ALUMINA IN BULK,Dry/General Bulk,31500,31500.0,L,2026-08-19,,,,,INTEROCEAN,
2026-08-17,VISAKHAPATNAM,Expected,,MV AGRAFA,,,MANGANESE ORE,Dry/General Bulk,35596,35596.0,D,2026-08-19,,,,,BOTHRA,
2026-08-17,VISAKHAPATNAM,Expected,,MV SSI CONQUEST,,,TSP & DAP,Other,52700,52700.0,D,2026-08-20,,,,,BOTHRA,
2026-08-17,VISAKHAPATNAM,Expected,,MV STAR COPENHAGEN,,,UREA,Other,54266,54266.0,D,2026-08-20,,,,,CROSS TRADING,
2026-08-17,VISAKHAPATNAM,Expected,,MV SHIN SHUN,,,STEAM COAL,Dry/General Bulk,56836,56836.0,D,2026-08-20,,,,,SEATRANS,
2026-08-17,VISAKHAPATNAM,Expected,,MV HARILAOS JUNIOR,,,BAUXITE IN BULK,Dry/General Bulk,58523,58523.0,D,2026-08-20,,,,,IMPERIAL,
2026-08-17,VISAKHAPATNAM,Expected,,MV GCL SABARMATI,,,IRON ORE PELLETS,Dry/General Bulk,105000,105000.0,L,2026-08-21,,,,,JYOTHI,
2026-08-17,VISAKHAPATNAM,Expected,,MV CRIMSON GLORY,,,MANGANESE ORE,Dry/General Bulk,30000,30000.0,D,2026-08-21,,,,,INTEGRAL,
2026-08-17,VISAKHAPATNAM,Expected,,MV NORDTIGRIS,,,LENTILS IN BULK,Other,10000,10000.0,D,2026-08-21,,,,,SEAVISION,
2026-08-17,VISAKHAPATNAM,Expected,,MV MINI ATLAS,,,MANGANESE ORE,Dry/General Bulk,4800,4800.0,L,2026-08-21,,,,,GAC,
2026-08-17,VISAKHAPATNAM,Expected,,MV SPIRIT OF KOBE,,,CP COKE,Dry/General Bulk,20000,20000.0,L,2026-08-22,,,,,ESHWAR,
2026-08-17,VISAKHAPATNAM,Expected,,MV PIONEER KIRA,,,"STONE AGGREGATE,CEMENT & GENERAL CARGO",Dry/General Bulk,20000,20000.0,L,2026-08-22,,,,,FAIRMACS,
2026-08-17,VISAKHAPATNAM,Expected,,MV LILA SEOUL,,,IRON ORE PELLETS,Dry/General Bulk,75000,75000.0,L,2026-08-23,,,,,JYOTHI,
2026-08-17,VISAKHAPATNAM,Expected,,MV MEDWAY SPIRIT,,,CP COKE,Dry/General Bulk,15000,15000.0,L,2026-08-21,,,,,ESHWAR,
2026-08-17,VISAKHAPATNAM,Expected,,MT VARI TRADER,,,SULPHURIC ACID,Liquid/Chemical Bulk,18500,18500.0,D,2026-08-23,,,,,SAMUDRA,
2026-08-17,VISAKHAPATNAM,Expected,,MT SWARNA MALA,,,HSD & MS,Liquid/Chemical Bulk,8097,8097.0,D,2026-08-23,,,,,ATLANTIC,
2026-08-17,VISAKHAPATNAM,Expected,,MT SAKURA CREST,,,METHONAL,Other,9794,9794.0,D,2026-08-24,,,,,ATLANTIC,
2026-08-17,VISAKHAPATNAM,Expected,,MV SM MANALI,,,CONTAINERS,Container,40000,40000.0,D/L,2026-08-24,,,,,SIMA MARINE,
2026-08-17,VISAKHAPATNAM,Expected,,MV NORSE MOBILE,,,FERRO MANGANESE & STEEL CARGO,Dry/General Bulk,29200,29200.0,L,2026-08-25,,,,,SAIANS,
2026-08-17,VISAKHAPATNAM,Expected,,MV DP WORLD THAMIRABARANI,,,CONTAINERS,Container,8500,8500.0,D/L,2026-08-25,,,,,UNIFEEDEER,
2026-08-17,VISAKHAPATNAM,Expected,,MV DP WORLD GODAVARI,,,CONTAINERS,Container,15000,15000.0,D/L,2026-08-25,,,,,UNIFEEDEER,
2026-08-17,VISAKHAPATNAM,Expected,,MV HALDI,,,"STONE AGGREGATE ,CEMENT & GENERAL CARGO",Dry/General Bulk,5000,5000.0,L,2026-08-26,,,,,FAIRMACS,
2026-08-17,VISAKHAPATNAM,Expected,,MV JPS BARCELONA,,,DAP,Other,52552,52552.0,D,2026-08-26,,,,,ANLINE SHIPPING,
2026-08-17,VISAKHAPATNAM,Expected,,MV MOGRAL,,,CONTAINERS,Container,40000,40000.0,D/L,2026-08-26,,,,,SIMA MARINE,
2026-08-17,VISAKHAPATNAM,Expected,,MT TG TAURAS,,,PHOSPHERIC ACID,Other,10260,10260.0,D,2026-08-27,,,,,RDS OIL,
2026-08-17,VISAKHAPATNAM,Expected,,MV SSL SABARIMALAI,,,CONTAINERS,Container,8500,8500.0,D/L,2026-08-29,,,,,UNIFEEDEER,
2026-08-17,VISAKHAPATNAM,Expected,,MV SSL KRISHNA,,,CONTAINERS,Container,12000,12000.0,D/L,2026-08-29,,,,,UNIFEEDEER,
2026-08-17,VISAKHAPATNAM,Expected,,MV OCEAN ROYAL,,,MANGANESE ORE,Dry/General Bulk,30650,30650.0,D,2026-08-31,,,,,BOTHRA,
2026-08-17,VISAKHAPATNAM,Expected,,MV MILAS,,,ROCK PHOSPHATE,Dry/General Bulk,47900,47900.0,D,2026-08-21,,,,,RDS OIL,
2026-08-18,KARAIKAL,Working,II,MV. SAKIZAAYA VICTORY,,,COAL,Dry/General Bulk,77000,77000.0,IMP,2026-08-14,2026-08-15,2026-08-19,,,,
2026-08-18,KARAIKAL,Working,III,MV. VSG PIONEER,,,COAL,Dry/General Bulk,75000,75000.0,IMP,2026-08-14,2026-08-16,2026-08-18,,,,
2026-08-18,KARAIKAL,Working,IV,MV. ND THELKIS,,,SLAG,Other,56570,56570.0,IMP,2026-08-14,2026-08-14,2026-08-19,,,,
2026-08-18,KARAIKAL,Expected,,MV. BAO RUN,,,UREA,Other,42000,42000.0,IMP,2026-08-18,2026-08-19,2026-08-22,,,,
2026-08-18,KARAIKAL,Expected,,MV. APJ SETHU,,,COAL,Dry/General Bulk,80147,80147.0,IMP,2026-08-18,2026-08-18,2026-08-20,,,,
2026-08-18,KARAIKAL,Expected,,MV. HAI DUONG 36,,,CALCITE,Other,10200,10200.0,IMP,2026-08-20,2026-08-20,2026-08-22,,,,
2026-08-18,KARAIKAL,Expected,,MV. MARINE FORTUNE I,,,COAL,Dry/General Bulk,71314,71314.0,IMP,2026-08-21,2026-08-22,2026-08-24,,,,
2026-08-18,GOPALPUR,Working,MPB-1,MV CHOLA DESTINY,,,GYPSUM,Dry/General Bulk,40000,40000.0,D,2026-08-17,2026-08-18,2026-08-20,,,SEATRANS,
2026-08-18,GOPALPUR,Expected,MPB-2,MV MOSKHA,,,IRON ORE FINES,Dry/General Bulk,54880,54880.0,L,2026-08-19,2026-08-19,2026-08-22,,,NAVSHIP,
2026-08-18,GOPALPUR,Expected,MPB-3,MV C FORCE,,,LIMESTONE,Dry/General Bulk,78419,78419.0,D,2026-08-19,2026-08-19,2026-08-23,,,SEATRANS,
2026-08-18,GOPALPUR,Expected,MPB-1,MV LH ANTHEA,,,LIMESTONE,Dry/General Bulk,74509,74509.0,D,2026-08-19,2026-08-19,2026-08-23,,,BENLINE,
2026-08-18,CHENNAI,Working,JD1,STAR LYSEFJORD,,,PROJ,Other,110,110.0,L,2026-08-17,2026-08-17,2026-08-18,,,PEARL,
2026-08-18,CHENNAI,Waiting,BD1,HANSA SEALIFTER,,,NAPTHA,Other,35000,35000.0,L,2026-08-16,,,,,IOC,
2026-08-18,CHENNAI,Waiting,,ZAHAB JAHAN I,,,BUNKER,Other,,,,2026-08-17,,,,,SEATRANS,
2026-08-18,CHENNAI,Expected,WQ1/2/BD2,FORTUNE GLORY,,,CSFO,Other,8000,8000.0,D,2026-08-18,2026-08-18,2026-08-20,,,GAC,
2026-08-18,CHENNAI,Expected,,BRIGHT STAR,,,ST.COILS/HR.COILS/ST.BAR/ST.PLATES,Dry/General Bulk,7702/5498/696/306,,D,2026-08-20,2026-08-20,2026-08-22,,,SAMSARA,
2026-08-18,CHENNAI,Expected,JD1/SQ1,HT LOTUS,,,FLOU,Other,10000,10000.0,D,2026-08-23,2026-08-23,2026-08-28,,,SEAGREEN,
2026-08-18,CHENNAI,Expected,JD1/3/5,CHARLIE,,,PROJ,Other,4,4.0,D,2026-08-24,2026-08-24,2026-08-26,,,PAREKH,
2026-08-18,ENNORE,Working,CB2,Chola Melody,,,T COAL,Dry/General Bulk,74500,74500.0,D,2026-08-15,CB2,2026-08-18,,,JESPA,COASTAL
2026-08-18,ENNORE,Working,GCB2,OCEAN VOYAGER,,,CATERPILLAR,Other,10,10.0,L,2026-08-16,GCB2,2026-08-18,,,XLLENT,
2026-08-18,ENNORE,Working,ECTPL,SUNRISE I,,,S COAL,Dry/General Bulk,40952,40952.0,D,2026-08-15,ECTPL,2026-08-19,,,PEARL,
2026-08-18,ENNORE,Working,EBTPL,SHENLI,,,BARYTES,Other,54000,54000.0,L,2026-08-15,EBTPL,2026-08-20,,,EVERWIN,
2026-08-18,ENNORE,Waiting,ECTPL,Vishva Jyoti,,,T.COAL,Dry/General Bulk,68500,68500.0,D,2026-08-15,2026-08-21,2026-08-23,,,SEAGREEN,COASTAL
2026-08-18,ENNORE,Waiting,ECTPL,STAR EVA,,,S COAL,Dry/General Bulk,103901,103901.0,D,2026-08-15,2026-08-18,2026-08-21,,,MERCHANT,
2026-08-18,ENNORE,Waiting,ECTPL,Venus Star,,,S COAL,Dry/General Bulk,78547,78547.0,D,2026-08-16,2026-08-23,2026-08-25,,,GAC,
2026-08-18,ENNORE,Expected,EBTPL,Fortune Sunshine,,,L.STONE,Other,71037,71037.0,D,2026-08-18,2026-08-20,2026-08-23,,,PEARL,
2026-08-18,ENNORE,Expected,MLT,LPG/C BW POLARIS,,,PROPANE/BUTANE,Liquid/Chemical Bulk,23000,23000.0,D,2026-08-18,2026-08-18,2026-08-20,,,WILHELMSEN,
2026-08-18,ENNORE,Expected,LNGT,LNG/C CELSIUS GEORGETOWN,,,LNG,Other,55000,55000.0,D,2026-08-19,2026-08-19,2026-08-20,,,SAMSARA,
2026-08-18,ENNORE,Expected,GCB,PRIMROSE ACE,,,AUTOMOBILE,Other,2100,2100.0,L,2026-08-20,2026-08-20,2026-08-21,,,MOL,
2026-08-18,ENNORE,Expected,GCB,Jasper Arrow,,,AUTOMOBILE,Other,900,900.0,L,2026-08-24,2026-08-24,2026-08-25,,,K STEAM,
2026-08-18,ENNORE,Expected,GCB,EUPHRATE HIGHWAY,,,AUTOMOBILE,Other,600,600.0,L,2026-08-28,2026-08-28,2026-08-29,,,JM BAXI,
2026-08-18,ENNORE,Expected,GCB,HOEGH TROOPER,,,AUTOMOBILE,Other,800,800.0,L,2026-08-31,2026-08-31,2026-09-01,,,SAMSARA,
2026-08-18,KRISHNAPATNAM,Working,WB-2,MV CAPT EUGENE,,,TSP FERTILIZER,Dry/General Bulk,34262,34262.0,D,2026-08-16,2026-08-16,2026-08-20,MOROCCO,,ATLANTIC GLOBAL SHIPPING PVT LTD,
2026-08-18,KRISHNAPATNAM,Working,WB-1,MV PENNA SURAKSHA,,,CEMENT,Dry/General Bulk,25000,25000.0,L,2026-08-14,2026-08-14,2026-08-18,COCHIN,,MBK LOGISTIX PVT LTD,
2026-08-18,KRISHNAPATNAM,Working,S4,MV DOUKATO,,,THERMAL COAL,Dry/General Bulk,83680,83680.0,D,2026-08-14,2026-08-15,2026-08-19,"NACALA PORT, MOZAMBIQUE",,SPARTANS MARINE SERVICES PRIVATE LIMITED,
2026-08-18,KRISHNAPATNAM,Working,8,MV PACIFIC STAR,,,COAL,Dry/General Bulk,75000,75000.0,D,2026-08-16,2026-08-17,2026-08-20,PARADIP,,SARAT CHATTERJEE & CO (VSP) PVT LTD,
2026-08-18,KRISHNAPATNAM,Working,7,MV CHOLA PROSPERITY,,,COAL,Dry/General Bulk,74960,74960.0,D,2026-08-16,2026-08-16,2026-08-20,PARADIP,,ATLANTIC GLOBAL SHIPPING PVT LTD,
2026-08-18,KRISHNAPATNAM,Working,6,MV CAPE TAIZHOU,,,IRON ORE FINES,Dry/General Bulk,156326,156326.0,D,2026-08-15,2026-08-15,2026-08-20,RUSSIA,,MERCHANT SHIPPING SERVICES PVT. LTD.,
2026-08-18,KRISHNAPATNAM,Working,5,MV MINERAL FAITH,,,IRON ORE FINES,Dry/General Bulk,170000,170000.0,D,2026-08-16,2026-08-16,2026-08-20,"WESTERN AUSTRALIA, PORT HEDLAND",,GPR MARITIME AGENCIES,
2026-08-18,KRISHNAPATNAM,Working,4,MV LV DAISY,,,DAP,Other,31400,31400.0,D,2026-08-17,2026-08-17,2026-08-20,AQABA SEAPORT OF JORDAN,,SPARTANS MARINE SERVICES PRIVATE LIMITED,
2026-08-18,KRISHNAPATNAM,Working,3,MV YUN SHENG,,,GYPSUM,Dry/General Bulk,44900,44900.0,D,2026-08-18,2026-08-18,2026-08-20,,,SEATRANS MARINE PVT LTD.,
2026-08-18,KRISHNAPATNAM,Working,2,MV VIOLETTA K,,,COAL,Dry/General Bulk,75000,75000.0,D,2026-08-15,2026-08-15,2026-08-20,PARADIP,,GAC SHIPPING PVT LTD.,
2026-08-18,KRISHNAPATNAM,Working,1,MV W HUANG PU,,,ROCK PHOSPHATE,Dry/General Bulk,13500,13500.0,D,2026-08-17,2026-08-17,2026-08-19,ABU GHOSOUN,,ALAP CARRIERS,
2026-08-18,KRISHNAPATNAM,Waiting,1,MV ANDROS SPIRIT,,,COAL,Dry/General Bulk,30000,30000.0,D,2026-08-17,2026-08-19,2026-08-22,"RICHARDS BAY, SOUTH AFRICA",,JYOTHI MARINE SERVICES PVT LTD- OPA GAC SHIPPING,
2026-08-18,KRISHNAPATNAM,Expected,3,MV WESER POINT,,,LIMESTONE,Dry/General Bulk,76200,76200.0,D,2026-08-18,2026-08-20,2026-08-23,CHINA,,MERCHANT SHIPPING SERVICES PVT. LTD.,
2026-08-18,KRISHNAPATNAM,Expected,S4,MV DIAMOND TRADER,,,COAL,Dry/General Bulk,46700,46700.0,D,2026-08-18,2026-08-19,2026-08-21,INDONESIA,,GAC SHIPPING-OPA/ JYOTHI MARINE SERVICES PVT LTD-CA,
2026-08-18,KRISHNAPATNAM,Expected,8,MV W-SAPPHIRE,,,COAL,Dry/General Bulk,75000,75000.0,D,2026-08-19,2026-08-20,2026-08-22,PARADIP,,GAC SHIPPING PVT LTD.,
2026-08-18,KRISHNAPATNAM,Expected,WB-3,MT SH GLORY,,,CDSBO,Other,11000,11000.0,D,2026-08-19,2026-08-19,2026-08-21,CHINA,,ATLANTIC GLOBAL SHIPPING PVT LTD,
2026-08-18,KRISHNAPATNAM,Expected,2,MV POLYDEFKIS,,,METCOKE,Dry/General Bulk,46700,46700.0,D,2026-08-19,2026-08-20,2026-08-22,INDONESIA,,WALTERR CUMINNS SHIPPING SERVICES VRC-SLR METALIKS LTD,
2026-08-18,KRISHNAPATNAM,Expected,WB-1,MV. DARYA SHAAN,,,CEMENT,Dry/General Bulk,21000,21000.0,L,2026-08-19,2026-08-19,2026-08-22,COCHIN,,MBK LOGISTICS,
2026-08-18,KRISHNAPATNAM,Expected,5,MV PAMPERO,,,COAL,Dry/General Bulk,40432,40432.0,D,2026-08-19,2026-08-20,2026-08-22,"MOBILE,USA",,SEATRANS MARINE PVT LTD.,
2026-08-18,KRISHNAPATNAM,Expected,1,MV AURIGA STAR,,,ANTHRACITE COAL,Dry/General Bulk,61367,61367.0,D,2026-08-19,2026-08-22,2026-08-25,RUSSIA,,***,
2026-08-18,KRISHNAPATNAM,Expected,2,MV XIN CHEN HAI YANG,,,SHIP UNLOADERS,Other,4098.8469999999998,4098.847,D,2026-08-20,2026-08-22,2026-08-30,CHINA,,SAMSARA SHIPPING PVT LTD,
2026-08-18,KRISHNAPATNAM,Expected,S4,MV. SUN ISLAND,,,COAL,Dry/General Bulk,38230,38230.0,D,2026-08-20,2026-08-21,2026-08-23,"HAYPOINT, AUSTRALIA",,ASSOCIATED SHIPPING SERVICES,
2026-08-18,KRISHNAPATNAM,Expected,8,MV DECCAN PRIDE,,,COAL,Dry/General Bulk,73700,73700.0,D,2026-08-20,2026-08-20,2026-08-22,PARADIP,,***,
2026-08-18,KRISHNAPATNAM,Expected,5,MV WEI HE,,,LIMESTONE,Dry/General Bulk,77000,77000.0,D,2026-08-20,2026-08-22,2026-08-25,CHINA,,MERCHANT SHIPPING SERVICES PVT. LTD.,
2026-08-18,KRISHNAPATNAM,Expected,WB-2,MT.TROMSO,,,CPO,Other,12000,12000.0,D,2026-08-21,2026-08-21,2026-08-24,INDONESIA,,***,
2026-08-18,KRISHNAPATNAM,Expected,6,MV CL DEMOCRACY,,,COAL,Dry/General Bulk,38498.97,38498.97,D,2026-08-21,2026-08-21,2026-08-22,USA,,PAREKH MARINE,
2026-08-18,KRISHNAPATNAM,Expected,5,MV GREAT TRIUMPH,,,LIMESTONE,Dry/General Bulk,75024,75024.0,D,2026-08-24,2026-08-23,2026-08-26,CHINA,,MERCHANT SHIPPING SERVICES PVT. LTD.,
2026-08-18,KRISHNAPATNAM,Expected,WB-3,MT.GLOBAL JUPITER,,,CPO,Other,9995.4189999999999,9995.419,D,2026-08-24,2026-08-24,2026-08-26,MALAYSIA,,***,
2026-08-18,KRISHNAPATNAM,Expected,1,MV VITA MELODY,,,COAL,Dry/General Bulk,48871,48871.0,D,2026-05-28,2026-05-28,2026-05-31,INDONESIA,,JYOTHI MARINE,
2026-08-18,KATTUPALLI,Working,CB3,CL LINDY,,,DOLOMITE,Dry/General Bulk,60500,60500.0,D,2026-08-17,2026-08-17,2026-08-22,,,PEARL/SEAGREEN,
2026-08-18,KATTUPALLI,Expected,CB3,SCORPIO HONOUR,,,GYPSUM,Dry/General Bulk,56000,56000.0,D,2026-08-22,2026-08-22,2026-08-26,,,MINSOTRANS,
2026-08-18,SANDHEADS,Working,,PELOPIDAS,,G'LESS,REVERT,Other,,,,NOT READY,090600,REVERT,,,N/A,
2026-08-18,SANDHEADS,Working,,THERE ARE 4 VIRTUAL ANCHORAGE POINTS AT SAGAR AND 4 VESSELS CAN WORK SIMULTANEOUSLY SUB PORT CONSIDERATION,,,,Other,,,,,,,,,,
2026-08-18,SANDHEADS,Working,,"VESSEL'S BERTHING MOVEMENT DEPENDS ON ALL FAVORABLE CONDITIONS SUCH AS CGO DOCS READINESS, VSL'S SENIORITY,",,,,Other,,,,,,,,,,
2026-08-18,SANDHEADS,Working,,"WEATHER CONDITIONS, CONGESTION & BERTH AVAILABILITY",,,,Other,,,,,,,,,,
2026-08-18,SANDHEADS,Working,,Port Working Hours: 24 x 7 basis,,,,Other,,,,,,,,,,
2026-08-18,SANDHEADS,Working,,COASTAL VESSELS HAVE OUSTING PRIORITY,,,,Other,,,,,,,,,,
2026-08-18,SAGAR,Waiting,,MV. WELL DREAM,,GEARED,LIMESTONE,Dry/General Bulk,,,,2026-08-25,2026-08-26,2026-08-28,,,GAC SHIPPING,
2026-08-18,HALDIA,Working,4B,MV. METTLE STARE-I,,GEARLESS,COKING COAL,Dry/General Bulk,32000,32000.0,DISCH,2025-10-22,2025-10-23,2025-10-24,,TATA STEEL,TMILL,
2026-08-18,HALDIA,Working,13,MV. HT PIONEER,,GEARED,STEEL ROUNDS,Dry/General Bulk,10730,10730.0,LOAD,2026-08-11,2026-08-14,2026-08-20,,JINDAL STEEL,SEATRANS,
2026-08-18,HALDIA,Working,14,MV. SEA FALCON,,GEARED,MANGANESE ORE,Dry/General Bulk,28000,28000.0,DISCH,2026-08-14,2026-08-17,2026-08-19,,VARIOUS,BOTHRA,LIBREVILLE
2026-08-18,HALDIA,Working,9,MV.FIRST HUNTER,,GEARLESS,COKING COAL,Dry/General Bulk,33000,33000.0,DISCH,2026-08-17,2026-08-17,2026-08-19,,SAIL,GAC SHIPPING,NACALA
2026-08-18,HALDIA,Working,1,MV. AMNSI MAXIMUS,,GEARLESS,PYROXENITE,Other,34200,34200.0,DISCH,2026-08-15,2026-08-18,2026-08-20,,TATA STEEL,SAMSARA,FUJAIRA
2026-08-18,HALDIA,Working,10S,MV. EAST WIND 1,,GEARED,YELLOW PEAS,Other,20000,20000.0,DISCH,2026-07-28,2026-08-07,2026-08-21,,VARIOUS,SEAVISION,RAS GHARIB
2026-08-18,HALDIA,Waiting,14,MV TONG YING,,GEARLESS,MET COKE,Dry/General Bulk,32010,32010.0,DISCH,2026-08-17,2026-08-19,2026-08-21,,ORISSA/RASHMI,EVEREADY,BAHUDOPI
2026-08-18,HALDIA,Waiting,9,MV. VISHVA CHETNA,,GEARLESS,COKING COAL,Dry/General Bulk,33000,33000.0,DISCH,2026-08-16,2026-08-19,2026-08-20,,SAIL,THE SHIPPING,DECLEAR FOR MHC BERTH
2026-08-18,HALDIA,Waiting,13,M.V. GOLDEN ARSENAL,,GEARED,ROCK PHOSPHATE,Dry/General Bulk,18600,18600.0,DISCH,2026-08-17,2026-08-20,2026-08-22,,"INDORAMA INDIA , JAY SHREE TEA & TEESTA AGRO INDUSTRIES",ALAP,HAMRAWEIL
2026-08-18,HALDIA,Waiting,"2,8,",M.V. SERENDIPITY,,GEARLESS,COKING COAL,Dry/General Bulk,33000,33000.0,DISCH,2026-08-17,2026-08-20,2026-08-22,,SAIL,GAC,GLADSTONE
2026-08-18,HALDIA,Waiting,5,M.V.ODYSSEAS L,,GEARLESS,COKING COAL,Dry/General Bulk,34000,34000.0,DISCH,2026-08-19,2026-08-19,2026-08-21,,TSL,TMILL,LONGKOU
2026-08-18,HALDIA,Waiting,4,MV ELONA,,GEARLESS,COKING COAL,Dry/General Bulk,32000,32000.0,DISCH,2026-08-19,2026-08-19,2026-08-21,,SAIL,J M BAXI,
2026-08-18,HALDIA,Expected,"2,8,9 & 13",MV. NAN XIN 9,,GEARLESS,PCI COAL,Dry/General Bulk,26800,26800.0,DISCH,2026-08-18,2026-08-22,2026-08-24,,"CARBON RESOURCES , ESL STEEL LTD , NARSINGH ISPAT LTD",SEATRANS,UST LUGA
2026-08-18,HALDIA,Expected,"5,9",MV. ASAHI BULKER,,GEARED,LENTILS,Other,16824,16824.0,DISCH,2026-08-18,2026-08-23,2026-08-31,,VARIOUS,GAC SHIPPING,AUSTRALIA
2026-08-18,HALDIA,Expected,4B,MV. BASIC STAR,,GEARLESS,COKING COAL/ PCI COAL,Dry/General Bulk,32906,32906.0,DISCH,2026-08-19,2026-08-22,2026-08-24,,TSL,TMILL,ABBOT POINT
2026-08-18,HALDIA,Expected,"2,8,",MV. YU YAN,,GEARLESS,COKING COAL,Dry/General Bulk,33000,33000.0,DISCH,2026-08-19,2026-08-19,2026-08-21,,SAIL,V-OCEAN,NAKHODKA
2026-08-18,HALDIA,Expected,"2,8,",MV. YM MASCOT,,GEARLESS,COKING COAL,Dry/General Bulk,33000,33000.0,DISCH,2026-08-20,2026-08-19,2026-08-21,,SAIL,GAC,USA
2026-08-18,HALDIA,Expected,"2,8,9 & 13",MV. ACHILLEAS S,,GEARED,MANGANESE ORE,Dry/General Bulk,17660,17660.0,DISCH,2026-08-20,2026-08-24,2026-08-26,,VARIOUS,GAC SHIPPING,SALDANHA BAY
2026-08-18,HALDIA,Expected,"2,8,9 & 13",MV. KATERINA III,,GEARLESS,MET COKE,Dry/General Bulk,28648,28648.0,DISCH,2026-08-20,2026-08-24,2026-08-26,,SHYAM SEL AND POWER / SHYAM FERRO ALLOYS,SEATRANS,BAHUDOPI
2026-08-18,HALDIA,Expected,12,MV. GREEK SEAS,,GEARLESS,LIMESTONE,Dry/General Bulk,34000,34000.0,DISCH,2026-08-21,2026-08-22,2026-08-24,,TSL,TMILL,FENGCHENG
2026-08-18,HALDIA,Expected,"2,8,9 & 13",MV. CHOLA DESTINY,,GEARLESS,GYPSUM,Dry/General Bulk,34679,34679.0,DISCH,2026-08-21,2026-08-28,2026-08-30,,ACCESS DEVLOPER PVT LTD,ALAP CARRIIER,
2026-08-18,HALDIA,Expected,"2,8,9 & 13",MV. OAK ANTON,,GEARLESS,NUT COKE,Dry/General Bulk,34000,34000.0,DISCH,2026-08-21,2026-08-25,2026-08-27,,VARIOUS,SAKURA,BAHUDOPI
2026-08-18,HALDIA,Expected,12,MV.SAKIZAYA XCEL,,GEARLESS,LIMESTONE,Dry/General Bulk,33000,33000.0,DISCH,2026-08-23,2026-08-22,2026-08-24,,TSL,KANOOO,FENGCHENG
2026-08-18,HALDIA,Expected,"2,8,9 & 13",MV. DARLEAKAY,,GEARED,MANGANESE ORE,Dry/General Bulk,17970,17970.0,DISCH,2026-08-23,2026-08-25,2026-08-27,,VARIOUS,BENLINE,LIBREVILLE
2026-08-18,HALDIA,Expected,4B,MV. GRACE LOUISE,,GEARLESS,COKING COAL,Dry/General Bulk,35000,35000.0,DISCH,2026-08-24,2026-08-25,2026-08-27,,TSL,TMILL,USA
2026-08-18,HALDIA,Expected,"2,8,9 & 13",MV. AGRAFA,,GEARED,MANGANESE ORE,Dry/General Bulk,23000,23000.0,DISCH,2026-08-24,2026-08-26,2026-08-28,,VARIOUS,BENLINE,LIBREVILLE
2026-08-18,HALDIA,Expected,"2,8,9 & 13",MV. WELL DREAM,,GEARED,LIMESTONE,Dry/General Bulk,26639,26639.0,DISCH,2026-08-25,2026-08-29,2026-08-31,,SHYAM SEL AND POWER,GAC SHIPPING,DIBBA PORT
2026-08-18,DHAMRA,Working,B -3/17/350,MV MAHIC PERSEUS,PANAMAX,,THERMAL COAL,Dry/General Bulk,,,LOADING,2026-08-10,B -3/17/350,2026-08-18,,MOXIE POWER,GAC,
2026-08-18,DHAMRA,Working,B-3 A /14.5/350,MV OCEAN HOPE,HANDIMAX,,IRON ORE FINES,Dry/General Bulk,,,LOADING,2026-08-11,B-3 A /14.5/350,2026-08-19,,LAXMI EXPORTS,SPARTANS,
2026-08-18,DHAMRA,Working,B-3A S /13.5,MV MH ARPEGGIO,HANDIMAX,,IRON ORE PELLETS,Dry/General Bulk,,,LOADING,2026-08-02,B-3A S /13.5,2026-08-18,,RUNGTA SONS,GAC,
2026-08-18,DHAMRA,Working,B-4/17/300,MV PRINCESS JONNA,HANDIMAX,,HR COIL,Other,,,LOADING,2026-08-10,B-4/17/300,2026-08-18,,TATA,TMIL,
2026-08-18,DHAMRA,Working,B-5/17/300,MV GCL SABARMATI,CAPE,,LIMESTONE,Dry/General Bulk,,,DISCHARGE,2026-08-09,B-5/17/300,2026-08-20,,TATA,TMIL/SAMSARA,
2026-08-18,DHAMRA,Waiting,B-5,MV SAKIZAYA XCEL,PANAMAX,,LIMESTONE,Dry/General Bulk,45000 MT,45000.0,DISCHARGE,2026-08-10,2026-08-20,2026-08-23,,TATA,TMIL,
2026-08-18,DHAMRA,Waiting,B-3,MV ENGIADINA,HANDIMAX,,IRON ORE PELLETS,Dry/General Bulk,55000 MT,55000.0,LOADING,2026-08-11,2026-08-18,2026-08-20,,RUNGTA MINES,INFINITY,
2026-08-18,DHAMRA,Waiting,B-3,MV APJ KABIR ANAND,PANAMAX,,THERMAL COAL,Dry/General Bulk,75000 MT,75000.0,LOADING,2026-08-13,2026-08-20,2026-08-22,,TANGEDCO,JIGSAN,
2026-08-18,DHAMRA,Waiting,B-4,MV PORT NARA,HANDIMAX,,THERMAL COAL,Dry/General Bulk,32000 MT,32000.0,LOADING,2026-08-13,2026-08-18,2026-08-21,,ORISSA METALICES PVT LTD/SHYAM METALICS,ATLANTIC,
2026-08-18,DHAMRA,Waiting,B-3AS,MV APJ ANGAD 2,PANAMAX,,THERMAL COAL,Dry/General Bulk,75000 MT,75000.0,LOADING,2026-08-14,2026-08-18,2026-08-22,,TANGEDCO,SEAPORT,
2026-08-18,DHAMRA,Waiting,B-3AS,MV SHAHRIAR JAHAN,HANDIMAX,,SLAG,Other,46000 MT,46000.0,LOADING,2026-08-14,2026-08-18,2026-08-22,,TATA,EIPL,
2026-08-18,DHAMRA,Waiting,B-3AS,MV CELINA,PANAMAX,,IRON ORE FINES,Dry/General Bulk,64000 MT,64000.0,LOADING,2026-08-16,2026-08-22,2026-08-26,,STARLIGHT,INFINITY,
2026-08-18,DHAMRA,Waiting,B-2,MV ELONA,PANAMAX,,COKING COAL,Dry/General Bulk,45000 MT,45000.0,DISCHARGE,2026-08-17,2026-08-17,2026-08-18,,SAIL,SMPL/JM BOXI,
2026-08-18,DHAMRA,Expected,B-3,MV PORTLAND,HANDIMAX,,SLAG,Other,55000 MT,55000.0,LOADING,2026-08-18,2026-08-22,2026-08-25,,TATA,EIPL,
2026-08-18,DHAMRA,Expected,B-1,MV ODYSSEAS,PANAMAX,,COKING COAL,Dry/General Bulk,45000 MT,45000.0,DISCHARGE,2026-08-18,2026-08-17,2026-08-18,,TATA,TMIL,
2026-08-18,DHAMRA,Expected,B-4,MV SAFESEA SINDOOR,HANDIMAX,,COIL/SLAB,Dry/General Bulk,30000 MT,30000.0,LOADING,2026-08-20,2026-08-21,2026-08-30,,JINDAL STEEL LTD,JM BAXI,
2026-08-18,DHAMRA,Expected,B-2,MV EASTERN QUINCE,PANAMAX,,COKING COAL,Dry/General Bulk,78000 MT,78000.0,DISCHARGE,2026-08-23,2026-08-23,2026-08-25,,TATA,TMIL/BEN LINE,
2026-08-18,DHAMRA,Expected,B-1,MV ANDROS SPIRIT,PANAMAX,,COKING COAL,Dry/General Bulk,38000 MT,38000.0,DISCHARGE,2026-08-23,2026-08-23,2026-08-24,,ADANI ENTERPRISES LTD,JYOTHI/GPR,
2026-08-18,DHAMRA,Expected,B-1,MV SHIN SHUN,CAPE,,STEAM COAL,Dry/General Bulk,109000 MT,109000.0,DISCHARGE,2026-08-23,2026-08-24,2026-08-28,,RUNGTA MINES,GAC,
2026-08-18,DHAMRA,Expected,B-2,MV STELLA NAVIS,PANAMAX,,COKING COAL,Dry/General Bulk,45000 MT,45000.0,DISCHARGE,2026-08-27,2026-08-25,2026-08-26,,SHYAM METALIKS,GAC,
2026-08-18,DHAMRA,Expected,B-1,MV NEW EXPLORER,PANAMAX,,PCI COAL,Dry/General Bulk,76000 MT,76000.0,DISCHARGE,2026-08-26,2026-08-26,2026-08-28,,FEE GRADE,SMPL/INFINITY,
2026-08-18,PARADIP PORT,Waiting & Expected,,MV. ENDLESS HORIZON,,189.99/13.00,ROCK PHOSPHATE,Dry/General Bulk,56038 MT,56038.0,DISCHARGE,08/1624 HRS,,,HIGH SEAS,PPL,OSL,
2026-08-18,PARADIP PORT,Waiting & Expected,,MV. KANG SHUN,,189.90/12.42,ROCK PHOSPHATE,Dry/General Bulk,52500 MT,52500.0,DISCHARGE,15/1612 HRS,,,HIGH SEAS,PPL,OSL,
2026-08-18,PARADIP PORT,Waiting & Expected,,MT. ALDAN,,243.79/13.90,CRUDE OIL,Liquid/Chemical Bulk,93429 MT,93429.0,DISCHARGE,21/0600 HRS,,,HIGH SEAS,IOCL PLD,AGS,
2026-08-18,PARADIP PORT,Waiting & Expected,,MV. LILA MUNDRA,,190.00/,STEEL PLATES/COILS,Dry/General Bulk,44661 MT,44661.0,LOADING,17/1806 HRS,2026-08-18,2026-08-24,HIGH SEAS,JSPL,SPARTANS,SUB TO READINESS
2026-08-18,PARADIP PORT,Waiting & Expected,,MV. APJ INDRANI,,225.00/,THERMAL COAL,Dry/General Bulk,75000 MT,75000.0,LOADING,11/1454 HRS,2026-08-18,2026-08-20,HIGH SEAS,TNPGCL,SEAPORT,SUB TO READINESS
2026-08-18,PARADIP PORT,Waiting & Expected,,MV. APJ SHIRIN,,189.99/,THERMAL COAL,Dry/General Bulk,57000 MT,57000.0,LOADING,14/1800 HRS,2026-08-19,2026-08-20,KRISHNAPATNAM,APPDCL/SARAT,BOTHRA,SUB TO READINESS
2026-08-18,PARADIP PORT,Waiting & Expected,,MV. JABAL SAMHAN,,199.99/13.50,THERMAL COAL,Dry/General Bulk,63000 MT,63000.0,LOADING,18/0600 HRS,2026-08-19,2026-08-20,KAKINADA,"APGENCO/SCCPL, APGENCO/KCT",,SUB TO READINESS
2026-08-18,PARADIP PORT,Waiting & Expected,,MV. GREEN K MAX 2,,229.00/14.45,THERMAL COAL,Dry/General Bulk,65000 MT,65000.0,LOADING,18/1700 HRS,2026-08-19,2026-08-20,ENNORE,OPG,SEA SHIPS,SUB TO READINESS
2026-08-18,PARADIP PORT,Waiting & Expected,,MV. APJ ANGAD 2,,224.94/14.50,THERMAL COAL,Dry/General Bulk,75000 MT,75000.0,LOADING,18/1800 HRS,2026-08-20,2026-08-21,ENNORE,NTECL/SCCPL,,SUB TO READINESS
2026-08-18,PARADIP PORT,Waiting & Expected,,MV. GIORGAKIS,,229.00/,THERMAL COAL,Dry/General Bulk,79000 MT,79000.0,LOADING,19/0900 HRS,2026-08-20,2026-08-21,KRISHNAPATNAM,SEMBCORP,SCC(VSP),SUB TO READINESS
2026-08-18,PARADIP PORT,Waiting & Expected,,MV. JEWEL OF GOLD,,190.00/13.00,THERMAL COAL,Dry/General Bulk,35000 MT,35000.0,LOADING,20/0600 HRS,2026-08-20,2026-08-21,KRISHNAPATNAM,"APPDCL/SCCPL, APPDCL/KCT",,SUB TO READINESS
2026-08-18,PARADIP PORT,Waiting & Expected,,MV. CHOLA PROSPERITY,,225.00/14.50,THERMAL COAL,Dry/General Bulk,75000 MT,75000.0,LOADING,21/0600 HRS,2026-08-21,2026-08-22,KRISHNAPATNAM,APGENCO MBG,SSS,SUB TO READINESS
2026-08-18,PARADIP PORT,Waiting & Expected,,MV. CHOLA TREASURE,,225.00/,THERMAL COAL,Dry/General Bulk,69000 MT,69000.0,LOADING,22/1800 HRS,2026-08-21,2026-08-22,HIGH SEAS,TNPGCL,SEAPORT,SUB TO READINESS
2026-08-18,PARADIP PORT,Waiting & Expected,,MV TAN BINH 259,,175.53/9.50,STEEL COILS,Dry/General Bulk,25391 MT,25391.0,DISCHARGE,22/1625 HRS,2026-08-19,2026-08-21,BAHODOPI,JINDAL STAINLESS,SSS,SUB TO READINESS
2026-08-18,PARADIP PORT,Waiting & Expected,,MV. MAGIC ARIEL,,229.00/7.50,PIG IRON,Dry/General Bulk,66000 MT,66000.0,LOADING,09/1124 HRS,2026-08-21,2026-08-25,SINGAPORE,OMPL,J M BAXIMSPL,SUB TO READINESS
2026-08-18,PARADIP PORT,Waiting & Expected,,MV. DELAVITA,,229.00/7.50,PIG IRON,Dry/General Bulk,60500 MT,60500.0,LOADING,10/0130 HRS,2026-08-22,2026-08-26,SINGAPORE,RAMSARUP,GAC,SUB TO READINESS
2026-08-18,PARADIP PORT,Waiting & Expected,,MV. AM PROGRESS,,176.54/,STEEL SLAB,Dry/General Bulk,30000 MT,30000.0,LOADING,14/0536 HRS,2026-08-25,2026-08-28,NEWPORT,TATA,TMIL,SUB TO READINESS
2026-08-18,PARADIP PORT,Waiting & Expected,,MV. PROPEL PEACE,,179.99/,STEEL SLAB,Dry/General Bulk,31000 MT,31000.0,LOADING,19/0200 HRS,2026-08-26,2026-08-29,HIGH SEAS,TATA,TMIL,SUB TO READINESS
2026-08-18,PARADIP PORT,Waiting & Expected,,MV. MSC MAKOTO II,,175.49/7.50,CONTAINER,Container,350 MT,350.0,LOADING,19/1800 HRS,2026-08-21,2026-08-22,COLOMBO,MSC AGENGY,MSC AGENGY,CONTAINER PRIORITY
2026-08-18,PARADIP PORT,Waiting & Expected,,MV. PAULA TRADER,,179.90/7.43,STEEL SQUARE TUBES,Dry/General Bulk,4000 MT,4000.0,LOADING,21/1800 HRS,2026-08-28,2026-08-29,HOUSTON,APL APOLLO TUBES,,SUB TO READINESS
2026-08-18,PARADIP PORT,Waiting & Expected,,MV. NIKGENIOUS,,199.90/13.06,A. SULPHATE,Dry/General Bulk,31500 MT,31500.0,DISCHARGE,22/0600 HRS,2026-08-29,2026-09-02,XIUYU,HURL,ADMIRAL,SUB TO READINESS
2026-08-18,PARADIP PORT,Waiting & Expected,,MV. AP QUEEN,,110.67/8.77,FERRO NICKLE,Other,8250 MT,8250.0,DISCHARGE,22/1800 HRS,2026-08-29,2026-08-30,INDONESIA,JSL,PAREKH,SUB TO READINESS
2026-08-18,PARADIP PORT,Waiting & Expected,,MV. OTHONOI,,229.00/14.45,COKING COAL,Dry/General Bulk,79100 MT,79100.0,DISCHARGE,09/2054 HRS,2026-08-18,2026-08-20,ABBOT POINT,JSPL,JMS,SUB TO READINESS
2026-08-18,PARADIP PORT,Waiting & Expected,,MV. BRILLIANT ADVANCE,,228.99/14.53,COKING COAL,Dry/General Bulk,79300 MT,79300.0,DISCHARGE,15/0830 HRS,2026-08-20,2026-08-22,HAYPOINT,TATA,TMIL,SUB TO READINESS
2026-08-18,PARADIP PORT,Waiting & Expected,,MV. GRACE LOUISE,,228.99/14.38,COKING COAL,Dry/General Bulk,42000 MT,42000.0,DISCHARGE,15/0900 HRS,2026-08-22,2026-08-23,NORFOLK,TATA,TMIL,SUB TO READINESS
2026-08-18,PARADIP PORT,Waiting & Expected,,MV. GLORY LOONG,,224.95/13.86,COKING COAL,Dry/General Bulk,72667 MT,72667.0,DISCHARGE,16/0242 HRS,2026-08-23,2026-08-25,UST-LUGA,JSW/JSW JFE,SSS,SUB TO READINESS
2026-08-18,PARADIP PORT,Waiting & Expected,,MV. YPERION,,229.00/14.53,PCI COAL,Dry/General Bulk,47541 MT,47541.0,DISCHARGE,19/1200 HRS,2026-08-25,2026-08-26,LYTTELTO,TATA,TMIL,SUB TO READINESS
2026-08-18,PARADIP PORT,Waiting & Expected,,MV. SENTINEL,,200.00/,COAL,Dry/General Bulk,,,DISCHARGE,07/09/26 HRS,2026-09-07,2026-09-09,HIGH SEAS,VULCAN,SPARTANS,SUB TO READINESS
2026-08-18,PARADIP PORT,Waiting & Expected,,MV. ALASIA,,199.98/12.50,IRON ORE FINES,Dry/General Bulk,50000 MT,50000.0,LOADING,17/1310 HRS,,,MUMBAI,JSW,SSS,
2026-08-18,PARADIP PORT,Waiting & Expected,,MV. OCEAN WINNER,,225.00/14.35,IRON ORE FINES,Dry/General Bulk,73000 MT,73000.0,LOADING,05/2118 HRS,,,CHINA,OCL IRON,BOTHRA,
2026-08-18,PARADIP PORT,Waiting & Expected,,MV. OTHRYS,,199.99/13.32,IRON ORE FINES,Dry/General Bulk,62000 MT,62000.0,LOADING,19/0600 HRS,,,CHINA,RSPL,SSS,
2026-08-18,PARADIP PORT,Waiting & Expected,,MV. GEOSTAR,,199.98/13.10,IRON ORE FINES,Dry/General Bulk,57000 MT,57000.0,LOADING,19/0001 HRS,,,CHINA,BAGADIYA,SSS,
2026-08-18,PARADIP PORT,Waiting & Expected,,MV. AMNSI MAXIMUS,,229.00/14.00,IRON ORE PELLET,Dry/General Bulk,55000 MT,55000.0,LOADING,21/0600 HRS,,,HAJIRA,AMNSIL,SAMSARA,
2026-08-18,PARADIP PORT,Waiting & Expected,,MT. SOPRANO SERENE,,179.88/11.80,HSD/M.SPIRIT,Liquid/Chemical Bulk,19500 MT,19500.0,DISCHARGE,01/1000 HRS,,,HALDIA,BPCL,AGS,
2026-08-18,PARADIP PORT,Waiting & Expected,,MT. NOVA BREEZE,,180.00/10.40,AMMONIA,Liquid/Chemical Bulk,25000 MT,25000.0,DISCHARGE,03/0812 HRS,,,HIGHSEAS,IFFCO/PPL,J M BAXIMSPL,
2026-08-18,PARADIP PORT,Waiting & Expected,,MT. FAIRWAY,,274.00/7.70,NAPTHA,Other,14000 MT,14000.0,LOADING,11/0742 HRS,,,HIGHSEAS,IOCL,AGS,
2026-08-18,PARADIP PORT,Waiting & Expected,,MT. MANASAROVAR,,226.00/11.60,BUTANE/PROPANE,Liquid/Chemical Bulk,22700 MT,22700.0,DISCHARGE,16/0624 HRS,,,HIGHSEAS,IOCL,ISIPL,
2026-08-18,PARADIP PORT,Waiting & Expected,,MT. HARI PRIYA,,183.00/,HSD,Liquid/Chemical Bulk,35000 MT,35000.0,DISCHARGE,18/1000 HRS,,,CHENNAI,IOCL,AGS,
2026-08-18,PARADIP PORT,Waiting & Expected,,MT. BW POLARIS,,229.90/12.22,BUTANE/PROPAN,Liquid/Chemical Bulk,20000 MT,20000.0,DISCHARGE,21/1000 HRS,,,NEW MANGALORE,IOCL,WILHELMSEN,
2026-08-18,PARADIP PORT,Waiting & Expected,,MV. YM MASCOT,,228.95/,HARD COAL,Dry/General Bulk,43945 MT,43945.0,DISCHARGE,14/2042 HRS,2026-08-18,2026-08-21,NEWPORT,SAIL,SSS,MPB/SHIFTS SQ 20.08.2026
2026-08-18,PARADIP PORT,Waiting & Expected,,MV. GREEK SEAS,,229.00/,LIME STONE,Other,40000 MT,40000.0,DISCHARGE,14/2354 HRS,2026-08-19,2026-08-21,FANGCHEN,TATA,TMIL,CQ-1
2026-08-18,PARADIP PORT,Waiting & Expected,,MV. GLORY LOONG,,224.95/13.86,COKING COAL,Dry/General Bulk,72667 MT,72667.0,DISCHARGE,16/0242 HRS,2026-08-20,2026-08-23,UST-LUGA,JSW/JSW JFE,SSS,MPB
2026-08-18,PARADIP PORT,Waiting & Expected,,MV. DDS MARINA,,126.80/9.10,AMMONIUM NITRATE,Other,11327 MT,11327.0,DISCHARGE,16/1030 HRS,2026-08-18,2026-08-22,NAKHODA,SPECIAL,SRAVAN,CQ-3
2026-08-18,PARADIP PORT,Waiting & Expected,,MV. RISOLUTO,,228.90/14.50,LIME STONE,Other,40000 MT,40000.0,DISCHARGE,16/2324 HRS,2026-08-20,2026-08-22,ZHANGJIAN,TATA,TMIL,CQ-2
2026-08-18,PARADIP PORT,Waiting & Expected,,MV. THERESA PRIDE,,199.99/13.39,DOLOMITE,Dry/General Bulk,60500 MT,60500.0,DISCHARGE,19/1300 HRS,2026-08-21,2026-08-24,KHANOM,TATA,TMIL,CQ-1
2026-08-18,PARADIP PORT,Waiting & Expected,,MV. PHC SURYA,,118.00/,GYPSUM,Dry/General Bulk,10000 MT,10000.0,LOADING,20/0600 HRS,2026-08-21,2026-08-22,NAKHODA,SMPL,OSL,SQ
2026-08-18,PARADIP PORT,Waiting & Expected,,MV. SUNRISE I,,228.90/14.46,COKING COAL,Dry/General Bulk,33000 MT,33000.0,DISCHARGE,21/0600 HRS,2026-08-22,2026-08-24,KEMBLA,JSW JFE,GPR MARITIME,CQ-2
2026-08-18,PARADIP PORT,Waiting & Expected,,"PRIORITY BERTHING ALLOWED FOR ALL IMPORT/EXPORT DRY BULK CARGO TO M/S. JSPL, TATA, JSW SAMBALPUR AT GCB.",,,,Other,,,,,,,,,,
2026-08-18,PARADIP PORT,Waiting & Expected,,"VESSEL WHICH CAN NOT PERFORM AS THE REQUIRED PORT NORMS, SHE WILL BE SHIFTED TO ROADS AND HER BERTHING WILL BE DECIDED AS THE LAST VESSEL ON SERIAL.",,,,Other,,,,,,,,,,
2026-08-18,PARADIP PORT,Waiting & Expected,,"MAXIMUM OF TWO COASTAL VESSELS WILL BE TAKEN AT A TIME IN THE CONVENTIONAL BERTH W.E.F 07-OCT-2018,TILL FURTHER ORDER",,,,Other,,,,,,,,,,
2026-08-18,KAKINADA,Waiting,,M.T. ORCHID SYLT,,,SULPHURIC ACID,Liquid/Chemical Bulk,20500,20500.0,,2026-08-14,,,,CIL,SEAPHOENIX,
2026-08-18,KAKINADA,Waiting,,M.V. MAGPIE SW,,,ALUMINA,Dry/General Bulk,31500,31500.0,,2026-08-17,,,,VEDANTA & BALCO,CHOWGULE,
2026-08-18,KAKINADA,Waiting,,SAILED VESSELS::,,,,Other,,,,,,,,,,
2026-08-18,KAKINADA,Waiting,,M.V.ZURICH STAR,,,,Other,,,,2026-08-10,,,,,,
2026-08-18,KAKINADA,Waiting,,M.V.JAL KUMUD,,,,Other,,,,2026-07-20,,,,,,
2026-08-18,KAKINADA,Waiting,,M.V. ECO CZAR,,,,Other,,,,2026-08-12,,,,,,
2026-08-18,KAKINADA,Waiting,,M.V. BLOOM HALO,,,,Other,,,,2026-08-11,,,,,,
2026-08-18,KAKINADA,Waiting,,M.V.ATHOS,,,,Other,,,,2026-08-05,,,,,,
2026-08-18,KAKINADA,Expected,,M.V. CHOLA ETERNITY,,,COAL,Dry/General Bulk,49535,49535.0,,2026-08-18,,,,INDIA COKE AND POWER,GLORY FAITH,
2026-08-18,KAKINADA,Expected,,M.T. DALMACIJA,,,EDIBLE OIL,Other,15000,15000.0,,2026-08-19,,,,GEMINI,INTEROCEAN,
2026-08-18,KAKINADA,Expected,,M.T. DX PIONEER,,,EDIBLE OIL,Other,13000,13000.0,,2026-08-19,,,,"GEMINI , NAVABHARAT PATANJALI SANTHOSHIMATHAA",SEAPORT SERVICES,
2026-08-18,KAKINADA,Expected,,M.V. SEA LYRA,,,MOP,Other,28000,28000.0,,2026-08-19,,,,CHAMBAL,BOTHRA,
2026-08-18,KAKINADA,Expected,,M.V. LILA SEOUL,,,COAL,Dry/General Bulk,75000,75000.0,,2026-08-19,,,,AP GENCO,SARAT CHATTERJEE,
2026-08-18,KAKINADA,Expected,,M.V.DEBBIE,,,DRILLING EQUIPEMENT,Other,133,133.0,,2026-08-19,,,,"SCHLUMBERGER, SUBENO INDIA",PAREKH,
2026-08-18,KAKINADA,Expected,,M.V.ODELMAR,,,UREA,Other,23000,23000.0,,2026-08-19,,,,CIL,ALAP,
2026-08-18,KAKINADA,Expected,,M.V. MILAS,,,ROCK PHOSPHATE,Dry/General Bulk,47900,47900.0,,2026-08-20,,,,CIL,RDS OIL & GAS,
2026-08-18,KAKINADA,Expected,,M.V.AQUASTAR,,,IRON ORE,Dry/General Bulk,60000,60000.0,,2026-08-20,,,,LLOYDS METALS,BOTHRA,
2026-08-18,KAKINADA,Expected,,M.T. AZALEA,,,METHANOL,Other,4500,4500.0,,2026-08-21,,,,KLJ RESOURCES,GAC,
2026-08-18,KAKINADA,Expected,,M.T.GLOBAL JUPITER,,,EDIBLE OIL,Other,5000,5000.0,,2026-08-22,,,,AWL AGRI,SEAPORT,
2026-08-18,KAKINADA,Expected,,M.T.ANANTA,,,FURNACE OIL,Liquid/Chemical Bulk,3500,3500.0,,2026-08-22,,,,IOCL,INTEROCEAN,
2026-08-18,KAKINADA,Expected,,M.T. SWARNA MALA,,,"DIESEL, MOTOR SPIRIT",Liquid/Chemical Bulk,5654 946,,,2026-08-22,,,,RIL,ATLANTIC,
2026-08-18,KAKINADA,Expected,,M.V.JIU XU36,,,AMMONIUM SULPHATE,Dry/General Bulk,33000,33000.0,,2026-08-23,,,,HINDUSTAN URVAK,PRAVV SHIPPING,
2026-08-18,KAKINADA,Expected,,M.V. SALT LAKE,,,NPK,Other,65992,65992.0,,2026-08-24,,,,CIL,CROSS TRADE,
2026-08-18,KAKINADA,Expected,,M.V.RISHABH,,,,Other,,,,2026-02-05,,,,,,
2026-08-18,GANGAVARAM,Working,B5,MV AURIGA STAR,,,ANTHRACITE COAL,Dry/General Bulk,80090,80090.0,,2026-08-18,B5,2026-08-19,,JSW,SEATRANS,
2026-08-18,GANGAVARAM,Working,B6,MV SIAN,,,COKING COAL,Dry/General Bulk,78000,78000.0,,2026-08-18,B6,2026-08-20,,NMDC,ESDI,MECHNICAL CONCEYOR DISCH BERTH
2026-08-18,GANGAVARAM,Working,B7,MV AP PETKA,,,SODA ASH,Dry/General Bulk,25052,25052.0,,2026-08-17,B7,2026-08-23,,INTEGRAL,SRINIVASA,MANUAL BERTH / SHIP CRANES
2026-08-18,GANGAVARAM,Working,B9,MV LIA,,,STEEL BILLETS,Dry/General Bulk,39720.74,39720.74,,2026-08-12,B9,2026-08-22,,RINL,SPARTANS,CONTAINER BERTH
2026-08-18,GANGAVARAM,Expected,B2,MV CHOLA LEGACY,,,THERMAL COAL,Dry/General Bulk,76000,76000.0,,2026-08-18,B2,2026-08-20,COASTAL,TANGEDCO,SEAPORT,
2026-08-18,GANGAVARAM,Expected,B4,MV ZAHAB JAHAN I,,,IRON ORE FINES,Dry/General Bulk,55000,55000.0,,2026-08-18,B4,2026-08-21,,KIOCL,VYAASA TRADING,
2026-08-18,GANGAVARAM,Expected,B4,MV ERACLEA,,,IRON ORE FINES,Dry/General Bulk,55000,55000.0,,2026-08-19,B4,2026-08-22,,KIOCL,ACT INFRAPORT,
2026-08-18,GANGAVARAM,Expected,B5,MV VISHVA NIDHI,,,THERMAL COAL,Dry/General Bulk,76000,76000.0,,2026-08-20,B5,2026-08-22,,RINL,SEAWAYS,
2026-08-18,GANGAVARAM,Expected,B1/B7,MV AL MANHAL,,,CP COKE,Dry/General Bulk,16500,16500.0,,2026-08-22,B1/B7,,,VEDANTA,SPARTANS,
2026-08-18,VISAKHAPATNAM,Working,OB-2,MV GCL YAMUNA,,,IRON ORE PELLETS,Dry/General Bulk,105000,105000.0,L,2026-08-18,OB-2,2026-08-19,,,JYOTHI,
2026-08-18,VISAKHAPATNAM,Working,VGCB,MV ALPHA TROPHY,,,BAUXITE IN BULK,Dry/General Bulk,198041,198041.0,D,2026-08-06,VGCB,2026-08-18,,,IMPERIAL,
2026-08-18,VISAKHAPATNAM,Working,CB-1,MV NAVIOS BAHAMAS,,,CONTAINERS,Container,20000,20000.0,D/L,2026-08-18,CB-1,2026-08-19,,,UNIFEEDEER,
2026-08-18,VISAKHAPATNAM,Working,CB-3,MV MOGRAL,,,CONTAINERS,Container,46123,46123.0,D/L,2026-08-17,CB-3,2026-08-18,,,SIMA MARINE,
2026-08-18,VISAKHAPATNAM,Working,SPM,MT MARAN AJAX,,,CRUDE OIL,Liquid/Chemical Bulk,326527,326527.0,D,2026-08-16,SPM,2026-08-19,,,ATLANTIC,
2026-08-18,VISAKHAPATNAM,Working,LPG,LPG/C ETERNAL GLORY,,,LPG,Other,22000,22000.0,D,2026-08-12,LPG,2026-08-19,,,BOTHRA,
2026-08-18,VISAKHAPATNAM,Working,AVCTPL[EQ-1A],MV KATERINA III,,,M.COKE & NUT COKE,Dry/General Bulk,30265,30265.0,D,2026-08-13,AVCTPL[EQ-1A],2026-08-19,,,GAC,
2026-08-18,VISAKHAPATNAM,Working,[EQ-1] (ADANI),MV BAO CHANG,,,ROCK PHOSPHATE,Dry/General Bulk,48500,48500.0,D,2026-08-14,[EQ-1] (ADANI),2026-08-21,,,RDS OIL & GAS,
2026-08-18,VISAKHAPATNAM,Working,EQ-3,MV DONG FANG WEI YE,,,ALUMINA IN BAGS,Dry/General Bulk,31500,31500.0,L,2026-08-12,EQ-3,2026-08-20,,,ESHWAR,SHIFTED FROM EQ-3 TO WQ-5
2026-08-18,VISAKHAPATNAM,Working,EQ-4,MV NESTORS,,,UREA,Other,55000,55000.0,D,2026-08-11,EQ-4,2026-08-20,,,INTEROCEAN,
2026-08-18,VISAKHAPATNAM,Working,EQ-6,MV AFRICAN PEACOCK,,,C.P.COKE,Dry/General Bulk,16450,16450.0,L,2026-08-16,EQ-6,2026-08-22,,,ESHWAR,
2026-08-18,VISAKHAPATNAM,Working,EQ-8 (VSPL),MV YU YAN,,,COKING COAL,Dry/General Bulk,47600,47600.0,D,2026-08-15,EQ-8 (VSPL),2026-08-18,,,SAMSARA,
2026-08-18,VISAKHAPATNAM,Working,EQ-9 (VSPL),MV THEOSKEPASTI,,,STEAM COAL,Dry/General Bulk,71670,71670.0,D,2026-08-14,EQ-9 (VSPL),2026-08-19,,,SEATRANS,
2026-08-18,VISAKHAPATNAM,Working,WQ-1 RE,MV HAI DUONG 68,,,STEEL CARGO,Dry/General Bulk,5396.5460000000003,5396.546,L,2026-08-13,WQ-1 RE,2026-08-20,,,SPARTANS,
2026-08-18,VISAKHAPATNAM,Working,WQ-1,MV CHOLA SERENITY,,,THERMAL COAL,Dry/General Bulk,75200,75200.0,L,2026-08-15,WQ-1,2026-08-19,,,SEAPORT,
2026-08-18,VISAKHAPATNAM,Working,WQ-2,MV ACHILLEAS S,,,MANGANESE ORE,Dry/General Bulk,38831,38831.0,D,2026-08-11,WQ-2,2026-08-19,,,GAC,
2026-08-18,VISAKHAPATNAM,Working,WQ-3,DREDGING FOR 2 DAYS,,,,Other,,,,,WQ-3,,,,,
2026-08-18,VISAKHAPATNAM,Working,WQ-4,MV PAULA TRADER,,,FERRO MANGANESE & STEEL CARGO,Dry/General Bulk,23750,23750.0,L,2026-08-12,WQ-4,2026-08-21,,,SAIANS,
2026-08-18,VISAKHAPATNAM,Working,WQ-5,MV INFINITY,,,ALUMINA POWDER IN BULK,Dry/General Bulk,30600,30600.0,L,2026-08-12,WQ-5,2026-08-18,,,RVSS,SAILED
2026-08-18,VISAKHAPATNAM,Working,WQ-6,MV ATP FORTUNE,,,MANGANESE ORE,Dry/General Bulk,23500,23500.0,D,2026-08-17,WQ-6,2026-08-19,,,K.R.SONS,
2026-08-18,VISAKHAPATNAM,Working,WQ-7,Handed over to m/s VMBCTPL for projecdt development,,,,Other,,,,,WQ-7,,,,,
2026-08-18,VISAKHAPATNAM,Working,OR-1,OR -1 Berth spared for Revamping by CE department,,,,Other,,,,,OR-1,,,,,
2026-08-18,VISAKHAPATNAM,Working,OR-2,MT KESTREL,,,VSLFO & NFO,Other,14982,14982.0,D,2026-08-17,OR-2,2026-08-19,,,HARIKA,
2026-08-18,VISAKHAPATNAM,Working,OR-3,MT RADHA MOHAN,,,BITUMEN,Other,4188,4188.0,L,2026-08-15,OR-3,2026-08-18,,,ATLANTIC,
2026-08-18,VISAKHAPATNAM,Working,F.B,LPG/C. SEARMBLER,,,ANDHROUS AMMONIA,Liquid/Chemical Bulk,10000,10000.0,D,2026-07-17,F.B,2026-08-19,,,GAC,
2026-08-18,VISAKHAPATNAM,Waiting,1,MV PANDA,,,ALUMINA IN BULK,Dry/General Bulk,33000,33000.0,L,2026-08-13,1,,,,INTEROCEAN,
2026-08-18,VISAKHAPATNAM,Waiting,2,MV OAK ANTON,,,NUT COKE IN BULK,Dry/General Bulk,17700,17700.0,D,2026-08-14,2,,,,NAVSHIP,
2026-08-18,VISAKHAPATNAM,Waiting,3,MV SSI IRRSISTIBLE,,,AMMONIUM SULPHTE IN BULK,Other,40500,40500.0,D,2026-08-15,3,,,,SEATRANS,
2026-08-18,VISAKHAPATNAM,Waiting,4,MV ODELMAR,,,UREA,Other,10000,10000.0,D,2026-08-16,4,,,,ALAP,
2026-08-18,VISAKHAPATNAM,Waiting,5,MV DARLEAKAY,,,MANGANESE ORE,Dry/General Bulk,25000,25000.0,D,2026-08-16,5,,,,BOTHRA,
2026-08-18,VISAKHAPATNAM,Waiting,6,MV GLORIEUSE,,,STEEL BLOOMS,Dry/General Bulk,20000,20000.0,L,2026-08-17,6,,,,BENLINES,
2026-08-18,VISAKHAPATNAM,Waiting,7,MV TATEV,,,ALUMINA IN BAGS,Dry/General Bulk,31500,31500.0,L,2026-08-18,7,,,,INTEROCEAN,RE-ANCH
2026-08-18,VISAKHAPATNAM,Waiting,8,MT HAFINA MYNA,,,FURNACE OIL,Liquid/Chemical Bulk,33000,33000.0,L,2026-08-18,8,,,,INTEROCEAN,
2026-08-18,VISAKHAPATNAM,Waiting,9,MV CYMONA OCEAN,,,COKING COAL,Dry/General Bulk,79430,79430.0,D,2026-08-18,9,,,,ORISSA STEVEDORES LTD,
2026-08-18,VISAKHAPATNAM,Expected,,MV SEA TOPAZ,,,ALUMINA IN BULK,Dry/General Bulk,31500,31500.0,L,2026-08-19,,,,,INTEROCEAN,
2026-08-18,VISAKHAPATNAM,Expected,,MV AGRAFA,,,MANGANESE ORE,Dry/General Bulk,35596,35596.0,D,2026-08-19,,,,,BOTHRA,
2026-08-18,VISAKHAPATNAM,Expected,,MV CHOLA UNITY,,,LIME STONE,Other,45000,45000.0,D,2026-08-19,2026-08-19,,,,GLORY FAITH,
2026-08-18,VISAKHAPATNAM,Expected,,MV ULSAN VOYAGER,,,CONTAINERS,Container,300,300.0,D/L,2026-08-19,2026-08-19,,,,PAREKH,
2026-08-18,VISAKHAPATNAM,Expected,,MV MEDWAY SPIRIT,,,CP COKE,Dry/General Bulk,15000,15000.0,L,2026-08-20,,,,,ESHWAR,
2026-08-18,VISAKHAPATNAM,Expected,,MV STAR COPENHAGEN,,,UREA,Other,54266,54266.0,D,2026-08-20,,,,,CROSS TRADING,
2026-08-18,VISAKHAPATNAM,Expected,,MV SHIN SHUN,,,STEAM COAL,Dry/General Bulk,56836,56836.0,D,2026-08-20,,,,,SEATRANS,
2026-08-18,VISAKHAPATNAM,Expected,,MV HARILAOS JUNIOR,,,BAUXITE IN BULK,Dry/General Bulk,58523,58523.0,D,2026-08-20,,,,,IMPERIAL,
2026-08-18,VISAKHAPATNAM,Expected,,MV SITC CEBU,,,CONTAINERS,Container,11200,11200.0,D/L,2026-08-20,,,,,ELS,
2026-08-18,VISAKHAPATNAM,Expected,,MV MSC PATNAREE III,,,CONTAINERS,Container,22500,22500.0,D/L,2026-08-20,,,,,MSC LINES,
2026-08-18,VISAKHAPATNAM,Expected,,MV GCL SABARMATI,,,IRON ORE PELLETS,Dry/General Bulk,105000,105000.0,L,2026-08-21,,,,,JYOTHI,
2026-08-18,VISAKHAPATNAM,Expected,,MV CRIMSON GLORY,,,MANGANESE ORE,Dry/General Bulk,27089,27089.0,D,2026-08-21,,,,,INTEGRAL,
2026-08-18,VISAKHAPATNAM,Expected,,MV NORDTIGRIS,,,LENTILS IN BULK,Other,10000,10000.0,D,2026-08-21,,,,,SEAVISION,
2026-08-18,VISAKHAPATNAM,Expected,,MV SPIRIT OF KOBE,,,CP COKE,Dry/General Bulk,20000,20000.0,L,2026-08-22,,,,,ESHWAR,
2026-08-18,VISAKHAPATNAM,Expected,,MV PIONEER KIRA,,,"STONE AGGREGATE,CEMENT & GENERAL CARGO",Dry/General Bulk,20000,20000.0,L,2026-08-22,,,,,FAIRMACS,
2026-08-18,VISAKHAPATNAM,Expected,,MV SSI CONQUEST,,,TSP & DAP,Other,52700,52700.0,D,2026-08-22,,,,,BOTHRA,
2026-08-18,VISAKHAPATNAM,Expected,,MV LILA SEOUL,,,IRON ORE PELLETS,Dry/General Bulk,75000,75000.0,L,2026-08-23,,,,,JYOTHI,
2026-08-18,VISAKHAPATNAM,Expected,,MV MINI ATLAS,,,MANGANESE ORE,Dry/General Bulk,4800,4800.0,L,2026-08-23,,,,,GAC,
2026-08-18,VISAKHAPATNAM,Expected,,MT VARI TRADER,,,SULPHURIC ACID,Liquid/Chemical Bulk,18500,18500.0,D,2026-08-23,,,,,SAMUDRA,
2026-08-18,VISAKHAPATNAM,Expected,,MT SWARNA MALA,,,HSD & MS,Liquid/Chemical Bulk,8097,8097.0,D,2026-08-23,,,,,ATLANTIC,
2026-08-18,VISAKHAPATNAM,Expected,,MT SAKURA CREST,,,METHONAL,Other,9794,9794.0,D,2026-08-24,,,,,ATLANTIC,
2026-08-18,VISAKHAPATNAM,Expected,,MV SM MANALI,,,CONTAINERS,Container,40000,40000.0,D/L,2026-08-24,,,,,SIMA MARINE,
2026-08-18,VISAKHAPATNAM,Expected,,MV QI XIA SHAN,,,GRANITE BLOCKS,Other,12000,12000.0,L,2026-08-25,,,,,PUYVAST,
2026-08-18,VISAKHAPATNAM,Expected,,MV FUBAO,,,COKING COAL,Dry/General Bulk,44000,44000.0,D,2026-08-25,,,,,INTEGRAL,
2026-08-18,VISAKHAPATNAM,Expected,,MV DP WORLD THAMIRABARANI,,,CONTAINERS,Container,8500,8500.0,D/L,2026-08-25,,,,,UNIFEEDEER,
2026-08-18,VISAKHAPATNAM,Expected,,MV DP WORLD GODAVARI,,,CONTAINERS,Container,15000,15000.0,D/L,2026-08-25,,,,,UNIFEEDEER,
2026-08-18,VISAKHAPATNAM,Expected,,MV HALDI,,,"STONE AGGREGATE ,CEMENT & GENERAL CARGO",Dry/General Bulk,5000,5000.0,L,2026-08-26,,,,,FAIRMACS,
2026-08-18,VISAKHAPATNAM,Expected,,MV JPS BARCELONA,,,DAP,Other,52552,52552.0,D,2026-08-26,,,,,ANLINE SHIPPING,
2026-08-18,VISAKHAPATNAM,Expected,,MV NORSE MOBILE,,,FERRO MANGANESE & STEEL CARGO,Dry/General Bulk,29200,29200.0,L,2026-08-27,,,,,SAIANS,
2026-08-18,VISAKHAPATNAM,Expected,,MT TG TAURAS,,,PHOSPHERIC ACID,Other,10260,10260.0,D,2026-08-27,,,,,RDS OIL,
2026-08-18,VISAKHAPATNAM,Expected,,MV FREE SAILING,,,PET COKE,Dry/General Bulk,31044,31044.0,D,2026-08-29,,,,,SAI SAMRAT,
2026-08-18,VISAKHAPATNAM,Expected,,MV SSL SABARIMALAI,,,CONTAINERS,Container,8500,8500.0,D/L,2026-08-29,,,,,UNIFEEDEER,
2026-08-18,VISAKHAPATNAM,Expected,,MV SSL KRISHNA,,,CONTAINERS,Container,12000,12000.0,D/L,2026-08-29,,,,,UNIFEEDEER,
2026-08-18,VISAKHAPATNAM,Expected,,MV OCEAN ROYAL,,,MANGANESE ORE,Dry/General Bulk,30650,30650.0,D,2026-08-31,,,,,BOTHRA,
2026-08-18,VISAKHAPATNAM,Expected,,MV MOGRAL,,,CONTAINERS,Container,40000,40000.0,D/L,2026-08-31,,,,,SIMA MARINE,
2026-08-18,VISAKHAPATNAM,Expected,,MV SPIRIT OF SEATREK,,,MANGANESE ORE,Dry/General Bulk,22550,22550.0,D,2026-09-03,,,,,BOTHRA,
2026-08-18,VISAKHAPATNAM,Expected,,MV MILAS,,,ROCK PHOSPHATE,Dry/General Bulk,47900,47900.0,D,2026-08-21,,,,,RDS OIL,
2026-08-21,KARAIKAL,Working,I,MV. BAO RUN,,,UREA,Other,42000,42000.0,IMP,2026-08-18,2026-08-18,2026-08-22,,,,
2026-08-21,KARAIKAL,Working,II,MV. HAI DUONG 36,,,CALCITE,Other,10200,10200.0,IMP,2026-08-21,2026-08-21,2026-08-23,,,,
2026-08-21,KARAIKAL,Working,III,MV. APJ SETHU,,,COAL,Dry/General Bulk,80147,80147.0,IMP,2026-08-18,2026-08-18,2026-08-21,,,,
2026-08-21,KARAIKAL,Expected,,MV. MARINE FORTUNE I,,,COAL,Dry/General Bulk,71314,71314.0,IMP,2026-08-21,2026-08-22,2026-08-24,,,,
2026-08-21,KARAIKAL,Expected,,MV. LADY ANNE,,,COAL,Dry/General Bulk,77000,77000.0,IMP,2026-08-28,2026-08-28,2026-08-30,,,,
2026-08-21,GOPALPUR,Working,MPB-1,MV C FORCE,,,LIMESTONE,Dry/General Bulk,78419,78419.0,D,2026-08-19,2026-08-19,2026-08-23,,,SEATRANS / BENLINE,
2026-08-21,GOPALPUR,Working,MPB-2,MV LH ANTHEA,,,LIMESTONE,Dry/General Bulk,74509,74509.0,D,2026-08-19,2026-08-21,2026-08-25,,,BENLINE,
2026-08-21,GOPALPUR,Waiting,MPB-1,MV MOSKHA,,,IRON ORE FINES,Dry/General Bulk,54880,54880.0,L,2026-08-20,2026-08-23,2026-08-26,,,NAVSHIP,
2026-08-21,CHENNAI,Working,JD1,AL UDEID,,,S PILES,Other,5395,5395.0,D,2026-08-20,2026-08-20,2026-08-24,,,SEAHORSE,
2026-08-21,CHENNAI,Working,JD3,BRIGHT STAR,,,ST.COILS/HR.COILS/ST.BAR/ST.PLATES,Dry/General Bulk,7702/5498/696/306,,D,2026-08-20,2026-08-20,2026-08-22,,,SAMSARA,
2026-08-21,CHENNAI,Working,JD6,SATURN,,,STEEL COIL,Dry/General Bulk,1673,1673.0,D,2026-08-19,2026-08-19,2026-08-21,,,UNITRANS,
2026-08-21,CHENNAI,Working,BD2,FORTUNE GLORY,,,CSFOIL,Other,8000,8000.0,D,2026-08-18,2026-08-19,2026-08-21,,,,
2026-08-21,CHENNAI,Waiting,,AST RISING,,,IMDG CONT,Other,98,98.0,L,2026-08-12,2026-08-23,2026-08-25,,,PEARL,
2026-08-21,CHENNAI,Expected,JD1/SQ1,HT LOTUS,,,FLOU,Other,10000,10000.0,D,2026-08-27,2026-08-27,2026-08-29,,,SEAGREEN,
2026-08-21,CHENNAI,Expected,JD2/4/6,BANGLAR JOYJATRA,,,BARITES,Other,19000,19000.0,L,2026-08-28,2026-08-28,2026-08-30,,,GENID,
2026-08-21,ENNORE,Working,CB1,Chennai Valarchi,,,T COAL,Dry/General Bulk,75000,75000.0,D,2026-08-18,CB1,2026-08-22,,,SEAPORT,COASTAL
2026-08-21,ENNORE,Working,CB2,Jal Vaibhav,,,T COAL,Dry/General Bulk,75000,75000.0,D,2026-08-19,CB2,2026-08-22,,,SEAPORT,
2026-08-21,ENNORE,Working,MLT,Prime Grandeur,,,HSD/MSO,Liquid/Chemical Bulk,19000,19000.0,D,2026-08-19,MLT,2026-08-21,,,GREAT,
2026-08-21,ENNORE,Working,ECTPL,SUNRISE I,,,S COAL,Dry/General Bulk,40952,40952.0,D,2026-08-15,ECTPL,2026-08-20,,,PEARL,
2026-08-21,ENNORE,Working,EBTPL,SHENLI,,,BARYTES,Other,54000,54000.0,L,2026-08-15,EBTPL,2026-08-22,,,EVERWIN,
2026-08-21,ENNORE,Waiting,ECTPL,SUNRISE I,,,S COAL,Dry/General Bulk,40952,40952.0,D,2026-08-15,RVRT,RVRT,,,PEARL,
2026-08-21,ENNORE,Waiting,ECTPL,STAR EVA,,,S COAL,Dry/General Bulk,103901,103901.0,D,2026-08-15,RVT,RVRT,,,MERCHANT,
2026-08-21,ENNORE,Waiting,ECTPL,Venus Star,,,S COAL,Dry/General Bulk,78547,78547.0,D,2026-08-16,RVRT,RVRT,,,GAC,
2026-08-21,ENNORE,Waiting,EBTPL,Fortune Sunshine,,,L.STONE,Other,71037,71037.0,D,2026-08-18,2026-08-22,2026-08-25,,,PEARL,
2026-08-21,ENNORE,Waiting,ECTPL,Vishva Jyoti,,,T.COAL,Dry/General Bulk,68500,68500.0,D,2026-08-19,RVRT,RVRT,,,SEAGREEN,COASTAL
2026-08-21,ENNORE,Expected,GCB,PRIMROSE ACE,,,AUTOMOBILE,Other,2100,2100.0,L,2021-08-20,2026-08-21,2026-08-22,,,MOL,
2026-08-21,ENNORE,Expected,GCB,Jasper Arrow,,,AUTOMOBILE,Other,900,900.0,L,2026-08-24,2026-08-24,2026-08-25,,,K STEAM,
2026-08-21,ENNORE,Expected,GCB,EUPHRATE HIGHWAY,,,AUTOMOBILE,Other,600,600.0,L,2026-08-28,2026-08-28,2026-08-29,,,JM BAXI,
2026-08-21,ENNORE,Expected,GCB,HOEGH TROOPER,,,AUTOMOBILE,Other,800,800.0,L,2026-08-31,2026-08-31,2026-09-01,,,SAMSARA,
2026-08-21,KRISHNAPATNAM,Working,LB,MT SWARNA KALASH,,,MS & HSD,Liquid/Chemical Bulk,37859.964,37859.964,D,2026-08-21,2026-08-21,2026-08-22,COCHIN,,SAMSARA SHIPPING PVT LTD,
2026-08-21,KRISHNAPATNAM,Working,WB-2,MV CAPT EUGENE,,,TSP FERTILIZER,Dry/General Bulk,34262,34262.0,D,2026-08-16,2026-08-16,2026-08-22,MOROCCO,,ATLANTIC GLOBAL SHIPPING PVT LTD,
2026-08-21,KRISHNAPATNAM,Working,S4,MV VOSCO OCEAN,,,COAL,Dry/General Bulk,56200,56200.0,D,2026-08-19,2026-08-19,2026-08-21,PARADIP,,SEATRANS MARINE PVT LTD.,
2026-08-21,KRISHNAPATNAM,Working,8,MV ANDROS SPIRIT,,,COAL,Dry/General Bulk,30000,30000.0,D,2026-08-17,2026-08-20,2026-08-21,"RICHARDS BAY, SOUTH AFRICA",,JYOTHI MARINE SERVICES PVT LTD- OPA GAC SHIPPING,
2026-08-21,KRISHNAPATNAM,Working,7,MV W-SAPPHIRE,,,COAL,Dry/General Bulk,75000,75000.0,D,2026-08-19,2026-08-20,2026-08-23,PARADIP,,GAC SHIPPING PVT LTD.,
2026-08-21,KRISHNAPATNAM,Working,6,MV AURIGA STAR,,,COAL,Dry/General Bulk,61367,61367.0,D,2026-08-19,2026-08-20,2026-08-23,RUSSIA,,SEATRANS MARINE PVT. LTD -OPA ATLANTIC GLOBAL SHIPPING PVT LTD,
2026-08-21,KRISHNAPATNAM,Working,5,MV WEI HE,,,LIMESTONE,Dry/General Bulk,77000,77000.0,D,2026-08-20,2026-08-21,2026-08-24,CHINA,,MERCHANT SHIPPING SERVICES PVT. LTD.,
2026-08-21,KRISHNAPATNAM,Working,4,MV LV DAISY,,,DAP,Other,31400,31400.0,D,2026-08-17,2026-08-17,2026-08-21,AQABA SEAPORT OF JORDAN,,SPARTANS MARINE SERVICES PRIVATE LIMITED,
2026-08-21,KRISHNAPATNAM,Working,3,MV WESER POINT,,,LIMESTONE,Dry/General Bulk,76200,76200.0,D,2026-08-18,2026-08-20,2026-08-23,CHINA,,MERCHANT SHIPPING SERVICES PVT. LTD.,
2026-08-21,KRISHNAPATNAM,Working,2,MV DIAMOND TRADER,,,COAL,Dry/General Bulk,46700,46700.0,D,2026-08-18,2026-08-20,2026-08-23,INDONESIA,,GAC SHIPPING-OPA/ JYOTHI MARINE SERVICES PVT LTD-CA,
2026-08-21,KRISHNAPATNAM,Working,1,MV POLYDEFKIS,,,METCOKE,Dry/General Bulk,46700,46700.0,D,2026-08-19,2026-08-20,2026-08-23,INDONESIA,,WALTERR CUMINNS SHIPPING SERVICES VRC-SLR METALIKS LTD,
2026-08-21,KRISHNAPATNAM,Waiting,2,MV XIN CHEN HAI YANG,,,SHIP UNLOADERS,Other,4098.8469999999998,4098.847,D,2026-08-19,2026-08-23,2026-08-27,CHINA,,SAMSARA SHIPPING PVT LTD,
2026-08-21,KRISHNAPATNAM,Waiting,7,MV DECCAN PRIDE,,,COAL,Dry/General Bulk,73700,73700.0,D,2026-08-20,2026-08-23,2026-08-25,PARADIP,,"J M BAXI MARINE SERVICES PRIVATE LIMITED,",
2026-08-21,KRISHNAPATNAM,Waiting,4,MV SUN ISLAND,,,COAL,Dry/General Bulk,38230,38230.0,D,2026-08-20,2026-08-21,2026-08-23,"HAY POINT, AUSTRALIA",,ASSOCIATED SHIPPING SERVICES,
2026-08-21,KRISHNAPATNAM,Waiting,S4A,MV PAMPERO,,,COAL,Dry/General Bulk,40432,40432.0,D,2026-08-21,2026-08-21,2026-08-24,"MOBILE, USA",,SEATRANS MARINE PVT LTD.,
2026-08-21,KRISHNAPATNAM,Waiting,6,MV BAILIAN STAR,,,COAL,Dry/General Bulk,73100,73100.0,D,2026-08-21,2026-08-23,2026-08-25,,,GPR MARITIME AGENCIES.,
2026-08-21,KRISHNAPATNAM,Waiting,WB-2,MV CL DEMOCRACY,,,COAL,Dry/General Bulk,38498.97,38498.97,D,2026-08-21,2026-08-23,2026-08-26,USA,,PAREKH MARINE,
2026-08-21,KRISHNAPATNAM,Expected,S4,MV SKIATHOS,,,COAL,Dry/General Bulk,77070,77070.0,D,2026-08-21,2026-08-22,2026-08-25,PARADIP,,GAC SHIPPING PVT LTD.,
2026-08-21,KRISHNAPATNAM,Expected,WB-1,MV DARYA SHAAN,,,CEMENT,Dry/General Bulk,21000,21000.0,L,2026-08-21,2026-08-21,2026-08-23,COCHIN,,MBK LOGISTICS,
2026-08-21,KRISHNAPATNAM,Expected,WB-3,MT.TROMSO,,,CPO,Other,12000,12000.0,D,2026-08-22,2026-08-23,2026-08-26,INDONESIA,,SEAPORT SERVICES PVT.LTD,
2026-08-21,KRISHNAPATNAM,Expected,5,MV AFRICAN ISABELLE,,,COAL,Dry/General Bulk,62250,62250.0,D,2026-08-22,2026-08-24,2026-08-26,,,SARAT CHATTERJEE & CO (VSP) PVT LTD,
2026-08-21,KRISHNAPATNAM,Expected,WB-1,MT CHEM STAR,,,CPO,Other,9930.7430000000004,9930.743,D,2026-08-22,2026-08-23,2026-08-24,,,SUN SHIPPING AGENCY,
2026-08-21,KRISHNAPATNAM,Expected,4,MV CP GIXON,,,DAP,Other,49500,49500.0,D,2026-08-23,2026-08-23,2026-08-27,SAUDI ARABIA,,.INTEROCEAN SHIPPING (INDIA) PVT LTD,
2026-08-21,KRISHNAPATNAM,Expected,8,MV APJ SHIRIN,,,COAL,Dry/General Bulk,54950,54950.0,D,2026-08-23,2026-08-23,2026-08-25,PARADIP,,SARAT CHATTERJEE & CO (VSP) PVT LTD,
2026-08-21,KRISHNAPATNAM,Expected,7,MV GIORGAKIS,,,COAL,Dry/General Bulk,77770,77770.0,D,2026-08-23,2026-08-25,2026-08-27,PARADIP,,SARAT CHATTERJEE & CO (VSP) PVT LTD,
2026-08-21,KRISHNAPATNAM,Expected,8,MV RIPLEY PIONEER,,,COAL,Dry/General Bulk,70000,70000.0,D,2026-08-24,2026-08-25,2026-08-27,,,GAC SHIPPING PVT LTD.,
2026-08-21,KRISHNAPATNAM,Expected,5,MV GREAT TRIUMPH,,,LIMESTONE,Dry/General Bulk,75024,75024.0,D,2026-08-24,2026-08-26,2026-08-28,CHINA,,MERCHANT SHIPPING SERVICES PVT. LTD.,
2026-08-21,KRISHNAPATNAM,Expected,1,MV ELISAR,,,MOP,Other,35100,35100.0,D,2026-08-24,2026-08-24,2026-08-27,,,TAURUS SHIPPING,
2026-08-21,KRISHNAPATNAM,Expected,WB-1,MT.GLOBAL JUPITER,,,CPO,Other,9995.4189999999999,9995.419,D,2026-08-25,2026-08-24,2026-08-26,MALAYSIA,,SEAPORT SERVICES PVT.LTD,
2026-08-21,KRISHNAPATNAM,Expected,6,MV SEASON TRADER,,,COAL,Dry/General Bulk,78750,78750.0,D,2026-08-25,2026-08-25,2026-08-27,INDONESIA,,BEN LINE AGENCIES INDIA PVT LTD,
2026-08-21,KRISHNAPATNAM,Expected,5,MV MARAN TRANSPORTER,,,IRON ORE FINES,Dry/General Bulk,165905,165905.0,D,2026-08-26,2026-08-28,2026-09-02,,,GPR MARITIME AGENCIES.,
2026-08-21,KRISHNAPATNAM,Expected,6,MV MINERAL DEUTSCHLAND,,,IRON ORE FINES,Dry/General Bulk,195128,195128.0,D,2026-08-26,2026-08-27,2026-09-02,,,GPR MARITIME AGENCIES.,
2026-08-21,KRISHNAPATNAM,Expected,1,MV VITA MELODY,,,COAL,Dry/General Bulk,48871,48871.0,D,2026-05-28,2026-05-28,2026-05-31,INDONESIA,,JYOTHI MARINE,
2026-08-21,KATTUPALLI,Working,CB3,CL LINDY,,,DOLOMITE,Dry/General Bulk,60500,60500.0,D,2026-08-17,2026-08-17,2026-08-24,,,PEARL/SEAGREEN,
2026-08-21,KATTUPALLI,Expected,CB3,SCORPIO HONOUR,,,GYPSUM,Dry/General Bulk,56000,56000.0,D,2026-08-22,2026-08-24,2026-08-28,,,MINSOTRANS,
2026-08-21,SANDHEADS,Working,,PELOPIDAS,,G'LESS,REVERT,Other,,,,NOT READY,090600,REVERT,,,N/A,
2026-08-21,SANDHEADS,Working,,THERE ARE 4 VIRTUAL ANCHORAGE POINTS AT SAGAR AND 4 VESSELS CAN WORK SIMULTANEOUSLY SUB PORT CONSIDERATION,,,,Other,,,,,,,,,,
2026-08-21,SANDHEADS,Working,,"VESSEL'S BERTHING MOVEMENT DEPENDS ON ALL FAVORABLE CONDITIONS SUCH AS CGO DOCS READINESS, VSL'S SENIORITY,",,,,Other,,,,,,,,,,
2026-08-21,SANDHEADS,Working,,"WEATHER CONDITIONS, CONGESTION & BERTH AVAILABILITY",,,,Other,,,,,,,,,,
2026-08-21,SANDHEADS,Working,,Port Working Hours: 24 x 7 basis,,,,Other,,,,,,,,,,
2026-08-21,SANDHEADS,Working,,COASTAL VESSELS HAVE OUSTING PRIORITY,,,,Other,,,,,,,,,,
2026-08-21,SAGAR,Waiting,,MV. WELL DREAM,,GEARED,LIMESTONE,Dry/General Bulk,,,,2026-08-25,2026-08-26,2026-08-28,,,GAC SHIPPING,
2026-08-21,HALDIA,Working,4B,MV. METTLE STARE-I,,GEARLESS,COKING COAL,Dry/General Bulk,32000,32000.0,DISCH,2025-10-22,2025-10-23,2025-10-24,,TATA STEEL,TMILL,
2026-08-21,HALDIA,Working,4,MV ELONA,,GEARLESS,COKING COAL,Dry/General Bulk,33000,33000.0,DISCH,2026-08-19,2026-08-19,2026-08-22,,SAIL,J M BAXI,AUSTRALIA
2026-08-21,HALDIA,Working,1,MV. VISHVA CHETNA,,GEARLESS,COKING COAL,Dry/General Bulk,33000,33000.0,DISCH,2026-08-16,2026-08-20,2026-08-21,,SAIL,THE SHIPPING,NACALA
2026-08-21,HALDIA,Working,13,M.V. GOLDEN ARSENAL,,GEARED,ROCK PHOSPHATE,Dry/General Bulk,18600,18600.0,DISCH,2026-08-17,2026-08-20,2026-08-21,,"INDORAMA INDIA , JAY SHREE TEA & TEESTA AGRO INDUSTRIES",ALAP,HAMRAWEIL
2026-08-21,HALDIA,Working,8,M.V.ODYSSEAS L,,GEARLESS,COKING COAL,Dry/General Bulk,34000,34000.0,DISCH,2026-08-19,2026-08-20,2026-08-22,,TSL,TMILL,LONGKOU
2026-08-21,HALDIA,Working,14,MV. NAN XIN 9,,GEARLESS,PCI COAL,Dry/General Bulk,26800,26800.0,DISCH,2026-08-18,2026-08-21,2026-08-23,,VARIOUS,SEATRANS,UST LUGA
2026-08-21,HALDIA,Working,1,M.V. YM MASCOT,,GEARLESS,COKING COAL,Dry/General Bulk,33000,33000.0,DISCH,2026-08-21,2026-08-21,2026-08-23,,SAIL,GAC,USA
2026-08-21,HALDIA,Working,3,M.V. JEWEL GOLD,,GEARED,THERMAL COAL,Dry/General Bulk,26000,26000.0,DISCH,2026-08-21,2026-08-21,2026-08-23,,KCT & BROS,SEATRANS,
2026-08-21,HALDIA,Waiting,4,MV. YU YAN,,GEARLESS,COKING COAL,Dry/General Bulk,31000,31000.0,DISCH,2026-08-19,2026-08-22,2026-08-24,,SAIL,V-OCEAN,NAKHODKA
2026-08-21,HALDIA,Waiting,9,M.V. ACHILLEAS S,,GEARED,MANGANIES ORE,Other,17660,17660.0,DISCH,2026-08-20,2026-08-22,2026-08-23,,VARIOUS,GAC,SALDANHA BAY
2026-08-21,HALDIA,Waiting,"2,8,9 & 13",M.V. KATERINA III,,GEARLESS,MET COKE,Dry/General Bulk,28648,28648.0,DISCH,2026-08-20,2026-08-24,2026-08-26,,VARIOUS,SEATRANS,BAHUDOPI
2026-08-21,HALDIA,Waiting,"5,9",MV. ASAHI BULKER,,GEARED,LENTILS,Other,16824,16824.0,DISCH,2026-08-19,2026-08-23,2026-08-31,,VARIOUS,GAC SHIPPING,AUSTRALIA
2026-08-21,HALDIA,Expected,13,M.V. CHOLA DESTINY,,GEARLESS,GYPSUM,Dry/General Bulk,34679,34679.0,DISCH,2026-08-21,2026-08-22,2026-08-24,,ACCESS DEVELOPER,ALAP,
2026-08-21,HALDIA,Expected,"2,8,9 & 13",MV W HUANG PU,,GEARLESS,ROCK PHOSPHATE,Dry/General Bulk,18700,18700.0,DISCH,2026-08-22,2026-08-25,2026-08-27,,VARIOUS,ALAP,
2026-08-21,HALDIA,Expected,5,M.V. GRACE LOUISE,,GEARLESS,COKING COAL,Dry/General Bulk,35000,35000.0,DISCH,2026-08-22,2026-08-25,2026-08-27,,TATA STEEL,TMILL,USA
2026-08-21,HALDIA,Expected,"2,8,9 & 13",M.V. ATP FORTUNE,,GEARED,MANGANIES ORE,Other,29000,29000.0,DISCH,2026-08-22,2026-08-26,2026-08-28,,SHYAM SEL / SHYAM FERRO,INTEROCEAN,
2026-08-21,HALDIA,Expected,12,M.V. SAKIZAYA XCEL,,GEARLESS,LIMESTONE,Dry/General Bulk,33000,33000.0,DISCH,2026-08-23,2026-08-24,2026-08-26,,TATA STEEL,KANOO SHIPPING,FENGCHENG
2026-08-21,HALDIA,Expected,"2,8,9 & 13",MV CHOLA UNITY,,GEARLESS,LIMESTONE,Dry/General Bulk,36000,36000.0,DISCH,2026-08-23,2026-08-25,2026-08-27,,PARAG,ALAP,
2026-08-21,HALDIA,Expected,12,M.V. GREEK SEAS,,GEARLESS,LIMESTONE,Dry/General Bulk,34000,34000.0,DISCH,2026-08-23,2026-08-25,2026-08-27,,TATA STEEL,TMILL,FENGCHENG
2026-08-21,HALDIA,Expected,12,M.V. OAK ANTON,,GEARLESS,NUT COKE,Dry/General Bulk,34000,34000.0,DISCH,2026-08-23,2026-08-25,2026-08-27,,VARIOUS,SAKURA,BAHUDOPI
2026-08-21,HALDIA,Expected,12,M.V. RISOLUTO,,GEARLESS,LIMESTONE,Dry/General Bulk,34000,34000.0,DISCH,2026-08-24,2026-08-26,2026-08-28,,TATA STEEL,TMILL,ZHANJIANG
2026-08-21,HALDIA,Expected,4B,M.V. DARLEAKAY,,GEARED,MANGANIES ORE,Other,17970,17970.0,DISCH,2026-08-24,2026-08-26,2026-08-28,,VARIOUS,BEN LINE,LIBREVILLE
2026-08-21,HALDIA,Expected,"2,8,9 & 13",M.V. AGRAFA,,GEARED,MANGANIES ORE,Other,23000,23000.0,DISCH,2026-08-25,2026-08-27,2026-08-29,,VARIOUS,BEN LINE,LIBREVILLE
2026-08-21,HALDIA,Expected,5,M.V. YPERION,,GEARLESS,PCI COAL,Dry/General Bulk,31643,31643.0,DISCH,2026-08-26,2026-08-27,2026-08-29,,TATA STEEL,TMILL,
2026-08-21,HALDIA,Expected,"2,8,9 & 13",M.V. WELL DREAM,,GEARED,LIMESTONE,Dry/General Bulk,4000/22639,,DISCH,2026-08-30,2026-08-31,2026-09-02,,SHYAM SEL,GAC,DIBBA PORT
2026-08-21,DHAMRA,Working,B -3/17/350,MV APJ KABIR ANAND,PANAMAX,,THERMAL COAL,Dry/General Bulk,,,LOADING,2026-08-13,B -3/17/350,2026-08-21,,TANGEDCO,JIGSAN,
2026-08-21,DHAMRA,Working,B-3 A /14.5/350,MV SAFESEA SINDOOR,HANDIMAX,,STEEL SLAB,Dry/General Bulk,,,LOADING,2026-08-20,B-3 A /14.5/350,2026-08-24,,JINDAL STEEL LTD,JM BAXI,
2026-08-21,DHAMRA,Working,B-3A S /13.5,MV PORT NARA,HANDIMAX,,THERMAL COAL,Dry/General Bulk,,,LOADING,2026-08-13,B-3A S /13.5,2026-08-22,,ORISSA METALICES PVT LTD/SHYAM METALICS,ATLANTIC,
2026-08-21,DHAMRA,Working,B-4/17/300,MV CELINA,PANAMAX,,IRON ORE FINES,Dry/General Bulk,,,LOADING,2026-08-16,B-4/17/300,2026-08-23,,STARLIGHT,INFINITY,
2026-08-21,DHAMRA,Working,B-5/17/300,MV SAKIZAYA XCEL,PANAMAX,,LIMESTONE,Dry/General Bulk,,,DISCHARGE,2026-08-10,B-5/17/300,2026-08-23,,TATA,TMIL,
2026-08-21,DHAMRA,Waiting,B-3,MV ENGIADINA,HANDIMAX,,IRON ORE PELLETS,Dry/General Bulk,55000 MT,55000.0,LOADING,2026-08-11,2026-08-21,2026-08-23,,RUNGTA MINES,INFINITY,
2026-08-21,DHAMRA,Waiting,B-3,MV SHAHRIAR JAHAN,HANDIMAX,,SLAG,Other,46000 MT,46000.0,LOADING,2026-08-14,2026-08-23,2026-08-24,,TATA,EIPL,
2026-08-21,DHAMRA,Waiting,B-3,MV BASIS FORTUNE,PANAMAX,,THERMAL COAL,Dry/General Bulk,76000 MT,76000.0,LOADING,2026-08-20,2026-08-24,2026-08-26,,MOXIE POWER,GAC,
2026-08-21,DHAMRA,Waiting,B-3AS,MV SERENITY,HANDIMAX,,HR COIL,Other,30000 MT,30000.0,LOADING,2026-08-20,2026-08-22,2026-08-25,,TATA,TMIL,
2026-08-21,DHAMRA,Expected,B-5,MV CHOLA MELODY,PANAMAX,,THERMAL COAL,Dry/General Bulk,74600 MT,74600.0,LOADING,2026-08-21,2026-08-23,2026-08-27,,NTECL,BOTHRA/JM BOXI,
2026-08-21,DHAMRA,Expected,B-4,MV TCLC LUZHOU,HANDIMAX,,SLAG,Other,55000 MT,55000.0,LOADING,2026-08-22,2026-08-23,2026-08-25,,TATA,SMPL,
2026-08-21,DHAMRA,Expected,B-1,MV CAPE SUNRISE,PANAMAX,,STEAM COAL,Dry/General Bulk,80000 MT,80000.0,DISCHARGE,2026-08-22,2026-08-22,2026-08-24,,ADANI ENTERPRISES LTD,GAC,
2026-08-21,DHAMRA,Expected,B-2,MV EASTERN QUINCE,PANAMAX,,COKING COAL,Dry/General Bulk,78000 MT,78000.0,DISCHARGE,2026-08-23,2026-08-23,2026-08-25,,TATA,TMIL/BEN LINE,
2026-08-21,DHAMRA,Expected,B-3A,MV PAS BLUE WAVE,HANDIMAX,,HR COIL,Other,30000 MT,30000.0,DISCHARGE,2026-08-23,2026-08-24,2026-08-26,,TATA,TMIL,
2026-08-21,DHAMRA,Expected,B-4,MV SYMI,,,DAP,Other,,,DISCHARGE,2026-08-23,2026-08-25,2026-08-30,,,,
2026-08-21,DHAMRA,Expected,B-1,MV ANDROS SPIRIT,PANAMAX,,COKING COAL,Dry/General Bulk,38000 MT,38000.0,DISCHARGE,2026-08-24,2026-08-24,2026-08-26,,ADANI ENTERPRISES LTD,JYOTHI/GPR,
2026-08-21,DHAMRA,Expected,B-1,MV SHIN SHUN,CAPE,,STEAM COAL,Dry/General Bulk,109523 MT,109523.0,DISCHARGE,2026-08-25,2026-08-26,2026-08-28,,RUNGTA MINES,GAC,
2026-08-21,DHAMRA,Expected,B-2,MV JY OCEAN,PANAMAX,,LIMESTONE,Dry/General Bulk,45000 MT,45000.0,DISCHARGE,2026-08-25,2026-08-25,2026-08-26,,TATA,TMIL,
2026-08-21,DHAMRA,Expected,B-2,MV CAPE CRANE,CAPE,,COKING COAL,Dry/General Bulk,163000 MT,163000.0,DISCHARGE,2026-08-25,2026-08-26,2026-08-29,,TATA,TMIL,
2026-08-21,DHAMRA,Expected,B-1,MV NEW EXPLORER,PANAMAX,,PCI COAL,Dry/General Bulk,76000 MT,76000.0,DISCHARGE,2026-08-26,2026-08-28,2026-08-30,,FEE GRADE,SMPL/INFINITY,
2026-08-21,DHAMRA,Expected,B-2,MV STELLA NAVIS,PANAMAX,,COKING COAL,Dry/General Bulk,45000 MT,45000.0,DISCHARGE,2026-08-27,2026-08-29,2026-08-30,,SHYAM METALIKS,GAC,
2026-08-21,PARADIP PORT,Waiting & Expected,,MV. KANG SHUN,,189.90/12.42,ROCK PHOSPHATE,Dry/General Bulk,52500 MT,52500.0,DISCHARGE,15/1612 HRS,,,HIGH SEAS,PPL,OSL,
2026-08-21,PARADIP PORT,Waiting & Expected,,MT. ALDAN,,243.79/13.90,CRUDE OIL,Liquid/Chemical Bulk,93429 MT,93429.0,DISCHARGE,21/0218 HRS,,,HIGH SEAS,IOCL PLD,AGS,
2026-08-21,PARADIP PORT,Waiting & Expected,,MV. GREEN K MAX 2,,229.00/14.45,THERMAL COAL,Dry/General Bulk,65000 MT,65000.0,LOADING,18/1724 HRS,2026-08-21,2026-08-22,ENNORE,OPG,SEA SHIPS,SUB TO READINESS
2026-08-21,PARADIP PORT,Waiting & Expected,,MV. OTHONOI,,229.00/14.00,THERMAL COAL,Dry/General Bulk,70000 MT,70000.0,LOADING,21/0812 HRS,2026-08-21,2026-08-22,TUTICORIN,SEPC,SSS,SUB TO READINESS
2026-08-21,PARADIP PORT,Waiting & Expected,,MV. BASIC STAR,,229.00/14.50,THERMAL COAL,Dry/General Bulk,79000 MT,79000.0,LOADING,22/0130 HRS,2026-08-22,2026-08-23,KRISHNAPATNAM,SEMBCORP,MSSL,SUB TO READINESS
2026-08-21,PARADIP PORT,Waiting & Expected,,MV. JABAL SAMHAN,,199.99/13.50,THERMAL COAL,Dry/General Bulk,63000 MT,63000.0,LOADING,22/0400 HRS,2026-08-22,2026-08-23,KAKINADA,"APGENCO/SCCPL, APGENCO/KCT",SCC(VSP),SUB TO READINESS
2026-08-21,PARADIP PORT,Waiting & Expected,,MV. VISHVA CHETNA,,229.00/14.50,THERMAL COAL,Dry/General Bulk,77000 MT,77000.0,LOADING,22/0600 HRS,2026-08-23,2026-08-24,KRISHNAPATNAM,APPDCL/ADANI,GAC,SUB TO READINESS
2026-08-21,PARADIP PORT,Waiting & Expected,,MV. CHOLA TREASURE,,225.00/,THERMAL COAL,Dry/General Bulk,69000 MT,69000.0,LOADING,22/1800 HRS,2026-08-23,2026-08-24,HIGH SEAS,TNPGCL,SEAPORT,SUB TO READINESS
2026-08-21,PARADIP PORT,Waiting & Expected,,MV. CHOLA PROSPERITY,,225.00/14.50,THERMAL COAL,Dry/General Bulk,75000 MT,75000.0,LOADING,22/2200 HRS,2026-08-23,2026-08-24,KRISHNAPATNAM,APGENCO MBG,SSS,SUB TO READINESS
2026-08-21,PARADIP PORT,Waiting & Expected,,MV. RIPLEY PIONEER,,225.00/14.50,THERMAL COAL,Dry/General Bulk,75000 MT,75000.0,LOADING,22/2359 HRS,2026-08-24,2026-08-25,KRISHNAPATNAM,APPDCL ADANI/APGENCO ADANI,GAC,SUB TO READINESS
2026-08-21,PARADIP PORT,Waiting & Expected,,MV. JEWEL OF GOLD,,190.00/13.00,THERMAL COAL,Dry/General Bulk,35000 MT,35000.0,LOADING,23/0600 HRS,2026-08-24,2026-08-25,KRISHNAPATNAM,"APPDCL/SCCPL, APPDCL/KCT",SCC(VSP),SUB TO READINESS
2026-08-21,PARADIP PORT,Waiting & Expected,,MV TAN BINH 259,,175.53/9.50,STEEL COILS,Dry/General Bulk,25391 MT,25391.0,DISCHARGE,22/1625 HRS,2026-08-26,2026-08-28,BAHODOPI,JINDAL STAINLESS,SSS,SUB TO READINESS
2026-08-21,PARADIP PORT,Waiting & Expected,,MV. DELAVITA,,229.00/7.50,PIG IRON,Dry/General Bulk,60500 MT,60500.0,LOADING,10/0130 HRS,2026-08-24,2026-08-28,SINGAPORE,RAMSARUP,GAC,SUB TO READINESS
2026-08-21,PARADIP PORT,Waiting & Expected,,MV. AM PROGRESS,,176.54/,STEEL SLAB,Dry/General Bulk,30000 MT,30000.0,LOADING,14/0536 HRS,2026-08-28,2026-08-30,NEWPORT,TATA,TMIL,SUB TO READINESS
2026-08-21,PARADIP PORT,Waiting & Expected,,MV. PROPEL PEACE,,179.99/,STEEL SLAB,Dry/General Bulk,31000 MT,31000.0,LOADING,19/0130 HRS,2026-08-28,2026-08-31,HIGH SEAS,TATA,TMIL,SUB TO READINESS
2026-08-21,PARADIP PORT,Waiting & Expected,,MV. MSC MAKOTO II,,175.49/7.50,CONTAINER,Container,350 MT,350.0,LOADING,19/2306 HRS,2026-08-30,2026-08-31,COLOMBO,MSC AGENGY,MSC AGENGY,CONTAINER PRIORITY
2026-08-21,PARADIP PORT,Waiting & Expected,,MV. PAULA TRADER,,179.90/7.43,STEEL SQUARE TUBES,Dry/General Bulk,4000 MT,4000.0,LOADING,21/1800 HRS,2026-08-31,2026-09-02,HOUSTON,APL APOLLO TUBES,,SUB TO READINESS
2026-08-21,PARADIP PORT,Waiting & Expected,,MV. NIKGENIOUS,,199.90/13.06,A. SULPHATE,Dry/General Bulk,31500 MT,31500.0,DISCHARGE,22/1200 HRS,2026-08-31,2026-09-04,XIUYU,HURL,ADMIRAL,SUB TO READINESS
2026-08-21,PARADIP PORT,Waiting & Expected,,MV. AP QUEEN,,110.67/8.77,FERRO NICKLE,Other,8250 MT,8250.0,DISCHARGE,23/1800 HRS,2026-09-02,2026-09-04,INDONESIA,JSL,PAREKH,SUB TO READINESS
2026-08-21,PARADIP PORT,Waiting & Expected,,MV. BRILLIANT ADVANCE,,228.99/14.53,COKING COAL,Dry/General Bulk,79300 MT,79300.0,DISCHARGE,15/0830 HRS,2026-08-22,2026-08-24,HAYPOINT,TATA,TMIL,SUB TO READINESS
2026-08-21,PARADIP PORT,Waiting & Expected,,MV. YPERION,,229.00/14.53,PCI COAL,Dry/General Bulk,47541 MT,47541.0,DISCHARGE,19/1200 HRS,2026-08-24,2026-08-25,LYTTELTO,TATA,TMIL,SUB TO READINESS
2026-08-21,PARADIP PORT,Waiting & Expected,,MV. KIRRIBILLI,,228.99/14.49,COKING COAL,Dry/General Bulk,79611 MT,79611.0,DISCHARGE,25/0600 HRS,2026-08-25,2026-08-27,HAYPOINT,TATA/NINL,TMIL,SUB TO READINESS
2026-08-21,PARADIP PORT,Waiting & Expected,,MV. SENTINEL,,200.00/,COAL,Dry/General Bulk,,,DISCHARGE,07/09/26 HRS,2026-09-07,2026-09-09,HIGH SEAS,VULCAN,SPARTANS,SUB TO READINESS
2026-08-21,PARADIP PORT,Waiting & Expected,,MV. ALASIA,,199.98/12.50,IRON ORE FINES,Dry/General Bulk,50000 MT,50000.0,LOADING,17/1310 HRS,,,MUMBAI,JSW,SSS,
2026-08-21,PARADIP PORT,Waiting & Expected,,MV. OCEAN WINNER,,225.00/14.35,IRON ORE FINES,Dry/General Bulk,73000 MT,73000.0,LOADING,05/2118 HRS,,,CHINA,OCL IRON,BOTHRA,
2026-08-21,PARADIP PORT,Waiting & Expected,,MV. GEOSTAR,,199.98/13.10,IRON ORE FINES,Dry/General Bulk,57000 MT,57000.0,LOADING,18/2212 HRS,,,CHINA,BAGADIYA,SSS,
2026-08-21,PARADIP PORT,Waiting & Expected,,MV. AMNSI MAXIMUS,,229.00/14.00,IRON ORE PELLET,Dry/General Bulk,55000 MT,55000.0,LOADING,22/0600 HRS,,,HAJIRA,AMNSIL,SAMSARA,
2026-08-21,PARADIP PORT,Waiting & Expected,,MV.CAPTAIN PANAGIS,,199.90/,IRON ORE FINES,Dry/General Bulk,58000 MT,58000.0,LOADING,26/0600 HRS,2026-08-26,2026-08-27,CHINA,VEDANTA,SPARTANS,
2026-08-21,PARADIP PORT,Waiting & Expected,,MT. SEA GULL 9,,127.52/8.00,CRD PALMOIL,Other,10000 MT,10000.0,DISCHARGE,23/1000 HRS,,,HIGHSEAS,ADANI WILMAR,AGS,
2026-08-21,PARADIP PORT,Waiting & Expected,,MT. SOPRANO SERENE,,179.88/11.80,HSD/M.SPIRIT,Liquid/Chemical Bulk,19500 MT,19500.0,DISCHARGE,01/1000 HRS,,,HALDIA,BPCL,AGS,
2026-08-21,PARADIP PORT,Waiting & Expected,,MT. SWARNA+B5:L5 PUSHP,,184.95/8.10,ATF,Liquid/Chemical Bulk,9000 MT,9000.0,LOADING,13/0036 HRS,,,HIGHSEAS,IOCL,AGS,RE-ANCH
2026-08-21,PARADIP PORT,Waiting & Expected,,MT. MANASAROVAR,,226.00/11.60,BUTANE/PROPANE,Liquid/Chemical Bulk,22700 MT,22700.0,DISCHARGE,16/0624 HRS,,,HIGHSEAS,IOCL,ISIPL,
2026-08-21,PARADIP PORT,Waiting & Expected,,MT. BW POLARIS,,229.90/12.22,BUTANE/PROPAN,Liquid/Chemical Bulk,20000 MT,20000.0,DISCHARGE,21/1000 HRS,,,NEW MANGALORE,IOCL,WILHELMSEN,
2026-08-21,PARADIP PORT,Waiting & Expected,,MT. NILE RIVER,,229.00/11.90,BUTANE/PROPAN,Liquid/Chemical Bulk,28000 MT,28000.0,DISCHARGE,22/0600 HRS,,,HALDIA,IOCL,AGS,
2026-08-21,PARADIP PORT,Waiting & Expected,,MT. TG LIBRA,,145.53/,LCO,Other,16500 MT,16500.0,LOADING,23/1200 HRS,,,HIGHSEAS,IOCL,NAVSHIP,
2026-08-21,PARADIP PORT,Waiting & Expected,,MV. THERESA PRIDE,,199.99/13.39,DOLOMITE,Dry/General Bulk,60500 MT,60500.0,DISCHARGE,19/1306 HRS,2026-08-22,2026-08-25,KHANOM,TATA,TMIL,CQ-1
2026-08-21,PARADIP PORT,Waiting & Expected,,MV. PHC SURYA,,118.00/,GYPSUM,Dry/General Bulk,10000 MT,10000.0,LOADING,22/1800 HRS,2026-08-22,2026-08-24,NAKHODA,SMPL,OSL,SQ
2026-08-21,PARADIP PORT,Waiting & Expected,,MV. CORNELIA M,,225.00/14.50,METCOKE,Dry/General Bulk,44000 MT,44000.0,DISCHARGE,24/1700 HRS,2026-08-24,2026-08-27,JAPAN,TATA,TMIL,SQ
2026-08-21,PARADIP PORT,Waiting & Expected,,MV. SUNRISE I,,228.90/14.46,COKING COAL,Dry/General Bulk,33000 MT,33000.0,DISCHARGE,25/1800 HRS,2026-08-25,2026-08-27,KEMBLA,JSW JFE,GPR MARITIME,CQ-2
2026-08-21,PARADIP PORT,Waiting & Expected,,"PRIORITY BERTHING ALLOWED FOR ALL IMPORT/EXPORT DRY BULK CARGO TO M/S. JSPL, TATA, JSW SAMBALPUR AT GCB.",,,,Other,,,,,,,,,,
2026-08-21,PARADIP PORT,Waiting & Expected,,"VESSEL WHICH CAN NOT PERFORM AS THE REQUIRED PORT NORMS, SHE WILL BE SHIFTED TO ROADS AND HER BERTHING WILL BE DECIDED AS THE LAST VESSEL ON SERIAL.",,,,Other,,,,,,,,,,
2026-08-21,PARADIP PORT,Waiting & Expected,,"MAXIMUM OF TWO COASTAL VESSELS WILL BE TAKEN AT A TIME IN THE CONVENTIONAL BERTH W.E.F 07-OCT-2018,TILL FURTHER ORDER",,,,Other,,,,,,,,,,
2026-08-21,KAKINADA,Waiting,,M.V. MAGPIE SW,,,ALUMINA,Dry/General Bulk,31500,31500.0,,2026-08-18,,,,VEDANTA & BALCO,CHOWGULE,
2026-08-21,KAKINADA,Waiting,,SAILED VESSELS::,,,,Other,,,,,,,,,,
2026-08-21,KAKINADA,Waiting,,M.V.MEGHNA PARADISE,,,,Other,,,,2026-08-07,,,,,,
2026-08-21,KAKINADA,Waiting,,M.V.KOUROS DIMOND,,,,Other,,,,2026-08-01,,,,,,
2026-08-21,KAKINADA,Waiting,,M.V.PVT GLORIA,,,,Other,,,,2026-08-02,,,,,,
2026-08-21,KAKINADA,Waiting,,M.V.HOANG ANH 36,,,,Other,,,,2026-08-02,,,,,,
2026-08-21,KAKINADA,Waiting,,M.V.DEBBIE,,,,Other,,,,2026-08-19,,,,,,
2026-08-21,KAKINADA,Waiting,,M.V. CHOLA ETERNITY,,,,Other,,,,2026-08-18,,,,,,
2026-08-21,KAKINADA,Expected,,M.V.NEPTULUS,,,RICE,Dry/General Bulk,29500,29500.0,,2026-08-24,,,,,LOTUS,
2026-08-21,KAKINADA,Expected,,M.V.GOLDEN ARSENAL,,,RICE,Dry/General Bulk,26000,26000.0,,2026-08-26,,,,,LOTUS,
2026-08-21,KAKINADA,Expected,,M.V.TRUONG MINH SEA,,,RICE,Dry/General Bulk,50000,50000.0,,2026-08-26,,,,,IMPERIAL,
2026-08-21,KAKINADA,Expected,,M.V.ODELMAR,,,UREA,Other,23000,23000.0,,2026-08-21,,,,CIL,ALAP,
2026-08-21,KAKINADA,Expected,,M.T.ANANTA,,,FURNACE OIL,Liquid/Chemical Bulk,3500,3500.0,,2026-08-22,,,,IOCL,INTEROCEAN,
2026-08-21,KAKINADA,Expected,,M.T. AZALEA,,,METHANOL,Other,4500,4500.0,,2026-08-22,,,,KLJ RESOURCES,GAC,
2026-08-21,KAKINADA,Expected,,M.V. LV DAISY,,,GRANITE BLOCKS,Other,31220,31220.0,,2026-08-22,,,,OM SHREE MAA MANGALA,ESDI MARITIME,To be Ldd with shore/vsl cranes
2026-08-21,KAKINADA,Expected,,M.T.GLOBAL JUPITER,,,EDIBLE OIL,Other,5000,5000.0,,2026-08-22,,,,AWL AGRI,SEAPORT,
2026-08-21,KAKINADA,Expected,,M.T.PRIME GRANDEUR,,,"DIESEL, MOTOR SPIRIT",Liquid/Chemical Bulk,18500 6146,,,2026-08-22,,,,NAYARA,SRIOCEANIC,
2026-08-21,KAKINADA,Expected,,M.T. SWARNA MALA,,,"DIESEL, MOTOR SPIRIT",Liquid/Chemical Bulk,5654 946,,,2026-08-24,,,,RIL,ATLANTIC,
2026-08-21,KAKINADA,Expected,,M.V. SALT LAKE,,,NPK,Other,65992,65992.0,,2026-08-25,,,,CIL,CROSS TRADE,
2026-08-21,KAKINADA,Expected,,M.T. TG TAURUS,,,PHOSPHORIC ACID,Dry/General Bulk,9164,9164.0,,2026-08-26,,,,CIL,RDS OIL & GAS,
2026-08-21,KAKINADA,Expected,,M.T. GOLDEN ORCHID,,,EDIBLE OIL,Other,7000,7000.0,,2026-08-27,,,,SANTHOSHIMATAA,JAMES,
2026-08-21,KAKINADA,Expected,,M.V.JIU XU,,,AMMONIUM SULPHATE,Dry/General Bulk,33000,33000.0,,2026-08-27,,,,HINDUSTAN URVAK,PRAVV SHIPPING,
2026-08-21,KAKINADA,Expected,,M.V. AFRICAN DRAGON,,,SULPHUR,Other,17500,17500.0,,2026-08-27,,,,CIL,CROSS TRADE,
2026-08-21,KAKINADA,Expected,,M.V.RISHABH,,,,Other,,,,2026-02-05,,,,,,
2026-08-21,GANGAVARAM,Working,B4,MV ZAHAB JAHAN I,,,IRON ORE FINES,Dry/General Bulk,54750,54750.0,,2026-08-19,B4,2026-08-21,,KIOCL,VYAASA TRADING,MECHNICAL CONCEYOR DISCH BERTH
2026-08-21,GANGAVARAM,Working,B5,MV VISHVA NIDHI,,,THERMAL COAL,Dry/General Bulk,38332,38332.0,,2026-08-20,B5,2026-08-22,,RINL,SEAWAYS,MECHNICAL CONCEYOR DISCH BERTH
2026-08-21,GANGAVARAM,Working,B7,MV AP PETKA,,,SODA ASH,Dry/General Bulk,25052,25052.0,,2026-08-17,B7,2026-08-23,,INTEGRAL,SRINIVASA,HMC BERTH
2026-08-21,GANGAVARAM,Waiting,B4,MV ERACLEA,,,IRON ORE FINES,Dry/General Bulk,55000,55000.0,,2026-08-21,B4,2026-08-23,,KIOCL,ACT INFRAPORT,
2026-08-21,GANGAVARAM,Expected,B8,MV AL MANHAL,,,CP COKE,Dry/General Bulk,16499.886999999999,16499.887,,2026-08-22,B8,2026-08-26,,VEDANTA,SPARTANS,
2026-08-21,GANGAVARAM,Expected,B5,MV CAPTAIN PANAGIS,,,BAUXITE,Dry/General Bulk,57166,57166.0,,2026-08-23,B5,2026-08-25,,VEDANTA,IMPERIAL,
2026-08-21,GANGAVARAM,Expected,B4,MV VISHVA NIDHI,,,IRON ORE FINES,Dry/General Bulk,55000,55000.0,,2026-08-24,B4,2026-08-26,,KIOCL,SEAWAYS,
2026-08-21,GANGAVARAM,Expected,B3,MV LUCKY SUNDAY,,,LIMESTONE,Dry/General Bulk,75000,75000.0,,2026-08-24,B3,,,RINL,SEATRANS,
2026-08-21,GANGAVARAM,Expected,B5/B6,MV ECO DIAGON ALLEY,,,COAL,Dry/General Bulk,45000,45000.0,,2026-08-25,B5/B6,,,SAIL,,
2026-08-21,GANGAVARAM,Expected,B5/B6,MV XIN QI HANG 1,,,BAUXITE,Dry/General Bulk,63900,63900.0,,2026-08-25,B5/B6,,,VEDANTA,IMPERIAL,
2026-08-21,GANGAVARAM,Expected,B8,MV STAR SHANGHAI,,,UREA,Other,52500,52500.0,,2026-08-26,B8,2026-08-29,,INDIAN POTASH LTD,CHOWGULE,
2026-08-21,VISAKHAPATNAM,Working,VGCB,MV CYMONA OCEAN,,,COKING COAL,Dry/General Bulk,79430,79430.0,D,2026-08-18,VGCB,2026-08-21,,,ORISSA STEVEDORES LTD,
2026-08-21,VISAKHAPATNAM,Working,CB-1,MV WAN HAI 328,,,CONTAINERS,Container,27271,27271.0,D/L,2026-08-19,CB-1,2026-08-21,,,WAN HAI LINE,
2026-08-21,VISAKHAPATNAM,Working,CB-3,MV MSC PATNAREE III,,,CONTAINERS,Container,22500,22500.0,D/L,2026-08-21,CB-3,2026-08-22,,,MSC LINES,
2026-08-21,VISAKHAPATNAM,Working,AVCTPL[EQ-1A],MV CHOLA UNITY,,,LIME STONE,Other,45000,45000.0,D,2026-08-19,AVCTPL[EQ-1A],2026-08-21,,,GLORY FAITH,
2026-08-21,VISAKHAPATNAM,Working,EQ-3,MV ODELMAR,,,UREA,Other,10000,10000.0,D,2026-08-16,EQ-3,2026-08-21,,,ALAP,
2026-08-21,VISAKHAPATNAM,Working,EQ-4,MV NESTORS,,,UREA,Other,55000,55000.0,D,2026-08-11,EQ-4,2026-08-22,,,INTEROCEAN,
2026-08-21,VISAKHAPATNAM,Working,EQ-6,MV SPIRIT OF KOBE,,,CP COKE,Dry/General Bulk,20000,20000.0,L,2026-08-21,EQ-6,2026-08-24,,,ESHWAR,
2026-08-21,VISAKHAPATNAM,Working,WQ-1,MV OAK ANTON,,,NUT COKE IN BULK,Dry/General Bulk,17700,17700.0,D,2026-08-14,WQ-1,2026-08-23,,,NAVSHIP,
2026-08-21,VISAKHAPATNAM,Working,WQ-2,MV DARLEAKAY,,,MANGANESE ORE,Dry/General Bulk,32680,32680.0,D,2026-08-16,WQ-2,2026-08-26,,,BOTHRA,
2026-08-21,VISAKHAPATNAM,Working,WQ-3,MV PANDA,,,ALUMINA IN BULK,Dry/General Bulk,35000,35000.0,L,2026-08-13,WQ-3,2026-08-28,,,INTEROCEAN,
2026-08-21,VISAKHAPATNAM,Working,WQ-4,MV PAULA TRADER,,,FERRO MANGANESE & STEEL CARGO,Dry/General Bulk,23750,23750.0,L,2026-08-12,WQ-4,2026-08-22,,,SAIANS,
2026-08-21,VISAKHAPATNAM,Working,WQ-5,MV DONG FANG WEI YE,,,ALUMINA IN BAGS,Dry/General Bulk,31500,31500.0,L,2026-08-12,WQ-5,2026-08-25,,,ESHWAR,SHIFTED FROM EQ-3 TO WQ-5
2026-08-21,VISAKHAPATNAM,Working,WQ-6,MV AGRAFA,,,MANGANESE ORE,Dry/General Bulk,29000,29000.0,D,2026-08-19,WQ-6,2026-08-23,,,BOTHRA,
2026-08-21,VISAKHAPATNAM,Working,WQ-7,Handed over to m/s VMBCTPL for projecdt development,,,,Other,,,,,WQ-7,,,,,
2026-08-21,VISAKHAPATNAM,Working,OR-1,OR -1 Berth spared for Revamping by CE department,,,,Other,,,,,OR-1,,,,,
2026-08-21,VISAKHAPATNAM,Working,OR-2,MT SANMAR SNEHA,,,NAPTHA,Other,33448,33448.0,L,2026-08-19,OR-2,2026-08-21,,,INTEROCEAN,
2026-08-21,VISAKHAPATNAM,Working,OR-3,MT HAFINA MYNA,,,FURNACE OIL,Liquid/Chemical Bulk,35502,35502.0,L,2026-08-18,OR-3,2026-08-23,,,INTEROCEAN,
2026-08-21,VISAKHAPATNAM,Working,F.B,MV BAO CHANG,,,ROCK PHOSPHATE,Dry/General Bulk,48500,48500.0,D,2026-08-14,F.B,2026-08-26,,,RDS OIL & GAS,SHIFTED TO FB ON 20.08.2026 2200 HRS
2026-08-21,VISAKHAPATNAM,Waiting,1,MV SSI IRRSISTIBLE,,,AMMONIUM SULPHTE IN BULK,Other,40500,40500.0,D,2026-08-15,1,,,,SEATRANS,
2026-08-21,VISAKHAPATNAM,Waiting,2,MV GLORIEUSE,,,STEEL BLOOMS,Dry/General Bulk,20000,20000.0,L,2026-08-17,2,,,,BENLINES,
2026-08-21,VISAKHAPATNAM,Waiting,3,MV TATEV,,,ALUMINA IN BAGS,Dry/General Bulk,10845,10845.0,L,2026-08-17,3,,,,INTEROCEAN,RE-ANCH
2026-08-21,VISAKHAPATNAM,Waiting,4,MV BOSHI 78,,,ALUMINA IN BULK,Dry/General Bulk,30000,30000.0,L,2026-08-19,4,,,,INTEROCEAN,
2026-08-21,VISAKHAPATNAM,Waiting,5,MV SEA TOPAZ,,,ALUMINA IN BULK,Dry/General Bulk,31500,31500.0,L,2026-08-19,5,,,,INTEROCEAN,
2026-08-21,VISAKHAPATNAM,Waiting,6,LPG/C PERTAMINA GAS DAHLIA,,,LPG,Other,24500,24500.0,D,2026-08-19,6,,,,ATLANTIC,
2026-08-21,VISAKHAPATNAM,Waiting,7,MT ORCHIDS,,,FO & LDO,Other,12000,12000.0,L,2026-08-20,7,,,,ATLANTIC,
2026-08-21,VISAKHAPATNAM,Waiting,8,MT LOURDES,,,HSD,Liquid/Chemical Bulk,6000,6000.0,L,2026-08-20,8,,,,ATLANTIC,
2026-08-21,VISAKHAPATNAM,Waiting,9,MV STAR COPENHAGEN,,,UREA,Other,54266,54266.0,D,2026-08-20,9,,,,CROSS TRADING,
2026-08-21,VISAKHAPATNAM,Waiting,10,MV SHIN SHUN,,,STEAM COAL,Dry/General Bulk,56836,56836.0,D,2026-08-20,10,,,,SEATRANS,
2026-08-21,VISAKHAPATNAM,Waiting,11,MV HARILAOS JUNIOR,,,BAUXITE IN BULK,Dry/General Bulk,58523,58523.0,D,2026-08-20,11,,,,IMPERIAL,
2026-08-21,VISAKHAPATNAM,Expected,,MV GCL SABARMATI,,,IRON ORE PELLETS,Dry/General Bulk,105000,105000.0,L,2026-08-22,2026-08-22,,,,JYOTHI,
2026-08-21,VISAKHAPATNAM,Expected,,MV MINI ATLAS,,,MANGANESE ORE,Dry/General Bulk,4800,4800.0,L,2026-08-22,2026-08-22,,,,GAC,
2026-08-21,VISAKHAPATNAM,Expected,,MV CHENNAI VALARCHI,,,THERMAL COAL,Dry/General Bulk,76000,76000.0,L,2026-08-22,,,,,SEAPORT,COASTAL
2026-08-21,VISAKHAPATNAM,Expected,,MV SSI CONQUEST,,,TSP & DAP,Other,52700,52700.0,D,2026-08-22,,,,,BOTHRA,
2026-08-21,VISAKHAPATNAM,Expected,,MV NEW AMBITION,,,PCI COAL,Dry/General Bulk,77870,77870.0,D,2026-08-22,,,,,SPARTANS,
2026-08-21,VISAKHAPATNAM,Expected,,MV WESTERN DONCASTER,,,COKING COAL,Dry/General Bulk,34780,34780.0,D,2026-08-22,,,,,JYOTHI,
2026-08-21,VISAKHAPATNAM,Expected,,MV CRIMSON GLORY,,,MANGANESE ORE,Dry/General Bulk,27089,27089.0,D,2026-08-22,,,,,INTEGRAL,
2026-08-21,VISAKHAPATNAM,Expected,,MV NORDTIGRIS,,,LENTILS IN BULK,Other,10000,10000.0,D,2026-08-22,,,,,SEAVISION,
2026-08-21,VISAKHAPATNAM,Expected,,MV LILA SEOUL,,,IRON ORE PELLETS,Dry/General Bulk,75000,75000.0,L,2026-08-23,,,,,JYOTHI,
2026-08-21,VISAKHAPATNAM,Expected,,MV MEDWAY SPIRIT,,,CP COKE,Dry/General Bulk,15000,15000.0,L,2026-08-23,,,,,ESHWAR,
2026-08-21,VISAKHAPATNAM,Expected,,MT ANANTHA,,,FUEL OIL,Other,10000,10000.0,L,2026-08-23,,,,,INTEROCEAN,
2026-08-21,VISAKHAPATNAM,Expected,,MT VARI TRADER,,,SULPHURIC ACID,Liquid/Chemical Bulk,18500,18500.0,D,2026-08-23,,,,,SAMUDRA,
2026-08-21,VISAKHAPATNAM,Expected,,MV EUROPE BAY,,,PET COKE,Dry/General Bulk,52965,52965.0,D,2026-08-23,,,,,JYOTHI,
2026-08-21,VISAKHAPATNAM,Expected,,MV MARINA VOYAGER,,,CONTAINERS,Container,24000,24000.0,D/L,2026-08-23,,,,,MAERSK,
2026-08-21,VISAKHAPATNAM,Expected,,MT SAKURA CREST,,,METHONAL,Other,9794,9794.0,D,2026-08-24,,,,,ATLANTIC,
2026-08-21,VISAKHAPATNAM,Expected,,MV SM MANALI,,,CONTAINERS,Container,40000,40000.0,D/L,2026-08-24,,,,,SIMA MARINE,
2026-08-21,VISAKHAPATNAM,Expected,,MV HENG HUI 6,,,CONTAINERS,Container,10000,10000.0,D/L,2026-08-24,,,,,CMA CGM,
2026-08-21,VISAKHAPATNAM,Expected,,LPG/C. RED ADMIRAL,,,LPG,Other,24500,24500.0,D,2026-08-25,,,,,GAC,
2026-08-21,VISAKHAPATNAM,Expected,,MV QI XIA SHAN,,,GRANITE BLOCKS,Other,12000,12000.0,L,2026-08-25,,,,,PUYVAST,
2026-08-21,VISAKHAPATNAM,Expected,,LPG/C. TINY DAISY,,,LPG,Other,24000,24000.0,D,2026-08-25,,,,,INTEROCEAN,
2026-08-21,VISAKHAPATNAM,Expected,,MV BRILLIANT ADVANCE,,,IRON ORE PELLETS,Dry/General Bulk,76000,76000.0,L,2026-08-26,,,,,JYOTHI,
2026-08-21,VISAKHAPATNAM,Expected,,MV HALDI,,,"STONE AGGREGATE ,CEMENT & GENERAL CARGO",Dry/General Bulk,5000,5000.0,L,2026-08-26,,,,,FAIRMACS,
2026-08-21,VISAKHAPATNAM,Expected,,MV JPS BARCELONA,,,DAP,Other,52552,52552.0,D,2026-08-26,,,,,ANLINE SHIPPING,
2026-08-21,VISAKHAPATNAM,Expected,,MV RED AZALEA,,,PET COKE,Dry/General Bulk,52069,52069.0,D,2026-08-26,,,,,JYOTHI,
2026-08-21,VISAKHAPATNAM,Expected,,MT SWARNA MALA,,,HSD & MS,Liquid/Chemical Bulk,8097,8097.0,D,2026-08-26,,,,,ATLANTIC,
2026-08-21,VISAKHAPATNAM,Expected,,MV NORSE MOBILE,,,FERRO MANGANESE & STEEL CARGO,Dry/General Bulk,29200,29200.0,L,2026-08-27,,,,,SAIANS,
2026-08-21,VISAKHAPATNAM,Expected,,MT TG TAURAS,,,PHOSPHERIC ACID,Other,10260,10260.0,D,2026-08-27,,,,,RDS OIL,
2026-08-21,VISAKHAPATNAM,Expected,,MV FUBAO,,,ANTHRACITE COAL,Dry/General Bulk,44000,44000.0,D,2026-08-27,,,,,INTEGRAL,
2026-08-21,VISAKHAPATNAM,Expected,,MV PIONEER KIRA,,,"STONE AGGREGATE,CEMENT & GENERAL CARGO",Dry/General Bulk,20000,20000.0,L,2026-08-28,,,,,FAIRMACS,
2026-08-21,VISAKHAPATNAM,Expected,,MV PAS SUNRISE,,,PROJECT CARGO [44 PKGS],Other,1742,1742.0,D,2026-08-28,,,,,J.M.BAXI,
2026-08-21,VISAKHAPATNAM,Expected,,MV THOR BRAVE,,,MANGANESE ORE,Dry/General Bulk,30000,30000.0,D,2026-08-28,,,,,JYOTHI,
2026-08-21,VISAKHAPATNAM,Expected,,MV DP WORLD THAMIRABARANI,,,CONTAINERS,Container,8500,8500.0,D/L,2026-08-28,,,,,UNIFEEDEER,
2026-08-21,VISAKHAPATNAM,Expected,,MV DP WORLD GODAVARI,,,CONTAINERS,Container,15000,15000.0,D/L,2026-08-28,,,,,UNIFEEDEER,
2026-08-21,VISAKHAPATNAM,Expected,,MV FREE SAILING,,,PET COKE,Dry/General Bulk,31044,31044.0,D,2026-08-29,,,,,SAI SAMRAT,
2026-08-21,VISAKHAPATNAM,Expected,,MV RACOON,,,PET COKE,Dry/General Bulk,5001,5001.0,D,2026-08-31,,,,,JYOTHI,
2026-08-21,VISAKHAPATNAM,Expected,,MV OCEAN ROYAL,,,MANGANESE ORE,Dry/General Bulk,30650,30650.0,D,2026-08-31,,,,,BOTHRA,
2026-08-21,VISAKHAPATNAM,Expected,,MV MOGRAL,,,CONTAINERS,Container,40000,40000.0,D/L,2026-09-01,,,,,SIMA MARINE,
2026-08-21,VISAKHAPATNAM,Expected,,MV SPIRIT OF SEATREK,,,MANGANESE ORE,Dry/General Bulk,22550,22550.0,D,2026-09-03,,,,,BOTHRA,
2026-08-21,VISAKHAPATNAM,Expected,,MV SSL SABARIMALAI,,,CONTAINERS,Container,8500,8500.0,D/L,2026-09-04,,,,,UNIFEEDEER,
2026-08-21,VISAKHAPATNAM,Expected,,MV SSL KRISHNA,,,CONTAINERS,Container,12000,12000.0,D/L,2026-09-06,,,,,UNIFEEDEER,
2026-08-21,VISAKHAPATNAM,Expected,,MV MILAS,,,ROCK PHOSPHATE,Dry/General Bulk,47900,47900.0,D,2026-08-21,,,,,RDS OIL,
2026-08-24,KARAIKAL,Working,I,MV. BAO RUN,,,UREA,Other,42000,42000.0,IMP,2026-08-18,2026-08-18,2026-08-25,,,,
2026-08-24,KARAIKAL,Expected,,MV. LADY ANNE,,,COAL,Dry/General Bulk,77000,77000.0,IMP,2026-08-28,2026-08-28,2026-08-30,,,,
2026-08-24,GOPALPUR,Working,MPB-1,MV C FORCE,,,LIMESTONE,Dry/General Bulk,78419,78419.0,D,2026-08-19,2026-08-19,2026-08-24,,,SEATRANS / BENLINE,
2026-08-24,GOPALPUR,Working,MPB-2,MV LH ANTHEA,,,LIMESTONE,Dry/General Bulk,74509,74509.0,D,2026-08-19,2026-08-21,2026-08-26,,,BENLINE,
2026-08-24,GOPALPUR,Waiting,MPB-1,MV MOSKHA,,,IRON ORE FINES,Dry/General Bulk,54880,54880.0,L,2026-08-20,2026-08-24,2026-08-27,,,NAVSHIP,
2026-08-24,CHENNAI,Working,JD1,AL UDEID,,,ST.PILES,Other,5395,5395.0,D,2026-08-20,2026-08-20,2026-08-24,,,SEAHORSE,
2026-08-24,CHENNAI,Working,JD2S,TORM DUBAI,,,CSFOIL,Other,15700,15700.0,D,2026-08-23,2026-08-23,2026-08-26,,,GAC,
2026-08-24,CHENNAI,Waiting,,AST RISING,,,IMDG CONT,Other,98,98.0,L,2026-08-12,2026-08-24,2026-08-26,,,PEARL,
2026-08-24,CHENNAI,Expected,WQ1,PVT NEPTUNE,,,CPOIL,Other,12000,12000.0,D,2026-08-24,2026-08-24,2026-08-26,,,MARINELINK,
2026-08-24,CHENNAI,Expected,JD2/4/6,YOU SHEN 10,,,B OIL,Other,2553,2553.0,D,2026-08-25,2026-08-25,2026-08-26,,,BENLINE,
2026-08-24,CHENNAI,Expected,BD2,WINNER,,,CPOIL,Other,15000,15000.0,D,2026-08-25,2026-08-25,2026-08-27,,,SEAPORT,
2026-08-24,CHENNAI,Expected,BD2,SC SOLARIS,,,CPOIL,Other,12000,12000.0,D,2026-08-25,2026-08-25,2026-08-27,,,SAMSARA,
2026-08-24,CHENNAI,Expected,WQ1,PEBBLES,,,L.OIL,Other,RVRT,,D/L,2026-08-26,2026-08-26,2026-08-28,,,SEAPOL,
2026-08-24,CHENNAI,Expected,WQ3,CENTURION MEVIA,,,SCOIL/ HRCOIL/ ST.WI.ROD/ ST.PLATE,Dry/General Bulk,27937/1393/ 500/ 1651,,D/D/D/D,2026-08-27,2026-08-27,2026-08-30,,,PAREKH,
2026-08-24,CHENNAI,Expected,JD1/SQ1,HT LOTUS,,,FLOU,Other,10000,10000.0,D,2026-08-28,2026-08-28,2026-08-30,,,SEAGREEN,
2026-08-24,CHENNAI,Expected,WQ3/CQ,HOSEI CROWN,,,SCOIL/ STWIROD/ ST.PLATE/MACH,Dry/General Bulk,6889 / 886 / 104 / 12,,D/D/D/D,2026-08-28,2026-08-28,2026-08-30,,,PUYVAST,
2026-08-24,CHENNAI,Expected,JD6/2/5,ECO CHEYENNE,,,PROJ,Other,110,110.0,L,2026-05-28,2026-08-29,2026-08-31,,,MARCONS,
2026-08-24,CHENNAI,Expected,JD2/4,RACOON,,,PIG IRON,Dry/General Bulk,2050,2050.0,D,2026-08-29,2026-08-29,2026-08-30,,,PEARL,
2026-08-24,CHENNAI,Expected,JD2/4/6,BANGLAR JOYJATRA,,,J.BAG/BARITES,Other,"15,000/4,000",,L,2026-08-29,2026-08-29,2026-08-31,,,GENID,
2026-08-24,CHENNAI,Expected,JD2/4/6,BBC NORFOLK,,,PROJ,Other,13,13.0,L,2026-09-02,2026-09-02,2026-09-04,,,MARCONS,
2026-08-24,ENNORE,Working,CB1,Vishva Jyoti,,,T.COAL,Dry/General Bulk,68500,68500.0,D,2026-08-19,CB1,2026-08-26,,,SEAGREEN,COASTAL
2026-08-24,ENNORE,Working,CB2,APJ Angad 2,,,T COAL,Dry/General Bulk,75000,75000.0,D,2026-08-23,CB2,2026-08-26,,,JESPA,COASTAL
2026-08-24,ENNORE,Working,CB3,APJ Indrani,,,T COAL,Dry/General Bulk,76000,76000.0,D,2026-08-24,CB3,2026-08-27,,,SEAPORT,COASTAL
2026-08-24,ENNORE,Working,MLT,LPG/C BW Kizoku,,,Propane/Butane,Liquid/Chemical Bulk,20800,20800.0,D,2026-08-20,MLT,2026-08-25,,,Interocean,
2026-08-24,ENNORE,Working,EBTPL,Fortune Sunshine,,,L.STONE,Other,71037,71037.0,D,2026-08-18,EBTPL,2026-08-26,,,PEARL/KANNO,
2026-08-24,ENNORE,Waiting,ECTPL,SUNRISE I,,,S COAL,Dry/General Bulk,40952,40952.0,D,2026-08-15,RVRT,RVRT,,,PEARL,
2026-08-24,ENNORE,Waiting,ECTPL,STAR EVA,,,S COAL,Dry/General Bulk,103901,103901.0,D,2026-08-15,RVT,RVRT,,,MERCHANT,
2026-08-24,ENNORE,Waiting,ECTPL,Venus Star,,,S COAL,Dry/General Bulk,78547,78547.0,D,2026-08-16,RVRT,RVRT,,,GAC,
2026-08-24,ENNORE,Waiting,MLT,LPG/C BW Njord,,,Propane/Butane,Liquid/Chemical Bulk,22000,22000.0,D,2026-08-24,2026-08-30,2026-08-31,,,ATLANTIC,
2026-08-24,ENNORE,Waiting,MLT,LPG/C Maple Gas,,,Propane/Butane,Liquid/Chemical Bulk,21000,21000.0,D,2026-08-24,2026-09-03,2026-09-04,,,Interocean,
2026-08-24,ENNORE,Waiting,CB1,APJ Kabir Anand,,,T COAL,Dry/General Bulk,75000,75000.0,D,2026-08-24,2026-08-26,2026-08-28,,,SEAPORT,COASTAL
2026-08-24,ENNORE,Expected,EBTPL,Glorieuse,,,ST BLOOMS/R BAR,Other,10000,10000.0,L,2026-08-24,2026-08-26,2026-08-28,,,SEAGREEN,
2026-08-24,ENNORE,Expected,GCB,EUPHRATE HIGHWAY,,,AUTOMOBILE,Other,600,600.0,L,2026-08-25,2026-08-25,2026-08-26,,,K-STEAM,
2026-08-24,ENNORE,Expected,GCB,Sara Leader,,,AUTOMOBILE,Other,2300,2300.0,L,2026-08-28,2026-08-28,2026-08-29,,,NYK,
2026-08-24,ENNORE,Expected,GCB,HoeghTirdent,,,AUTOMOBILE,Other,800,800.0,L,2026-08-28,2026-08-29,2026-08-30,,,MERCHANT,
2026-08-24,ENNORE,Expected,GCB,Garnet Ace,,,AUTOMOBILE,Other,2100,2100.0,L,2026-08-29,2026-08-30,2026-08-31,,,MOL,
2026-08-24,ENNORE,Expected,GCB,HOEGH TROOPER,,,AUTOMOBILE,Other,800,800.0,L,2026-08-31,2026-08-31,2026-09-01,,,MERCHANT,
2026-08-24,ENNORE,Expected,MLT,Blue Phoneix,,,CHEMICAL,Other,2600,2600.0,D,2026-08-01,2026-08-01,2026-08-02,,,Wilhelmsen,
2026-08-24,ENNORE,Expected,MLT,Daewoo Diamond,,,CHEMICAL,Other,1500,1500.0,D,2026-08-04,2026-08-04,2026-08-05,,,Wilhelmsen,
2026-08-24,KRISHNAPATNAM,Working,WB-3,MT.TROMSO,,,CPO,Other,12000,12000.0,D,2026-08-22,2026-08-22,2026-08-24,INDONESIA,,SEAPORT SERVICES PVT.LTD,
2026-08-24,KRISHNAPATNAM,Working,WB-2,MV CL DEMOCRACY,,,COAL,Dry/General Bulk,38498.97,38498.97,D,2026-08-21,2026-08-21,2026-08-25,USA,,PAREKH MARINE,
2026-08-24,KRISHNAPATNAM,Working,WB-1,MT CHEM STAR,,,CPO,Other,9930.7430000000004,9930.743,D,2026-08-23,2026-08-23,2026-08-25,DUMAI,,SUN SHIPPING AGENCY,
2026-08-24,KRISHNAPATNAM,Working,S4,MV PAMPERO,,,COAL,Dry/General Bulk,40432,40432.0,D,2026-08-21,2026-08-21,2026-08-24,"MOBILE, USA",,SEATRANS MARINE PVT LTD.,
2026-08-24,KRISHNAPATNAM,Working,8,MV AFRICAN ISABELLE,,,COAL,Dry/General Bulk,62250,62250.0,D,2026-08-22,2026-08-23,2026-08-25,PARADIP,,SARAT CHATTERJEE & CO (VSP) PVT LTD,
2026-08-24,KRISHNAPATNAM,Working,7,MV DIAMOND TRADER,,,COAL,Dry/General Bulk,46700,46700.0,D,2026-08-18,2026-08-20,2026-08-24,INDONESIA,,GAC SHIPPING-OPA/ JYOTHI MARINE SERVICES PVT LTD-CA,
2026-08-24,KRISHNAPATNAM,Working,6,MV SUN ISLAND,,,COAL,Dry/General Bulk,38230,38230.0,D,2026-08-20,2026-08-22,2026-08-24,"HAY POINT, AUSTRALIA",,ASSOCIATED SHIPPING SERVICES,
2026-08-24,KRISHNAPATNAM,Working,5,MV BAILIAN STAR,,,COAL,Dry/General Bulk,73100,73100.0,D,2026-08-21,2026-08-24,2026-08-27,RUSSIA,,GPR MARITIME AGENCIES.,
2026-08-24,KRISHNAPATNAM,Working,4,MV CP GIXON,,,DAP,Other,49500,49500.0,D,2026-08-23,2026-08-23,2026-08-28,SAUDI ARABIA,,.INTEROCEAN SHIPPING (INDIA) PVT LTD,
2026-08-24,KRISHNAPATNAM,Working,2,MV XIN CHEN HAI YANG,,,SHIP UNLOADERS,Other,4098.8469999999998,4098.847,D,2026-08-19,2026-08-24,2026-09-05,CHINA,,SAMSARA SHIPPING PVT LTD,
2026-08-24,KRISHNAPATNAM,Working,1,MV POLYDEFKIS,,,METCOKE,Dry/General Bulk,46700,46700.0,D,2026-08-19,2026-08-20,2026-08-25,INDONESIA,,WALTERR CUMINNS SHIPPING SERVICES VRC-SLR METALIKS LTD,
2026-08-24,KRISHNAPATNAM,Waiting,S4,MV SKIATHOS,,,COAL,Dry/General Bulk,77070,77070.0,D,2026-08-21,2026-08-24,2026-08-27,PARADIP,,GAC SHIPPING PVT LTD.,
2026-08-24,KRISHNAPATNAM,Waiting,6,MV RIPLEY PINNACLE,,,COAL,Dry/General Bulk,75260,75260.0,D,2026-08-22,2026-08-24,2026-08-26,PARADIP,,GAC SHIPPING PVT LTD.,
2026-08-24,KRISHNAPATNAM,Waiting,7,MV GIORGAKIS,,,COAL,Dry/General Bulk,77770,77770.0,D,2026-08-23,2026-08-24,2026-08-26,PARADIP,,SARAT CHATTERJEE & CO (VSP) PVT LTD,
2026-08-24,KRISHNAPATNAM,Waiting,WB-2,MV ELISAR,,,MOP,Other,35100,35100.0,D,2026-08-24,2026-08-25,2026-08-29,RUSSIA,,TAURUS SHIPPING,
2026-08-24,KRISHNAPATNAM,Expected,3,MV CPT DIMITRIOS S,,,COAL,Dry/General Bulk,37295,37295.0,D,2026-08-24,2026-08-24,2026-08-26,RUSSIA,,UNICORN MARITIMES (INDIA) PVT LTD,
2026-08-24,KRISHNAPATNAM,Expected,5,MV GREAT TRIUMPH,,,LIMESTONE,Dry/General Bulk,75024,75024.0,D,2026-08-25,2026-08-27,2026-08-30,CHINA,,MERCHANT SHIPPING SERVICES PVT. LTD.,
2026-08-24,KRISHNAPATNAM,Expected,WB-3,MT.GLOBAL JUPITER,,,CPO,Other,9995.4189999999999,9995.419,D,2026-08-25,2026-08-25,2026-08-27,MALAYSIA,,SEAPORT SERVICES PVT.LTD,
2026-08-24,KRISHNAPATNAM,Expected,WB-1,MV. DARYA SHAAN,,,CEMENT,Dry/General Bulk,21000,21000.0,L,2026-08-25,2026-08-25,2026-08-28,COCHIN,,MBK LOGISTICS,
2026-08-24,KRISHNAPATNAM,Expected,8,MV APJ SHIRIN,,,COAL,Dry/General Bulk,54950,54950.0,D,2026-08-25,2026-08-26,2026-08-28,PARADIP,,SARAT CHATTERJEE & CO (VSP) PVT LTD,
2026-08-24,KRISHNAPATNAM,Expected,6,MV BASIC STAR,,,COAL,Dry/General Bulk,79000,79000.0,D,2026-08-25,2026-08-26,2026-08-28,PARADIP,,MERCHANT SHIPPING SERVICES PVT. LTD.,
2026-08-24,KRISHNAPATNAM,Expected,7,MV SEASON TRADER,,,COAL,Dry/General Bulk,78750,78750.0,D,2026-08-26,2026-08-26,2026-08-28,INDONESIA,,BEN LINE AGENCIES INDIA PVT LTD,
2026-08-24,KRISHNAPATNAM,Expected,3,MV IONIAN PRINCESS,,,COAL,Dry/General Bulk,73538,73538.0,D,2026-08-26,2026-08-26,2026-08-30,RUSSIA,,GPR MARITIME AGENCIES.,
2026-08-24,KRISHNAPATNAM,Expected,6,MV MINERAL DEUTSCHLAND,,,IRON ORE FINES,Dry/General Bulk,195128,195128.0,D,2026-08-26,2026-08-28,2026-09-03,"PORT HEDLAND, WESTERN AUSTRALIA",,GPR MARITIME AGENCIES.,
2026-08-24,KRISHNAPATNAM,Expected,4,MV WHITE FIN,,,UREA,Other,50580.542999999998,50580.543,D,2026-08-26,2026-08-28,2026-09-02,RUSSIA,,SEATRANS MARINE PVT LTD.,
2026-08-24,KRISHNAPATNAM,Expected,5,MV MARAN TRANSPORTER,,,IRON ORE FINES,Dry/General Bulk,165905,165905.0,D,2026-08-26,2026-08-30,2026-09-04,BRAZIL,,GPR MARITIME AGENCIES.,
2026-08-24,KRISHNAPATNAM,Expected,WB-3,MT GANDAWATI 2,,,CPO,Other,14999.984,14999.984,D,2026-08-26,2026-08-27,2026-08-30,INDONESIA,,ATLANTIC GLOBAL SHIPPING PVT. LTD,
2026-08-24,KRISHNAPATNAM,Expected,8,MV VISHVA CHETNA,,,COAL,Dry/General Bulk,75000,75000.0,D,2026-08-26,2026-08-28,2026-08-30,PARADIP,,GAC SHIPPING PVT LTD.,
2026-08-24,KRISHNAPATNAM,Expected,4,MV MING XI JIU YUE,,,DAP/APS,Other,25600,25600.0,D,2026-08-30,2026-09-02,2026-09-05,"YEOSU, KOREA",,ALAP CARRIERS-OPA SRI SRINIVASA MARINE AGENCIES,
2026-08-24,KRISHNAPATNAM,Expected,3,MV PHOENIX OCEAN,,,LIMESTONE,Dry/General Bulk,73166,73166.0,D,2026-08-31,2026-08-31,2026-09-04,CHINA,,MERCHANT SHIPPING SERVICES PVT. LTD.,
2026-08-24,KRISHNAPATNAM,Expected,7,MV RIPLEY PIONEER,,,COAL,Dry/General Bulk,70000,70000.0,D,2026-08-31,2026-08-31,2026-09-02,PARADIP,,GAC SHIPPING PVT LTD.,
2026-08-24,KRISHNAPATNAM,Expected,8,MV CONSTANTINOS G.O.,,,COAL,Dry/General Bulk,42500,42500.0,D,2026-09-02,2026-09-02,2026-09-04,INDONESIA,,GAC SHIPPING-OPA/ JYOTHI MARINE SERVICES PVT LTD-CA,
2026-08-24,KRISHNAPATNAM,Expected,3,MV GEORGE H,,,COAL,Dry/General Bulk,82306,82306.0,D,2026-09-05,2026-09-05,2026-09-09,"BALTIMORE, USA",,SL SHIPPING PVT LTD,
2026-08-24,KRISHNAPATNAM,Expected,1,MV VITA MELODY,,,COAL,Dry/General Bulk,48871,48871.0,D,2026-05-28,2026-05-28,2026-05-31,INDONESIA,,JYOTHI MARINE,
2026-08-24,KATTUPALLI,Working,CB3,CL LINDY,,,DOLOMITE,Dry/General Bulk,60500,60500.0,D,2026-08-17,2026-08-17,2026-08-26,,,PEARL/SEAGREEN,
2026-08-24,KATTUPALLI,Expected,CB3,SCORPIO HONOUR,,,GYPSUM,Dry/General Bulk,56000,56000.0,D,2026-08-27,2026-08-27,2026-08-30,,,MINSOTRANS,
2026-08-24,KATTUPALLI,Expected,CB3,NHK FORTUNE,,,TMT BAR,Other,14500,14500.0,D,2026-09-02,2026-09-02,2026-09-06,,,JMB,
2026-08-24,SANDHEADS,Working,,PELOPIDAS,,G'LESS,REVERT,Other,,,,NOT READY,090600,REVERT,,,N/A,
2026-08-24,SANDHEADS,Working,,THERE ARE 4 VIRTUAL ANCHORAGE POINTS AT SAGAR AND 4 VESSELS CAN WORK SIMULTANEOUSLY SUB PORT CONSIDERATION,,,,Other,,,,,,,,,,
2026-08-24,SANDHEADS,Working,,"VESSEL'S BERTHING MOVEMENT DEPENDS ON ALL FAVORABLE CONDITIONS SUCH AS CGO DOCS READINESS, VSL'S SENIORITY,",,,,Other,,,,,,,,,,
2026-08-24,SANDHEADS,Working,,"WEATHER CONDITIONS, CONGESTION & BERTH AVAILABILITY",,,,Other,,,,,,,,,,
2026-08-24,SANDHEADS,Working,,Port Working Hours: 24 x 7 basis,,,,Other,,,,,,,,,,
2026-08-24,SANDHEADS,Working,,COASTAL VESSELS HAVE OUSTING PRIORITY,,,,Other,,,,,,,,,,
2026-08-24,SAGAR,Waiting,,MV. WELL DREAM,,GEARED,LIMESTONE,Dry/General Bulk,,,,2026-08-25,2026-08-26,2026-08-28,,,GAC SHIPPING,
2026-08-24,HALDIA,Working,4B,MV. METTLE STARE-I,,GEARLESS,COKING COAL,Dry/General Bulk,32000,32000.0,DISCH,2025-10-22,2025-10-23,2025-10-24,,TATA STEEL,TMILL,
2026-08-24,HALDIA,Working,14,MV. GRACE LOUISE,,GEARLESS,COKING COAL,Dry/General Bulk,34000,34000.0,DISCH,2026-08-22,2026-08-23,2026-08-25,,TATA STEEL,TMILL,BAHUDOPI
2026-08-24,HALDIA,Working,1,MV. YU YAN,,GEARLESS,COKING COAL,Dry/General Bulk,31000,31000.0,DISCH,2026-08-19,2026-08-22,2026-08-24,,SAIL,V-OCEAN,ZHANJIANG
2026-08-24,HALDIA,Working,13,MV. ATP FORTUNE,,GEARED,MANGANESE ORE,Dry/General Bulk,29000,29000.0,DISCH,2026-08-22,2026-08-23,2026-08-25,,SHYAM SEL / SHYAM FERRO,INTEROCEAN,FENGCHENG
2026-08-24,HALDIA,Working,10,MV. KATERINA III,,GEARLESS,MET COKE,Dry/General Bulk,28648,28648.0,DISCH,2026-08-20,2026-08-23,2026-08-25,,VARIOUS,SEATRANS,PORT ELIZABETH
2026-08-24,HALDIA,Waiting,9,MV. ASAHI BULKER,,GEARED,LENTILS,Other,16824,16824.0,DISCH,2026-08-19,2026-08-24,2026-08-26,,VARIOUS,GAC SHIPPING,AUSTRALIA
2026-08-24,HALDIA,Waiting,12,MV W HUANG PU,,GEARLESS,ROCK PHOSPHATE,Dry/General Bulk,18700,18700.0,DISCH,2026-08-22,2026-08-26,2026-08-28,,VARIOUS,ALAP,SAUDI ARAB
2026-08-24,HALDIA,Waiting,12,MV CHOLA UNITY,,GEARLESS,LIMESTONE,Dry/General Bulk,36000,36000.0,DISCH,2026-08-23,2026-08-27,2026-08-29,,PARAG,ALAP,SALALAH
2026-08-24,HALDIA,Waiting,12,M.V. SAKIZAYA XCEL,,GEARLESS,LIMESTONE,Dry/General Bulk,33000,33000.0,DISCH,2026-08-23,2026-08-24,2026-08-26,,TATA STEEL,KANOO SHIPPING,FENGCHENG
2026-08-24,HALDIA,Waiting,14,M.V. AGRAFA,,GEARED,MANGANIES ORE,Other,23000,23000.0,DISCH,2026-08-26,2026-08-26,2026-08-27,,VARIOUS,BEN LINE,LIBREVILLE
2026-08-24,HALDIA,Expected,4,M.V. RIPLEY PROGRESS,,GEARLESS,THERMAL COAL,Dry/General Bulk,30000,30000.0,LOAD,2026-08-25,2026-08-26,2026-08-28,,APPDCL,SEATRANS,
2026-08-24,HALDIA,Expected,12,M.V. OAK ANTON,,GEARLESS,NUT COKE,Dry/General Bulk,34000,34000.0,DISCH,2026-08-25,2026-08-26,2026-08-28,,VARIOUS,SAKURA,BAHUDOPI
2026-08-24,HALDIA,Expected,"2,8,9 & 13",M.V. DARLEAKAY,,GEARED,MANGANIES ORE,Other,17970,17970.0,DISCH,2026-08-26,2026-08-28,2026-08-30,,VARIOUS,BEN LINE,LIBREVILLE
2026-08-24,HALDIA,Expected,4B,M.V. YPERION,,GEARLESS,PCI COAL,Dry/General Bulk,31643,31643.0,DISCH,2026-08-26,2026-08-28,2026-08-30,,TSL,TMILL,AUSTRALIA
2026-08-24,HALDIA,Expected,"2,8,9 & 13",MV. ECO DIAGON ALLEY,,GEARLESS,COKING COAL,Dry/General Bulk,,,DISCH,2026-08-28,2026-08-29,2026-08-31,,SAIL,V OCEAN,NAKODKA
2026-08-24,HALDIA,Expected,"2,8,9 & 13",M.V. WELL DREAM,,GEARED,LIMESTONE,Dry/General Bulk,4000/22639,,DISCH,2026-08-30,2026-08-31,2026-09-02,,SHYAM SEL AND POWER,GAC,DIBBA PORT
2026-08-24,HALDIA,Expected,"2,8,9 & 13",M.V. STELLA NAVIS,,GEARLESS,COKING COAL,Dry/General Bulk,35000,35000.0,DISCH,2026-08-31,2026-08-31,2026-09-02,,SHYAM SEL AND POWER,GAC,HAYPOINT
2026-08-24,DHAMRA,Working,B - 1/17.2/350,MV CAPE SUNRISE,PANAMAX,,STEAM COAL,Dry/General Bulk,,,DISCHARGE,2026-08-22,B - 1/17.2/350,2026-08-25,,ADANI ENTERPRISES LTD,GAC,
2026-08-24,DHAMRA,Working,B- 2/17.2/350,MV EASTERN QUINCE,PANAMAX,,COKING COAL,Dry/General Bulk,,,DISCHARGE,2026-08-22,B- 2/17.2/350,2026-08-24,,TATA,TMIL/BEN LINE,
2026-08-24,DHAMRA,Working,B -3/17/350,MV CHOLA MELODY,PANAMAX,,THERMAL COAL,Dry/General Bulk,,,LOADING,2026-08-21,B -3/17/350,2026-08-26,,NTECL,BOTHRA/JM BOXI,
2026-08-24,DHAMRA,Working,B-3 A /14.5/350,MV SAFESEA SINDOOR,HANDIMAX,,STEEL SLAB,Dry/General Bulk,,,LOADING,2026-08-21,B-3 A /14.5/350,2026-08-25,,JINDAL STEEL LTD,JM BAXI,
2026-08-24,DHAMRA,Working,B-3A S /13.5,MV SERENITY,HANDIMAX,,HR COIL,Other,,,LOADING,2026-08-20,B-3A S /13.5,2026-08-25,,TATA,TMIL,
2026-08-24,DHAMRA,Working,B-4/17/300,MV CELINA,PANAMAX,,IRON ORE FINES,Dry/General Bulk,,,LOADING,2026-08-16,B-4/17/300,2026-08-24,,STARLIGHT,INFINITY,
2026-08-24,DHAMRA,Working,B-5/17/300,MV BASIS FORTUNE,PANAMAX,,THERMAL COAL,Dry/General Bulk,,,LOADING,2026-08-20,B-5/17/300,2026-08-27,,MOXIE POWER,GAC,
2026-08-24,DHAMRA,Waiting,B-3,MV ENGIADINA,HANDIMAX,,IRON ORE PELLETS,Dry/General Bulk,55000 MT,55000.0,LOADING,2026-08-11,2026-08-26,2026-08-27,,RUNGTA MINES,INFINITY,
2026-08-24,DHAMRA,Waiting,B-3A,MV PAC AGENA,HANDIMAX,,HR COIL,Other,30000 MT,30000.0,DISCHARGE,2026-08-21,2026-08-25,2026-08-28,,TATA,TMIL,
2026-08-24,DHAMRA,Waiting,B-3A,MV PAS BLUE WAVE,HANDIMAX,,HR COIL,Other,30000 MT,30000.0,DISCHARGE,2026-08-22,2026-08-28,2026-08-31,,TATA,TMIL,
2026-08-24,DHAMRA,Waiting,B-3,MV TCLC LUZHOU,HANDIMAX,,SLAG,Other,55000 MT,55000.0,LOADING,2026-08-23,2026-08-27,2026-08-29,,TATA,SMPL,
2026-08-24,DHAMRA,Waiting,B-3AS,MV SYMI,HANDIMAX,,DAP,Other,54999 MT,54999.0,DISCHARGE,2026-08-23,2026-08-25,2026-08-30,,IIPL,KANHU SHIPPING,
2026-08-24,DHAMRA,Waiting,B-2,MV ANDROS SPIRIT,PANAMAX,,COKING COAL,Dry/General Bulk,38000 MT,38000.0,DISCHARGE,2026-08-23,2026-08-24,2026-08-25,,ADANI ENTERPRISES LTD,JYOTHI/GPR,
2026-08-24,DHAMRA,Expected,B-1,MV SHIN SHUN,CAPE,,STEAM COAL,Dry/General Bulk,109523 MT,109523.0,DISCHARGE,2026-08-24,2026-08-25,2026-08-28,,RUNGTA MINES,GAC,
2026-08-24,DHAMRA,Expected,B-5,MV JY OCEAN,PANAMAX,,LIMESTONE,Dry/General Bulk,45000 MT,45000.0,DISCHARGE,2026-08-25,2026-08-27,2026-08-30,,TATA,TMIL,
2026-08-24,DHAMRA,Expected,B-2,MV CAPE CRANE,CAPE,,COKING COAL,Dry/General Bulk,163000 MT,163000.0,DISCHARGE,2026-08-25,2026-08-25,2026-08-29,,TATA,TMIL,
2026-08-24,DHAMRA,Expected,B-1,MV NEW EXPLORER,PANAMAX,,PCI COAL,Dry/General Bulk,76000 MT,76000.0,DISCHARGE,2026-08-26,2026-08-28,2026-08-30,,FEE GRADE,SMPL/INFINITY,
2026-08-24,DHAMRA,Expected,B-2,MV STELLA NAVIS,PANAMAX,,COKING COAL,Dry/General Bulk,45000 MT,45000.0,DISCHARGE,2026-08-27,2026-08-29,2026-08-30,,SHYAM METALIKS,GAC,
2026-08-24,PARADIP PORT,Waiting & Expected,,MV. KANG SHUN,,189.90/12.42,ROCK PHOSPHATE,Dry/General Bulk,52500 MT,52500.0,DISCHARGE,15/1612 HRS,,,HIGH SEAS,PPL,OSL,
2026-08-24,PARADIP PORT,Waiting & Expected,,MV. PICTOR,,224.94/14.20,ROCK PHOSPHATE,Dry/General Bulk,74203 MT,74203.0,DISCHARGE,26/0600 HRS,,,HIGH SEAS,IFFCO,JMS,
2026-08-24,PARADIP PORT,Waiting & Expected,,MT. SEA GULL 9,,127.52/8.00,CRD PALMOIL,Other,10000 MT,10000.0,DISCHARGE,24/0730 HRS,,,HIGHSEAS,ADANI WILMAR,AGS,
2026-08-24,PARADIP PORT,Waiting & Expected,,MV. GREEN K MAX 2,,229.00/14.45,THERMAL COAL,Dry/General Bulk,65000 MT,65000.0,LOADING,18/1724 HRS,2026-08-25,2026-08-26,ENNORE,OPG,SEA SHIPS,SUB TO READINESS
2026-08-24,PARADIP PORT,Waiting & Expected,,MV. CHOLA TREASURE,,225.00/,THERMAL COAL,Dry/General Bulk,69000 MT,69000.0,LOADING,22/1800 HRS,2026-08-26,2026-08-27,HIGH SEAS,TNPGCL,SEAPORT,SUB TO READINESS
2026-08-24,PARADIP PORT,Waiting & Expected,,MV. RIPLEY PIONEER,,225.00/14.50,THERMAL COAL,Dry/General Bulk,75000 MT,75000.0,LOADING,23/0554 HRS,2026-08-25,2026-08-26,KRISHNAPATNAM,APPDCL ADANI/APGENCO ADANI,GAC,SUB TO READINESS
2026-08-24,PARADIP PORT,Waiting & Expected,,MV. APJ SETHU,,224.86/,THERMAL COAL,Dry/General Bulk,69000 MT,69000.0,LOADING,24/0024 HRS,2026-08-26,2026-08-27,HIGH SEAS,TNPGCL,SEAPORT,SUB TO READINESS
2026-08-24,PARADIP PORT,Waiting & Expected,,MV. JEWEL OF GOLD,,190.00/13.00,THERMAL COAL,Dry/General Bulk,35000 MT,35000.0,LOADING,24/1700 HRS,2026-08-25,2026-08-26,KRISHNAPATNAM,"APPDCL/SCCPL, APPDCL/KCT",SCC(VSP),SUB TO READINESS
2026-08-24,PARADIP PORT,Waiting & Expected,,MV. DECCAN PRIDE,,225.00/,THERMAL COAL,Dry/General Bulk,73700 MT,73700.0,LOADING,25/1800 HRS,2026-08-26,2026-08-27,KRISHNAPATNAM,SEMBCORP,J M BAXIMSPL,SUB TO READINESS
2026-08-24,PARADIP PORT,Waiting & Expected,,MV. APJ JAOUAD,,225.00/,THERMAL COAL,Dry/General Bulk,75000 MT,75000.0,LOADING,26/0900 HRS,2026-08-27,2026-08-28,HIGH SEAS,TNPGCL,SEAPORT,SUB TO READINESS
2026-08-24,PARADIP PORT,Waiting & Expected,,MV TAN BINH 259,,175.53/9.50,STEEL COILS,Dry/General Bulk,25391 MT,25391.0,DISCHARGE,22/1625 HRS,2026-08-27,2026-08-31,BAHODOPI,JINDAL STAINLESS,SSS,SUB TO READINESS
2026-08-24,PARADIP PORT,Waiting & Expected,,MV. DELAVITA,,229.00/7.50,PIG IRON,Dry/General Bulk,60500 MT,60500.0,LOADING,10/0130 HRS,2026-08-27,2026-09-01,SINGAPORE,RAMSARUP,GAC,SUB TO READINESS
2026-08-24,PARADIP PORT,Waiting & Expected,,MV. AM PROGRESS,,176.54/,STEEL SLAB,Dry/General Bulk,30000 MT,30000.0,LOADING,14/0536 HRS,2026-08-28,2026-09-01,NEWPORT,TATA,TMIL,SUB TO READINESS
2026-08-24,PARADIP PORT,Waiting & Expected,,MV. PROPEL PEACE,,179.99/,STEEL SLAB,Dry/General Bulk,31000 MT,31000.0,LOADING,19/0130 HRS,2026-09-01,2026-09-04,HIGH SEAS,TATA,TMIL,SUB TO READINESS
2026-08-24,PARADIP PORT,Waiting & Expected,,MV. MSC MAKOTO II,,175.49/7.50,CONTAINER,Container,350 MT,350.0,LOADING,19/2306 HRS,2026-08-26,2026-08-27,COLOMBO,MSC AGENGY,MSC AGENGY,CONTAINER PRIORITY
2026-08-24,PARADIP PORT,Waiting & Expected,,MV. NIKGENIOUS,,199.90/13.06,A. SULPHATE,Dry/General Bulk,31500 MT,31500.0,DISCHARGE,22/1700 HRS,2026-09-01,2026-09-05,XIUYU,HURL,ADMIRAL,SUB TO READINESS
2026-08-24,PARADIP PORT,Waiting & Expected,,MV. AP QUEEN,,110.67/8.77,FERRO NICKLE,Other,8250 MT,8250.0,DISCHARGE,23/1150 HRS,2026-09-04,2026-09-06,INDONESIA,JSL,PAREKH,SUB TO READINESS
2026-08-24,PARADIP PORT,Waiting & Expected,,MV. PAULA TRADER,,179.90/7.43,STEEL SQUARE TUBES,Dry/General Bulk,4000 MT,4000.0,LOADING,25/1800 HRS,2026-09-05,2026-09-06,HOUSTON,APL APOLLO TUBES,,SUB TO READINESS
2026-08-24,PARADIP PORT,Waiting & Expected,,MV. YPERION,,229.00/14.53,PCI COAL,Dry/General Bulk,47541 MT,47541.0,DISCHARGE,19/1200 HRS,2026-08-24,2026-08-26,LYTTELTO,TATA,TMIL,SUB TO READINESS
2026-08-24,PARADIP PORT,Waiting & Expected,,MV. KIRRIBILLI,,228.99/14.49,COKING COAL,Dry/General Bulk,79611 MT,79611.0,DISCHARGE,25/2200 HRS,2026-08-26,2026-08-28,HAYPOINT,TATA/NINL,TMIL,SUB TO READINESS
2026-08-24,PARADIP PORT,Waiting & Expected,,MV. SENTINEL,,200.00/,COAL,Dry/General Bulk,32550 MT,32550.0,DISCHARGE,07/09/26 HRS,2026-09-07,2026-09-08,HIGH SEAS,VULCAN,SPARTANS,SUB TO READINESS
2026-08-24,PARADIP PORT,Waiting & Expected,,MV. ALASIA,,199.98/12.50,IRON ORE FINES,Dry/General Bulk,50000 MT,50000.0,LOADING,17/1310 HRS,,,MUMBAI,JSW,SSS,
2026-08-24,PARADIP PORT,Waiting & Expected,,MV. OCEAN WINNER,,225.00/14.35,IRON ORE FINES,Dry/General Bulk,73000 MT,73000.0,LOADING,05/2118 HRS,,,CHINA,OCL IRON,BOTHRA,
2026-08-24,PARADIP PORT,Waiting & Expected,,MV. GEOSTAR,,199.98/13.10,IRON ORE FINES,Dry/General Bulk,57000 MT,57000.0,LOADING,18/2212 HRS,,,CHINA,BAGADIYA,SSS,
2026-08-24,PARADIP PORT,Waiting & Expected,,MV. AMNSI MAXIMUS,,229.00/14.00,IRON ORE PELLET,Dry/General Bulk,55000 MT,55000.0,LOADING,24/0706 HRS,,,HAJIRA,AMNSIL,SAMSARA,
2026-08-24,PARADIP PORT,Waiting & Expected,,MV. CHOLA DESTINY,,229.00/14.00,IRON ORE PELLET,Dry/General Bulk,75000 MT,75000.0,LOADING,25/0600 HRS,,,HAJIRA,AMNSIL,SAMSARA,
2026-08-24,PARADIP PORT,Waiting & Expected,,MV. CAPT EUGENE,,189.99/,IRON ORE PELLET,Dry/General Bulk,54500 MT,54500.0,LOADING,25/1200 HRS,,,CHINA,SJSPL,ACEC,
2026-08-24,PARADIP PORT,Waiting & Expected,,MV. GREEK SEAS,,229.00/14.00,IRON ORE PELLET,Dry/General Bulk,75000 MT,75000.0,LOADING,26/0600 HRS,,,CHINA,AMNSIL,SAMSARA,
2026-08-24,PARADIP PORT,Waiting & Expected,,MV.CAPTAIN PANAGIS,,199.90/,IRON ORE FINES,Dry/General Bulk,58000 MT,58000.0,LOADING,26/2300 HRS,2026-08-27,2026-08-28,CHINA,SESA MINING,SPARTANS,
2026-08-24,PARADIP PORT,Waiting & Expected,,MT. ALDAN,,243.79/13.90,CRUDE OIL,Liquid/Chemical Bulk,93429 MT,93429.0,DISCHARGE,21/0218 HRS,,,HIGH SEAS,IOCL PLD,AGS,
2026-08-24,PARADIP PORT,Waiting & Expected,,MT. MARJORIE,,274.00/15.70,CRUDE OIL,Liquid/Chemical Bulk,140894 MT,140894.0,DISCHARGE,26/0600 HRS,,,HIGHSEAS,IOCL PLD,J M BAXIMSPL,
2026-08-24,PARADIP PORT,Waiting & Expected,,MT. ATOKOS,,332.95/19.65,CRUDE OIL,Liquid/Chemical Bulk,258557 MT,258557.0,DISCHARGE,28/0600 HRS,,,CHENNAI,IOCL PLD,AGS,
2026-08-24,PARADIP PORT,Waiting & Expected,,MT. SOPRANO SERENE,,179.88/11.80,HSD/M.SPIRIT,Liquid/Chemical Bulk,19500 MT,19500.0,DISCHARGE,01/1000 HRS,,,HALDIA,BPCL,AGS,
2026-08-24,PARADIP PORT,Waiting & Expected,,MT. SWARNA PUSHP,,184.95/8.10,ATF,Liquid/Chemical Bulk,9000 MT,9000.0,LOADING,13/0036 HRS,,,HIGHSEAS,IOCL,AGS,RE-ANCH
2026-08-24,PARADIP PORT,Waiting & Expected,,MT. NILE RIVER,,229.00/11.90,BUTANE/PROPAN,Liquid/Chemical Bulk,28000 MT,28000.0,DISCHARGE,22/0500 HRS,,,HALDIA,IOCL,AGS,
2026-08-24,PARADIP PORT,Waiting & Expected,,MT. BW POLARIS,,229.90/12.22,BUTANE/PROPAN,Liquid/Chemical Bulk,20000 MT,20000.0,DISCHARGE,22/1000 HRS,,,NEW MANGALORE,IOCL,WILHELMSEN,
2026-08-24,PARADIP PORT,Waiting & Expected,,MT. FAIRWAY,,171.26/,M.SPIRIT/NAPTH,Liquid/Chemical Bulk,15000 MT,15000.0,LOADING,23/1800 HRS,,,HIGHSEAS,IOCL,AGS,
2026-08-24,PARADIP PORT,Waiting & Expected,,MT. SANMAR SITAR,,183.00/7.30,HSD,Liquid/Chemical Bulk,22000 MT,22000.0,LOADING,23/0748 HRS,,,HIGHSEAS,IOCL,AGS,
2026-08-24,PARADIP PORT,Waiting & Expected,,MT. ANANTHA,,160.50/,LCO,Other,2201 MT,2201.0,LOADING,25/1200 HRS,,,HIGHSEAS,IOCL,ISIPL,
2026-08-24,PARADIP PORT,Waiting & Expected,,MT. ARLON,,189.96/10.60,AMMONIA,Liquid/Chemical Bulk,15000 MT,15000.0,LOADING,25/2300 HRS,,,HIGHSEAS,IFFCO,ISIPL,
2026-08-24,PARADIP PORT,Waiting & Expected,,MT. GAS QUANTUM,,173.70/10.26,AMMONIA,Liquid/Chemical Bulk,23202 MT,23202.0,LOADING,01/0001 HRS,,,HIGHSEAS,IFFCO,SSS,
2026-08-24,PARADIP PORT,Waiting & Expected,,MV. CORNELIA M,,225.00/14.50,METCOKE,Dry/General Bulk,44000 MT,44000.0,DISCHARGE,24/1530 HRS,2026-08-25,2026-08-28,JAPAN,TATA,TMIL,CQ-1
2026-08-24,PARADIP PORT,Waiting & Expected,,MV. RICHLAND SINGAPORE,,228.90/14.50,COKING COAL,Dry/General Bulk,79200 MT,79200.0,DISCHARGE,26/0600 HRS,2026-08-26,2026-08-30,HAYPOINT,SAIL,SSS,MPB
2026-08-24,PARADIP PORT,Waiting & Expected,,MV. SUNRISE I,,228.90/14.46,COKING COAL,Dry/General Bulk,33000 MT,33000.0,DISCHARGE,27/0600 HRS,2026-08-27,2026-08-29,KEMBLA,JSW JFE,GPR MARITIME,CQ-2
2026-08-24,PARADIP PORT,Waiting & Expected,,MV. SENTINEL,,200.00/,COAL,Dry/General Bulk,32550 MT,32550.0,DISCHARGE,07/09/26 HRS,2026-09-07,2026-09-09,HIGH SEAS,VULCAN,SPARTANS,MPB
2026-08-24,PARADIP PORT,Waiting & Expected,,"PRIORITY BERTHING ALLOWED FOR ALL IMPORT/EXPORT DRY BULK CARGO TO M/S. JSPL, TATA, JSW SAMBALPUR AT GCB.",,,,Other,,,,,,,,,,
2026-08-24,PARADIP PORT,Waiting & Expected,,"VESSEL WHICH CAN NOT PERFORM AS THE REQUIRED PORT NORMS, SHE WILL BE SHIFTED TO ROADS AND HER BERTHING WILL BE DECIDED AS THE LAST VESSEL ON SERIAL.",,,,Other,,,,,,,,,,
2026-08-24,PARADIP PORT,Waiting & Expected,,"MAXIMUM OF TWO COASTAL VESSELS WILL BE TAKEN AT A TIME IN THE CONVENTIONAL BERTH W.E.F 07-OCT-2018,TILL FURTHER ORDER",,,,Other,,,,,,,,,,
2026-08-24,KAKINADA,Waiting,,M.T. SWARNA MALA,,,"DIESEL, MOTOR SPIRIT",Liquid/Chemical Bulk,5654 946,,,2026-08-23,,,,RIL,ATLANTIC,
2026-08-24,KAKINADA,Waiting,,SAILED VESSELS::,,,,Other,,,,,,,,,,
2026-08-24,KAKINADA,Waiting,,M.V. SEA LYRA,,,,Other,,,,2026-08-19,,,,,,
2026-08-24,KAKINADA,Waiting,,M.T. AZALEA,,,,Other,,,,2026-08-22,,,,,,
2026-08-24,KAKINADA,Waiting,,M.T. DX PIONEER,,,,Other,,,,2026-08-19,,,,,,
2026-08-24,KAKINADA,Waiting,,M.V.AQUASTAR,,,,Other,,,,2026-08-20,,,,,,
2026-08-24,KAKINADA,Waiting,,M.T. DALMACIJA,,,,Other,,,,2026-08-19,,,,,,
2026-08-24,KAKINADA,Waiting,,M.T. ORCHID SYLT,,,,Other,,,,2026-08-14,,,,,,
2026-08-24,KAKINADA,Waiting,,M.T.ANANTA,,,,Other,,,,2026-08-22,,,,,,
2026-08-24,KAKINADA,Waiting,,M.T.GLOBAL JUPITER,,,,Other,,,,2026-08-22,,,,,,
2026-08-24,KAKINADA,Expected,,M.V.SEA FALCON,,,RICE,Dry/General Bulk,41000,41000.0,,2026-08-25,,,,TBA,LOTUS,
2026-08-24,KAKINADA,Expected,,M.V.TRUONG MINH SEA,,,RICE,Dry/General Bulk,50000,50000.0,,2026-08-26,,,,,IMPERIAL,
2026-08-24,KAKINADA,Expected,,M.V.HARILAOS JUNIOR,,,RICE,Dry/General Bulk,42000,42000.0,,2026-08-26,,,,,IMPERIAL,
2026-08-24,KAKINADA,Expected,,M.V.JAL VAIBHAV,,,IRON ORE,Dry/General Bulk,82500,82500.0,,2026-08-24,,,,LLOYDS METALS,BOTHRA,
2026-08-24,KAKINADA,Expected,,M.V.JABAL SAMHAN,,,COAL,Dry/General Bulk,61200,61200.0,,2026-08-24,,,,AP GENCO,SARAT CHATTERJEE,
2026-08-24,KAKINADA,Expected,,M.V. SALT LAKE,,,NPK,Other,65992,65992.0,,2026-08-25,,,,CIL,CROSS TRADE,
2026-08-24,KAKINADA,Expected,,M.T. TG TAURUS,,,PHOSPHORIC ACID,Dry/General Bulk,9164,9164.0,,2026-08-26,,,,CIL,RDS OIL & GAS,
2026-08-24,KAKINADA,Expected,,M.T.STOLT ACER,,,POME-ME (BIO-DIESEL),Other,6000,6000.0,,2026-08-26,,,,KALEESUWARI REFINERY,JM BAXI,
2026-08-24,KAKINADA,Expected,,M.T. GOLDEN ORCHID,,,EDIBLE OIL,Other,7000,7000.0,,2026-08-27,,,,SANTHOSHIMATAA,JAMES,
2026-08-24,KAKINADA,Expected,,M.T.ARLON,,,AMMONIA,Liquid/Chemical Bulk,14940,14940.0,,2026-08-27,,,,CIL,SEATRANS,
2026-08-24,KAKINADA,Expected,,M.V.JIU XU,,,AMMONIUM SULPHATE,Dry/General Bulk,33000,33000.0,,2026-08-27,,,,HINDUSTAN URVAK,PRAVV SHIPPING,
2026-08-24,KAKINADA,Expected,,M.V. AFRICAN DRAGON,,,SULPHUR,Other,17500,17500.0,,2026-08-28,,,,CIL,CROSS TRADE,
2026-08-24,KAKINADA,Expected,,M.V. AMARYLLIS,,,COAL,Dry/General Bulk,76200,76200.0,,2026-08-30,,,,THE RAMCO CEMENTS,ATLANTIC,
2026-08-24,KAKINADA,Expected,,M.V.STAR CLEO,,,UREA,Other,49600,49600.0,,2026-08-31,,,,CIL,AN LINE,
2026-08-24,KAKINADA,Expected,,M.V.RISHABH,,,,Other,,,,2026-02-05,,,,,,
2026-08-24,GANGAVARAM,Working,B4,MV VISHVA NIDHI,,,IRON ORE FINES,Dry/General Bulk,55000,55000.0,,2026-08-24,B4,2026-08-26,,KIOCL,SEAWAYS,
2026-08-24,GANGAVARAM,Working,B5,MV CAPTAIN PANAGIS,,,BAUXITE,Dry/General Bulk,57166,57166.0,,2026-08-23,B5,2026-08-25,,VEDANTA,IMPERIAL,MECHNICAL CONCEYOR DISCH BERTH
2026-08-24,GANGAVARAM,Working,B8,MV AL MANHAL,,,CP COKE,Dry/General Bulk,16499.886999999999,16499.887,,2026-08-22,B8,2026-08-26,,VEDANTA,SPARTANS,CONTAINER BERTH
2026-08-24,GANGAVARAM,Expected,B3,MV LUCKY SUNDAY,,,LIMESTONE,Dry/General Bulk,77100,77100.0,,2026-08-24,B3,2026-08-27,,RINL,SEATRANS,
2026-08-24,GANGAVARAM,Expected,B6,MV ECO DIAGON ALLEY,,,COKING COAL,Dry/General Bulk,45000,45000.0,,2026-08-25,B6,2026-08-27,,SAIL,V-OCEAN,
2026-08-24,GANGAVARAM,Expected,B6,MV XIN QI HANG 1,,,BAUXITE,Dry/General Bulk,63900,63900.0,,2026-08-25,B6,2026-08-29,,VEDANTA,IMPERIAL,
2026-08-24,GANGAVARAM,Expected,B8,MV STAR SHANGHAI,,,UREA,Other,52500,52500.0,,2026-08-26,B8,2026-08-29,,INDIAN POTASH LTD,CHOWGULE,
2026-08-24,GANGAVARAM,Expected,B5,MV ARKTOS,,,COKING COAL,Dry/General Bulk,75000,75000.0,,2026-08-27,B5,2026-08-29,,NMDC,SAI SAMRAT,
2026-08-24,GANGAVARAM,Expected,NO.02 / NO. 03,MV LILA SHANGHAI,,,LIMESTONE,Dry/General Bulk,75250,75250.0,,2026-08-30,NO.02 / NO. 03,,,,,
2026-08-24,VISAKHAPATNAM,Working,C.THERMAL,MV HALDI,,,REPAIR PURPOSE,Other,,,,2026-08-23,C.THERMAL,2026-08-24,,,TMILL,
2026-08-24,VISAKHAPATNAM,Working,VGCB,MV NEW AMBITION,,,PCI COAL,Dry/General Bulk,77870,77870.0,D,2026-08-22,VGCB,2026-08-25,,,SPARTANS,
2026-08-24,VISAKHAPATNAM,Working,CB-1,MV HENG HUI 6,,,CONTAINERS,Container,10000,10000.0,D/L,2026-08-24,CB-1,2026-08-25,,,CMA CGM,
2026-08-24,VISAKHAPATNAM,Working,CB-3,MV MARINA VOYAGER,,,CONTAINERS,Container,24000,24000.0,D/L,2026-08-24,CB-3,2026-08-25,,,MAERSK,
2026-08-24,VISAKHAPATNAM,Working,LPG,LPG/C PERTAMINA GAS DAHLIA,,,LPG,Other,23722,23722.0,D,2026-08-19,LPG,2026-08-25,,,ATLANTIC,
2026-08-24,VISAKHAPATNAM,Working,AVCTPL[EQ-1A],MV HARILAOS JUNIOR,,,BAUXITE IN BULK,Dry/General Bulk,58523,58523.0,D,2026-08-20,AVCTPL[EQ-1A],2026-08-24,,,IMPERIAL,
2026-08-24,VISAKHAPATNAM,Working,EQ-3,MV STAR COPENHAGEN,,,UREA,Other,54266,54266.0,D,2026-08-20,EQ-3,2026-08-29,,,CROSS TRADING,
2026-08-24,VISAKHAPATNAM,Working,EQ-4,MV SSI IRRSISTIBLE,,,AMMONIUM SULPHTE IN BULK,Other,40500,40500.0,D,2026-08-15,EQ-4,2026-08-29,,,SEATRANS,
2026-08-24,VISAKHAPATNAM,Working,EQ-6,MV SPIRIT OF KOBE,,,CP COKE,Dry/General Bulk,20400,20400.0,L,2026-08-21,EQ-6,2026-08-28,,,ESHWAR,
2026-08-24,VISAKHAPATNAM,Working,EQ-9 (VSPL),MV EUROPE BAY,,,PET COKE,Dry/General Bulk,52965,52965.0,D,2026-08-23,EQ-9 (VSPL),2026-08-26,,,JYOTHI,
2026-08-24,VISAKHAPATNAM,Working,WQ-1,MV OAK ANTON,,,NUT COKE IN BULK,Dry/General Bulk,17700,17700.0,D,2026-08-14,WQ-1,2026-08-24,,,NAVSHIP,
2026-08-24,VISAKHAPATNAM,Working,WQ-2,MV DARLEAKAY,,,MANGANESE ORE,Dry/General Bulk,32680,32680.0,D,2026-08-16,WQ-2,2026-08-25,,,BOTHRA,
2026-08-24,VISAKHAPATNAM,Working,WQ-3,MV PANDA,,,ALUMINA IN BULK,Dry/General Bulk,33800,33800.0,L,2026-08-13,WQ-3,2026-08-30,,,INTEROCEAN,
2026-08-24,VISAKHAPATNAM,Working,WQ-4,MV BOSHI 78,,,ALUMINA IN BULK,Dry/General Bulk,30393,30393.0,L,2026-08-19,WQ-4,2026-08-30,,,INTEROCEAN,
2026-08-24,VISAKHAPATNAM,Working,WQ-5,MV DONG FANG WEI YE,,,ALUMINA IN BAGS,Dry/General Bulk,31500,31500.0,L,2026-08-12,WQ-5,2026-08-26,,,ESHWAR,SHIFTED FROM EQ-3 TO WQ-5
2026-08-24,VISAKHAPATNAM,Working,WQ-6,MV SSI CONQUEST,,,TSP & DAP,Other,52700,52700.0,D,2026-08-22,WQ-6,2026-08-29,,,BOTHRA,
2026-08-24,VISAKHAPATNAM,Working,WQ-7,Handed over to m/s VMBCTPL for projecdt development,,,,Other,,,,,WQ-7,,,,,
2026-08-24,VISAKHAPATNAM,Working,OR-1,OR -1 Berth spared for Revamping by CE department,,,,Other,,,,,OR-1,,,,,
2026-08-24,VISAKHAPATNAM,Working,OR-2,MT ANANTHA,,,FUEL OIL,Other,2711,2711.0,D,2026-08-23,OR-2,2026-08-24,,,INTEROCEAN,
2026-08-24,VISAKHAPATNAM,Working,OR-3,MT ORCHIDS,,,FO & LDO,Other,12000,12000.0,L,2026-08-20,OR-3,2026-08-25,,,ATLANTIC,
2026-08-24,VISAKHAPATNAM,Working,F.B,MV BAO CHANG,,,ROCK PHOSPHATE,Dry/General Bulk,48500,48500.0,D,2026-08-14,F.B,2026-08-27,,,RDS OIL & GAS,SHIFTES EQ-1 FROM FB
2026-08-24,VISAKHAPATNAM,Waiting,1,MV GLORIEUSE,,,STEEL BLOOMS,Dry/General Bulk,20000,20000.0,L,2026-08-17,1,,,,BENLINES,
2026-08-24,VISAKHAPATNAM,Waiting,2,MV TATEV,,,ALUMINA IN BAGS,Dry/General Bulk,10845,10845.0,L,2026-08-17,2,,,,INTEROCEAN,RE-ANCH
2026-08-24,VISAKHAPATNAM,Waiting,3,MV SEA TOPAZ,,,ALUMINA IN BULK,Dry/General Bulk,31500,31500.0,L,2026-08-19,3,,,,INTEROCEAN,
2026-08-24,VISAKHAPATNAM,Waiting,4,MV ALASIA,,,IRON ORE FINES,Dry/General Bulk,55000,55000.0,L,2026-08-22,4,,,,JYOTHI,
2026-08-24,VISAKHAPATNAM,Waiting,5,MV CHENNAI VALARCHI,,,THERMAL COAL,Dry/General Bulk,76000,76000.0,L,2026-08-22,5,,,,SEAPORT,COASTAL
2026-08-24,VISAKHAPATNAM,Waiting,6,MV WESTERN DONCASTER,,,COKING COAL,Dry/General Bulk,34780,34780.0,D,2026-08-22,6,,,,JYOTHI,
2026-08-24,VISAKHAPATNAM,Waiting,7,MV TAN BINH 267,,,MANGANESE ORE,Dry/General Bulk,27089,27089.0,D,2026-08-22,7,,,,NAVSHIP,
2026-08-24,VISAKHAPATNAM,Waiting,8,MV NORDTIGRIS,,,LENTILS IN BULK,Other,10000,10000.0,D,2026-08-22,8,,,,SEAVISION,
2026-08-24,VISAKHAPATNAM,Waiting,9,MV CRIMSON GLORY,,,MANGANESE ORE,Dry/General Bulk,27089,27089.0,D,2026-08-23,9,,,,INTEGRAL,
2026-08-24,VISAKHAPATNAM,Waiting,10,MT VARI TRADER,,,SULPHURIC ACID,Liquid/Chemical Bulk,18500,18500.0,D,2026-08-24,10,,,,SAMUDRA,
2026-08-24,VISAKHAPATNAM,Waiting,11,MT SAKURA CREST,,,METHONAL,Other,9794,9794.0,D,2026-08-24,11,2026-08-25,,,ATLANTIC,
2026-08-24,VISAKHAPATNAM,Waiting,12,LPG/C. RED ADMIRAL,,,LPG,Other,24500,24500.0,D,2026-08-24,12,,,,GAC,
2026-08-24,VISAKHAPATNAM,Expected,,MV EMMANUEL,,,IRON ORE FINES,Dry/General Bulk,55000,55000.0,L,2026-08-24,,,,,JYOTHI,
2026-08-24,VISAKHAPATNAM,Expected,,MV PEAK HAKU,,,COKING COAL,Dry/General Bulk,46058,46058.0,D,2026-08-24,2026-08-24,,,,ORISSA STEVEDORES LTD,
2026-08-24,VISAKHAPATNAM,Expected,,MV LILA SEOUL,,,IRON ORE PELLETS,Dry/General Bulk,75000,75000.0,L,2026-08-25,,,,,JYOTHI,
2026-08-24,VISAKHAPATNAM,Expected,,MV QI XIA SHAN,,,GRANITE BLOCKS,Other,12000,12000.0,L,2026-08-25,,,,,PUYVAST,
2026-08-24,VISAKHAPATNAM,Expected,,MV CORN,,,ALUMINA IN BULK,Dry/General Bulk,30600,30600.0,L,2026-08-25,,,,,RICHMARK,
2026-08-24,VISAKHAPATNAM,Expected,,MT SAFESEA VARUNA,,,FUEL OIL,Other,34650,34650.0,L,2026-08-25,2026-08-25,,,,INTEROCEAN,
2026-08-24,VISAKHAPATNAM,Expected,,MT EASTERN QUINCE,,,FUEL OIL,Other,34650,34650.0,L,2026-08-25,,,,,INTEROCEAN,
2026-08-24,VISAKHAPATNAM,Expected,,MV KM LONDON,,,STEAM COAL,Dry/General Bulk,40500,40500.0,D,2026-08-25,,,,,SEATRANS,
2026-08-24,VISAKHAPATNAM,Expected,,MT SWARNA MALA,,,HSD & MS,Liquid/Chemical Bulk,8097,8097.0,D,2026-08-25,2026-08-25,,,,ATLANTIC,
2026-08-24,VISAKHAPATNAM,Expected,,MV BRILLIANT ADVANCE,,,IRON ORE PELLETS,Dry/General Bulk,76000,76000.0,L,2026-08-26,,,,,JYOTHI,
2026-08-24,VISAKHAPATNAM,Expected,,MV MEDWAY SPIRIT,,,CP COKE,Dry/General Bulk,15000,15000.0,L,2026-08-26,,,,,ESHWAR,
2026-08-24,VISAKHAPATNAM,Expected,,MV JPS BARCELONA,,,DAP,Other,52552,52552.0,D,2026-08-26,,,,,ANLINE SHIPPING,
2026-08-24,VISAKHAPATNAM,Expected,,MV DORIC ARMOUR,,,COKING COAL,Dry/General Bulk,46506,46506.0,D,2026-08-26,,,,,IMPERIAL,
2026-08-24,VISAKHAPATNAM,Expected,,MV RED AZALEA,,,PET COKE,Dry/General Bulk,52069,52069.0,D,2026-08-26,,,,,JYOTHI,
2026-08-24,VISAKHAPATNAM,Expected,,MV SM MANALI,,,CONTAINERS,Container,40000,40000.0,D/L,2026-08-26,,,,,SIMA MARINE,
2026-08-24,VISAKHAPATNAM,Expected,,MT TG TAURAS,,,PHOSPHERIC ACID,Other,10260,10260.0,D,2026-08-27,,,,,RDS OIL,
2026-08-24,VISAKHAPATNAM,Expected,,MV FUBAO,,,ANTHRACITE COAL,Dry/General Bulk,44000,44000.0,D,2026-08-27,,,,,INTEGRAL,
2026-08-24,VISAKHAPATNAM,Expected,,MV PIONEER KIRA,,,"STONE AGGREGATE,CEMENT & GENERAL CARGO",Dry/General Bulk,20000,20000.0,L,2026-08-28,,,,,FAIRMACS,COASTAL
2026-08-24,VISAKHAPATNAM,Expected,,MV FREE SAILING,,,PET COKE,Dry/General Bulk,31044,31044.0,D,2026-08-28,,,,,SAI SAMRAT,
2026-08-24,VISAKHAPATNAM,Expected,,MV PAS SUNRISE,,,PROJECT CARGO [44 PKGS],Other,1742,1742.0,D,2026-08-28,,,,,J.M.BAXI,
2026-08-24,VISAKHAPATNAM,Expected,,MV THOR BRAVE,,,MANGANESE ORE,Dry/General Bulk,30000,30000.0,D,2026-08-28,,,,,JYOTHI,
2026-08-24,VISAKHAPATNAM,Expected,,MV DP WORLD THAMIRABARANI,,,CONTAINERS,Container,8500,8500.0,D/L,2026-08-28,,,,,UNIFEEDEER,
2026-08-24,VISAKHAPATNAM,Expected,,MV DP WORLD GODAVARI,,,CONTAINERS,Container,15000,15000.0,D/L,2026-08-28,,,,,UNIFEEDEER,
2026-08-24,VISAKHAPATNAM,Expected,,MT FEATHER,,,FO & LDO,Other,7000,7000.0,D,2026-08-28,,,,,SRAVAN,
2026-08-24,VISAKHAPATNAM,Expected,,MV NORSE MOBILE,,,FERRO MANGANESE & STEEL CARGO,Dry/General Bulk,29200,29200.0,L,2026-08-29,,,,,SAIANS,
2026-08-24,VISAKHAPATNAM,Expected,,LPG/C. TINY DAISY,,,LPG,Other,24000,24000.0,D,2026-08-29,,,,,INTEROCEAN,
2026-08-24,VISAKHAPATNAM,Expected,,MV TRANSTIME,,,NPK,Other,54000,54000.0,D,2026-08-30,,,,,BOTHRA,
2026-08-24,VISAKHAPATNAM,Expected,,MV SORSI,,,MANGANESE ORE,Dry/General Bulk,24000,24000.0,D,2026-08-30,,,,,K.R.SONS,
2026-08-24,VISAKHAPATNAM,Expected,,MV RACOON,,,PET COKE,Dry/General Bulk,5001,5001.0,D,2026-08-31,,,,,JYOTHI,
2026-08-24,VISAKHAPATNAM,Expected,,MV OCEAN ROYAL,,,MANGANESE ORE,Dry/General Bulk,30650,30650.0,D,2026-09-01,,,,,BOTHRA,
2026-08-24,VISAKHAPATNAM,Expected,,MV MOGRAL,,,CONTAINERS,Container,40000,40000.0,D/L,2026-09-01,,,,,SIMA MARINE,
2026-08-24,VISAKHAPATNAM,Expected,,MT ATREBATES,,,CRUDE OIL,Liquid/Chemical Bulk,250000,250000.0,D,2026-09-01,,,,,ATLANTIC,
2026-08-24,VISAKHAPATNAM,Expected,,MV ARIES STAR,,,HARD COAL,Dry/General Bulk,38500,38500.0,D,2026-09-03,,,,,SEATRANS,
2026-08-24,VISAKHAPATNAM,Expected,,MT FLEVES,,,CRUDE OIL,Liquid/Chemical Bulk,142000,142000.0,D,2026-09-03,,,,,ATLANTIC,
2026-08-24,VISAKHAPATNAM,Expected,,MV SPIRIT OF SEATREK,,,MANGANESE ORE,Dry/General Bulk,22550,22550.0,D,2026-09-04,,,,,BOTHRA,
2026-08-24,VISAKHAPATNAM,Expected,,MV SSL SABARIMALAI,,,CONTAINERS,Container,8500,8500.0,D/L,2026-09-04,,,,,UNIFEEDEER,
2026-08-24,VISAKHAPATNAM,Expected,,MV SSL KRISHNA,,,CONTAINERS,Container,12000,12000.0,D/L,2026-09-06,,,,,UNIFEEDEER,
2026-08-24,VISAKHAPATNAM,Expected,,MV MILAS,,,ROCK PHOSPHATE,Dry/General Bulk,47900,47900.0,D,2026-08-21,,,,,RDS OIL,
2026-08-25,KARAIKAL,Expected,,MV. LADY ANNE,,,COAL,Dry/General Bulk,77000,77000.0,IMP,2026-08-28,2026-08-28,2026-08-30,,,,
2026-08-25,GOPALPUR,Working,MPB-1,MV LH ANTHEA,,,LIMESTONE,Dry/General Bulk,74509,74509.0,D,2026-08-19,2026-08-21,2026-08-26,,,BENLINE,
2026-08-25,GOPALPUR,Waiting,MPB-2,MV MOSKHA,,,IRON ORE FINES,Dry/General Bulk,54880,54880.0,L,2026-08-20,2026-08-25,2026-08-28,,,NAVSHIP,
2026-08-25,CHENNAI,Working,JD2S,TORM DUBAI,,,CSFOIL,Other,15700,15700.0,D,2026-08-23,2026-08-23,2026-08-26,,,GAC,
2026-08-25,CHENNAI,Working,BD2,YOU SHEN 10,,,B OIL,Other,2553,2553.0,D,2026-08-25,2026-08-25,2026-08-26,,,BENLINE,
2026-08-25,CHENNAI,Working,CB1,AST RISING,,,IMDG CONT,Other,98,98.0,L,2026-08-12,2026-08-24,2026-08-26,,,PEARL,
2026-08-25,CHENNAI,Waiting,BD2,WINNER,,,CPOIL,Other,15000,15000.0,D,2026-08-25,2026-08-25,2026-08-27,,,SEAPORT,
2026-08-25,CHENNAI,Expected,WQ1,PEBBLES,,,L.OIL,Other,RVRT,,D/L,2026-08-26,2026-08-26,2026-08-28,,,SEAPOL,
2026-08-25,CHENNAI,Expected,BD2,SC SOLARIS,,,CPOIL,Other,12000,12000.0,D,2026-08-26,2026-08-26,2026-08-29,,,SAMSARA,
2026-08-25,CHENNAI,Expected,WQ3,CENTURION MEVIA,,,SCOIL/ HRCOIL/ ST.WI.ROD/ ST.PLATE,Dry/General Bulk,27937/1393/ 500/ 1651,,D/D/D/D,2026-08-28,2026-08-28,2026-08-30,,,PAREKH,
2026-08-25,CHENNAI,Expected,JD1/SQ1,HT LOTUS,,,FLOU,Other,10000,10000.0,D,2026-08-28,2026-08-28,2026-09-02,,,SEAGREEN,
2026-08-25,CHENNAI,Expected,WQ3/CQ,HOSEI CROWN,,,SCOIL/ STWIROD/ ST.PLATE/MACH,Dry/General Bulk,6889 / 886 / 104 / 12,,D/D/D/D,2026-08-28,2026-08-28,2026-08-30,,,PUYVAST,
2026-08-25,CHENNAI,Expected,JD6/2/5,ECO CHEYENNE,,,PROJ,Other,110,110.0,L,2026-08-29,2026-08-29,2026-08-31,,,MARCONS,
2026-08-25,CHENNAI,Expected,JD2/4,RACOON,,,PIG IRON,Dry/General Bulk,2050,2050.0,D,2026-08-29,2026-08-29,2026-08-30,,,PEARL,
2026-08-25,CHENNAI,Expected,,AL MANHAL,,,PROJ,Other,,,,2026-08-29,2026-08-29,2026-08-30,,,BENLINE,
2026-08-25,CHENNAI,Expected,WQ1/2,GLOVIS SPIRIT,,,CARS,Other,4000,4000.0,L,2026-08-30,2026-08-30,2026-08-31,,,CARTRANS,
2026-08-25,CHENNAI,Expected,JD2/4/6,BANGLAR JOYJATRA,,,J.BAG/BARITES,Other,"15,000/4,000",,L,2026-08-31,2026-08-31,2026-09-03,,,GENID,
2026-08-25,CHENNAI,Expected,JD2/4/6,BBC NORFOLK,,,PROJ,Other,13,13.0,L,2026-09-03,2026-09-03,2026-09-05,,,MARCONS,
2026-08-25,ENNORE,Working,CB1,Vishva Jyoti,,,T.COAL,Dry/General Bulk,68500,68500.0,D,2026-08-19,CB1,2026-08-26,,,SEAGREEN,COASTAL
2026-08-25,ENNORE,Working,CB2,APJ Angad 2,,,T COAL,Dry/General Bulk,75000,75000.0,D,2026-08-23,CB2,2026-08-25,,,JESPA,COASTAL
2026-08-25,ENNORE,Working,CB3,APJ Indrani,,,T COAL,Dry/General Bulk,76000,76000.0,D,2026-08-24,CB3,2026-08-27,,,SEAPORT,COASTAL
2026-08-25,ENNORE,Working,MLT,LPG/C BW Kizoku,,,Propane/Butane,Liquid/Chemical Bulk,20800,20800.0,D,2026-08-20,MLT,2026-08-25,,,Interocean,
2026-08-25,ENNORE,Working,EBTPL,Fortune Sunshine,,,L.STONE,Other,71037,71037.0,D,2026-08-18,EBTPL,2026-08-26,,,PEARL/KANNO,
2026-08-25,ENNORE,Waiting,ECTPL,SUNRISE I,,,S COAL,Dry/General Bulk,40952,40952.0,D,2026-08-15,RVRT,RVRT,,,PEARL,
2026-08-25,ENNORE,Waiting,ECTPL,STAR EVA,,,S COAL,Dry/General Bulk,103901,103901.0,D,2026-08-15,RVT,RVRT,,,MERCHANT,
2026-08-25,ENNORE,Waiting,ECTPL,Venus Star,,,S COAL,Dry/General Bulk,78547,78547.0,D,2026-08-16,RVRT,RVRT,,,GAC,
2026-08-25,ENNORE,Waiting,MLT,LPG/C BW Njord,,,Propane/Butane,Liquid/Chemical Bulk,22000,22000.0,D,2026-08-24,2026-08-30,2026-08-31,,,ATLANTIC,
2026-08-25,ENNORE,Waiting,MLT,LPG/C Maple Gas,,,Propane/Butane,Liquid/Chemical Bulk,21000,21000.0,D,2026-08-24,2026-09-03,2026-09-04,,,Interocean,
2026-08-25,ENNORE,Waiting,CB1,APJ Kabir Anand,,,T COAL,Dry/General Bulk,75000,75000.0,D,2026-08-24,2026-08-26,2026-08-28,,,SEAPORT,COASTAL
2026-08-25,ENNORE,Expected,MLT,Sanmar Swara,,,HSD/MS,Liquid/Chemical Bulk,35000,35000.0,D,2026-08-25,2026-08-25,2026-08-27,,,SAMSARA,COASTAL
2026-08-25,ENNORE,Expected,GCB,EUPHRATE HIGHWAY,,,AUTOMOBILE,Other,600,600.0,L,2026-08-25,2026-08-25,2026-08-26,,,K-STEAM,
2026-08-25,ENNORE,Expected,MLT,Prime Grandeur,,,HSD,Liquid/Chemical Bulk,3200,3200.0,D,2026-08-25,2026-08-27,2026-08-28,,,GREAT,COASTAL
2026-08-25,ENNORE,Expected,EBTPL,SCORPIO HONOUR,,,GYPSUM,Dry/General Bulk,56000,56000.0,D,2026-08-27,2026-08-27,2026-08-30,,,MINSOTRANS,
2026-08-25,ENNORE,Expected,GCB,Sara Leader,,,AUTOMOBILE,Other,2300,2300.0,L,2026-08-28,2026-08-28,2026-08-29,,,NYK,
2026-08-25,ENNORE,Expected,GCB,HoeghTirdent,,,AUTOMOBILE,Other,800,800.0,L,2026-08-28,2026-08-29,2026-08-30,,,MERCHANT,
2026-08-25,ENNORE,Expected,GCB,Garnet Ace,,,AUTOMOBILE,Other,2100,2100.0,L,2026-08-29,2026-08-30,2026-08-31,,,MOL,
2026-08-25,ENNORE,Expected,GCB,HOEGH TROOPER,,,AUTOMOBILE,Other,800,800.0,L,2026-08-31,2026-08-31,2026-09-01,,,MERCHANT,
2026-08-25,ENNORE,Expected,EBTPL,Glorieuse,,,ST BLOOMS/R BAR,Other,10000,10000.0,L,2026-08-31,2026-08-31,2026-09-03,,,SEAGREEN,
2026-08-25,ENNORE,Expected,MLT,Blue Phoneix,,,CHEMICAL,Other,2600,2600.0,D,2026-08-01,2026-08-01,2026-08-02,,,Wilhelmsen,
2026-08-25,ENNORE,Expected,MLT,Daewoo Diamond,,,CHEMICAL,Other,1500,1500.0,D,2026-08-04,2026-08-04,2026-08-05,,,Wilhelmsen,
2026-08-25,KRISHNAPATNAM,Working,WB-3,MV ELISAR,,,MOP,Other,35100,35100.0,D,2026-08-24,2026-08-25,2026-08-29,RUSSIA,,TAURUS SHIPPING,
2026-08-25,KRISHNAPATNAM,Working,WB-2,MV CL DEMOCRACY,,,COAL,Dry/General Bulk,38498.97,38498.97,D,2026-08-21,2026-08-21,2026-08-25,USA,,PAREKH MARINE,
2026-08-25,KRISHNAPATNAM,Working,WB-1,MT CHEM STAR,,,CPO,Other,9930.7430000000004,9930.743,D,2026-08-23,2026-08-23,2026-08-25,DUMAI,,SUN SHIPPING AGENCY,
2026-08-25,KRISHNAPATNAM,Working,S4,MV SKIATHOS,,,COAL,Dry/General Bulk,77070,77070.0,D,2026-08-21,2026-08-24,2026-08-28,PARADIP,,GAC SHIPPING PVT LTD.,
2026-08-25,KRISHNAPATNAM,Working,8,MV AFRICAN ISABELLE,,,COAL,Dry/General Bulk,62250,62250.0,D,2026-08-22,2026-08-24,2026-08-26,PARADIP,,SARAT CHATTERJEE & CO (VSP) PVT LTD,
2026-08-25,KRISHNAPATNAM,Working,7,MV RIPLEY PINNACLE,,,COAL,Dry/General Bulk,75260,75260.0,D,2026-08-22,2026-08-24,2026-08-27,PARADIP,,GAC SHIPPING PVT LTD.,
2026-08-25,KRISHNAPATNAM,Working,6,MV GIORGAKIS,,,COAL,Dry/General Bulk,77770,77770.0,D,2026-08-23,2026-08-24,2026-08-26,PARADIP,,SARAT CHATTERJEE & CO (VSP) PVT LTD,
2026-08-25,KRISHNAPATNAM,Working,5,MV CPT DIMITRIOS S,,,COAL,Dry/General Bulk,37295,37295.0,D,2026-08-24,2026-08-25,2026-08-27,RUSSIA,,UNICORN MARITIMES (INDIA) PVT LTD,
2026-08-25,KRISHNAPATNAM,Working,4,MV CP GIXON,,,DAP,Other,49500,49500.0,D,2026-08-23,2026-08-23,2026-08-28,SAUDI ARABIA,,.INTEROCEAN SHIPPING (INDIA) PVT LTD,
2026-08-25,KRISHNAPATNAM,Working,3,MV BAILIAN STAR,,,COAL,Dry/General Bulk,73100,73100.0,D,2026-08-21,2026-08-24,2026-08-27,RUSSIA,,GPR MARITIME AGENCIES.,
2026-08-25,KRISHNAPATNAM,Working,2,MV XIN CHEN HAI YANG,,,SHIP UNLOADERS,Other,4098.8469999999998,4098.847,D,2026-08-19,2026-08-24,2026-09-05,CHINA,,SAMSARA SHIPPING PVT LTD,
2026-08-25,KRISHNAPATNAM,Waiting,5,MV GREAT TRIUMPH,,,LIMESTONE,Dry/General Bulk,75024,75024.0,D,2026-08-25,2026-08-27,2026-08-30,CHINA,,MERCHANT SHIPPING SERVICES PVT. LTD.,
2026-08-25,KRISHNAPATNAM,Waiting,WB-2,MT.GLOBAL JUPITER,,,CPO,Other,9995.4189999999999,9995.419,D,2026-08-25,2026-08-25,2026-08-27,MALAYSIA,,SEAPORT SERVICES PVT.LTD,
2026-08-25,KRISHNAPATNAM,Expected,WB-1,MV DARYA SHAAN,,,CEMENT,Dry/General Bulk,21000,21000.0,L,2026-08-25,2026-08-25,2026-08-28,COCHIN,,MBK LOGISTICS,
2026-08-25,KRISHNAPATNAM,Expected,6,MV BASIC STAR,,,COAL,Dry/General Bulk,79000,79000.0,D,2026-08-25,2026-08-26,2026-08-28,PARADIP,,MERCHANT SHIPPING SERVICES PVT. LTD.,
2026-08-25,KRISHNAPATNAM,Expected,3,MV IONIAN PRINCESS,,,COAL,Dry/General Bulk,73538,73538.0,D,2026-08-26,2026-08-27,2026-08-30,RUSSIA,,GPR MARITIME AGENCIES.,
2026-08-25,KRISHNAPATNAM,Expected,6,MV SEASON TRADER,,,COAL,Dry/General Bulk,78750,78750.0,D,2026-08-26,2026-08-27,2026-08-29,INDONESIA,,BEN LINE AGENCIES INDIA PVT LTD,
2026-08-25,KRISHNAPATNAM,Expected,5,MV MINERAL DEUTSCHLAND,,,IRON ORE FINES,Dry/General Bulk,195128,195128.0,D,2026-08-26,2026-08-30,2026-09-05,"PORT HEDLAND, WESTERN AUSTRALIA",,GPR MARITIME AGENCIES.,
2026-08-25,KRISHNAPATNAM,Expected,3,MV MARAN TRANSPORTER,,,IRON ORE FINES,Dry/General Bulk,165905,165905.0,D,2026-08-26,2026-08-30,2026-09-04,BRAZIL,,GPR MARITIME AGENCIES.,
2026-08-25,KRISHNAPATNAM,Expected,4,MV WHITE FIN,,,UREA,Other,50580.542999999998,50580.543,D,2026-08-26,2026-08-28,2026-09-02,RUSSIA,,SEATRANS MARINE PVT LTD.,
2026-08-25,KRISHNAPATNAM,Expected,WB-2,MT GANDAWATI 2,,,CPO,Other,14999.984,14999.984,D,2026-08-26,2026-08-27,2026-08-30,INDONESIA,,ATLANTIC GLOBAL SHIPPING PVT. LTD,
2026-08-25,KRISHNAPATNAM,Expected,7,MV VISHVA CHETNA,,,COAL,Dry/General Bulk,75000,75000.0,D,2026-08-27,2026-08-27,2026-08-29,PARADIP,,GAC SHIPPING PVT LTD.,
2026-08-25,KRISHNAPATNAM,Expected,8,MV APJ SHIRIN,,,COAL,Dry/General Bulk,54950,54950.0,D,2026-08-27,2026-08-28,2026-08-30,PARADIP,,SARAT CHATTERJEE & CO (VSP) PVT LTD,
2026-08-25,KRISHNAPATNAM,Expected,6,MV RIPLEY PIONEER,,,COAL,Dry/General Bulk,75346,75346.0,D,2026-08-28,2026-08-29,2026-08-31,PARADIP,,GAC SHIPPING PVT LTD.,
2026-08-25,KRISHNAPATNAM,Expected,WB-3,MV MING XI JIU YUE,,,DAP/APS,Other,25600,25600.0,D,2026-08-29,2026-08-29,2026-09-01,"YEOSU, KOREA",,ALAP CARRIERS-OPA SRI SRINIVASA MARINE AGENCIES,
2026-08-25,KRISHNAPATNAM,Expected,3,MV PHOENIX OCEAN,,,LIMESTONE,Dry/General Bulk,73166,73166.0,D,2026-08-31,2026-09-04,2026-09-07,CHINA,,MERCHANT SHIPPING SERVICES PVT. LTD.,
2026-08-25,KRISHNAPATNAM,Expected,4,MV. SENTINEL,,,COAL,Dry/General Bulk,27858,27858.0,D,2026-09-02,2026-09-02,2026-09-05,"MOBILE, USA",,SPARTANS MARINE SERVICES PRIVATE LIMITED,
2026-08-25,KRISHNAPATNAM,Expected,8,MV CONSTANTINOS G.O.,,,COAL,Dry/General Bulk,42500,42500.0,D,2026-09-02,2026-09-02,2026-09-04,INDONESIA,,GAC SHIPPING-OPA/ JYOTHI MARINE SERVICES PVT LTD-CA,
2026-08-25,KRISHNAPATNAM,Expected,3,MV GEORGE H,,,COAL,Dry/General Bulk,82306,82306.0,D,2026-09-05,2026-09-05,2026-09-09,"BALTIMORE, USA",,SL SHIPPING PVT LTD,
2026-08-25,KRISHNAPATNAM,Expected,1,MV VITA MELODY,,,COAL,Dry/General Bulk,48871,48871.0,D,2026-05-28,2026-05-28,2026-05-31,INDONESIA,,JYOTHI MARINE,
2026-08-25,KATTUPALLI,Working,CB3,CL LINDY,,,DOLOMITE,Dry/General Bulk,60500,60500.0,D,2026-08-17,2026-08-17,2026-08-26,,,PEARL/SEAGREEN,
2026-08-25,KATTUPALLI,Expected,CB3,NHK FORTUNE,,,TMT BAR,Other,14500,14500.0,D,2026-09-02,2026-09-02,2026-09-06,,,JMB,
2026-08-25,SANDHEADS,Working,,PELOPIDAS,,G'LESS,REVERT,Other,,,,NOT READY,090600,REVERT,,,N/A,
2026-08-25,SANDHEADS,Working,,THERE ARE 4 VIRTUAL ANCHORAGE POINTS AT SAGAR AND 4 VESSELS CAN WORK SIMULTANEOUSLY SUB PORT CONSIDERATION,,,,Other,,,,,,,,,,
2026-08-25,SANDHEADS,Working,,"VESSEL'S BERTHING MOVEMENT DEPENDS ON ALL FAVORABLE CONDITIONS SUCH AS CGO DOCS READINESS, VSL'S SENIORITY,",,,,Other,,,,,,,,,,
2026-08-25,SANDHEADS,Working,,"WEATHER CONDITIONS, CONGESTION & BERTH AVAILABILITY",,,,Other,,,,,,,,,,
2026-08-25,SANDHEADS,Working,,Port Working Hours: 24 x 7 basis,,,,Other,,,,,,,,,,
2026-08-25,SANDHEADS,Working,,COASTAL VESSELS HAVE OUSTING PRIORITY,,,,Other,,,,,,,,,,
2026-08-25,SAGAR,Waiting,,MV. WELL DREAM,,GEARED,LIMESTONE,Dry/General Bulk,,,,2026-08-30,2026-08-31,2026-09-01,,,GAC SHIPPING,
2026-08-25,HALDIA,Working,4B,MV. METTLE STARE-I,,GEARLESS,COKING COAL,Dry/General Bulk,32000,32000.0,DISCH,2025-10-22,2025-10-23,2025-10-24,,TATA STEEL,TMILL,
2026-08-25,HALDIA,Working,9,MV. GRACE LOUISE,,GEARLESS,COKING COAL,Dry/General Bulk,34000,34000.0,DISCH,2026-08-22,2026-08-23,2026-08-26,,TATA STEEL,TMILL,USA
2026-08-25,HALDIA,Working,1,M.V. RISOLUTO,,GEARLESS,LIMESTONE,Dry/General Bulk,36152,36152.0,DISCH,2026-08-23,2026-08-24,2026-08-26,,TATA STEEL,TMILL,ZHANJIANG
2026-08-25,HALDIA,Working,13,M.V. GREEK SEAS,,GEARLESS,LIMESTONE,Dry/General Bulk,35680,35680.0,DISCH,2026-08-23,2026-08-24,2026-08-26,,TATA STEEL,TMILL,FENGCHENG
2026-08-25,HALDIA,Working,14,M.V. AGRAFA,,GEARED,MANGANIES ORE,Other,23000,23000.0,DISCH,2026-08-24,2026-08-25,2026-08-26,,VARIOUS,BEN LINE,LIBREVILLE
2026-08-25,HALDIA,Working,10,MV. ATP FORTUNE,,GEARED,MANGANESE ORE,Dry/General Bulk,29000,29000.0,DISCH,2026-08-22,2026-08-23,2026-08-28,,SHYAM SEL / SHYAM FERRO,INTEROCEAN,PORT ELIZABETH
2026-08-25,HALDIA,Waiting,1,M.V. SAKIZAYA XCEL,,GEARLESS,LIMESTONE,Dry/General Bulk,33000,33000.0,DISCH,2026-08-24,2026-08-26,2026-08-28,,TATA STEEL,KANOO SHIPPING,FENGCHENG
2026-08-25,HALDIA,Waiting,13,MV W HUANG PU,,GEARED,ROCK PHOSPHATE,Dry/General Bulk,18700,18700.0,DISCH,2026-08-22,2026-08-26,2026-08-28,,VARIOUS,ALAP,SAUDI ARAB
2026-08-25,HALDIA,Waiting,9,MV. ASAHI BULKER,,GEARED,LENTILS,Other,16824,16824.0,DISCH,2026-08-19,2026-08-27,2026-08-31,,VARIOUS,GAC SHIPPING,AUSTRALIA
2026-08-25,HALDIA,Waiting,13,MV CHOLA UNITY,,GEARLESS,LIMESTONE,Dry/General Bulk,36000,36000.0,DISCH,2026-08-23,2026-08-26,2026-08-28,,PARAG,ALAP,SALALAH
2026-08-25,HALDIA,Expected,3,M.V. RIPLEY PROGRESS,,GEARLESS,THERMAL COAL,Dry/General Bulk,30000,30000.0,LOAD,2026-08-26,2026-08-26,2026-08-28,,APPDCL,SEATRANS,
2026-08-25,HALDIA,Expected,"2,8,9 & 13",M.V. DARLEAKAY,,GEARED,MANGANIES ORE,Other,17970,17970.0,DISCH,2026-08-26,2026-08-28,2026-08-30,,VARIOUS,BEN LINE,LIBREVILLE
2026-08-25,HALDIA,Expected,12,M.V. OAK ANTON,,GEARLESS,NUT COKE,Dry/General Bulk,34000,34000.0,DISCH,2026-08-26,2026-08-28,2026-08-30,,VARIOUS,SAKURA,BAHUDOPI
2026-08-25,HALDIA,Expected,5,M.V. YPERION,,GEARLESS,PCI COAL,Dry/General Bulk,31643,31643.0,DISCH,2026-08-26,2026-08-28,2026-08-30,,TSL,TMILL,AUSTRALIA
2026-08-25,HALDIA,Expected,"2,8,9 & 13",M.V. DIAMOND TRADER,,GEARLESS,STEAM COAL,Dry/General Bulk,30000,30000.0,DISCH,2026-08-26,2026-08-29,2026-08-31,,SARAOGI UDYOG,GAC,QINZHOU
2026-08-25,HALDIA,Expected,"2,8,9 & 13",M.V. TAN BINH 267,,GEARED,MANGANIES ORE,Other,29019,29019.0,DISCH,2026-08-27,2026-08-29,2026-08-31,,VARIOUS,SEA JEWEL,LIBREVILLE
2026-08-25,HALDIA,Expected,"2,8,9 & 13",MV. ECO DIAGON ALLEY,,GEARLESS,COKING COAL,Dry/General Bulk,,,DISCH,2026-08-28,2026-08-29,2026-08-31,,SAIL,V OCEAN,NAKODKA
2026-08-25,HALDIA,Expected,"2,8,9 & 13",M.V. KM LONDON,,GEARLESS,STEAM COAL,Dry/General Bulk,20000,20000.0,DISCH,2026-08-29,2026-08-31,2026-09-02,,VARIOUS,ALAP,QINZHOU
2026-08-25,HALDIA,Expected,"2,8,9 & 13",M.V. WELL DREAM,,GEARED,LIMESTONE,Dry/General Bulk,4000/22639,,DISCH,2026-08-30,2026-09-02,2026-09-04,,SHYAM SEL AND POWER,GAC,DIBBA PORT
2026-08-25,HALDIA,Expected,"2,8,9 & 13",M.V. JY OCEAN,,GEARED,LIMESTONE,Dry/General Bulk,30000,30000.0,DISCH,2026-08-30,2026-09-01,2026-09-03,,TSL,TMILL,FANGCHENG
2026-08-25,HALDIA,Expected,"2,8,9 & 13",M.V. STELLA NAVIS,,GEARLESS,COKING COAL,Dry/General Bulk,35000,35000.0,DISCH,2026-08-31,2026-09-01,2026-09-03,,SHYAM SEL AND POWER,GAC,HAYPOINT
2026-08-25,DHAMRA,Working,B - 1/17.2/350,MV CAPE SUNRISE,PANAMAX,,STEAM COAL,Dry/General Bulk,,,DISCHARGE,2026-08-22,B - 1/17.2/350,2026-08-25,,ADANI ENTERPRISES LTD,GAC,
2026-08-25,DHAMRA,Working,B- 2/17.2/350,MV ANDROS SPIRIT,PANAMAX,,COKING COAL,Dry/General Bulk,,,DISCHARGE,2026-08-23,B- 2/17.2/350,2026-08-26,,ADANI ENTERPRISES LTD,JYOTHI/GPR,
2026-08-25,DHAMRA,Working,B -3/17/350,MV CHOLA MELODY,PANAMAX,,THERMAL COAL,Dry/General Bulk,,,LOADING,2026-08-21,B -3/17/350,2026-08-26,,NTECL,BOTHRA/JM BOXI,
2026-08-25,DHAMRA,Working,B-3 A /14.5/350,MV SAFESEA SINDOOR,HANDIMAX,,STEEL SLAB,Dry/General Bulk,,,LOADING,2026-08-21,B-3 A /14.5/350,2026-08-27,,JINDAL STEEL LTD,JM BAXI,
2026-08-25,DHAMRA,Working,B-3A S /13.5,MV SERENITY,HANDIMAX,,HR COIL,Other,,,LOADING,2026-08-20,B-3A S /13.5,2026-08-27,,TATA,TMIL,
2026-08-25,DHAMRA,Working,B-4/17/300,MV TCLC LUZHOU,HANDIMAX,,SLAG,Other,,,LOADING,2026-08-23,B-4/17/300,2026-08-28,,TATA,SMPL,
2026-08-25,DHAMRA,Working,B-5/17/300,MV BASIS FORTUNE,PANAMAX,,THERMAL COAL,Dry/General Bulk,,,LOADING,2026-08-20,B-5/17/300,2026-08-28,,MOXIE POWER,GAC,
2026-08-25,DHAMRA,Waiting,B-3,MV ENGIADINA,HANDIMAX,,IRON ORE PELLETS,Dry/General Bulk,55000 MT,55000.0,LOADING,2026-08-11,2026-08-26,2026-08-27,,RUNGTA MINES,INFINITY,
2026-08-25,DHAMRA,Waiting,B-3A,MV PAC AGENA,HANDIMAX,,HR COIL,Other,30000 MT,30000.0,DISCHARGE,2026-08-21,2026-08-27,2026-08-30,,TATA,TMIL,
2026-08-25,DHAMRA,Waiting,B-3A,MV PAS BLUE WAVE,HANDIMAX,,HR COIL,Other,30000 MT,30000.0,DISCHARGE,2026-08-22,2026-08-30,2026-09-02,,TATA,TMIL,
2026-08-25,DHAMRA,Waiting,B-3AS,MV SYMI,HANDIMAX,,DAP,Other,54999 MT,54999.0,DISCHARGE,2026-08-23,2026-08-27,2026-09-01,,IIPL,KANHU SHIPPING,
2026-08-25,DHAMRA,Waiting,B-1,MV SHIN SHUN,CAPE,,STEAM COAL,Dry/General Bulk,109523 MT,109523.0,DISCHARGE,2026-08-24,2026-08-25,2026-08-28,,RUNGTA MINES,GAC,
2026-08-25,DHAMRA,Expected,B-5,MV JY OCEAN,PANAMAX,,LIMESTONE,Dry/General Bulk,45000 MT,45000.0,DISCHARGE,2026-08-25,2026-08-28,2026-08-31,,TATA,TMIL,
2026-08-25,DHAMRA,Expected,B-2,MV CAPE CRANE,CAPE,,COKING COAL,Dry/General Bulk,163000 MT,163000.0,DISCHARGE,2026-08-25,2026-08-26,2026-08-30,,TATA,TMIL,
2026-08-25,DHAMRA,Expected,B-1,MV NEW EXPLORER,PANAMAX,,PCI COAL,Dry/General Bulk,76000 MT,76000.0,DISCHARGE,2026-08-26,2026-08-28,2026-08-30,,FEE GRADE,SMPL/INFINITY,
2026-08-25,DHAMRA,Expected,B-3,MV APJ JAOUAD,PANAMAX,,THERMAL COAL,Dry/General Bulk,74000 MT,74000.0,LOADING,2026-08-26,2026-08-27,2026-08-30,,TANGEDCO,JIGSAN,
2026-08-25,DHAMRA,Expected,B-2,MV STELLA NAVIS,PANAMAX,,COKING COAL,Dry/General Bulk,45000 MT,45000.0,DISCHARGE,2026-08-27,2026-08-30,2026-08-31,,SHYAM METALIKS,GAC,
2026-08-25,DHAMRA,Expected,B-5,MV GCL TAPI,PANAMAX,,LIMESTONE,Dry/General Bulk,105999 MT,105999.0,LOADING,2026-08-31,2026-08-31,2026-09-05,,TATA,TMIL/MERCHANT,
2026-08-25,PARADIP PORT,Waiting & Expected,,MV. PICTOR,,224.94/14.20,ROCK PHOSPHATE,Dry/General Bulk,74203 MT,74203.0,DISCHARGE,26/1130 HRS,,,HIGH SEAS,IFFCO,JMS,
2026-08-25,PARADIP PORT,Waiting & Expected,,MT. SEA GULL 9,,127.52/8.00,CRD PALMOIL,Other,10000 MT,10000.0,DISCHARGE,24/0730 HRS,,,HIGHSEAS,ADANI WILMAR,AGS,
2026-08-25,PARADIP PORT,Waiting & Expected,,MV. GREEN K MAX 2,,229.00/14.45,THERMAL COAL,Dry/General Bulk,65000 MT,65000.0,LOADING,18/1724 HRS,2026-08-25,2026-08-26,ENNORE,OPG,SEA SHIPS,SUB TO READINESS
2026-08-25,PARADIP PORT,Waiting & Expected,,MV. CHOLA TREASURE,,225.00/,THERMAL COAL,Dry/General Bulk,69000 MT,69000.0,LOADING,22/1700 HRS,2026-08-26,2026-08-27,HIGH SEAS,TNPGCL,SEAPORT,SUB TO READINESS
2026-08-25,PARADIP PORT,Waiting & Expected,,MV. CRIMSON GRACE,,199.98/,THERMAL COAL,Dry/General Bulk,18762 MT,18762.0,LOADING,22/2248 HRS,2026-08-27,2026-08-28,ENNORE,OPG,SEA SHIPS,SUB TO READINESS
2026-08-25,PARADIP PORT,Waiting & Expected,,MV. APJ SETHU,,224.86/,THERMAL COAL,Dry/General Bulk,69000 MT,69000.0,LOADING,24/0024 HRS,2026-08-26,2026-08-27,HIGH SEAS,TNPGCL,SEAPORT,SUB TO READINESS
2026-08-25,PARADIP PORT,Waiting & Expected,,MV. DECCAN PRIDE,,225.00/,THERMAL COAL,Dry/General Bulk,73700 MT,73700.0,LOADING,26/0800 HRS,2026-08-27,2026-08-28,KRISHNAPATNAM,SEMBCORP,J M BAXIMSPL,SUB TO READINESS
2026-08-25,PARADIP PORT,Waiting & Expected,,MV. APJ JAOUAD,,225.00/,THERMAL COAL,Dry/General Bulk,75000 MT,75000.0,LOADING,26/0900 HRS,2026-08-27,2026-08-28,HIGH SEAS,TNPGCL,SEAPORT,SUB TO READINESS
2026-08-25,PARADIP PORT,Waiting & Expected,,MV. CHOLA LEGACY,,228.99/,THERMAL COAL,Dry/General Bulk,69000 MT,69000.0,LOADING,26/1800 HRS,2026-08-27,2026-08-28,HIGH SEAS,TNPGCL,SEAPORT,SUB TO READINESS
2026-08-25,PARADIP PORT,Waiting & Expected,,MV. GIORGAKIS,,229.00/14.50,THERMAL COAL,Dry/General Bulk,78000 MT,78000.0,LOADING,28/0600 HRS,2026-08-28,2026-08-29,KRISHNAPATNAM,SEMBCORP,SCC(VSP),SUB TO READINESS
2026-08-25,PARADIP PORT,Waiting & Expected,,MV. SSI IRRESISTIBLE,,229.00/14.50,THERMAL COAL,Dry/General Bulk,81000 MT,81000.0,LOADING,30/0600 HRS,2026-08-30,2026-09-01,ENNORE,NTECL/SARAT,BOTHRA,SUB TO READINESS
2026-08-25,PARADIP PORT,Waiting & Expected,,MV TAN BINH 259,,175.53/9.50,STEEL COILS,Dry/General Bulk,25391 MT,25391.0,DISCHARGE,22/1625 HRS,2026-08-27,2026-08-31,BAHODOPI,JINDAL STAINLESS,SSS,SUB TO READINESS
2026-08-25,PARADIP PORT,Waiting & Expected,,MV. DELAVITA,,229.00/7.50,PIG IRON,Dry/General Bulk,60500 MT,60500.0,LOADING,10/0130 HRS,2026-08-27,2026-09-01,SINGAPORE,RAMSARUP,GAC,SUB TO READINESS
2026-08-25,PARADIP PORT,Waiting & Expected,,MV. AM PROGRESS,,176.54/,STEEL SLAB,Dry/General Bulk,30000 MT,30000.0,LOADING,14/0536 HRS,2026-08-28,2026-09-01,NEWPORT,TATA,TMIL,SUB TO READINESS
2026-08-25,PARADIP PORT,Waiting & Expected,,MV. PROPEL PEACE,,179.99/,STEEL SLAB,Dry/General Bulk,31000 MT,31000.0,LOADING,19/0130 HRS,2026-09-01,2026-09-04,HIGH SEAS,TATA,TMIL,SUB TO READINESS
2026-08-25,PARADIP PORT,Waiting & Expected,,MV. MSC MAKOTO II,,175.49/7.50,CONTAINER,Container,350 MT,350.0,LOADING,19/2306 HRS,2026-08-28,2026-08-29,COLOMBO,MSC AGENGY,MSC AGENGY,CONTAINER PRIORITY
2026-08-25,PARADIP PORT,Waiting & Expected,,MV. NIKGENIOUS,,199.90/13.06,A. SULPHATE,Dry/General Bulk,31500 MT,31500.0,DISCHARGE,22/1700 HRS,2026-09-01,2026-09-05,XIUYU,HURL,ADMIRAL,SUB TO READINESS
2026-08-25,PARADIP PORT,Waiting & Expected,,MV. AP QUEEN,,110.67/8.77,FERRO NICKLE,Other,8250 MT,8250.0,DISCHARGE,23/1150 HRS,2026-09-04,2026-09-06,INDONESIA,JSL,PAREKH,SUB TO READINESS
2026-08-25,PARADIP PORT,Waiting & Expected,,MV. PAULA TRADER,,179.90/7.43,STEEL SQUARE TUBES,Dry/General Bulk,4000 MT,4000.0,LOADING,25/1800 HRS,2026-09-05,2026-09-06,HOUSTON,APL APOLLO TUBES,,SUB TO READINESS
2026-08-25,PARADIP PORT,Waiting & Expected,,MV. KIRRIBILLI,,228.99/14.49,COKING COAL,Dry/General Bulk,79611 MT,79611.0,DISCHARGE,25/2330 HRS,2026-08-26,2026-08-28,HAYPOINT,TATA/NINL,TMIL,SUB TO READINESS
2026-08-25,PARADIP PORT,Waiting & Expected,,MV. SENTINEL,,200.00/,COAL,Dry/General Bulk,32550 MT,32550.0,DISCHARGE,07/09/26 HRS,2026-09-07,2026-09-08,HIGH SEAS,VULCAN,SPARTANS,SUB TO READINESS
2026-08-25,PARADIP PORT,Waiting & Expected,,MV. ALASIA,,199.98/12.50,IRON ORE FINES,Dry/General Bulk,50000 MT,50000.0,LOADING,17/1310 HRS,,,MUMBAI,JSW,SSS,
2026-08-25,PARADIP PORT,Waiting & Expected,,MV. OCEAN WINNER,,225.00/14.35,IRON ORE FINES,Dry/General Bulk,73000 MT,73000.0,LOADING,05/2118 HRS,,,CHINA,OCL IRON,BOTHRA,
2026-08-25,PARADIP PORT,Waiting & Expected,,MV. GEOSTAR,,199.98/13.10,IRON ORE FINES,Dry/General Bulk,57000 MT,57000.0,LOADING,18/2212 HRS,,,CHINA,BAGADIYA,SSS,
2026-08-25,PARADIP PORT,Waiting & Expected,,MV. CHOLA DESTINY,,229.00/14.00,IRON ORE PELLET,Dry/General Bulk,75000 MT,75000.0,LOADING,25/1000 HRS,,,HAJIRA,AMNSIL,SAMSARA,
2026-08-25,PARADIP PORT,Waiting & Expected,,MV. CAPT EUGENE,,189.99/,IRON ORE PELLET,Dry/General Bulk,54500 MT,54500.0,LOADING,25/2230 HRS,,,CHINA,SJSPL,ACEC,
2026-08-25,PARADIP PORT,Waiting & Expected,,MV. GREEK SEAS,,229.00/14.00,IRON ORE PELLET,Dry/General Bulk,75000 MT,75000.0,LOADING,26/0600 HRS,,,CHINA,AMNSIL,SAMSARA,
2026-08-25,PARADIP PORT,Waiting & Expected,,MV.CAPTAIN PANAGIS,,199.90/,IRON ORE FINES,Dry/General Bulk,58000 MT,58000.0,LOADING,27/2300 HRS,2026-08-28,2026-08-29,CHINA,SESA MINING,SPARTANS,
2026-08-25,PARADIP PORT,Waiting & Expected,,MT. ALDAN,,243.79/13.90,CRUDE OIL,Liquid/Chemical Bulk,93429 MT,93429.0,DISCHARGE,21/0218 HRS,,,HIGH SEAS,IOCL PLD,AGS,
2026-08-25,PARADIP PORT,Waiting & Expected,,MT. MARJORIE,,274.00/15.70,CRUDE OIL,Liquid/Chemical Bulk,140894 MT,140894.0,DISCHARGE,26/0600 HRS,,,HIGHSEAS,IOCL PLD,J M BAXIMSPL,
2026-08-25,PARADIP PORT,Waiting & Expected,,MT. AYAT,,179.99/11.40,CRUDE OIL,Liquid/Chemical Bulk,37861 MT,37861.0,DISCHARGE,26/1500 HRS,,,CHENNAI,IOCL PLD,AGS,
2026-08-25,PARADIP PORT,Waiting & Expected,,MT. ATOKOS,,332.95/19.65,CRUDE OIL,Liquid/Chemical Bulk,258557 MT,258557.0,DISCHARGE,28/0700 HRS,,,CHENNAI,IOCL PLD,AGS,
2026-08-25,PARADIP PORT,Waiting & Expected,,MT. SOPRANO SERENE,,179.88/11.80,HSD/M.SPIRIT,Liquid/Chemical Bulk,19500 MT,19500.0,DISCHARGE,01/1000 HRS,,,HALDIA,BPCL,AGS,
2026-08-25,PARADIP PORT,Waiting & Expected,,MT. SWARNA PUSHP,,184.95/8.10,ATF,Liquid/Chemical Bulk,9000 MT,9000.0,LOADING,13/0036 HRS,,,HIGHSEAS,IOCL,AGS,RE-ANCH
2026-08-25,PARADIP PORT,Waiting & Expected,,MT. NILE RIVER,,229.00/11.90,BUTANE/PROPAN,Liquid/Chemical Bulk,28000 MT,28000.0,DISCHARGE,22/0500 HRS,,,HALDIA,IOCL,AGS,
2026-08-25,PARADIP PORT,Waiting & Expected,,MT. FAIRWAY,,171.26/,M.SPIRIT/NAPTH,Liquid/Chemical Bulk,15000 MT,15000.0,LOADING,23/1800 HRS,,,HIGHSEAS,IOCL,AGS,
2026-08-25,PARADIP PORT,Waiting & Expected,,MT. BW POLARIS,,229.90/12.22,BUTANE/PROPAN,Liquid/Chemical Bulk,20000 MT,20000.0,DISCHARGE,25/1000 HRS,,,NEW MANGALORE,IOCL,WILHELMSEN,
2026-08-25,PARADIP PORT,Waiting & Expected,,MT. ANANTHA,,160.50/,LCO,Other,2201 MT,2201.0,LOADING,25/1200 HRS,,,HIGHSEAS,IOCL,ISIPL,
2026-08-25,PARADIP PORT,Waiting & Expected,,MT. TINY DAISY,,225.13/,BUTANE/PROPAN,Liquid/Chemical Bulk,24000 MT,24000.0,DISCHARGE,25/1700 HRS,,,HIGHSEAS,IOCL,ISIPL,
2026-08-25,PARADIP PORT,Waiting & Expected,,MT. ARLON,,189.96/10.60,AMMONIA,Liquid/Chemical Bulk,15000 MT,15000.0,LOADING,25/2215 HRS,,,HIGHSEAS,IFFCO,ISIPL,
2026-08-25,PARADIP PORT,Waiting & Expected,,MT. GAS QUANTUM,,173.70/10.26,AMMONIA,Liquid/Chemical Bulk,23202 MT,23202.0,LOADING,01/0001 HRS,,,HIGHSEAS,IFFCO,SSS,
2026-08-25,PARADIP PORT,Waiting & Expected,,MV. CORNELIA M,,225.00/14.50,METCOKE,Dry/General Bulk,44000 MT,44000.0,DISCHARGE,24/1530 HRS,2026-08-25,2026-08-28,JAPAN,TATA,TMIL,CQ-1
2026-08-25,PARADIP PORT,Waiting & Expected,,MV. RICHLAND SINGAPORE,,228.90/14.50,COKING COAL,Dry/General Bulk,79200 MT,79200.0,DISCHARGE,26/1400 HRS,2026-08-26,2026-08-30,HAYPOINT,SAIL,SSS,MPB
2026-08-25,PARADIP PORT,Waiting & Expected,,MV. SUNRISE I,,228.90/14.46,COKING COAL,Dry/General Bulk,33000 MT,33000.0,DISCHARGE,27/0600 HRS,2026-08-27,2026-08-29,KEMBLA,JSW JFE,GPR MARITIME,CQ-2
2026-08-25,PARADIP PORT,Waiting & Expected,,MV. ASHICO SYMPHONY,,120.93/9.75,FERRO CHROME,Dry/General Bulk,7490 MT,7490.0,LOADING,01/09/26 HRS,2026-09-01,02..09.2026,HIGH SEAS,IMFA,CHOWGULE,
2026-08-25,PARADIP PORT,Waiting & Expected,,MV. SENTINEL,,200.00/,COAL,Dry/General Bulk,32550 MT,32550.0,DISCHARGE,07/09/26 HRS,2026-09-07,2026-09-09,HIGH SEAS,VULCAN,SPARTANS,MPB
2026-08-25,PARADIP PORT,Waiting & Expected,,"PRIORITY BERTHING ALLOWED FOR ALL IMPORT/EXPORT DRY BULK CARGO TO M/S. JSPL, TATA, JSW SAMBALPUR AT GCB.",,,,Other,,,,,,,,,,
2026-08-25,PARADIP PORT,Waiting & Expected,,"VESSEL WHICH CAN NOT PERFORM AS THE REQUIRED PORT NORMS, SHE WILL BE SHIFTED TO ROADS AND HER BERTHING WILL BE DECIDED AS THE LAST VESSEL ON SERIAL.",,,,Other,,,,,,,,,,
2026-08-25,PARADIP PORT,Waiting & Expected,,"MAXIMUM OF TWO COASTAL VESSELS WILL BE TAKEN AT A TIME IN THE CONVENTIONAL BERTH W.E.F 07-OCT-2018,TILL FURTHER ORDER",,,,Other,,,,,,,,,,
2026-08-25,KAKINADA,Waiting,,M.T. SWARNA MALA,,,"DIESEL, MOTOR SPIRIT",Liquid/Chemical Bulk,5654 946,,,2026-08-23,,,,RIL,ATLANTIC,
2026-08-25,KAKINADA,Waiting,,SAILED VESSELS::,,,,Other,,,,,,,,,,
2026-08-25,KAKINADA,Waiting,,M.V. LILA SEOUL,,,,Other,,,,2026-08-19,,,,,,
2026-08-25,KAKINADA,Waiting,,M.V. MAGPIE SW,,,,Other,,,,2026-08-18,,,,,,
2026-08-25,KAKINADA,Expected,,M.V.TRUONG MINH SEA,,,RICE,Dry/General Bulk,50000,50000.0,,2026-08-26,,,,,IMPERIAL,
2026-08-25,KAKINADA,Expected,,M.V.HARILAOS JUNIOR,,,RICE,Dry/General Bulk,42000,42000.0,,2026-08-26,,,,,LORVENS,
2026-08-25,KAKINADA,Expected,,M.V.JABAL SAMHAN,,,COAL,Dry/General Bulk,61200,61200.0,,2026-08-25,,,,AP GENCO,SARAT CHATTERJEE,
2026-08-25,KAKINADA,Expected,,M.V. SALT LAKE,,,NPK,Other,65992,65992.0,,2026-08-25,,,,CIL,CROSS TRADE,
2026-08-25,KAKINADA,Expected,,M.T. TG TAURUS,,,PHOSPHORIC ACID,Dry/General Bulk,9164,9164.0,,2026-08-26,,,,CIL,RDS OIL & GAS,
2026-08-25,KAKINADA,Expected,,M.T.STOLT ACER,,,POME-ME (BIO-DIESEL),Other,6000,6000.0,,2026-08-26,,,,KALEESUWARI REFINERY,JM BAXI,
2026-08-25,KAKINADA,Expected,,M.T. GOLDEN ORCHID,,,EDIBLE OIL,Other,7000,7000.0,,2026-08-27,,,,SANTHOSHIMATAA,JAMES,
2026-08-25,KAKINADA,Expected,,M.T.ARLON,,,AMMONIA,Liquid/Chemical Bulk,14940,14940.0,,2026-08-27,,,,CIL,SEATRANS,
2026-08-25,KAKINADA,Expected,,M.V.JIU XU,,,AMMONIUM SULPHATE,Dry/General Bulk,33000,33000.0,,2026-08-27,,,,HINDUSTAN URVAK,PRAVV SHIPPING,
2026-08-25,KAKINADA,Expected,,M.V. AFRICAN DRAGON,,,SULPHUR,Other,17500,17500.0,,2026-08-28,,,,CIL,CROSS TRADE,
2026-08-25,KAKINADA,Expected,,M.V. AMARYLLIS,,,COAL,Dry/General Bulk,76200,76200.0,,2026-08-30,,,,THE RAMCO CEMENTS,ATLANTIC,
2026-08-25,KAKINADA,Expected,,M.V.STAR CLEO,,,UREA,Other,49600,49600.0,,2026-08-31,,,,CIL,AN LINE,
2026-08-25,KAKINADA,Expected,,M.V.RISHABH,,,,Other,,,,2026-02-05,,,,,,
2026-08-25,GANGAVARAM,Working,B3,MV LUCKY SUNDAY,,,LIMESTONE,Dry/General Bulk,77100,77100.0,,2026-08-24,B3,2026-08-27,,RINL,SEATRANS,MECHNICAL CONCEYOR LOADING BERTH
2026-08-25,GANGAVARAM,Working,B4,MV VISHVA NIDHI,,,IRON ORE FINES,Dry/General Bulk,52200,52200.0,,2026-08-24,B4,2026-08-26,,KIOCL,SEAWAYS,
2026-08-25,GANGAVARAM,Working,B6,MV ECO DIAGON ALLEY,,,COKING COAL,Dry/General Bulk,40300,40300.0,,2026-08-25,B6,2026-08-26,,SAIL,V-OCEAN,
2026-08-25,GANGAVARAM,Working,B8,MV AL MANHAL,,,CP COKE,Dry/General Bulk,16499.886999999999,16499.887,,2026-08-22,B8,2026-08-27,,VEDANTA,SPARTANS,CONTAINER BERTH
2026-08-25,GANGAVARAM,Expected,B6,MV XIN QI HANG 1,,,BAUXITE,Dry/General Bulk,63900,63900.0,,2026-08-26,B6,2026-08-28,,VEDANTA,IMPERIAL,
2026-08-25,GANGAVARAM,Expected,B8,MV STAR SHANGHAI,,,UREA,Other,52500,52500.0,,2026-08-26,B8,2026-08-29,,INDIAN POTASH LTD,CHOWGULE,
2026-08-25,GANGAVARAM,Expected,B5,MV ARKTOS,,,COKING COAL,Dry/General Bulk,79261,79261.0,,2026-08-27,B5,2026-08-29,,NMDC,SAI SAMRAT,
2026-08-25,GANGAVARAM,Expected,B2/B3/B8,MV LILA SHANGHAI,,,LIMESTONE,Dry/General Bulk,75250,75250.0,,2026-08-30,B2/B3/B8,,,,,
2026-08-25,GANGAVARAM,Expected,B5/B6,MV VISHVA VIJAY,,,COKING COAL,Dry/General Bulk,77750,77750.0,,2026-08-30,B5/B6,,,NMDC,,
2026-08-25,GANGAVARAM,Expected,B6,MV TRINITY,,,BAUXITE,Dry/General Bulk,54853,54853.0,,2026-09-04,B6,2026-09-06,,PIONEER ALUMINA,RICHMARK,
2026-08-25,VISAKHAPATNAM,Working,OB-2,MV LILA SEOUL,,,IRON ORE PELLETS,Dry/General Bulk,72014,72014.0,L,2026-08-24,OB-2,2026-08-25,,,JYOTHI,
2026-08-25,VISAKHAPATNAM,Working,C.THERMAL,MV HALDI,,,REPAIR PURPOSE,Other,,,,2026-08-23,C.THERMAL,2026-08-27,,,TMILL,
2026-08-25,VISAKHAPATNAM,Working,VGCB,MV NEW AMBITION,,,PCI COAL,Dry/General Bulk,77870,77870.0,D,2026-08-22,VGCB,2026-08-25,,,SPARTANS,
2026-08-25,VISAKHAPATNAM,Working,CB-1,MV HENG HUI 6,,,CONTAINERS,Container,27180,27180.0,D/L,2026-08-24,CB-1,2026-08-25,,,CMA CGM,SAILED
2026-08-25,VISAKHAPATNAM,Working,CB-2,MV WAN HAI 361,,,CONTAINERS,Container,17400,17400.0,D/L,2026-08-25,CB-2,2026-08-26,,,WAN HAI LINES,
2026-08-25,VISAKHAPATNAM,Working,CB-3,MV MARINA VOYAGER,,,CONTAINERS,Container,28703,28703.0,D/L,2026-08-24,CB-3,2026-08-25,,,MAERSK,
2026-08-25,VISAKHAPATNAM,Working,LPG,LPG/C PERTAMINA GAS DAHLIA,,,LPG,Other,23722,23722.0,D,2026-08-19,LPG,2026-08-25,,,ATLANTIC,SAILED
2026-08-25,VISAKHAPATNAM,Working,AVCTPL[EQ-1A],MV TAN BINH 267,,,MANGANESE ORE,Dry/General Bulk,27089,27089.0,D,2026-08-22,AVCTPL[EQ-1A],2026-08-26,,,NAVSHIP,
2026-08-25,VISAKHAPATNAM,Working,[EQ-1] (ADANI),MV BAO CHANG,,,ROCK PHOSPHATE,Dry/General Bulk,48500,48500.0,D,2026-08-14,[EQ-1] (ADANI),2026-08-28,,,RDS OIL & GAS,SHIFTEED TO EQ-1 FROM FB ON 25.08.2026
2026-08-25,VISAKHAPATNAM,Working,EQ-3,MV STAR COPENHAGEN,,,UREA,Other,54266,54266.0,D,2026-08-20,EQ-3,2026-08-31,,,CROSS TRADING,
2026-08-25,VISAKHAPATNAM,Working,EQ-4,MV SSI IRRSISTIBLE,,,AMMONIUM SULPHTE IN BULK,Other,40500,40500.0,D,2026-08-15,EQ-4,2026-08-30,,,SEATRANS,
2026-08-25,VISAKHAPATNAM,Working,EQ-6,MV SPIRIT OF KOBE,,,CP COKE,Dry/General Bulk,20400,20400.0,L,2026-08-21,EQ-6,2026-08-26,,,ESHWAR,
2026-08-25,VISAKHAPATNAM,Working,EQ-8 (VSPL),MV PEAK HAKU,,,COKING COAL,Dry/General Bulk,46058,46058.0,D,2026-08-25,EQ-8 (VSPL),2026-08-27,,,ORISSA STEVEDORES LTD,
2026-08-25,VISAKHAPATNAM,Working,EQ-9 (VSPL),MV EUROPE BAY,,,PET COKE,Dry/General Bulk,52966,52966.0,D,2026-08-23,EQ-9 (VSPL),2026-08-25,,,JYOTHI,
2026-08-25,VISAKHAPATNAM,Working,WQ-1,MV CHENNAI VALARCHI,,,THERMAL COAL,Dry/General Bulk,76000,76000.0,L,2026-08-22,WQ-1,2026-08-28,,,SEAPORT,COASTAL
2026-08-25,VISAKHAPATNAM,Working,WQ-2,MV DARLEAKAY,,,MANGANESE ORE,Dry/General Bulk,32680,32680.0,D,2026-08-16,WQ-2,2026-08-25,,,BOTHRA,
2026-08-25,VISAKHAPATNAM,Working,WQ-3,MV PANDA,,,ALUMINA IN BULK,Dry/General Bulk,33800,33800.0,L,2026-08-13,WQ-3,2026-08-30,,,INTEROCEAN,
2026-08-25,VISAKHAPATNAM,Working,WQ-4,MV BOSHI 78,,,ALUMINA IN BULK,Dry/General Bulk,30393,30393.0,L,2026-08-19,WQ-4,2026-08-30,,,INTEROCEAN,
2026-08-25,VISAKHAPATNAM,Working,WQ-5,MV DONG FANG WEI YE,,,ALUMINA IN BAGS,Dry/General Bulk,31500,31500.0,L,2026-08-12,WQ-5,2026-08-26,,,ESHWAR,SHIFTED FROM EQ-3 TO WQ-5
2026-08-25,VISAKHAPATNAM,Working,WQ-6,MV SSI CONQUEST,,,TSP & DAP,Other,52700,52700.0,D,2026-08-22,WQ-6,2026-08-29,,,BOTHRA,
2026-08-25,VISAKHAPATNAM,Working,WQ-7,Handed over to m/s VMBCTPL for projecdt development,,,,Other,,,,,WQ-7,,,,,
2026-08-25,VISAKHAPATNAM,Working,OR-1,OR -1 Berth spared for Revamping by CE department,,,,Other,,,,,OR-1,,,,,
2026-08-25,VISAKHAPATNAM,Working,OR-2,MT SAKURA CREST,,,METHONAL,Other,9995,9995.0,D,2026-08-24,OR-2,2026-08-26,,,ATLANTIC,
2026-08-25,VISAKHAPATNAM,Working,OR-3,MT ORCHIDS,,,FO & LDO,Other,12562,12562.0,L,2026-08-20,OR-3,2026-08-25,,,ATLANTIC,
2026-08-25,VISAKHAPATNAM,Working,F.B,MT VARI TRADER,,,SULPHURIC ACID,Liquid/Chemical Bulk,18500,18500.0,D,2026-08-24,F.B,2026-08-26,,,SAMUDRA,
2026-08-25,VISAKHAPATNAM,Waiting,1,MV GLORIEUSE,,,STEEL BLOOMS,Dry/General Bulk,20000,20000.0,L,2026-08-17,1,,,,BENLINES,
2026-08-25,VISAKHAPATNAM,Waiting,2,MV TATEV,,,ALUMINA IN BAGS,Dry/General Bulk,10845,10845.0,L,2026-08-17,2,,,,INTEROCEAN,RE-ANCH
2026-08-25,VISAKHAPATNAM,Waiting,3,MV SEA TOPAZ,,,ALUMINA IN BULK,Dry/General Bulk,31500,31500.0,L,2026-08-19,3,,,,INTEROCEAN,
2026-08-25,VISAKHAPATNAM,Waiting,4,MV ALASIA,,,IRON ORE FINES,Dry/General Bulk,55000,55000.0,L,2026-08-22,4,,,,JYOTHI,
2026-08-25,VISAKHAPATNAM,Waiting,5,MV WESTERN DONCASTER,,,COKING COAL,Dry/General Bulk,34780,34780.0,D,2026-08-22,5,,,,JYOTHI,
2026-08-25,VISAKHAPATNAM,Waiting,6,MV NORDTIGRIS,,,LENTILS IN BULK,Other,10000,10000.0,D,2026-08-22,6,,,,SEAVISION,
2026-08-25,VISAKHAPATNAM,Waiting,7,MV CRIMSON GLORY,,,MANGANESE ORE,Dry/General Bulk,27089,27089.0,D,2026-08-23,7,,,,INTEGRAL,
2026-08-25,VISAKHAPATNAM,Waiting,8,LPG/C. RED ADMIRAL,,,LPG,Other,24500,24500.0,D,2026-08-24,8,,,,GAC,
2026-08-25,VISAKHAPATNAM,Expected,,MV BRILLIANT ADVANCE,,,IRON ORE PELLETS,Dry/General Bulk,76000,76000.0,L,2026-08-25,2026-08-25,,,,JYOTHI,
2026-08-25,VISAKHAPATNAM,Expected,,MT SAFESEA VARUNA,,,FUEL OIL,Other,34650,34650.0,L,2026-08-25,2026-08-25,,,,INTEROCEAN,
2026-08-25,VISAKHAPATNAM,Expected,,MT EASTERN QUINCE,,,FUEL OIL,Other,34650,34650.0,L,2026-08-25,,,,,INTEROCEAN,
2026-08-25,VISAKHAPATNAM,Expected,,MV KM LONDON,,,STEAM COAL,Dry/General Bulk,40500,40500.0,D,2026-08-25,,,,,SEATRANS,
2026-08-25,VISAKHAPATNAM,Expected,,MV SITC PENANG,,,CONTAINERS,Container,8400,8400.0,D/L,2026-08-25,,,,,ELS,
2026-08-25,VISAKHAPATNAM,Expected,,MV EMMANUEL,,,IRON ORE FINES,Dry/General Bulk,55000,55000.0,L,2026-08-26,,,,,JYOTHI,
2026-08-25,VISAKHAPATNAM,Expected,,MV MEDWAY SPIRIT,,,CP COKE,Dry/General Bulk,15000,15000.0,L,2026-08-26,,,,,ESHWAR,
2026-08-25,VISAKHAPATNAM,Expected,,MV QI XIA SHAN,,,GRANITE BLOCKS,Other,12000,12000.0,L,2026-08-26,,,,,PUYVAST,
2026-08-25,VISAKHAPATNAM,Expected,,MV JPS BARCELONA,,,DAP,Other,52552,52552.0,D,2026-08-26,,,,,ANLINE SHIPPING,
2026-08-25,VISAKHAPATNAM,Expected,,MV DORIC ARMOUR,,,COKING COAL,Dry/General Bulk,46506,46506.0,D,2026-08-26,,,,,IMPERIAL,
2026-08-25,VISAKHAPATNAM,Expected,,MV RED AZALEA,,,PET COKE,Dry/General Bulk,52069,52069.0,D,2026-08-26,,,,,JYOTHI,
2026-08-25,VISAKHAPATNAM,Expected,,MV SM MANALI,,,CONTAINERS,Container,40000,40000.0,D/L,2026-08-26,,,,,SIMA MARINE,
2026-08-25,VISAKHAPATNAM,Expected,,MV XIN TIAN JIN,,,CONTAINERS,Container,35000,35000.0,D/L,2026-08-26,,,,,COSCO,
2026-08-25,VISAKHAPATNAM,Expected,,MV CORN,,,ALUMINA IN BULK,Dry/General Bulk,30600,30600.0,L,2026-08-27,,,,,RICHMARK,
2026-08-25,VISAKHAPATNAM,Expected,,MT TG TAURAS,,,PHOSPHERIC ACID,Other,10260,10260.0,D,2026-08-27,,,,,RDS OIL,
2026-08-25,VISAKHAPATNAM,Expected,,MV FUBAO,,,ANTHRACITE COAL,Dry/General Bulk,44000,44000.0,D,2026-08-27,,,,,INTEGRAL,
2026-08-25,VISAKHAPATNAM,Expected,,MT SWARNA MALA,,,HSD & MS,Liquid/Chemical Bulk,8097,8097.0,D,2026-08-27,,,,,ATLANTIC,
2026-08-25,VISAKHAPATNAM,Expected,,MV PIONEER KIRA,,,"STONE AGGREGATE,CEMENT & GENERAL CARGO",Dry/General Bulk,20000,20000.0,L,2026-08-28,,,,,FAIRMACS,COASTAL
2026-08-25,VISAKHAPATNAM,Expected,,MV FREE SAILING,,,PET COKE,Dry/General Bulk,31044,31044.0,D,2026-08-28,,,,,SAI SAMRAT,
2026-08-25,VISAKHAPATNAM,Expected,,MV PAS SUNRISE,,,PROJECT CARGO [44 PKGS],Other,1742,1742.0,D,2026-08-28,,,,,J.M.BAXI,
2026-08-25,VISAKHAPATNAM,Expected,,MV THOR BRAVE,,,MANGANESE ORE,Dry/General Bulk,30000,30000.0,D,2026-08-28,,,,,JYOTHI,
2026-08-25,VISAKHAPATNAM,Expected,,MV DP WORLD THAMIRABARANI,,,CONTAINERS,Container,8500,8500.0,D/L,2026-08-28,,,,,UNIFEEDEER,
2026-08-25,VISAKHAPATNAM,Expected,,MV DP WORLD GODAVARI,,,CONTAINERS,Container,15000,15000.0,D/L,2026-08-28,,,,,UNIFEEDEER,
2026-08-25,VISAKHAPATNAM,Expected,,MT FEATHER,,,FO & LDO,Other,7000,7000.0,D,2026-08-28,,,,,SRAVAN,
2026-08-25,VISAKHAPATNAM,Expected,,MV NORSE MOBILE,,,FERRO MANGANESE & STEEL CARGO,Dry/General Bulk,29200,29200.0,L,2026-08-29,,,,,SAIANS,
2026-08-25,VISAKHAPATNAM,Expected,,MV TRANSTIME,,,NPK,Other,54000,54000.0,D,2026-08-30,,,,,BOTHRA,
2026-08-25,VISAKHAPATNAM,Expected,,MV NEW ELIAS,,,STEAM COAL,Dry/General Bulk,161904,161904.0,D,2026-08-30,,,,,GPR MARTIME,
2026-08-25,VISAKHAPATNAM,Expected,,MV SORSI,,,MANGANESE ORE,Dry/General Bulk,24000,24000.0,D,2026-08-30,,,,,K.R.SONS,
2026-08-25,VISAKHAPATNAM,Expected,,LPG/C. TINY DAISY,,,LPG,Other,24000,24000.0,D,2026-08-30,,,,,INTEROCEAN,
2026-08-25,VISAKHAPATNAM,Expected,,MV RACOON,,,PET COKE,Dry/General Bulk,5001,5001.0,D,2026-08-31,,,,,JYOTHI,
2026-08-25,VISAKHAPATNAM,Expected,,MV OCEAN ROYAL,,,MANGANESE ORE,Dry/General Bulk,30650,30650.0,D,2026-09-01,,,,,BOTHRA,
2026-08-25,VISAKHAPATNAM,Expected,,MT ATREBATES,,,CRUDE OIL,Liquid/Chemical Bulk,250000,250000.0,D,2026-09-01,,,,,ATLANTIC,
2026-08-25,VISAKHAPATNAM,Expected,,MV MOGRAL,,,CONTAINERS,Container,40000,40000.0,D/L,2026-09-02,,,,,SIMA MARINE,
2026-08-25,VISAKHAPATNAM,Expected,,MV ARIES STAR,,,HARD COAL,Dry/General Bulk,51500,51500.0,D,2026-09-03,,,,,SEATRANS,
2026-08-25,VISAKHAPATNAM,Expected,,MT FLEVES,,,CRUDE OIL,Liquid/Chemical Bulk,142000,142000.0,D,2026-09-03,,,,,ATLANTIC,
2026-08-25,VISAKHAPATNAM,Expected,,MV SPIRIT OF SEATREK,,,MANGANESE ORE,Dry/General Bulk,22550,22550.0,D,2026-09-04,,,,,BOTHRA,
2026-08-25,VISAKHAPATNAM,Expected,,MV SSL SABARIMALAI,,,CONTAINERS,Container,8500,8500.0,D/L,2026-09-04,,,,,UNIFEEDEER,
2026-08-25,VISAKHAPATNAM,Expected,,MV SSL KRISHNA,,,CONTAINERS,Container,12000,12000.0,D/L,2026-09-06,,,,,UNIFEEDEER,
2026-08-25,VISAKHAPATNAM,Expected,,MV MILAS,,,ROCK PHOSPHATE,Dry/General Bulk,47900,47900.0,D,2026-08-21,,,,,RDS OIL,
2026-08-26,KARAIKAL,Expected,,MV. LADY ANNE,,,COAL,Dry/General Bulk,77000,77000.0,IMP,2026-08-28,2026-08-28,2026-08-30,,,,
2026-08-26,GOPALPUR,Working,MPB-1,MV LH ANTHEA,,,LIMESTONE,Dry/General Bulk,74509,74509.0,D,2026-08-19,2026-08-21,2026-08-27,,,BENLINE,
2026-08-26,GOPALPUR,Working,MPB-2,MV MOSKHA,,,IRON ORE FINES,Dry/General Bulk,54880,54880.0,L,2026-08-20,2026-08-25,2026-08-28,,,NAVSHIP,
2026-08-26,CHENNAI,Working,WQ1,PEBBLES,,,L.OIL,Other,RVRT,,D/L,2026-08-26,2026-08-26,2026-08-28,,,SEAPOL,
2026-08-26,CHENNAI,Working,JD2S,TORM DUBAI,,,CSFOIL,Other,15700,15700.0,D,2026-08-23,2026-08-23,2026-08-26,,,GAC,
2026-08-26,CHENNAI,Working,BD2,WINNER,,,CPOIL,Other,15000,15000.0,D,2026-08-25,2026-08-26,2026-08-27,,,SEAPORT,
2026-08-26,CHENNAI,Working,CB1,AST RISING,,,IMDG CONT,Other,98,98.0,L,2026-08-12,2026-08-24,2026-08-26,,,PEARL,
2026-08-26,CHENNAI,Waiting,BD2,SC SOLARIS,,,CPOIL,Other,12000,12000.0,D,2026-08-26,2026-08-27,2026-08-29,,,SAMSARA,
2026-08-26,CHENNAI,Expected,WQ3,CENTURION MEVIA,,,SCOIL/ HRCOIL/ ST.WI.ROD/ ST.PLATE,Dry/General Bulk,27937/1393/ 500/ 1651,,D/D/D/D,2026-08-28,2026-08-28,2026-08-30,,,PAREKH,
2026-08-26,CHENNAI,Expected,JD1/SQ1,HT LOTUS,,,FLOU,Other,10000,10000.0,D,2026-08-28,2026-08-28,2026-09-02,,,SEAGREEN,
2026-08-26,CHENNAI,Expected,WQ3/CQ,HOSEI CROWN,,,SCOIL/ STWIROD/ ST.PLATE/MACH,Dry/General Bulk,6889 / 886 / 104 / 12,,D/D/D/D,2026-08-28,2026-08-28,2026-08-30,,,PUYVAST,
2026-08-26,CHENNAI,Expected,JD6/2/5,ECO CHEYENNE,,,PROJ,Other,110,110.0,L,2026-08-29,2026-08-29,2026-08-31,,,MARCONS,
2026-08-26,CHENNAI,Expected,JD2/4,RACOON,,,PIG IRON,Dry/General Bulk,2050,2050.0,D,2026-08-29,2026-08-29,2026-08-30,,,PEARL,
2026-08-26,CHENNAI,Expected,,AL MANHAL,,,PROJ,Other,,,,2026-08-29,2026-08-29,2026-08-30,,,BENLINE,
2026-08-26,CHENNAI,Expected,WQ1/2,GLOVIS SPIRIT,,,CARS,Other,4000,4000.0,L,2026-08-30,2026-08-30,2026-08-31,,,CARTRANS,
2026-08-26,CHENNAI,Expected,JD2/4/6,BANGLAR JOYJATRA,,,J.BAG/BARITES,Other,"15,000/4,000",,L,2026-08-31,2026-08-31,2026-09-03,,,GENID,
2026-08-26,CHENNAI,Expected,JD2/4/6,BBC NORFOLK,,,PROJ,Other,13,13.0,L,2026-09-03,2026-09-03,2026-09-05,,,MARCONS,
2026-08-26,ENNORE,Working,CB1,Vishva Jyoti,,,T.COAL,Dry/General Bulk,68500,68500.0,D,2026-08-19,CB1,2026-08-26,,,SEAGREEN,COASTAL
2026-08-26,ENNORE,Working,CB2,APJ Angad 2,,,T COAL,Dry/General Bulk,75000,75000.0,D,2026-08-23,CB2,2026-08-25,,,JESPA,COASTAL
2026-08-26,ENNORE,Working,CB3,APJ Indrani,,,T COAL,Dry/General Bulk,76000,76000.0,D,2026-08-24,CB3,2026-08-27,,,SEAPORT,COASTAL
2026-08-26,ENNORE,Working,MLT,Sanmar Swara,,,HSD/MS,Liquid/Chemical Bulk,35000,35000.0,D,2026-08-25,MLT,2026-08-27,,,SAMSARA,COASTAL
2026-08-26,ENNORE,Working,EBTPL,Fortune Sunshine,,,L.STONE,Other,71037,71037.0,D,2026-08-18,EBTPL,2026-08-26,,,PEARL/KANNO,
2026-08-26,ENNORE,Waiting,ECTPL,SUNRISE I,,,S COAL,Dry/General Bulk,40952,40952.0,D,2026-08-15,RVRT,RVRT,,,PEARL,
2026-08-26,ENNORE,Waiting,ECTPL,STAR EVA,,,S COAL,Dry/General Bulk,103901,103901.0,D,2026-08-15,RVT,RVRT,,,MERCHANT,
2026-08-26,ENNORE,Waiting,ECTPL,Venus Star,,,S COAL,Dry/General Bulk,78547,78547.0,D,2026-08-16,RVRT,RVRT,,,GAC,
2026-08-26,ENNORE,Waiting,MLT,LPG/C BW Njord,,,Propane/Butane,Liquid/Chemical Bulk,22000,22000.0,D,2026-08-24,2026-08-30,2026-08-31,,,ATLANTIC,
2026-08-26,ENNORE,Waiting,MLT,LPG/C Maple Gas,,,Propane/Butane,Liquid/Chemical Bulk,21000,21000.0,D,2026-08-24,2026-09-03,2026-09-04,,,Interocean,
2026-08-26,ENNORE,Waiting,CB1,APJ Kabir Anand,,,T COAL,Dry/General Bulk,75000,75000.0,D,2026-08-24,2026-08-26,2026-08-28,,,SEAPORT,COASTAL
2026-08-26,ENNORE,Waiting,GCB,EUPHRATE HIGHWAY,,,AUTOMOBILE,Other,600,600.0,L,2026-08-25,2026-08-26,2026-08-27,,,K-STEAM,
2026-08-26,ENNORE,Expected,MLT,Prime Grandeur,,,HSD,Liquid/Chemical Bulk,3200,3200.0,D,2026-08-26,2026-08-27,2026-08-28,,,GREAT,COASTAL
2026-08-26,ENNORE,Expected,EBTPL,SCORPIO HONOUR,,,GYPSUM,Dry/General Bulk,56000,56000.0,D,2026-08-27,2026-08-27,2026-08-30,,,MINSOTRANS,
2026-08-26,ENNORE,Expected,GCB,Sara Leader,,,AUTOMOBILE,Other,2300,2300.0,L,2026-08-28,2026-08-28,2026-08-29,,,NYK,
2026-08-26,ENNORE,Expected,GCB,HoeghTirdent,,,AUTOMOBILE,Other,800,800.0,L,2026-08-28,2026-08-29,2026-08-30,,,MERCHANT,
2026-08-26,ENNORE,Expected,GCB,Garnet Ace,,,AUTOMOBILE,Other,2100,2100.0,L,2026-08-29,2026-08-30,2026-08-31,,,MOL,
2026-08-26,ENNORE,Expected,GCB,HOEGH TROOPER,,,AUTOMOBILE,Other,800,800.0,L,2026-08-31,2026-08-31,2026-09-01,,,MERCHANT,
2026-08-26,ENNORE,Expected,EBTPL,Glorieuse,,,ST BLOOMS/R BAR,Other,10000,10000.0,L,2026-08-31,2026-08-31,2026-09-03,,,SEAGREEN,
2026-08-26,ENNORE,Expected,MLT,Blue Phoneix,,,CHEMICAL,Other,2600,2600.0,D,2026-08-01,2026-08-01,2026-08-02,,,Wilhelmsen,
2026-08-26,ENNORE,Expected,MLT,Daewoo Diamond,,,CHEMICAL,Other,1500,1500.0,D,2026-08-04,2026-08-04,2026-08-05,,,Wilhelmsen,
2026-08-26,KRISHNAPATNAM,Working,WB-3,MV ELISAR,,,MOP,Other,35100,35100.0,D,2026-08-24,2026-08-25,2026-08-29,RUSSIA,,TAURUS SHIPPING,
2026-08-26,KRISHNAPATNAM,Working,WB-2,MT.GLOBAL JUPITER,,,CPO,Other,9995.4189999999999,9995.419,D,2026-08-25,2026-08-25,2026-08-27,MALAYSIA,,SEAPORT SERVICES PVT.LTD,
2026-08-26,KRISHNAPATNAM,Working,WB-1,MV DARYA SHAAN,,,CEMENT,Dry/General Bulk,21000,21000.0,L,2026-08-25,2026-08-25,2026-08-28,COCHIN,,MBK LOGISTICS,
2026-08-26,KRISHNAPATNAM,Working,S4,MV SKIATHOS,,,COAL,Dry/General Bulk,77070,77070.0,D,2026-08-21,2026-08-24,2026-08-29,PARADIP,,GAC SHIPPING PVT LTD.,
2026-08-26,KRISHNAPATNAM,Working,8,MV BASIC STAR,,,COAL,Dry/General Bulk,79000,79000.0,D,2026-08-25,2026-08-26,2026-08-28,PARADIP,,MERCHANT SHIPPING SERVICES PVT. LTD.,
2026-08-26,KRISHNAPATNAM,Working,7,MV RIPLEY PINNACLE,,,COAL,Dry/General Bulk,75260,75260.0,D,2026-08-22,2026-08-24,2026-08-27,PARADIP,,GAC SHIPPING PVT LTD.,
2026-08-26,KRISHNAPATNAM,Working,6,MV GIORGAKIS,,,COAL,Dry/General Bulk,77770,77770.0,D,2026-08-23,2026-08-24,2026-08-27,PARADIP,,SARAT CHATTERJEE & CO (VSP) PVT LTD,
2026-08-26,KRISHNAPATNAM,Working,5,MV CPT DIMITRIOS S,,,COAL,Dry/General Bulk,37295,37295.0,D,2026-08-24,2026-08-25,2026-08-26,RUSSIA,,UNICORN MARITIMES (INDIA) PVT LTD,
2026-08-26,KRISHNAPATNAM,Working,4,MV CP GIXON,,,DAP,Other,49500,49500.0,D,2026-08-23,2026-08-23,2026-08-28,SAUDI ARABIA,,.INTEROCEAN SHIPPING (INDIA) PVT LTD,
2026-08-26,KRISHNAPATNAM,Working,3,MV BAILIAN STAR,,,COAL,Dry/General Bulk,73100,73100.0,D,2026-08-21,2026-08-24,2026-08-28,RUSSIA,,GPR MARITIME AGENCIES.,
2026-08-26,KRISHNAPATNAM,Working,2,MV XIN CHEN HAI YANG,,,SHIP UNLOADERS,Other,4098.8469999999998,4098.847,D,2026-08-19,2026-08-24,2026-09-05,CHINA,,SAMSARA SHIPPING PVT LTD,
2026-08-26,KRISHNAPATNAM,Waiting,5,MV GREAT TRIUMPH,,,LIMESTONE,Dry/General Bulk,75024,75024.0,D,2026-08-25,2026-08-27,2026-08-30,CHINA,,MERCHANT SHIPPING SERVICES PVT. LTD.,
2026-08-26,KRISHNAPATNAM,Waiting,3,MV IONIAN PRINCESS,,,COAL,Dry/General Bulk,73538,73538.0,D,2026-08-26,2026-08-28,2026-08-31,RUSSIA,,GPR MARITIME AGENCIES.,
2026-08-26,KRISHNAPATNAM,Waiting,WB-2,MT GANDAWATI 2,,,CPO,Other,14999.984,14999.984,D,2026-08-26,2026-08-27,2026-08-30,INDONESIA,,ATLANTIC GLOBAL SHIPPING PVT. LTD,
2026-08-26,KRISHNAPATNAM,Waiting,6,MV SEASON TRADER,,,COAL,Dry/General Bulk,78750,78750.0,D,2026-08-26,2026-08-27,2026-08-29,INDONESIA,,BEN LINE AGENCIES INDIA PVT LTD,
2026-08-26,KRISHNAPATNAM,Expected,5,MV MARAN TRANSPORTER,,,IRON ORE FINES,Dry/General Bulk,165905,165905.0,D,2026-08-26,2026-08-30,2026-09-04,BRAZIL,,GPR MARITIME AGENCIES.,
2026-08-26,KRISHNAPATNAM,Expected,3,MV MINERAL DEUTSCHLAND,,,IRON ORE FINES,Dry/General Bulk,195128,195128.0,D,2026-08-26,2026-08-31,2026-09-06,"PORT HEDLAND, WESTERN AUSTRALIA",,GPR MARITIME AGENCIES.,
2026-08-26,KRISHNAPATNAM,Expected,4,MV WHITE FIN,,,UREA,Other,50580.542999999998,50580.543,D,2026-08-26,2026-08-28,2026-09-02,RUSSIA,,SEATRANS MARINE PVT LTD.,
2026-08-26,KRISHNAPATNAM,Expected,7,MV VISHVA CHETNA,,,COAL,Dry/General Bulk,75000,75000.0,D,2026-08-27,2026-08-27,2026-08-29,PARADIP,,GAC SHIPPING PVT LTD.,
2026-08-26,KRISHNAPATNAM,Expected,8,MV JEWEL GOLD,,,COAL,Dry/General Bulk,53700,53700.0,D,2026-08-27,2026-08-28,2026-08-30,HALDIA & PARADIP,,M/S.SARAT CHATTERJEE & CO (VSP) PVT LTD,
2026-08-26,KRISHNAPATNAM,Expected,S4,MV CHOLA PROSPERITY,,,COAL,Dry/General Bulk,75000,75000.0,D,2026-08-27,2026-08-29,2026-08-31,PARADIP,,SEATRANS MARINE PVT LTD.,
2026-08-26,KRISHNAPATNAM,Expected,6,MV APJ SHIRIN,,,COAL,Dry/General Bulk,54950,54950.0,D,2026-08-28,2026-08-29,2026-08-31,PARADIP,,SARAT CHATTERJEE & CO (VSP) PVT LTD,
2026-08-26,KRISHNAPATNAM,Expected,7,MV RIPLEY PIONEER,,,COAL,Dry/General Bulk,75346,75346.0,D,2026-08-28,2026-08-29,2026-08-31,PARADIP,,GAC SHIPPING PVT LTD.,
2026-08-26,KRISHNAPATNAM,Expected,,MV KANG SHUN,,,GRANITE,Other,53500,53500.0,L,2026-08-30,2026-08-30,2026-09-06,CHINA,,ELITE SHIPPING AGENCIES,
2026-08-26,KRISHNAPATNAM,Expected,WB-3,MV MING XI JIU YUE,,,DAP/APS,Other,25600,25600.0,D,2026-08-30,2026-08-30,2026-09-02,"YEOSU, KOREA",,ALAP CARRIERS-OPA SRI SRINIVASA MARINE AGENCIES,
2026-08-26,KRISHNAPATNAM,Expected,WB-2,MV W HUANG PU,,,GRANITE,Other,32200,32200.0,L,2026-08-30,2026-08-30,2026-09-04,KRISHNAPATNAM,,PUYVAST LOGISTICS PRIVATE LIMITED,
2026-08-26,KRISHNAPATNAM,Expected,WB-1,MT GOLDEN ORCHID,,,CPO,Other,7999.9359999999997,7999.936,D,2026-08-30,2026-08-30,2026-09-01,"BELAWAN, INDONESIA",,JAMES MACKINTOSH & CO PVT LTD,
2026-08-26,KRISHNAPATNAM,Expected,5,MV PHOENIX OCEAN,,,LIMESTONE,Dry/General Bulk,73166,73166.0,D,2026-08-31,2026-09-04,2026-09-07,CHINA,,MERCHANT SHIPPING SERVICES PVT. LTD.,
2026-08-26,KRISHNAPATNAM,Expected,4,MV. SENTINEL,,,COKING COAL,Dry/General Bulk,27858,27858.0,D,2026-09-01,2026-09-02,2026-09-05,"MOBILE, USA",,SPARTANS MARINE SERVICES PRIVATE LIMITED - OPA M/s BEN LINE AGENCIES,
2026-08-26,KRISHNAPATNAM,Expected,8,MV CONSTANTINOS G.O.,,,COAL,Dry/General Bulk,42500,42500.0,D,2026-09-02,2026-09-02,2026-09-04,INDONESIA,,GAC SHIPPING-OPA/ JYOTHI MARINE SERVICES PVT LTD-CA,
2026-08-26,KRISHNAPATNAM,Expected,2,MV GEORGE H,,,COAL,Dry/General Bulk,82306,82306.0,D,2026-09-05,2026-09-05,2026-09-09,"BALTIMORE, USA",,SL SHIPPING PVT LTD,
2026-08-26,KRISHNAPATNAM,Expected,1,MV VITA MELODY,,,COAL,Dry/General Bulk,48871,48871.0,D,2026-05-28,2026-05-28,2026-05-31,INDONESIA,,JYOTHI MARINE,
2026-08-26,KATTUPALLI,Expected,CB3,NHK FORTUNE,,,TMT BAR,Other,14500,14500.0,D,2026-09-02,2026-09-02,2026-09-06,,,JMB,
2026-08-26,SANDHEADS,Working,,PELOPIDAS,,G'LESS,REVERT,Other,,,,NOT READY,090600,REVERT,,,N/A,
2026-08-26,SANDHEADS,Working,,THERE ARE 4 VIRTUAL ANCHORAGE POINTS AT SAGAR AND 4 VESSELS CAN WORK SIMULTANEOUSLY SUB PORT CONSIDERATION,,,,Other,,,,,,,,,,
2026-08-26,SANDHEADS,Working,,"VESSEL'S BERTHING MOVEMENT DEPENDS ON ALL FAVORABLE CONDITIONS SUCH AS CGO DOCS READINESS, VSL'S SENIORITY,",,,,Other,,,,,,,,,,
2026-08-26,SANDHEADS,Working,,"WEATHER CONDITIONS, CONGESTION & BERTH AVAILABILITY",,,,Other,,,,,,,,,,
2026-08-26,SANDHEADS,Working,,Port Working Hours: 24 x 7 basis,,,,Other,,,,,,,,,,
2026-08-26,SANDHEADS,Working,,COASTAL VESSELS HAVE OUSTING PRIORITY,,,,Other,,,,,,,,,,
2026-08-26,SAGAR,Waiting,,MV. WELL DREAM,,GEARED,LIMESTONE,Dry/General Bulk,,,,2026-08-30,2026-08-31,2026-09-01,,,GAC SHIPPING,
2026-08-26,HALDIA,Working,4B,MV. METTLE STARE-I,,GEARLESS,COKING COAL,Dry/General Bulk,32000,32000.0,DISCH,2025-10-22,2025-10-23,2025-10-24,,TATA STEEL,TMILL,
2026-08-26,HALDIA,Working,1,M.V. SAKIZAYA XCEL,,GEARLESS,LIMESTONE,Dry/General Bulk,33000,33000.0,DISCH,2026-08-24,2026-08-26,2026-08-28,,TATA STEEL,KANOO SHIPPING,FENGCHENG
2026-08-26,HALDIA,Working,10,MV. ATP FORTUNE,,GEARED,MANGANESE ORE,Dry/General Bulk,29000,29000.0,DISCH,2026-08-22,2026-08-23,2026-08-28,,SHYAM SEL / SHYAM FERRO,INTEROCEAN,PORT ELIZABETH
2026-08-26,HALDIA,Working,13,MV W HUANG PU,,GEARED,ROCK PHOSPHATE,Dry/General Bulk,18700,18700.0,DISCH,2026-08-22,2026-08-26,2026-08-26,,VARIOUS,ALAP,SAUDI ARAB
2026-08-26,HALDIA,Working,14,M.V. AGRAFA,,GEARED,MANGANIES ORE,Other,23000,23000.0,DISCH,2026-08-24,2026-08-25,2026-08-26,,VARIOUS,BEN LINE,LIBREVILLE
2026-08-26,HALDIA,Working,13,M.V. GREEK SEAS,,GEARLESS,LIMESTONE,Dry/General Bulk,35680,35680.0,DISCH,2026-08-23,2026-08-24,2026-08-26,,TATA STEEL,TMILL,FENGCHENG
2026-08-26,HALDIA,Waiting,14,M.V. OAK ANTON,,GEARLESS,NUT COKE,Dry/General Bulk,34000,34000.0,DISCH,2026-08-26,2026-08-27,2026-08-29,,VARIOUS,SAKURA,BAHUDOPI
2026-08-26,HALDIA,Waiting,9,MV. ASAHI BULKER,,GEARED,LENTILS,Other,16824,16824.0,DISCH,2026-08-19,2026-08-27,2026-08-31,,VARIOUS,GAC SHIPPING,AUSTRALIA
2026-08-26,HALDIA,Waiting,13,MV CHOLA UNITY,,GEARLESS,LIMESTONE,Dry/General Bulk,36000,36000.0,DISCH,2026-08-23,2026-08-26,2026-08-28,,PARAG,ALAP,SALALAH
2026-08-26,HALDIA,Expected,3,M.V. RIPLEY PROGRESS,,GEARLESS,THERMAL COAL,Dry/General Bulk,30000,30000.0,LOAD,2026-08-26,2026-08-27,2026-08-28,,APPDCL,SEATRANS,COASTAL
2026-08-26,HALDIA,Expected,"2,8,9 & 13",M.V. DARLEAKAY,,GEARED,MANGANIES ORE,Other,17970,17970.0,DISCH,2026-08-26,2026-08-28,2026-08-30,,VARIOUS,BEN LINE,LIBREVILLE
2026-08-26,HALDIA,Expected,"2,8 & 13",M.V. DIAMOND TRADER,,G'LESS,STEAM COAL,Dry/General Bulk,30000,30000.0,DISH,2026-08-26,2026-08-29,2026-08-31,,SAROGI UDYOG,GAC SHIPPING,QINZHOU
2026-08-26,HALDIA,Expected,5,M.V. YPERION,,GEARLESS,PCI COAL,Dry/General Bulk,31643,31643.0,DISCH,2026-08-27,2026-08-27,2026-08-29,,TSL,TMILL,AUSTRALIA
2026-08-26,HALDIA,Expected,"2,8,9 & 13",M.V. TAN BINH 267,,GEARED,MANGANIES ORE,Other,29019,29019.0,DISCH,2026-08-27,2026-08-29,2026-08-31,,VARIOUS,SEA JEWEL,LIBREVILLE
2026-08-26,HALDIA,Expected,"2,8",MV. ECO DIAGON ALLEY,,GEARLESS,COKING COAL,Dry/General Bulk,33000,33000.0,DISCH,2026-08-27,2026-08-29,2026-08-31,,SAIL,V OCEAN,NAKODKA
2026-08-26,HALDIA,Expected,4A,MV. PEAK HAKU,,GEARLESS,COKING COAL,Dry/General Bulk,33000,33000.0,DISCH,2026-08-28,2026-08-31,2026-09-02,,SAIL,GAC SHIPPING,HAMPTON ROADS
2026-08-26,HALDIA,Expected,"2,8,9 & 13",M.V. KM LONDON,,GEARLESS,STEAM COAL,Dry/General Bulk,20000,20000.0,DISCH,2026-08-29,2026-08-31,2026-09-02,,VARIOUS,ALAP,QINZHOU
2026-08-26,HALDIA,Expected,"2,8,9 & 13",M.V. WELL DREAM,,GEARED,LIMESTONE,Dry/General Bulk,4000/22639,,DISCH,2026-08-30,2026-09-02,2026-09-04,,SHYAM SEL AND POWER,GAC,DIBBA PORT
2026-08-26,HALDIA,Expected,"2,8,9 & 13",M.V. CRIMSON GLORY,,GEARLESS,MANGANESE ORE,Dry/General Bulk,26095,26095.0,DISCH,2026-08-30,2026-09-01,2026-09-03,,VARIOUS,GAC SHIPPING,QINZHOU
2026-08-26,HALDIA,Expected,12,M.V. JY OCEAN,,GEARED,LIMESTONE,Dry/General Bulk,30000,30000.0,DISCH,2026-08-30,2026-09-01,2026-09-03,,TSL,TMILL,FANGCHENG
2026-08-26,HALDIA,Expected,"2,8",M.V. DORIC ARMOUR,,GEARLESS,COKING COAL,Dry/General Bulk,33000,33000.0,DISCH,2026-08-30,2026-09-02,2026-09-04,,SAIL,SEANETIC SHIPP,GLADSTONE
2026-08-26,HALDIA,Expected,"2,8,9 & 13",M.V. STELLA NAVIS,,GEARLESS,COKING COAL,Dry/General Bulk,35000,35000.0,DISCH,2026-08-31,2026-09-02,2026-09-04,,SHYAM SEL AND POWER,GAC,HAYPOINT
2026-08-26,DHAMRA,Working,B - 1/17.2/350,MV CAPE CRANE,CAPE,,COKING COAL,Dry/General Bulk,,,DISCHARGE,2026-08-25,B - 1/17.2/350,2026-08-30,,TATA,TMIL,
2026-08-26,DHAMRA,Working,B- 2/17.2/350,MV ANDROS SPIRIT,PANAMAX,,COKING COAL,Dry/General Bulk,,,DISCHARGE,2026-08-23,B- 2/17.2/350,2026-08-26,,ADANI ENTERPRISES LTD,JYOTHI/GPR,
2026-08-26,DHAMRA,Working,B -3/17/350,MV CHOLA MELODY,PANAMAX,,THERMAL COAL,Dry/General Bulk,,,LOADING,2026-08-21,B -3/17/350,2026-08-26,,NTECL,BOTHRA/JM BOXI,
2026-08-26,DHAMRA,Working,B-3 A /14.5/350,MV SAFESEA SINDOOR,HANDIMAX,,STEEL SLAB,Dry/General Bulk,,,LOADING,2026-08-21,B-3 A /14.5/350,2026-08-27,,JINDAL STEEL LTD,JM BAXI,
2026-08-26,DHAMRA,Working,B-3A S /13.5,MV SERENITY,HANDIMAX,,HR COIL,Other,,,LOADING,2026-08-20,B-3A S /13.5,2026-08-27,,TATA,TMIL,
2026-08-26,DHAMRA,Working,B-4/17/300,MV TCLC LUZHOU,HANDIMAX,,SLAG,Other,,,LOADING,2026-08-23,B-4/17/300,2026-08-28,,TATA,SMPL,
2026-08-26,DHAMRA,Working,B-5/17/300,MV BASIS FORTUNE,PANAMAX,,THERMAL COAL,Dry/General Bulk,,,LOADING,2026-08-20,B-5/17/300,2026-08-28,,MOXIE POWER,GAC,
2026-08-26,DHAMRA,Waiting,B-3,MV ENGIADINA,HANDIMAX,,IRON ORE PELLETS,Dry/General Bulk,55000 MT,55000.0,LOADING,2026-08-11,2026-08-26,2026-08-27,,RUNGTA MINES,INFINITY,
2026-08-26,DHAMRA,Waiting,B-3A,MV PAC AGENA,HANDIMAX,,HR COIL,Other,30000 MT,30000.0,DISCHARGE,2026-08-21,2026-08-27,2026-08-30,,TATA,TMIL,
2026-08-26,DHAMRA,Waiting,B-3A,MV PAS BLUE WAVE,HANDIMAX,,HR COIL,Other,30000 MT,30000.0,DISCHARGE,2026-08-22,2026-08-30,2026-09-02,,TATA,TMIL,
2026-08-26,DHAMRA,Waiting,B-3AS,MV SYMI,HANDIMAX,,DAP,Other,54999 MT,54999.0,DISCHARGE,2026-08-23,2026-08-27,2026-09-01,,IIPL,KANHU SHIPPING,
2026-08-26,DHAMRA,Waiting,B-1,MV SHIN SHUN,CAPE,,STEAM COAL,Dry/General Bulk,109523 MT,109523.0,DISCHARGE,2026-08-24,2026-08-25,2026-08-28,,RUNGTA MINES,GAC,
2026-08-26,DHAMRA,Expected,B-5,MV JY OCEAN,PANAMAX,,LIMESTONE,Dry/General Bulk,45000 MT,45000.0,DISCHARGE,2026-08-25,2026-08-28,2026-08-31,,TATA,TMIL,
2026-08-26,DHAMRA,Expected,B-1,MV NEW EXPLORER,PANAMAX,,PCI COAL,Dry/General Bulk,76000 MT,76000.0,DISCHARGE,2026-08-26,2026-08-28,2026-08-30,,FEE GRADE,SMPL/INFINITY,
2026-08-26,DHAMRA,Expected,B-3,MV APJ JAOUAD,PANAMAX,,THERMAL COAL,Dry/General Bulk,74000 MT,74000.0,LOADING,2026-08-26,2026-08-27,2026-08-30,,TANGEDCO,JIGSAN,
2026-08-26,DHAMRA,Expected,B-2,MV STELLA NAVIS,PANAMAX,,COKING COAL,Dry/General Bulk,45000 MT,45000.0,DISCHARGE,2026-08-27,2026-08-30,2026-08-31,,SHYAM METALIKS,GAC,
2026-08-26,DHAMRA,Expected,B-5,MV GCL TAPI,PANAMAX,,LIMESTONE,Dry/General Bulk,105999 MT,105999.0,LOADING,2026-08-31,2026-08-31,2026-09-05,,TATA,TMIL/MERCHANT,
2026-08-26,PARADIP PORT,Waiting & Expected,,MV. PICTOR,,224.94/14.20,ROCK PHOSPHATE,Dry/General Bulk,74203 MT,74203.0,DISCHARGE,26/1130 HRS,,,HIGH SEAS,IFFCO,JMS,
2026-08-26,PARADIP PORT,Waiting & Expected,,MV. GREEN K MAX 2,,229.00/14.45,THERMAL COAL,Dry/General Bulk,65000 MT,65000.0,LOADING,18/1724 HRS,2026-08-26,2026-08-27,ENNORE,OPG,SEA SHIPS,SUB TO READINESS
2026-08-26,PARADIP PORT,Waiting & Expected,,MV. CRIMSON GRACE,,199.98/,THERMAL COAL,Dry/General Bulk,18762 MT,18762.0,LOADING,22/2248 HRS,2026-08-27,2026-08-28,ENNORE,OPG,SEA SHIPS,SUB TO READINESS
2026-08-26,PARADIP PORT,Waiting & Expected,,MV. APJ SETHU,,224.86/,THERMAL COAL,Dry/General Bulk,69000 MT,69000.0,LOADING,24/0024 HRS,2026-08-26,2026-08-27,HIGH SEAS,TNPGCL,SEAPORT,SUB TO READINESS
2026-08-26,PARADIP PORT,Waiting & Expected,,MV. DECCAN PRIDE,,225.00/,THERMAL COAL,Dry/General Bulk,73700 MT,73700.0,LOADING,26/0800 HRS,2026-08-27,2026-08-28,KRISHNAPATNAM,SEMBCORP,J M BAXIMSPL,SUB TO READINESS
2026-08-26,PARADIP PORT,Waiting & Expected,,MV. APJ JAOUAD,,225.00/,THERMAL COAL,Dry/General Bulk,75000 MT,75000.0,LOADING,26/0900 HRS,2026-08-27,2026-08-28,HIGH SEAS,TNPGCL,SEAPORT,SUB TO READINESS
2026-08-26,PARADIP PORT,Waiting & Expected,,MV. CHOLA LEGACY,,228.99/,THERMAL COAL,Dry/General Bulk,69000 MT,69000.0,LOADING,26/1800 HRS,2026-08-27,2026-08-28,HIGH SEAS,TNPGCL,SEAPORT,SUB TO READINESS
2026-08-26,PARADIP PORT,Waiting & Expected,,MV. MARINE FORTUNE I,,225.00/,THERMAL COAL,Dry/General Bulk,72000 MT,72000.0,LOADING,26/2300 HRS,2026-08-28,2026-08-29,HIGH SEAS,TNPGCL,SEAPORT,SUB TO READINESS
2026-08-26,PARADIP PORT,Waiting & Expected,,MV. GIORGAKIS,,229.00/14.50,THERMAL COAL,Dry/General Bulk,78000 MT,78000.0,LOADING,28/0600 HRS,2026-08-28,2026-08-29,KRISHNAPATNAM,SEMBCORP,SCC(VSP),SUB TO READINESS
2026-08-26,PARADIP PORT,Waiting & Expected,,MV. SSI IRRESISTIBLE,,229.00/14.50,THERMAL COAL,Dry/General Bulk,81000 MT,81000.0,LOADING,30/0600 HRS,2026-08-30,2026-09-01,ENNORE,NTECL/SARAT,BOTHRA,SUB TO READINESS
2026-08-26,PARADIP PORT,Waiting & Expected,,MV. YOUNG HARMONY,,206.06/13.00,THERMAL COAL,Dry/General Bulk,60000 MT,60000.0,LOADING,31/0600 HRS,2026-08-31,2026-09-01,JAIGARH,JSW ENERGY,SSS,SUB TO READINESS
2026-08-26,PARADIP PORT,Waiting & Expected,,MV TAN BINH 259,,175.53/9.50,STEEL COILS,Dry/General Bulk,25391 MT,25391.0,DISCHARGE,22/1625 HRS,2026-08-27,2026-08-29,BAHODOPI,JINDAL STAINLESS,SSS,SUB TO READINESS
2026-08-26,PARADIP PORT,Waiting & Expected,,MV. DELAVITA,,229.00/7.50,PIG IRON,Dry/General Bulk,60500 MT,60500.0,LOADING,10/0130 HRS,2026-08-28,2026-09-01,SINGAPORE,RAMSARUP,GAC,SUB TO READINESS
2026-08-26,PARADIP PORT,Waiting & Expected,,MV. AM PROGRESS,,176.54/,STEEL SLAB,Dry/General Bulk,30000 MT,30000.0,LOADING,14/0536 HRS,2026-08-29,2026-09-01,NEWPORT,TATA,TMIL,SUB TO READINESS
2026-08-26,PARADIP PORT,Waiting & Expected,,MV. PROPEL PEACE,,179.99/,STEEL SLAB,Dry/General Bulk,31000 MT,31000.0,LOADING,19/0130 HRS,2026-09-01,2026-09-04,HIGH SEAS,TATA,TMIL,SUB TO READINESS
2026-08-26,PARADIP PORT,Waiting & Expected,,MV. MSC MAKOTO II,,175.49/7.50,CONTAINER,Container,350 MT,350.0,LOADING,19/2306 HRS,2026-08-27,2026-08-28,COLOMBO,MSC AGENGY,MSC AGENGY,CONTAINER PRIORITY
2026-08-26,PARADIP PORT,Waiting & Expected,,MV. NIKGENIOUS,,199.90/13.06,A. SULPHATE,Dry/General Bulk,31500 MT,31500.0,DISCHARGE,22/1700 HRS,2026-09-01,2026-09-05,XIUYU,HURL,ADMIRAL,SUB TO READINESS
2026-08-26,PARADIP PORT,Waiting & Expected,,MV. AP QUEEN,,110.67/8.77,FERRO NICKLE,Other,8250 MT,8250.0,DISCHARGE,23/1150 HRS,2026-09-04,2026-09-06,INDONESIA,JSL,PAREKH,SUB TO READINESS
2026-08-26,PARADIP PORT,Waiting & Expected,,MV. PAULA TRADER,,179.90/7.43,STEEL SQUARE TUBES,Dry/General Bulk,4000 MT,4000.0,LOADING,27/1800 HRS,2026-09-05,2026-09-06,HOUSTON,APL APOLLO TUBES,,SUB TO READINESS
2026-08-26,PARADIP PORT,Waiting & Expected,,MV. KIRRIBILLI,,228.99/14.49,COKING COAL,Dry/General Bulk,79611 MT,79611.0,DISCHARGE,25/2324 HRS,2026-08-26,2026-08-28,HAYPOINT,TATA/NINL,TMIL,SUB TO READINESS
2026-08-26,PARADIP PORT,Waiting & Expected,,MV. SENTINEL,,200.00/,COAL,Dry/General Bulk,32550 MT,32550.0,DISCHARGE,08/09/26 HRS,2026-09-08,2026-09-09,HIGH SEAS,VULCAN,SPARTANS,SUB TO READINESS
2026-08-26,PARADIP PORT,Waiting & Expected,,MV. ALASIA,,199.98/12.50,IRON ORE FINES,Dry/General Bulk,50000 MT,50000.0,LOADING,17/1310 HRS,,,MUMBAI,JSW,SSS,
2026-08-26,PARADIP PORT,Waiting & Expected,,MV. OCEAN WINNER,,225.00/14.35,IRON ORE FINES,Dry/General Bulk,73000 MT,73000.0,LOADING,05/2118 HRS,,,CHINA,OCL IRON,BOTHRA,
2026-08-26,PARADIP PORT,Waiting & Expected,,MV. GEOSTAR,,199.98/13.10,IRON ORE FINES,Dry/General Bulk,57000 MT,57000.0,LOADING,18/2212 HRS,,,CHINA,BAGADIYA,SSS,
2026-08-26,PARADIP PORT,Waiting & Expected,,MV. CAPT EUGENE,,189.99/,IRON ORE PELLET,Dry/General Bulk,54500 MT,54500.0,LOADING,25/2215 HRS,,,CHINA,SJSPL,ACEC,
2026-08-26,PARADIP PORT,Waiting & Expected,,MV. GREEK SEAS,,229.00/14.00,IRON ORE PELLET,Dry/General Bulk,75000 MT,75000.0,LOADING,26/0600 HRS,,,CHINA,AMNSIL,SAMSARA,
2026-08-26,PARADIP PORT,Waiting & Expected,,MV.CAPTAIN PANAGIS,,199.90/,IRON ORE FINES,Dry/General Bulk,58000 MT,58000.0,LOADING,27/2300 HRS,2026-08-28,2026-08-29,CHINA,SESA MINING,SPARTANS,
2026-08-26,PARADIP PORT,Waiting & Expected,,MT. ALDAN,,243.79/13.90,CRUDE OIL,Liquid/Chemical Bulk,93429 MT,93429.0,DISCHARGE,21/0218 HRS,,,HIGH SEAS,IOCL PLD,AGS,
2026-08-26,PARADIP PORT,Waiting & Expected,,MT. MARJORIE,,274.00/15.70,CRUDE OIL,Liquid/Chemical Bulk,140894 MT,140894.0,DISCHARGE,26/1000 HRS,,,HIGHSEAS,IOCL PLD,J M BAXIMSPL,
2026-08-26,PARADIP PORT,Waiting & Expected,,MT. AYAT,,179.99/11.40,CRUDE OIL,Liquid/Chemical Bulk,37861 MT,37861.0,DISCHARGE,26/1500 HRS,,,CHENNAI,IOCL PLD,AGS,
2026-08-26,PARADIP PORT,Waiting & Expected,,MT. ATOKOS,,332.95/19.65,CRUDE OIL,Liquid/Chemical Bulk,258557 MT,258557.0,DISCHARGE,28/0700 HRS,,,CHENNAI,IOCL PLD,AGS,
2026-08-26,PARADIP PORT,Waiting & Expected,,MT. SOPRANO SERENE,,179.88/11.80,HSD/M.SPIRIT,Liquid/Chemical Bulk,19500 MT,19500.0,DISCHARGE,01/1000 HRS,,,HALDIA,BPCL,AGS,
2026-08-26,PARADIP PORT,Waiting & Expected,,MT. SWARNA PUSHP,,184.95/8.10,ATF,Liquid/Chemical Bulk,9000 MT,9000.0,LOADING,13/0036 HRS,,,HIGHSEAS,IOCL,AGS,RE-ANCH
2026-08-26,PARADIP PORT,Waiting & Expected,,MT. NILE RIVER,,229.00/11.90,BUTANE/PROPAN,Liquid/Chemical Bulk,28000 MT,28000.0,DISCHARGE,22/0500 HRS,,,HALDIA,IOCL,AGS,
2026-08-26,PARADIP PORT,Waiting & Expected,,MT. FAIRWAY,,171.26/,M.SPIRIT/NAPTH,Liquid/Chemical Bulk,15000 MT,15000.0,LOADING,23/1800 HRS,,,HIGHSEAS,IOCL,AGS,
2026-08-26,PARADIP PORT,Waiting & Expected,,MT. ANANTHA,,160.50/,LCO,Other,2201 MT,2201.0,LOADING,25/2354 HRS,,,HIGHSEAS,IOCL,ISIPL,
2026-08-26,PARADIP PORT,Waiting & Expected,,MV. PELAGIA,,228.99/13.08,A. SULPHATE,Dry/General Bulk,36000 MT,36000.0,DISCHARGE,27/2200 HRS,,,HALDIA,,ALAP,
2026-08-26,PARADIP PORT,Waiting & Expected,,MT. BW POLARIS,,229.90/12.22,BUTANE/PROPAN,Liquid/Chemical Bulk,20000 MT,20000.0,DISCHARGE,29/1000 HRS,,,NEW MANGALORE,IOCL,WILHELMSEN,
2026-08-26,PARADIP PORT,Waiting & Expected,,MT. TINY DAISY,,225.13/,BUTANE/PROPAN,Liquid/Chemical Bulk,24000 MT,24000.0,DISCHARGE,29/1700 HRS,,,HIGHSEAS,IOCL,ISIPL,
2026-08-26,PARADIP PORT,Waiting & Expected,,MT. GAS QUANTUM,,173.70/10.26,AMMONIA,Liquid/Chemical Bulk,23202 MT,23202.0,LOADING,01/0001 HRS,,,HIGHSEAS,IFFCO,SSS,
2026-08-26,PARADIP PORT,Waiting & Expected,,MV. AFRICAN DRAGON,,199.99/,SULPHUR,Other,17500 MT,17500.0,DISCHARGE,01/0600 HRS,,,HIGHSEAS,IFFCO,SEACHHATHMA,
2026-08-26,PARADIP PORT,Waiting & Expected,,MV. STAR FLAME,,120.93/7.95,LIMESTONE,Dry/General Bulk,45816 MT,45816.0,DISCHARGE,01/0600 HRS,,,VISHAKHAPATNAM,AMNSIL,SAMSARA,
2026-08-26,PARADIP PORT,Waiting & Expected,,MV. RICHLAND SINGAPORE,,228.90/14.50,COKING COAL,Dry/General Bulk,79200 MT,79200.0,DISCHARGE,26/1400 HRS,2026-08-26,2026-08-31,HAYPOINT,SAIL,SSS,MPB
2026-08-26,PARADIP PORT,Waiting & Expected,,MV. SUNRISE I,,228.90/14.46,COKING COAL,Dry/General Bulk,33000 MT,33000.0,DISCHARGE,29/0600 HRS,2026-08-29,2026-08-31,KEMBLA,JSW JFE,GPR MARITIME,CQ-1
2026-08-26,PARADIP PORT,Waiting & Expected,,MV. ASHICO SYMPHONY,,120.93/9.75,FERRO CHROME,Dry/General Bulk,7490 MT,7490.0,LOADING,01/0800 HRS,2026-09-01,02..09.2026,HIGH SEAS,IMFA,CHOWGULE,SQ
2026-08-26,PARADIP PORT,Waiting & Expected,,MV. SENTINEL,,200.00/,COAL,Dry/General Bulk,32550 MT,32550.0,DISCHARGE,08/09/26 HRS,2026-09-08,2026-09-10,HIGH SEAS,VULCAN,SPARTANS,MPB
2026-08-26,PARADIP PORT,Waiting & Expected,,"PRIORITY BERTHING ALLOWED FOR ALL IMPORT/EXPORT DRY BULK CARGO TO M/S. JSPL, TATA, JSW SAMBALPUR AT GCB.",,,,Other,,,,,,,,,,
2026-08-26,PARADIP PORT,Waiting & Expected,,"VESSEL WHICH CAN NOT PERFORM AS THE REQUIRED PORT NORMS, SHE WILL BE SHIFTED TO ROADS AND HER BERTHING WILL BE DECIDED AS THE LAST VESSEL ON SERIAL.",,,,Other,,,,,,,,,,
2026-08-26,PARADIP PORT,Waiting & Expected,,"MAXIMUM OF TWO COASTAL VESSELS WILL BE TAKEN AT A TIME IN THE CONVENTIONAL BERTH W.E.F 07-OCT-2018,TILL FURTHER ORDER",,,,Other,,,,,,,,,,
2026-08-26,KAKINADA,Waiting,,M.V. SALT LAKE,,,DISCHG,Other,"UST -LUGA, RUSSIA",,,2026-08-25,NPK,,,,CIL,
2026-08-26,KAKINADA,Waiting,,SAILED VESSELS::,,,,Other,,,,,,,,,,
2026-08-26,KAKINADA,Waiting,,M.V.OCEAN 05,,,,Other,,,,2026-08-09,,,,,,
2026-08-26,KAKINADA,Waiting,,M.T.PRIME GRANDEUR,,,,Other,,,,2026-08-22,,,,,,
2026-08-26,KAKINADA,Expected,,M.V.TRUONG MINH SEA,,,RICE,Dry/General Bulk,50000,50000.0,,2026-08-26,,,,,IMPERIAL,
2026-08-26,KAKINADA,Expected,,M.V.HARILAOS JUNIOR,,,RICE,Dry/General Bulk,42000,42000.0,,2026-08-26,,,,,LORVENS,
2026-08-26,KAKINADA,Expected,,M.V.UTHITA NAREE,,,RICE,Dry/General Bulk,40000,40000.0,,2026-08-29,,,,"PATTABHI, SRI LALITHA",BOTHRA,
2026-08-26,KAKINADA,Expected,,M.T.STOLT ACER,,,FAME (Bio-Diesel),Other,6000,6000.0,,2026-08-26,,,,KALEESUWARI REFINERY,JM BAXI,
2026-08-26,KAKINADA,Expected,,M.T.ARLON,,,AMMONIA,Liquid/Chemical Bulk,14940,14940.0,,2026-08-28,,,,CIL,SEATRANS,
2026-08-26,KAKINADA,Expected,,M.T. GOLDEN ORCHID,,,EDIBLE OIL,Other,7000,7000.0,,2026-08-28,,,,SANTHOSHIMATAA,JAMES,
2026-08-26,KAKINADA,Expected,,M.V. AFRICAN DRAGON,,,SULPHUR,Other,17500,17500.0,,2026-08-28,,,,CIL,CROSS TRADE,
2026-08-26,KAKINADA,Expected,,M.T. DING HENG 55,,,REFINED POME,Other,5983,5983.0,,2026-08-29,,,,KALEESUWARI REFINERY,SAMUDRA MARINE,
2026-08-26,KAKINADA,Expected,,M.V. PEGASUS,,,ALUMINA,Dry/General Bulk,29000,29000.0,,2026-08-30,,,,BALCO,JYOTHI MARINE,
2026-08-26,KAKINADA,Expected,,M.V. AMARYLLIS,,,COAL,Dry/General Bulk,76200,76200.0,,2026-08-30,,,,THE RAMCO CEMENTS,ATLANTIC,
2026-08-26,KAKINADA,Expected,,M.V.STAR CLEO,,,UREA,Other,49600,49600.0,,2026-08-31,,,,CIL,AN LINE,
2026-08-26,KAKINADA,Expected,,M.V.JIU XU,,,AMMONIUM SULPHATE,Dry/General Bulk,33000,33000.0,,2026-09-01,,,,HINDUSTAN URVAK,PRAVV SHIPPING,
2026-08-26,KAKINADA,Expected,,M.V. TCI SURYA,,,CONTAINERS,Container,150,150.0,,2026-09-01,,,,TCI,BOTHRA,
2026-08-26,KAKINADA,Expected,,M.V.RISHABH,,,,Other,,,,2026-02-05,,,,,,
2026-08-26,GANGAVARAM,Working,B3,MV LUCKY SUNDAY,,,LIMESTONE,Dry/General Bulk,77100,77100.0,,2026-08-24,B3,2026-08-27,,RINL,SEATRANS,MECHNICAL CONCEYOR LOADING BERTH
2026-08-26,GANGAVARAM,Working,B4,MV VISHVA NIDHI,,,IRON ORE FINES,Dry/General Bulk,52200,52200.0,,2026-08-24,B4,2026-08-26,,KIOCL,SEAWAYS,
2026-08-26,GANGAVARAM,Working,B6,MV ECO DIAGON ALLEY,,,COKING COAL,Dry/General Bulk,45300,45300.0,,2026-08-25,B6,2026-08-26,,SAIL,V-OCEAN,
2026-08-26,GANGAVARAM,Working,B8,MV AL MANHAL,,,CP COKE,Dry/General Bulk,16499.886999999999,16499.887,,2026-08-22,B8,2026-08-27,,VEDANTA,SPARTANS,CONTAINER BERTH
2026-08-26,GANGAVARAM,Expected,B6,MV XIN QI HANG 1,,,BAUXITE,Dry/General Bulk,63900,63900.0,,2026-08-26,B6,2026-08-28,,VEDANTA,IMPERIAL,
2026-08-26,GANGAVARAM,Expected,B8,MV STAR SHANGHAI,,,UREA,Other,52500,52500.0,,2026-08-26,B8,2026-08-29,,INDIAN POTASH LTD,CHOWGULE,
2026-08-26,GANGAVARAM,Expected,B5,MV ARKTOS,,,COKING COAL,Dry/General Bulk,79261,79261.0,,2026-08-27,B5,2026-08-29,,NMDC,SAI SAMRAT,
2026-08-26,GANGAVARAM,Expected,B6,MV GOOD LUCK,,,NUT COKE,Dry/General Bulk,53021,53021.0,,2026-08-28,B6,2026-08-30,,RINL,GLORY FAITH,
2026-08-26,GANGAVARAM,Expected,B7,MV TIRYANDAFIL,,,STEEL BILLETS,Dry/General Bulk,50000,50000.0,,,B7,,,RINL,,
2026-08-26,GANGAVARAM,Expected,B1/B7/B9,MV LUCKY PIONEER,,,STEEL BILLETS,Dry/General Bulk,20000,20000.0,,2026-08-29,B1/B7/B9,,,RINL,,
2026-08-26,GANGAVARAM,Expected,B3,MV LILA SHANGHAI,,,LIMESTONE,Dry/General Bulk,75250,75250.0,,2026-08-30,B3,2026-08-02,,SAIL,,
2026-08-26,GANGAVARAM,Expected,B5,MV VISHVA VIJAY,,,COKING COAL,Dry/General Bulk,77750,77750.0,,2026-08-30,B5,2026-08-01,,RINL,SEAWAYS,
2026-08-26,GANGAVARAM,Expected,B2/B3/B5/B6/B8,MV TRINITY,,,BAUXITE,Dry/General Bulk,54853,54853.0,,2026-09-04,B2/B3/B5/B6/B8,2026-09-06,,PIONEER ALUMINA,RICHMARK,
2026-08-26,VISAKHAPATNAM,Working,OB-2,MV LILA SEOUL,,,IRON ORE PELLETS,Dry/General Bulk,72014,72014.0,L,2026-08-24,OB-2,2026-08-26,,,JYOTHI,SAILED
2026-08-26,VISAKHAPATNAM,Working,C.THERMAL,MV HALDI,,,REPAIR PURPOSE,Other,,,,2026-08-23,C.THERMAL,2026-08-28,,,TMILL,
2026-08-26,VISAKHAPATNAM,Working,VGCB,MV WESTERN DONCASTER,,,COKING COAL,Dry/General Bulk,34780,34780.0,D,2026-08-22,VGCB,2026-08-27,,,JYOTHI,
2026-08-26,VISAKHAPATNAM,Working,CB-2,MV WAN HAI 361,,,CONTAINERS,Container,21362,21362.0,D/L,2026-08-25,CB-2,2026-08-26,,,WAN HAI LINES,SAILED
2026-08-26,VISAKHAPATNAM,Working,CB-3,MV SM MANALI,,,CONTAINERS,Container,40000,40000.0,D/L,2026-08-26,CB-3,2026-08-27,,,SIMA MARINE,
2026-08-26,VISAKHAPATNAM,Working,AVCTPL[EQ-1A],MV TAN BINH 267,,,MANGANESE ORE,Dry/General Bulk,21081,21081.0,D,2026-08-22,AVCTPL[EQ-1A],2026-08-26,,,NAVSHIP,
2026-08-26,VISAKHAPATNAM,Working,[EQ-1] (ADANI),MV BAO CHANG,,,ROCK PHOSPHATE,Dry/General Bulk,48500,48500.0,D,2026-08-14,[EQ-1] (ADANI),2026-08-29,,,RDS OIL & GAS,SHIFTES FROM EQ-1 TO FB
2026-08-26,VISAKHAPATNAM,Working,EQ-3,MV STAR COPENHAGEN,,,UREA,Other,54266,54266.0,D,2026-08-20,EQ-3,2026-08-31,,,CROSS TRADING,
2026-08-26,VISAKHAPATNAM,Working,EQ-4,MV SSI IRRSISTIBLE,,,AMMONIUM SULPHTE IN BULK,Other,40500,40500.0,D,2026-08-15,EQ-4,2026-08-30,,,SEATRANS,
2026-08-26,VISAKHAPATNAM,Working,EQ-6,MV SPIRIT OF KOBE,,,CP COKE,Dry/General Bulk,20400,20400.0,L,2026-08-21,EQ-6,2026-08-26,,,ESHWAR,
2026-08-26,VISAKHAPATNAM,Working,EQ-8 (VSPL),MV PEAK HAKU,,,COKING COAL,Dry/General Bulk,46058,46058.0,D,2026-08-25,EQ-8 (VSPL),2026-08-26,,,ORISSA STEVEDORES LTD,
2026-08-26,VISAKHAPATNAM,Working,EQ-9 (VSPL),MV RED AZALEA,,,PET COKE,Dry/General Bulk,52069,52069.0,D,2026-08-26,EQ-9 (VSPL),2026-08-28,,,JYOTHI,
2026-08-26,VISAKHAPATNAM,Working,WQ-1,MV CHENNAI VALARCHI,,,THERMAL COAL,Dry/General Bulk,73206,73206.0,L,2026-08-22,WQ-1,2026-08-27,,,SEAPORT,COASTAL
2026-08-26,VISAKHAPATNAM,Working,WQ-2,MV CRIMSON GLORY,,,MANGANESE ORE,Dry/General Bulk,32680,32680.0,D,2026-08-23,WQ-2,2026-08-29,,,INTEGRAL,
2026-08-26,VISAKHAPATNAM,Working,WQ-3,MV PANDA,,,ALUMINA IN BULK,Dry/General Bulk,33800,33800.0,L,2026-08-13,WQ-3,2026-08-30,,,INTEROCEAN,
2026-08-26,VISAKHAPATNAM,Working,WQ-4,MV BOSHI 78,,,ALUMINA IN BULK,Dry/General Bulk,30393,30393.0,L,2026-08-19,WQ-4,2026-08-30,,,INTEROCEAN,
2026-08-26,VISAKHAPATNAM,Working,WQ-5,MV SEA TOPAZ,,,ALUMINA IN BULK,Dry/General Bulk,31500,31500.0,L,2026-08-19,WQ-5,2026-08-31,,,INTEROCEAN,SHIFTED FROM EQ-3 TO WQ-5
2026-08-26,VISAKHAPATNAM,Working,WQ-6,MV SSI CONQUEST,,,TSP & DAP,Other,52700,52700.0,D,2026-08-22,WQ-6,2026-08-29,,,BOTHRA,
2026-08-26,VISAKHAPATNAM,Working,WQ-7,Handed over to m/s VMBCTPL for projecdt development,,,,Other,,,,,WQ-7,,,,,
2026-08-26,VISAKHAPATNAM,Working,OR-1,OR -1 Berth spared for Revamping by CE department,,,,Other,,,,,OR-1,,,,,
2026-08-26,VISAKHAPATNAM,Working,OR-3,MT SAFESEA VARUNA,,,FUEL OIL,Other,34650,34650.0,L,2026-08-25,OR-3,2026-08-28,,,INTEROCEAN,
2026-08-26,VISAKHAPATNAM,Working,F.B,MT VARI TRADER,,,SULPHURIC ACID,Liquid/Chemical Bulk,18305.330000000002,18305.33,D,2026-08-24,F.B,2026-08-26,,,SAMUDRA,
2026-08-26,VISAKHAPATNAM,Waiting,1,MV GLORIEUSE,,,STEEL BLOOMS,Dry/General Bulk,20000,20000.0,L,2026-08-17,1,,,,BENLINES,
2026-08-26,VISAKHAPATNAM,Waiting,2,MV TATEV,,,ALUMINA IN BAGS,Dry/General Bulk,10845,10845.0,L,2026-08-17,2,,,,INTEROCEAN,RE-ANCH
2026-08-26,VISAKHAPATNAM,Waiting,3,MV ALASIA,,,IRON ORE FINES,Dry/General Bulk,55000,55000.0,L,2026-08-22,3,,,,JYOTHI,
2026-08-26,VISAKHAPATNAM,Waiting,4,MV NORDTIGRIS,,,LENTILS IN BULK,Other,10000,10000.0,D,2026-08-22,4,,,,SEAVISION,
2026-08-26,VISAKHAPATNAM,Waiting,5,LPG/C. RED ADMIRAL,,,LPG,Other,24500,24500.0,D,2026-08-24,5,,,,GAC,
2026-08-26,VISAKHAPATNAM,Waiting,6,MT EASTERN QUINCE,,,FUEL OIL,Other,34650,34650.0,L,2026-08-25,6,,,,INTEROCEAN,
2026-08-26,VISAKHAPATNAM,Waiting,7,MV KM LONDON,,,STEAM COAL,Dry/General Bulk,40500,40500.0,D,2026-08-25,7,,,,SEATRANS,
2026-08-26,VISAKHAPATNAM,Waiting,8,MV JPS BARCELONA,,,DAP,Other,52552,52552.0,D,2026-08-26,8,,,,ANLINE SHIPPING,
2026-08-26,VISAKHAPATNAM,Waiting,9,MV DORIC ARMOUR,,,COKING COAL,Dry/General Bulk,46506,46506.0,D,2026-08-26,9,,,,IMPERIAL,
2026-08-26,VISAKHAPATNAM,Expected,,MV BRILLIANT ADVANCE,,,IRON ORE PELLETS,Dry/General Bulk,76000,76000.0,L,2026-08-26,2026-08-26,,,,JYOTHI,
2026-08-26,VISAKHAPATNAM,Expected,,MV MEDWAY SPIRIT,,,CP COKE,Dry/General Bulk,15000,15000.0,L,2026-08-26,,,,,ESHWAR,
2026-08-26,VISAKHAPATNAM,Expected,,MV XIN TIAN JIN,,,CONTAINERS,Container,35000,35000.0,D/L,2026-08-26,2026-08-26,,,,COSCO,
2026-08-26,VISAKHAPATNAM,Expected,,MV EMMANUEL,,,IRON ORE FINES,Dry/General Bulk,55000,55000.0,L,2026-08-27,,,,,JYOTHI,
2026-08-26,VISAKHAPATNAM,Expected,,MV TAN BINH 279,,,STEEL CARGO,Dry/General Bulk,4800,4800.0,L,2026-08-27,,,,,SEATRANS,
2026-08-26,VISAKHAPATNAM,Expected,,MV CORN,,,ALUMINA IN BULK,Dry/General Bulk,30600,30600.0,L,2026-08-27,,,,,RICHMARK,
2026-08-26,VISAKHAPATNAM,Expected,,MV QI XIA SHAN,,,GRANITE BLOCKS,Other,12000,12000.0,L,2026-08-27,,,,,PUYVAST,
2026-08-26,VISAKHAPATNAM,Expected,,LPG/C. NAVIGATOR GLORY,,,LIQUID AMMONIA,Liquid/Chemical Bulk,10000,10000.0,D,2026-08-27,,,,,INCHCAPE,
2026-08-26,VISAKHAPATNAM,Expected,,MV FUBAO,,,ANTHRACITE COAL,Dry/General Bulk,44000,44000.0,D,2026-08-27,2026-08-27,,,,INTEGRAL,
2026-08-26,VISAKHAPATNAM,Expected,,MV EVER BRAVE,,,CONTAINERS,Container,7000,7000.0,D/L,2026-08-27,,,,,BOXCO,
2026-08-26,VISAKHAPATNAM,Expected,,MV DP WORLD GODAVARI,,,CONTAINERS,Container,15000,15000.0,D/L,2026-08-27,,,,,UNIFEEDEER,
2026-08-26,VISAKHAPATNAM,Expected,,MT SWARNA MALA,,,HSD & MS,Liquid/Chemical Bulk,8097,8097.0,D,2026-08-27,2026-08-27,,,,ATLANTIC,
2026-08-26,VISAKHAPATNAM,Expected,,MT TG TAURAS,,,PHOSPHERIC ACID,Other,10260,10260.0,D,2026-08-28,,,,,RDS OIL,
2026-08-26,VISAKHAPATNAM,Expected,,MV FREE SAILING,,,PET COKE,Dry/General Bulk,31044,31044.0,D,2026-08-28,,,,,SAI SAMRAT,
2026-08-26,VISAKHAPATNAM,Expected,,MV PAS SUNRISE,,,PROJECT CARGO [44 PKGS],Other,1742,1742.0,D,2026-08-28,,,,,J.M.BAXI,HMC REQUIRED
2026-08-26,VISAKHAPATNAM,Expected,,MV THOR BRAVE,,,MANGANESE ORE,Dry/General Bulk,30000,30000.0,D,2026-08-28,,,,,JYOTHI,
2026-08-26,VISAKHAPATNAM,Expected,,MV DP WORLD THAMIRABARANI,,,CONTAINERS,Container,8500,8500.0,D/L,2026-08-28,,,,,UNIFEEDEER,
2026-08-26,VISAKHAPATNAM,Expected,,MT FEATHER,,,FO & LDO,Other,7000,7000.0,D,2026-08-28,,,,,SRAVAN,
2026-08-26,VISAKHAPATNAM,Expected,,MT SANMAR SNEHA,,,PY GAS,Other,6300,6300.0,D,2026-08-28,,,,,BENLINES,
2026-08-26,VISAKHAPATNAM,Expected,,MV NORSE MOBILE,,,FERRO MANGANESE & STEEL CARGO,Dry/General Bulk,29200,29200.0,L,2026-08-29,,,,,SAIANS,
2026-08-26,VISAKHAPATNAM,Expected,,MV ZHONG XING MEN,,,PET COKE,Dry/General Bulk,52510,52510.0,D,2026-08-29,,,,,BENLINES,
2026-08-26,VISAKHAPATNAM,Expected,,MV SYLVAN T,,,MOP,Other,49530,49530.0,D,2026-08-30,,,,,J.M.BAXI,
2026-08-26,VISAKHAPATNAM,Expected,,MV TRANSTIME,,,NPK,Other,54000,54000.0,D,2026-08-30,,,,,BOTHRA,
2026-08-26,VISAKHAPATNAM,Expected,,MV NEW ELIAS,,,STEAM COAL,Dry/General Bulk,161904,161904.0,D,2026-08-30,,,,,GPR MARTIME,
2026-08-26,VISAKHAPATNAM,Expected,,MV SORSI,,,MANGANESE ORE,Dry/General Bulk,24000,24000.0,D,2026-08-30,,,,,K.R.SONS,
2026-08-26,VISAKHAPATNAM,Expected,,LPG/C. TINY DAISY,,,LPG,Other,24000,24000.0,D,2026-08-30,,,,,INTEROCEAN,
2026-08-26,VISAKHAPATNAM,Expected,,MV RACOON,,,PET COKE,Dry/General Bulk,5001,5001.0,D,2026-09-01,,,,,JYOTHI,
2026-08-26,VISAKHAPATNAM,Expected,,MV OCEAN ROYAL,,,MANGANESE ORE,Dry/General Bulk,30650,30650.0,D,2026-09-01,,,,,BOTHRA,
2026-08-26,VISAKHAPATNAM,Expected,,MT ATREBATES,,,CRUDE OIL,Liquid/Chemical Bulk,250000,250000.0,D,2026-09-01,,,,,ATLANTIC,
2026-08-26,VISAKHAPATNAM,Expected,,MV PIONEER KIRA,,,"STONE AGGREGATE,CEMENT & GENERAL CARGO",Dry/General Bulk,20000,20000.0,L,2026-09-02,,,,,FAIRMACS,COASTAL
2026-08-26,VISAKHAPATNAM,Expected,,MV YASA KAPTAN ERBIL,,,UREA,Other,49500,49500.0,D,2026-09-02,,,,,INTEROCEAN,
2026-08-26,VISAKHAPATNAM,Expected,,MV MOGRAL,,,CONTAINERS,Container,40000,40000.0,D/L,2026-09-02,,,,,SIMA MARINE,
2026-08-26,VISAKHAPATNAM,Expected,,MV ARIES STAR,,,HARD COAL,Dry/General Bulk,51500,51500.0,D,2026-09-03,,,,,SEATRANS,
2026-08-26,VISAKHAPATNAM,Expected,,MT FLEVES,,,CRUDE OIL,Liquid/Chemical Bulk,142000,142000.0,D,2026-09-03,,,,,ATLANTIC,
2026-08-26,VISAKHAPATNAM,Expected,,MV SPIRIT OF SEATREK,,,MANGANESE ORE,Dry/General Bulk,22550,22550.0,D,2026-09-04,,,,,BOTHRA,
2026-08-26,VISAKHAPATNAM,Expected,,MV SSL SABARIMALAI,,,CONTAINERS,Container,8500,8500.0,D/L,2026-09-04,,,,,UNIFEEDEER,
2026-08-26,VISAKHAPATNAM,Expected,,MV LC PLANCHET,,,HARD COAL,Dry/General Bulk,85700,85700.0,D,2026-09-05,,,,,SEATRANS,
2026-08-26,VISAKHAPATNAM,Expected,,MV SSL KRISHNA,,,CONTAINERS,Container,12000,12000.0,D/L,2026-09-06,,,,,UNIFEEDEER,
2026-08-26,VISAKHAPATNAM,Expected,,MV MILAS,,,ROCK PHOSPHATE,Dry/General Bulk,47900,47900.0,D,2026-08-21,,,,,RDS OIL,
2026-08-27,KARAIKAL,Expected,,MV LADY ANNE,,,COAL,Dry/General Bulk,77000,77000.0,IMPORT,2026-08-28,2026-08-28,2026-08-31,,,,
2026-08-27,KARAIKAL,Expected,,MV CFS HARMONY,,,COAL,Dry/General Bulk,80027,80027.0,IMPORT,2026-09-02,2026-09-02,2026-09-05,,,,
2026-08-27,GOPALPUR,Working,MPB-1,MV LH ANTHEA,,,LIMESTONE,Dry/General Bulk,74509,74509.0,D,2026-08-19,2026-08-21,2026-08-27,,,BENLINE,
2026-08-27,GOPALPUR,Working,MPB-2,MV MOSKHA,,,IRON ORE FINES,Dry/General Bulk,54880,54880.0,L,2026-08-20,2026-08-25,2026-08-29,,,NAVSHIP,
2026-08-27,CHENNAI,Working,WQ1,PEBBLES,,,L.OIL,Other,RVRT,,D/L,2026-08-26,2026-08-26,2026-08-28,,,SEAPOL,
2026-08-27,CHENNAI,Working,BD2,WINNER,,,CPOIL,Other,15000,15000.0,D,2026-08-25,2026-08-26,2026-08-27,,,SEAPORT,
2026-08-27,CHENNAI,Waiting,BD2,SC SOLARIS,,,CPOIL,Other,12000,12000.0,D,2026-08-26,2026-08-27,2026-08-29,,,SAMSARA,
2026-08-27,CHENNAI,Expected,WQ3,CENTURION MEVIA,,,SCOIL/ HRCOIL/ ST.WI.ROD/ ST.PLATE,Dry/General Bulk,27937/1393/ 500/ 1651,,D/D/D/D,2026-08-28,2026-08-28,2026-08-30,,,PAREKH,
2026-08-27,CHENNAI,Expected,JD1/SQ1,HT LOTUS,,,FLOU,Other,10000,10000.0,D,2026-08-28,2026-08-28,2026-09-02,,,SEAGREEN,
2026-08-27,CHENNAI,Expected,WQ3/CQ,HOSEI CROWN,,,SCOIL/ STWIROD/ ST.PLATE/MACH,Dry/General Bulk,6889 / 886 / 104 / 12,,D/D/D/D,2026-08-28,2026-08-28,2026-08-30,,,PUYVAST,
2026-08-27,CHENNAI,Expected,JD6/2/5,ECO CHEYENNE,,,PROJ,Other,110,110.0,L,2026-08-29,2026-08-29,2026-08-31,,,MARCONS,
2026-08-27,CHENNAI,Expected,JD2/4,RACOON,,,PIG IRON,Dry/General Bulk,2050,2050.0,D,2026-08-29,2026-08-29,2026-08-30,,,PEARL,
2026-08-27,CHENNAI,Expected,,AL MANHAL,,,PROJ,Other,,,,2026-08-29,2026-08-29,2026-08-30,,,BENLINE,
2026-08-27,CHENNAI,Expected,WQ1/2,GLOVIS SPIRIT,,,CARS,Other,4000,4000.0,L,2026-08-30,2026-08-30,2026-08-31,,,CARTRANS,
2026-08-27,CHENNAI,Expected,JD2/4/6,BANGLAR JOYJATRA,,,J.BAG/BARITES,Other,"15,000/4,000",,L,2026-08-31,2026-08-31,2026-09-03,,,GENID,
2026-08-27,CHENNAI,Expected,JD2/4/6,BBC NORFOLK,,,PROJ,Other,13,13.0,L,2026-09-03,2026-09-03,2026-09-05,,,MARCONS,
2026-08-27,ENNORE,Working,CB1,APJ Kabir Anand,,,T COAL,Dry/General Bulk,75000,75000.0,D,2026-08-24,CB1,2026-08-29,,,SEAPORT,COASTAL
2026-08-27,ENNORE,Working,CB3,APJ Indrani,,,T COAL,Dry/General Bulk,76000,76000.0,D,2026-08-24,CB3,2026-08-27,,,SEAPORT,COASTAL
2026-08-27,ENNORE,Working,MLT,MT Babylon,,,HSD/MS,Liquid/Chemical Bulk,17000,17000.0,D,2026-08-26,MLT,2026-08-28,,,ATLANTIC,COASTAL
2026-08-27,ENNORE,Working,GCB,Vishva Jyoti,,,T.COAL,Dry/General Bulk,68500,68500.0,D,2026-08-19,GCB,2026-08-28,,,SEAGREEN,COASTAL
2026-08-27,ENNORE,Working,ECTPL,SUNRISE I,,,S COAL,Dry/General Bulk,10000,10000.0,D,2026-08-15,ECTPL,2026-08-27,,,PEARL,
2026-08-27,ENNORE,Working,EBTPL,SCORPIO HONOUR,,,GYPSUM,Dry/General Bulk,56000,56000.0,D,2026-08-27,EBTPL,2026-08-30,,,MINSOTRANS,
2026-08-27,ENNORE,Waiting,ECTPL,STAR EVA,,,S COAL,Dry/General Bulk,103901,103901.0,D,2026-08-15,RVT,RVRT,,,MERCHANT,
2026-08-27,ENNORE,Waiting,ECTPL,Venus Star,,,S COAL,Dry/General Bulk,78547,78547.0,D,2026-08-16,RVRT,RVRT,,,GAC,
2026-08-27,ENNORE,Waiting,MLT,LPG/C BW Njord,,,Propane/Butane,Liquid/Chemical Bulk,22000,22000.0,D,2026-08-24,2026-08-30,2026-08-31,,,ATLANTIC,
2026-08-27,ENNORE,Waiting,MLT,LPG/C Maple Gas,,,Propane/Butane,Liquid/Chemical Bulk,21000,21000.0,D,2026-08-24,2026-09-03,2026-09-04,,,Interocean,
2026-08-27,ENNORE,Waiting,GCB,EUPHRATE HIGHWAY,,,AUTOMOBILE,Other,600,600.0,L,2026-08-25,2026-08-28,2026-08-28,,,K-STEAM,
2026-08-27,ENNORE,Waiting,MLT,Prime Grandeur,,,HSD,Liquid/Chemical Bulk,3200,3200.0,D,2026-08-26,2026-08-27,2026-08-28,,,GREAT,COASTAL
2026-08-27,ENNORE,Expected,GCB,Sara Leader,,,AUTOMOBILE,Other,2300,2300.0,L,2026-08-28,2026-08-28,2026-08-29,,,NYK,
2026-08-27,ENNORE,Expected,GCB,HoeghTirdent,,,AUTOMOBILE,Other,800,800.0,L,2026-08-28,2026-08-29,2026-08-30,,,MERCHANT,
2026-08-27,ENNORE,Expected,GCB,Garnet Ace,,,AUTOMOBILE,Other,2100,2100.0,L,2026-08-29,2026-08-30,2026-08-31,,,MOL,
2026-08-27,ENNORE,Expected,GCB,HOEGH TROOPER,,,AUTOMOBILE,Other,800,800.0,L,2026-08-31,2026-08-31,2026-09-01,,,MERCHANT,
2026-08-27,ENNORE,Expected,EBTPL,Glorieuse,,,ST BLOOMS/R BAR,Other,10000,10000.0,L,2026-08-31,2026-08-31,2026-09-03,,,SEAGREEN,
2026-08-27,ENNORE,Expected,MLT,Blue Phoneix,,,CHEMICAL,Other,2600,2600.0,D,2026-08-01,2026-08-01,2026-08-02,,,Wilhelmsen,
2026-08-27,ENNORE,Expected,MLT,Daewoo Diamond,,,CHEMICAL,Other,1500,1500.0,D,2026-08-04,2026-08-04,2026-08-05,,,Wilhelmsen,
2026-08-27,KRISHNAPATNAM,Working,WB-3,MV ELISAR,,,MOP,Other,35100,35100.0,D,2026-08-24,2026-08-25,2026-08-29,RUSSIA,,TAURUS SHIPPING,
2026-08-27,KRISHNAPATNAM,Working,WB-1,MV DARYA SHAAN,,,CEMENT,Dry/General Bulk,21000,21000.0,L,2026-08-25,2026-08-25,2026-08-28,COCHIN,,MBK LOGISTICS,
2026-08-27,KRISHNAPATNAM,Working,S4,MV SKIATHOS,,,COAL,Dry/General Bulk,77070,77070.0,D,2026-08-21,2026-08-24,2026-08-28,PARADIP,,GAC SHIPPING PVT LTD.,
2026-08-27,KRISHNAPATNAM,Working,8,MV BASIC STAR,,,COAL,Dry/General Bulk,79000,79000.0,D,2026-08-25,2026-08-26,2026-08-28,PARADIP,,MERCHANT SHIPPING SERVICES PVT. LTD.,
2026-08-27,KRISHNAPATNAM,Working,7,MV RIPLEY PINNACLE,,,COAL,Dry/General Bulk,75260,75260.0,D,2026-08-22,2026-08-24,2026-08-27,PARADIP,,GAC SHIPPING PVT LTD.,
2026-08-27,KRISHNAPATNAM,Working,6,MV IONIAN PRINCESS,,,COAL,Dry/General Bulk,73538,73538.0,D,2026-08-26,2026-08-27,2026-08-29,RUSSIA,,GPR MARITIME AGENCIES.,
2026-08-27,KRISHNAPATNAM,Working,5,MV MINERAL DEUTSCHLAND,,,IRON ORE FINES,Dry/General Bulk,195128,195128.0,D,2026-08-26,2026-08-27,2026-09-02,"PORT HEDLAND, WESTERN AUSTRALIA",,GPR MARITIME AGENCIES.,
2026-08-27,KRISHNAPATNAM,Working,4,MV CP GIXON,,,DAP,Other,49500,49500.0,D,2026-08-23,2026-08-23,2026-08-28,SAUDI ARABIA,,.INTEROCEAN SHIPPING (INDIA) PVT LTD,
2026-08-27,KRISHNAPATNAM,Working,3,MV BAILIAN STAR,,,COAL,Dry/General Bulk,73100,73100.0,D,2026-08-21,2026-08-24,2026-08-27,RUSSIA,,GPR MARITIME AGENCIES.,
2026-08-27,KRISHNAPATNAM,Working,2,MV XIN CHEN HAI YANG,,,SHIP UNLOADERS,Other,4098.8469999999998,4098.847,D,2026-08-19,2026-08-24,2026-09-05,CHINA,,SAMSARA SHIPPING PVT LTD,
2026-08-27,KRISHNAPATNAM,Waiting,3,MV GREAT TRIUMPH,,,LIMESTONE,Dry/General Bulk,75024,75024.0,D,2026-08-25,2026-08-27,2026-08-31,CHINA,,MERCHANT SHIPPING SERVICES PVT. LTD.,
2026-08-27,KRISHNAPATNAM,Waiting,WB-2,MT GANDAWATI 2,,,CPO,Other,14999.984,14999.984,D,2026-08-26,2026-08-27,2026-08-30,INDONESIA,,ATLANTIC GLOBAL SHIPPING PVT. LTD,POB 1400 HRS
2026-08-27,KRISHNAPATNAM,Waiting,7,MV SEASON TRADER,,,COAL,Dry/General Bulk,78750,78750.0,D,2026-08-26,2026-08-27,2026-08-29,INDONESIA,,BEN LINE AGENCIES INDIA PVT LTD,
2026-08-27,KRISHNAPATNAM,Waiting,6,MV MARAN TRANSPORTER,,,IRON ORE FINES,Dry/General Bulk,165905,165905.0,D,2026-08-26,2026-08-29,2026-09-03,BRAZIL,,GPR MARITIME AGENCIES.,
2026-08-27,KRISHNAPATNAM,Waiting,4,MV WHITE FIN,,,UREA,Other,50580.542999999998,50580.543,D,2026-08-27,2026-08-28,2026-09-02,RUSSIA,,SEATRANS MARINE PVT LTD.,
2026-08-27,KRISHNAPATNAM,Expected,8,MV CHOLA PROSPERITY,,,COAL,Dry/General Bulk,75000,75000.0,D,2026-08-27,2026-08-28,2026-08-30,PARADIP,,SEATRANS MARINE PVT LTD.,
2026-08-27,KRISHNAPATNAM,Expected,7,MV VISHVA CHETNA,,,COAL,Dry/General Bulk,75000,75000.0,D,2026-08-28,2026-08-29,2026-08-31,PARADIP,,GAC SHIPPING PVT LTD.,
2026-08-27,KRISHNAPATNAM,Expected,8,MV JEWEL GOLD,,,COAL,Dry/General Bulk,53700,53700.0,D,2026-08-28,2026-08-30,2026-08-31,HALDIA & PARADIP,,M/S.SARAT CHATTERJEE & CO (VSP) PVT LTD,
2026-08-27,KRISHNAPATNAM,Expected,7,MV RIPLEY PIONEER,,,COAL,Dry/General Bulk,75346,75346.0,D,2026-08-28,2026-08-31,2026-09-02,PARADIP,,GAC SHIPPING PVT LTD.,
2026-08-27,KRISHNAPATNAM,Expected,8,MV APJ SHIRIN,,,COAL,Dry/General Bulk,54950,54950.0,D,2026-08-29,2026-09-01,2026-09-03,PARADIP,,SARAT CHATTERJEE & CO (VSP) PVT LTD,
2026-08-27,KRISHNAPATNAM,Expected,S4,MV KANG SHUN,,,GRANITE,Other,53500,53500.0,L,2026-08-30,2026-08-30,2026-09-03,CHINA,,ELITE SHIPPING AGENCIES,
2026-08-27,KRISHNAPATNAM,Expected,4,MV MING XI JIU YUE,,,DAP/APS,Other,25600,25600.0,D,2026-08-30,2026-09-02,2026-09-05,"YEOSU, KOREA",,ALAP CARRIERS-OPA SRI SRINIVASA MARINE AGENCIES,
2026-08-27,KRISHNAPATNAM,Expected,S4A,MV W HUANG PU,,,GRANITE,Other,32200,32200.0,L,2026-08-30,2026-08-30,2026-09-02,XIAMIN,,PUYVAST LOGISTICS PRIVATE LIMITED,
2026-08-27,KRISHNAPATNAM,Expected,WB-3,MT GOLDEN ORCHID,,,CPO,Other,7999.9359999999997,7999.936,D,2026-08-30,2026-08-30,2026-08-31,"BELAWAN, INDONESIA",,JAMES MACKINTOSH & CO PVT LTD,
2026-08-27,KRISHNAPATNAM,Expected,3,MV PHOENIX OCEAN,,,LIMESTONE,Dry/General Bulk,73166,73166.0,D,2026-08-31,2026-08-31,2026-09-04,CHINA,,MERCHANT SHIPPING SERVICES PVT. LTD.,
2026-08-27,KRISHNAPATNAM,Expected,5,MV. SENTINEL,,,COKING COAL,Dry/General Bulk,27858,27858.0,D,2026-09-01,2026-09-02,2026-09-04,"MOBILE, USA",,SPARTANS MARINE SERVICES PRIVATE LIMITED - OPA M/s BEN LINE AGENCIES,
2026-08-27,KRISHNAPATNAM,Expected,7,MV CONSTANTINOS G.O.,,,COAL,Dry/General Bulk,42500,42500.0,D,2026-09-02,2026-09-02,2026-09-04,INDONESIA,,GAC SHIPPING-OPA/ JYOTHI MARINE SERVICES PVT LTD-CA,
2026-08-27,KRISHNAPATNAM,Expected,1,MV GEORGE H,,,COAL,Dry/General Bulk,82306,82306.0,D,2026-09-05,2026-09-05,2026-09-09,"BALTIMORE, USA",,SL SHIPPING PVT LTD,
2026-08-27,KRISHNAPATNAM,Expected,1,MV VITA MELODY,,,COAL,Dry/General Bulk,48871,48871.0,D,2026-05-28,2026-05-28,2026-05-31,INDONESIA,,JYOTHI MARINE,
2026-08-27,KATTUPALLI,Expected,CB3,NHK FORTUNE,,,TMT BAR,Other,14500,14500.0,D,2026-09-02,2026-09-02,2026-09-06,,,JMB,
2026-08-27,SANDHEADS,Working,,PELOPIDAS,,G'LESS,REVERT,Other,,,,NOT READY,090600,REVERT,,,N/A,
2026-08-27,SANDHEADS,Working,,THERE ARE 4 VIRTUAL ANCHORAGE POINTS AT SAGAR AND 4 VESSELS CAN WORK SIMULTANEOUSLY SUB PORT CONSIDERATION,,,,Other,,,,,,,,,,
2026-08-27,SANDHEADS,Working,,"VESSEL'S BERTHING MOVEMENT DEPENDS ON ALL FAVORABLE CONDITIONS SUCH AS CGO DOCS READINESS, VSL'S SENIORITY,",,,,Other,,,,,,,,,,
2026-08-27,SANDHEADS,Working,,"WEATHER CONDITIONS, CONGESTION & BERTH AVAILABILITY",,,,Other,,,,,,,,,,
2026-08-27,SANDHEADS,Working,,Port Working Hours: 24 x 7 basis,,,,Other,,,,,,,,,,
2026-08-27,SANDHEADS,Working,,COASTAL VESSELS HAVE OUSTING PRIORITY,,,,Other,,,,,,,,,,
2026-08-27,SAGAR,Waiting,,MV. WELL DREAM,,GEARED,LIMESTONE,Dry/General Bulk,,,,2026-08-30,2026-08-31,2026-09-01,,,GAC SHIPPING,
2026-08-27,HALDIA,Working,4B,MV. METTLE STARE-I,,GEARLESS,COKING COAL,Dry/General Bulk,32000,32000.0,DISCH,2025-10-22,2025-10-23,2025-10-24,,TATA STEEL,TMILL,
2026-08-27,HALDIA,Working,1,M.V. SAKIZAYA XCEL,,GEARLESS,LIMESTONE,Dry/General Bulk,33950,33950.0,DISCH,2026-08-24,2026-08-26,2026-08-27,,TATA STEEL,KANOO SHIPPING,FENGCHENG
2026-08-27,HALDIA,Working,13,MV W HUANG PU,,GEARED,ROCK PHOSPHATE,Dry/General Bulk,18700,18700.0,DISCH,2026-08-22,2026-08-26,2026-08-28,,VARIOUS,ALAP,SAUDI ARAB
2026-08-27,HALDIA,Working,9,M.V. OAK ANTON,,GEARLESS,NUT COKE,Dry/General Bulk,34000,34000.0,DISCH,2026-08-26,2026-08-27,2026-08-28,,VARIOUS,SAKURA,BAHUDOPI
2026-08-27,HALDIA,Working,14,M.V. DIAMOND TRADER,,G'LESS,STEAM COAL,Dry/General Bulk,30000,30000.0,DISCH,2026-08-26,2026-08-27,2026-08-29,,SAROGI UDYOG,GAC SHIPPING,QINZHOU
2026-08-27,HALDIA,Working,10,MV. ATP FORTUNE,,GEARED,MANGANESE ORE,Dry/General Bulk,29000,29000.0,DISCH,2026-08-22,2026-08-23,2026-08-27,,SHYAM SEL / SHYAM FERRO,INTEROCEAN,PORT ELIZABETH
2026-08-27,HALDIA,Waiting,5,M.V. YTPERION,,GEARLESS,PCI COAL,Dry/General Bulk,31643,31643.0,DISCH,2026-08-27,2026-08-28,2026-08-29,,TSL,TMILL,AUSTRALIA
2026-08-27,HALDIA,Waiting,10,MV. ASAHI BULKER,,GEARED,LENTILS,Other,16824,16824.0,DISCH,2026-08-19,2026-08-28,2026-08-31,,VARIOUS,GAC SHIPPING,AUSTRALIA
2026-08-27,HALDIA,Waiting,13,MV CHOLA UNITY,,GEARLESS,LIMESTONE,Dry/General Bulk,36000,36000.0,DISCH,2026-08-23,2026-08-28,2026-08-30,,PARAG,ALAP,SALALAH
2026-08-27,HALDIA,Expected,1,M.V. DARLEAKAY,,GEARED,MANGANIES ORE,Other,17970,17970.0,DISCH,2026-08-27,2026-08-28,2026-08-29,,VARIOUS,BEN LINE,LIBREVILLE
2026-08-27,HALDIA,Expected,"2,8,9 & 13",M.V. TAN BINH 267,,GEARED,MANGANIES ORE,Other,29019,29019.0,DISCH,2026-08-28,2026-08-29,2026-08-31,,VARIOUS,SEA JEWEL,LIBREVILLE
2026-08-27,HALDIA,Expected,"2,8",MV. ECO DIAGON ALLEY,,GEARLESS,COKING COAL,Dry/General Bulk,33000,33000.0,DISCH,2026-08-28,2026-08-29,2026-08-31,,SAIL,V OCEAN,NAKODKA
2026-08-27,HALDIA,Expected,4,MV. PEAK HAKU,,GEARLESS,COKING COAL,Dry/General Bulk,33000,33000.0,DISCH,2026-08-28,2026-08-28,2026-08-30,,SAIL,GAC SHIPPING,HAMPTON ROADS
2026-08-27,HALDIA,Expected,"2,8,9 & 13",M.V. KM LONDON,,GEARLESS,STEAM COAL,Dry/General Bulk,20000,20000.0,DISCH,2026-08-29,2026-08-31,2026-09-02,,VARIOUS,ALAP,QINZHOU
2026-08-27,HALDIA,Expected,"2,8,9 & 13",M.V. CPT DIMITRIOS S,,GEARLESS,PCI COAL,Dry/General Bulk,34000,34000.0,DISCH,2026-08-29,2026-08-31,2026-09-02,,RAWMEAT,V OCEAN,PORT SAID
2026-08-27,HALDIA,Expected,"2,8,9 & 13",M.V. WELL DREAM,,GEARED,LIMESTONE,Dry/General Bulk,4000/22639,,DISCH,2026-08-30,2026-09-02,2026-09-04,,SHYAM SEL AND POWER,GAC,DIBBA PORT
2026-08-27,HALDIA,Expected,"2,8,9 & 13",M.V. CRIMSON GLORY,,GEARLESS,MANGANESE ORE,Dry/General Bulk,26095,26095.0,DISCH,2026-08-30,2026-09-02,2026-09-04,,VARIOUS,GAC SHIPPING,QINZHOU
2026-08-27,HALDIA,Expected,12,M.V. JY OCEAN,,GEARED,LIMESTONE,Dry/General Bulk,30000,30000.0,DISCH,2026-08-30,2026-09-01,2026-09-03,,TSL,TMILL,FANGCHENG
2026-08-27,HALDIA,Expected,"2,8",M.V. DORIC ARMOUR,,GEARLESS,COKING COAL,Dry/General Bulk,33000,33000.0,DISCH,2026-08-31,2026-09-01,2026-09-03,,SAIL,SEANETIC SHIPP,GLADSTONE
2026-08-27,HALDIA,Expected,"2,8,9 & 13",M.V. STELLA NAVIS,,GEARLESS,COKING COAL,Dry/General Bulk,35000,35000.0,DISCH,2026-09-01,2026-09-03,2026-09-05,,SHYAM SEL AND POWER,GAC,HAYPOINT
2026-08-27,DHAMRA,Working,B - 1/17.2/350,MV CAPE CRANE,CAPE,,COKING COAL,Dry/General Bulk,,,DISCHARGE,2026-08-25,B - 1/17.2/350,2026-08-30,,TATA,TMIL,
2026-08-27,DHAMRA,Working,B- 2/17.2/350,MV SHIN SHUN,CAPE,,STEAM COAL,Dry/General Bulk,,,DISCHARGE,2026-08-24,B- 2/17.2/350,2026-08-29,,RUNGTA MINES,GAC,
2026-08-27,DHAMRA,Working,B-3 A /14.5/350,MV SAFESEA SINDOOR,HANDIMAX,,STEEL SLAB,Dry/General Bulk,,,LOADING,2026-08-21,B-3 A /14.5/350,2026-08-27,,JINDAL STEEL LTD,JM BAXI,
2026-08-27,DHAMRA,Working,B-3A S /13.5,MV SERENITY,HANDIMAX,,HR COIL,Other,,,LOADING,2026-08-20,B-3A S /13.5,2026-08-27,,TATA,TMIL,
2026-08-27,DHAMRA,Working,B-4/17/300,MV TCLC LUZHOU,HANDIMAX,,SLAG,Other,,,LOADING,2026-08-23,B-4/17/300,2026-08-28,,TATA,SMPL,
2026-08-27,DHAMRA,Working,B-5/17/300,MV BASIS FORTUNE,PANAMAX,,THERMAL COAL,Dry/General Bulk,,,LOADING,2026-08-20,B-5/17/300,2026-08-28,,MOXIE POWER,GAC,
2026-08-27,DHAMRA,Waiting,B-3,MV ENGIADINA,HANDIMAX,,IRON ORE PELLETS,Dry/General Bulk,55000 MT,55000.0,LOADING,2026-08-11,2026-08-27,2026-08-28,,RUNGTA MINES,INFINITY,
2026-08-27,DHAMRA,Waiting,B-3A,MV PAC AGENA,HANDIMAX,,HR COIL,Other,30000 MT,30000.0,DISCHARGE,2026-08-21,2026-08-27,2026-08-30,,TATA,TMIL,
2026-08-27,DHAMRA,Waiting,B-3A,MV PAS BLUE WAVE,HANDIMAX,,HR COIL,Other,30000 MT,30000.0,DISCHARGE,2026-08-22,2026-08-30,2026-09-02,,TATA,TMIL,
2026-08-27,DHAMRA,Waiting,B-3AS,MV SYMI,HANDIMAX,,DAP,Other,54999 MT,54999.0,DISCHARGE,2026-08-23,2026-08-27,2026-09-01,,IIPL,KANHU SHIPPING,
2026-08-27,DHAMRA,Waiting,B-5,MV JY OCEAN,PANAMAX,,LIMESTONE,Dry/General Bulk,45000 MT,45000.0,DISCHARGE,2026-08-26,2026-08-28,2026-08-31,,TATA,TMIL,
2026-08-27,DHAMRA,Waiting,B-1,MV NEW EXPLORER,PANAMAX,,PCI COAL,Dry/General Bulk,76000 MT,76000.0,DISCHARGE,2026-08-26,2026-08-28,2026-08-30,,FEE GRADE,SMPL/INFINITY,
2026-08-27,DHAMRA,Waiting,B-3,MV APJ JAOUAD,PANAMAX,,THERMAL COAL,Dry/General Bulk,74000 MT,74000.0,LOADING,2026-08-26,2026-08-27,2026-08-30,,TANGEDCO,JIGSAN,
2026-08-27,DHAMRA,Expected,B-2,MV STELLA NAVIS,PANAMAX,,COKING COAL,Dry/General Bulk,45000 MT,45000.0,DISCHARGE,2026-08-28,2026-08-30,2026-08-31,,SHYAM METALIKS,GAC,
2026-08-27,DHAMRA,Expected,B-5,MV GCL TAPI,PANAMAX,,LIMESTONE,Dry/General Bulk,105999 MT,105999.0,LOADING,2026-08-31,2026-08-31,2026-09-05,,TATA,TMIL/MERCHANT,
2026-08-27,PARADIP PORT,Waiting & Expected,,MV. GREEN K MAX 2,,229.00/14.45,THERMAL COAL,Dry/General Bulk,65000 MT,65000.0,LOADING,18/1724 HRS,2026-08-28,2026-08-29,ENNORE,OPG,SEA SHIPS,SUB TO READINESS
2026-08-27,PARADIP PORT,Waiting & Expected,,MV. CRIMSON GRACE,,199.98/,THERMAL COAL,Dry/General Bulk,18762 MT,18762.0,LOADING,22/2248 HRS,2026-08-27,2026-08-28,ENNORE,OPG,SEA SHIPS,SUB TO READINESS
2026-08-27,PARADIP PORT,Waiting & Expected,,MV. RIPLEY PROGRESS,,225.00/14.50,THERMAL COAL,Dry/General Bulk,75000 MT,75000.0,LOADING,27/0016 HRS,2026-08-28,2026-08-29,HIGH SEAS,APPDCL/CLPL,SSS,SUB TO READINESS
2026-08-27,PARADIP PORT,Waiting & Expected,,MV. CHOLA LEGACY,,228.99/,THERMAL COAL,Dry/General Bulk,69000 MT,69000.0,LOADING,26/1818 HRS,2026-08-28,2026-08-29,HIGH SEAS,TNPGCL,SEAPORT,SUB TO READINESS
2026-08-27,PARADIP PORT,Waiting & Expected,,MV. MARINE FORTUNE I,,225.00/,THERMAL COAL,Dry/General Bulk,72000 MT,72000.0,LOADING,26/2354 HRS,2026-08-28,2026-08-29,HIGH SEAS,TNPGCL,SEAPORT,SUB TO READINESS
2026-08-27,PARADIP PORT,Waiting & Expected,,MV. APJ ANGAD 2,,224.94/14.50,THERMAL COAL,Dry/General Bulk,75000 MT,75000.0,LOADING,28/1400 HRS,2026-08-29,2026-08-30,ENNORE,NTECL/SARAT,BOTHRA,SUB TO READINESS
2026-08-27,PARADIP PORT,Waiting & Expected,,MV. GIORGAKIS,,229.00/14.50,THERMAL COAL,Dry/General Bulk,78000 MT,78000.0,LOADING,29/0600 HRS,2026-08-29,2026-08-30,KRISHNAPATNAM,SEMBCORP,SCC(VSP),SUB TO READINESS
2026-08-27,PARADIP PORT,Waiting & Expected,,MV. SSI IRRESISTIBLE,,229.00/14.50,THERMAL COAL,Dry/General Bulk,81000 MT,81000.0,LOADING,30/0600 HRS,2026-08-30,2026-09-01,ENNORE,NTECL/SARAT,BOTHRA,SUB TO READINESS
2026-08-27,PARADIP PORT,Waiting & Expected,,MV. YOUNG HARMONY,,206.06/13.00,THERMAL COAL,Dry/General Bulk,60000 MT,60000.0,LOADING,31/0600 HRS,2026-08-31,2026-09-01,JAIGARH,JSW ENERGY,SSS,SUB TO READINESS
2026-08-27,PARADIP PORT,Waiting & Expected,,MV TAN BINH 259,,175.53/9.50,STEEL COILS,Dry/General Bulk,25391 MT,25391.0,DISCHARGE,22/1625 HRS,2026-08-27,2026-08-29,BAHODOPI,JINDAL STAINLESS,SSS,SUB TO READINESS
2026-08-27,PARADIP PORT,Waiting & Expected,,MV. DELAVITA,,229.00/7.50,PIG IRON,Dry/General Bulk,60500 MT,60500.0,LOADING,10/0130 HRS,2026-08-28,2026-09-01,SINGAPORE,RAMSARUP,GAC,SUB TO READINESS
2026-08-27,PARADIP PORT,Waiting & Expected,,MV. AM PROGRESS,,176.54/,STEEL SLAB,Dry/General Bulk,30000 MT,30000.0,LOADING,14/0536 HRS,2026-08-29,2026-09-01,NEWPORT,TATA,TMIL,SUB TO READINESS
2026-08-27,PARADIP PORT,Waiting & Expected,,MV. PROPEL PEACE,,179.99/,STEEL SLAB,Dry/General Bulk,31000 MT,31000.0,LOADING,19/0130 HRS,2026-09-01,2026-09-04,HIGH SEAS,TATA,TMIL,SUB TO READINESS
2026-08-27,PARADIP PORT,Waiting & Expected,,MV. NIKGENIOUS,,199.90/13.06,A. SULPHATE,Dry/General Bulk,31500 MT,31500.0,DISCHARGE,22/1700 HRS,2026-09-01,2026-09-05,XIUYU,HURL,ADMIRAL,SUB TO READINESS
2026-08-27,PARADIP PORT,Waiting & Expected,,MV. AP QUEEN,,110.67/8.77,FERRO NICKLE,Other,8250 MT,8250.0,DISCHARGE,23/1150 HRS,2026-09-04,2026-09-06,INDONESIA,JSL,PAREKH,SUB TO READINESS
2026-08-27,PARADIP PORT,Waiting & Expected,,MV. PAULA TRADER,,179.90/7.43,STEEL SQUARE TUBES,Dry/General Bulk,4000 MT,4000.0,LOADING,27/1800 HRS,2026-09-05,2026-09-06,HOUSTON,APL APOLLO TUBES,,SUB TO READINESS
2026-08-27,PARADIP PORT,Waiting & Expected,,MV. PELAGIA,,228.99/13.08,A. SULPHATE,Dry/General Bulk,36000 MT,36000.0,DISCHARGE,27/2330 HRS,2026-09-06,2026-09-12,JINGJIANG,HURL,ALAP,SUB TO READINESS
2026-08-27,PARADIP PORT,Waiting & Expected,,MV. NEON TRADER,,179.90/9.24,STEEL COILS,Dry/General Bulk,15000 MT,15000.0,DISCHARGE,01/2800 HRS,2026-09-06,2026-09-18,BRAZIL,JSL,GAC,SUB TO READINESS
2026-08-27,PARADIP PORT,Waiting & Expected,,MV. SENTINEL,,200.00/,COAL,Dry/General Bulk,32550 MT,32550.0,DISCHARGE,08/09/26 HRS,2026-09-08,2026-09-09,HIGH SEAS,VULCAN,SPARTANS,SUB TO READINESS
2026-08-27,PARADIP PORT,Waiting & Expected,,MV. ALASIA,,199.98/12.50,IRON ORE FINES,Dry/General Bulk,50000 MT,50000.0,LOADING,17/1310 HRS,,,MUMBAI,JSW,SSS,
2026-08-27,PARADIP PORT,Waiting & Expected,,MV. OCEAN WINNER,,225.00/14.35,IRON ORE FINES,Dry/General Bulk,73000 MT,73000.0,LOADING,05/2118 HRS,,,CHINA,OCL IRON,BOTHRA,
2026-08-27,PARADIP PORT,Waiting & Expected,,MV. GEOSTAR,,199.98/13.10,IRON ORE FINES,Dry/General Bulk,57000 MT,57000.0,LOADING,18/2212 HRS,,,CHINA,BAGADIYA,SSS,
2026-08-27,PARADIP PORT,Waiting & Expected,,MV. CAPT EUGENE,,189.99/,IRON ORE PELLET,Dry/General Bulk,54500 MT,54500.0,LOADING,25/2215 HRS,,,CHINA,SJSPL,ACEC,
2026-08-27,PARADIP PORT,Waiting & Expected,,MV. GREEK SEAS,,229.00/14.00,IRON ORE PELLET,Dry/General Bulk,75000 MT,75000.0,LOADING,27/1800 HRS,,,CHINA,AMNSIL,SAMSARA,
2026-08-27,PARADIP PORT,Waiting & Expected,,MV.CAPTAIN PANAGIS,,199.90/,IRON ORE FINES,Dry/General Bulk,61582 MT,61582.0,LOADING,27/2300 HRS,2026-08-29,2026-08-31,CHINA,SESA MINING,SPARTANS,
2026-08-27,PARADIP PORT,Waiting & Expected,,MT. ALDAN,,243.79/13.90,CRUDE OIL,Liquid/Chemical Bulk,93429 MT,93429.0,DISCHARGE,21/0218 HRS,,,HIGH SEAS,IOCL PLD,AGS,
2026-08-27,PARADIP PORT,Waiting & Expected,,MT. MARJORIE,,274.00/15.70,CRUDE OIL,Liquid/Chemical Bulk,140894 MT,140894.0,DISCHARGE,26/1948 HRS,,,HIGHSEAS,IOCL PLD,J M BAXIMSPL,
2026-08-27,PARADIP PORT,Waiting & Expected,,MT. AYAT,,179.99/11.40,CRUDE OIL,Liquid/Chemical Bulk,37861 MT,37861.0,DISCHARGE,26/1930 HRS,,,CHENNAI,IOCL PLD,AGS,
2026-08-27,PARADIP PORT,Waiting & Expected,,MT. ATOKOS,,332.95/19.65,CRUDE OIL,Liquid/Chemical Bulk,258557 MT,258557.0,DISCHARGE,28/0730 HRS,,,CHENNAI,IOCL PLD,AGS,
2026-08-27,PARADIP PORT,Waiting & Expected,,MT. POROS BAY,,274.50/17.00,CRUDE OIL,Liquid/Chemical Bulk,142688 MT,142688.0,DISCHARGE,29/0600 HRS,,,HIGHSEAS,IOCL PLD,AGS,
2026-08-27,PARADIP PORT,Waiting & Expected,,MT. SOPRANO SERENE,,179.88/11.80,HSD/M.SPIRIT,Liquid/Chemical Bulk,19500 MT,19500.0,DISCHARGE,01/1000 HRS,,,HALDIA,BPCL,AGS,
2026-08-27,PARADIP PORT,Waiting & Expected,,MT. SWARNA PUSHP,,184.95/8.10,ATF,Liquid/Chemical Bulk,9000 MT,9000.0,LOADING,13/0036 HRS,,,HIGHSEAS,IOCL,AGS,RE-ANCH
2026-08-27,PARADIP PORT,Waiting & Expected,,MT. TINY DAISY,,225.13/,BUTANE/PROPAN,Liquid/Chemical Bulk,24000 MT,24000.0,DISCHARGE,26/2218 HRS,,,HIGHSEAS,IOCL,ISIPL,
2026-08-27,PARADIP PORT,Waiting & Expected,,MT. FAIRWAY,,171.26/,M.SPIRIT/NAPTH,Liquid/Chemical Bulk,15000 MT,15000.0,LOADING,23/1800 HRS,,,HIGHSEAS,IOCL,AGS,
2026-08-27,PARADIP PORT,Waiting & Expected,,MT. ANANTHA,,160.50/,LCO,Other,2201 MT,2201.0,LOADING,25/2354 HRS,,,HIGHSEAS,IOCL,ISIPL,
2026-08-27,PARADIP PORT,Waiting & Expected,,MT. BW POLARIS,,229.90/12.22,BUTANE/PROPAN,Liquid/Chemical Bulk,20000 MT,20000.0,DISCHARGE,29/1000 HRS,,,NEW MANGALORE,IOCL,WILHELMSEN,
2026-08-27,PARADIP PORT,Waiting & Expected,,MT. GAS QUANTUM,,173.70/10.26,AMMONIA,Liquid/Chemical Bulk,23202 MT,23202.0,LOADING,01/0001 HRS,,,HIGHSEAS,IFFCO,SSS,
2026-08-27,PARADIP PORT,Waiting & Expected,,MV. AFRICAN DRAGON,,199.99/,SULPHUR,Other,17500 MT,17500.0,DISCHARGE,02/0600 HRS,,,HIGHSEAS,IFFCO,SEACHHATHMA,
2026-08-27,PARADIP PORT,Waiting & Expected,,MV. SUNRISE I,,228.90/14.46,COKING COAL,Dry/General Bulk,33000 MT,33000.0,DISCHARGE,29/0600 HRS,2026-08-29,2026-08-31,KEMBLA,JSW JFE,GPR MARITIME,CQ-1
2026-08-27,PARADIP PORT,Waiting & Expected,,MV. ASHICO SYMPHONY,,120.93/9.75,FERRO CHROME,Dry/General Bulk,7490 MT,7490.0,LOADING,01/0800 HRS,2026-09-01,2026-09-01,HIGH SEAS,IMFA,CHOWGULE,SQ
2026-08-27,PARADIP PORT,Waiting & Expected,,MV. STAR FLAME,,120.93/7.95,LIMESTONE,Dry/General Bulk,45816 MT,45816.0,DISCHARGE,01/1800 HRS,2026-09-01,2026-09-03,GUANGZHO,AMNSIL,SAMSARA,
2026-08-27,PARADIP PORT,Waiting & Expected,,MV. SENTINEL,,200.00/,COAL,Dry/General Bulk,32550 MT,32550.0,DISCHARGE,08/09/26 HRS,2026-09-08,2026-09-10,HIGH SEAS,VULCAN,SPARTANS,MPB
2026-08-27,PARADIP PORT,Waiting & Expected,,"PRIORITY BERTHING ALLOWED FOR ALL IMPORT/EXPORT DRY BULK CARGO TO M/S. JSPL, TATA, JSW SAMBALPUR AT GCB.",,,,Other,,,,,,,,,,
2026-08-27,PARADIP PORT,Waiting & Expected,,"VESSEL WHICH CAN NOT PERFORM AS THE REQUIRED PORT NORMS, SHE WILL BE SHIFTED TO ROADS AND HER BERTHING WILL BE DECIDED AS THE LAST VESSEL ON SERIAL.",,,,Other,,,,,,,,,,
2026-08-27,PARADIP PORT,Waiting & Expected,,"MAXIMUM OF TWO COASTAL VESSELS WILL BE TAKEN AT A TIME IN THE CONVENTIONAL BERTH W.E.F 07-OCT-2018,TILL FURTHER ORDER",,,,Other,,,,,,,,,,
2026-08-27,KAKINADA,Waiting,,SAILED VESSELS::,,,,Other,,,,,,,,,,
2026-08-27,KAKINADA,Waiting,,M.V. MILAS,,,,Other,,,,2026-08-21,,,,,,
2026-08-27,KAKINADA,Waiting,,M.V.ODELMAR,,,,Other,,,,2026-08-22,,,,,,
2026-08-27,KAKINADA,Waiting,,M.T. SWARNA MALA,,,,Other,,,,2026-08-23,,,,,,
2026-08-27,KAKINADA,Waiting,,M.V. LV DAISY,,,,Other,,,,2026-08-22,,,,,,
2026-08-27,KAKINADA,Expected,,M.V.TRUONG MINH SEA,,,RICE,Dry/General Bulk,50000,50000.0,,2026-08-27,,,,,IMPERIAL,
2026-08-27,KAKINADA,Expected,,M.V.UTHITA NAREE,,,RICE,Dry/General Bulk,40000,40000.0,,2026-08-29,,,,"PATTABHI, SRI LALITHA",BOTHRA,
2026-08-27,KAKINADA,Expected,,M.T.ARLON,,,AMMONIA,Liquid/Chemical Bulk,14940,14940.0,,2026-08-28,,,,CIL,SEATRANS,
2026-08-27,KAKINADA,Expected,,M.T. GOLDEN ORCHID,,,EDIBLE OIL,Other,7000,7000.0,,2026-08-28,,,,SANTHOSHIMATAA,JAMES,
2026-08-27,KAKINADA,Expected,,M.V. AFRICAN DRAGON,,,SULPHUR,Other,17500,17500.0,,2026-08-28,,,,CIL,CROSS TRADE,
2026-08-27,KAKINADA,Expected,,M.V. PEGASUS,,,ALUMINA,Dry/General Bulk,29000,29000.0,,2026-08-30,,,,BALCO,JYOTHI MARINE,
2026-08-27,KAKINADA,Expected,,M.V. AMARYLLIS,,,COAL,Dry/General Bulk,76200,76200.0,,2026-08-30,,,,THE RAMCO CEMENTS,ATLANTIC,
2026-08-27,KAKINADA,Expected,,M.T. DING HENG 55,,,REFINED POME,Other,5983,5983.0,,2026-08-31,,,,KALEESUWARI REFINERY,SAMUDRA MARINE,
2026-08-27,KAKINADA,Expected,,M.V.DK APOLLO,,,BENTONITE,Other,10000,10000.0,,2026-08-31,,,,JUMBO MINING,ACT FORWARDERS,
2026-08-27,KAKINADA,Expected,,M.V.STAR CLEO,,,UREA,Other,49600,49600.0,,2026-08-31,,,,CIL,AN LINE,
2026-08-27,KAKINADA,Expected,,M.V. FUBAO,,,GRANITE BLOCKS,Other,48700,48700.0,,2026-09-01,,,,ELITE,ELITE,
2026-08-27,KAKINADA,Expected,,M.V.JIU XU,,,AMMONIUM SULPHATE,Dry/General Bulk,33000,33000.0,,2026-09-01,,,,HINDUSTAN URVAK,PRAVV SHIPPING,
2026-08-27,KAKINADA,Expected,,M.V. TCI SURYA,,,CONTAINERS,Container,150,150.0,,2026-09-01,,,,TCI,BOTHRA,
2026-08-27,KAKINADA,Expected,,M.V.HAMBURG,,,MOP,Other,67648,67648.0,,2026-09-02,,,,"CHAMBAL, INDORAMA, MOSAIC",BOTHRA,
2026-08-27,KAKINADA,Expected,,M.V. BROAD WEATH,,,MOP,Other,54637,54637.0,,2026-09-03,,,,RCFL,INTEROCEAN,
2026-08-27,KAKINADA,Expected,,M.V.RISHABH,,,,Other,,,,2026-02-05,,,,,,
2026-08-27,GANGAVARAM,Working,B3,MV LUCKY SUNDAY,,,LIMESTONE,Dry/General Bulk,77100,77100.0,,2026-08-24,B3,2026-08-27,,RINL,SEATRANS,MECHNICAL CONCEYOR LOADING BERTH
2026-08-27,GANGAVARAM,Working,B5,MV ARKTOS,,,COKING COAL,Dry/General Bulk,79261,79261.0,,2026-08-27,B5,2026-08-29,,NMDC,SAI SAMRAT,MECHNICAL CONCEYOR DISCH BERTH
2026-08-27,GANGAVARAM,Working,B6,MV XIN QI HANG 1,,,BAUXITE,Dry/General Bulk,63900,63900.0,,2026-08-26,B6,2026-08-28,,VEDANTA,IMPERIAL,
2026-08-27,GANGAVARAM,Working,B7,MV STAR SHANGHAI,,,UREA,Other,52500,52500.0,,2026-08-26,B7,2026-08-31,,INDIAN POTASH LTD,CHOWGULE,HMC BERTH
2026-08-27,GANGAVARAM,Working,B8,MV AL MANHAL,,,CP COKE,Dry/General Bulk,16499.886999999999,16499.887,,2026-08-22,B8,2026-08-27,,VEDANTA,SPARTANS,CONTAINER BERTH
2026-08-27,GANGAVARAM,Expected,B1/B7/B9,MV TIRYANDAFIL,,,STEEL BILLETS,Dry/General Bulk,50000,50000.0,,2026-08-28,B1/B7/B9,,,RINL,SPARTANS,
2026-08-27,GANGAVARAM,Expected,B1/B7/B9,MV LUCKY PIONEER,,,STEEL BILLETS,Dry/General Bulk,20000,20000.0,,2026-08-29,B1/B7/B9,,,RINL,,
2026-08-27,GANGAVARAM,Expected,B6,MV GOOD LUCK,,,NUT COKE,Dry/General Bulk,53021,53021.0,,2026-08-29,B6,2026-08-31,,RINL,GLORY FAITH,
2026-08-27,GANGAVARAM,Expected,B2,MV APJ INDRANI,,,THERMAL COAL,Dry/General Bulk,76000,76000.0,,2026-08-29,B2,2026-08-31,COASTAL,TANGEDCO,SEAPORT,
2026-08-27,GANGAVARAM,Expected,B1,MV HPC WISDOM,,,ALUMINA IN BULK,Dry/General Bulk,31500,31500.0,,2026-08-29,B1,2026-09-04,,VEDANTA,JYOTHI,
2026-08-27,GANGAVARAM,Expected,B3,MV LILA SHANGHAI,,,LIMESTONE,Dry/General Bulk,75250,75250.0,,2026-08-30,B3,2026-08-02,,SAIL,,
2026-08-27,GANGAVARAM,Expected,B5,MV VISHVA VIJAY,,,COKING COAL,Dry/General Bulk,77750,77750.0,,2026-08-30,B5,2026-08-01,,RINL,SEAWAYS,
2026-08-27,GANGAVARAM,Expected,B6,MV TRINITY,,,BAUXITE,Dry/General Bulk,54853,54853.0,,2026-09-04,B6,2026-09-06,,PIONEER ALUMINA,RICHMARK,
2026-08-27,VISAKHAPATNAM,Working,OB-1,MV ALASIA,,,IRON ORE FINES,Dry/General Bulk,59000,59000.0,L,2026-08-22,OB-1,2026-08-27,,,JYOTHI,
2026-08-27,VISAKHAPATNAM,Working,C.THERMAL,MV HALDI,,,REPAIR PURPOSE,Other,,,,2026-08-23,C.THERMAL,2026-08-28,,,TMILL,
2026-08-27,VISAKHAPATNAM,Working,VGCB,MV WESTERN DONCASTER,,,COKING COAL,Dry/General Bulk,34780,34780.0,D,2026-08-22,VGCB,2026-08-27,,,JYOTHI,
2026-08-27,VISAKHAPATNAM,Working,CB-1,MV XIN TIAN JIN,,,CONTAINERS,Container,34780,34780.0,D/L,2026-08-26,CB-1,2026-08-28,,,COSCO,
2026-08-27,VISAKHAPATNAM,Working,CB-3,MV SM MANALI,,,CONTAINERS,Container,43801,43801.0,D/L,2026-08-26,CB-3,2026-08-27,,,SIMA MARINE,
2026-08-27,VISAKHAPATNAM,Working,EQ-3,MV STAR COPENHAGEN,,,UREA,Other,54266,54266.0,D,2026-08-20,EQ-3,2026-08-31,,,CROSS TRADING,
2026-08-27,VISAKHAPATNAM,Working,EQ-4,MV SSI IRRSISTIBLE,,,AMMONIUM SULPHTE IN BULK,Other,40500,40500.0,D,2026-08-15,EQ-4,2026-08-30,,,SEATRANS,
2026-08-27,VISAKHAPATNAM,Working,EQ-6,MV SPIRIT OF KOBE,,,CP COKE,Dry/General Bulk,20400,20400.0,L,2026-08-21,EQ-6,2026-08-26,,,ESHWAR,
2026-08-27,VISAKHAPATNAM,Working,EQ-8 (VSPL),MV KM LONDON,,,STEAM COAL,Dry/General Bulk,40500,40500.0,D,2026-08-25,EQ-8 (VSPL),2026-08-29,,,SEATRANS,
2026-08-27,VISAKHAPATNAM,Working,EQ-9 (VSPL),MV RED AZALEA,,,PET COKE,Dry/General Bulk,52069,52069.0,D,2026-08-26,EQ-9 (VSPL),2026-08-29,,,JYOTHI,
2026-08-27,VISAKHAPATNAM,Working,WQ-1,MV CHENNAI VALARCHI,,,THERMAL COAL,Dry/General Bulk,73206,73206.0,L,2026-08-22,WQ-1,2026-08-28,,,SEAPORT,COASTAL
2026-08-27,VISAKHAPATNAM,Working,WQ-2,MV CRIMSON GLORY,,,MANGANESE ORE,Dry/General Bulk,27089,27089.0,D,2026-08-23,WQ-2,2026-08-28,,,INTEGRAL,
2026-08-27,VISAKHAPATNAM,Working,WQ-3,MV PANDA,,,ALUMINA IN BULK,Dry/General Bulk,33800,33800.0,L,2026-08-13,WQ-3,2026-08-30,,,INTEROCEAN,
2026-08-27,VISAKHAPATNAM,Working,WQ-4,MV BOSHI 78,,,ALUMINA IN BULK,Dry/General Bulk,30393,30393.0,L,2026-08-19,WQ-4,2026-08-30,,,INTEROCEAN,
2026-08-27,VISAKHAPATNAM,Working,WQ-5,MV SEA TOPAZ,,,ALUMINA IN BULK,Dry/General Bulk,30550,30550.0,L,2026-08-19,WQ-5,2026-08-27,,,INTEROCEAN,SHIFTED FROM EQ-3 TO WQ-5
2026-08-27,VISAKHAPATNAM,Working,WQ-6,MV SSI CONQUEST,,,TSP & DAP,Other,52700,52700.0,D,2026-08-22,WQ-6,2026-08-29,,,BOTHRA,
2026-08-27,VISAKHAPATNAM,Working,WQ-7,Handed over to m/s VMBCTPL for projecdt development,,,,Other,,,,,WQ-7,,,,,
2026-08-27,VISAKHAPATNAM,Working,OR-1,OR -1 Berth spared for Revamping by CE department,,,,Other,,,,,OR-1,,,,,
2026-08-27,VISAKHAPATNAM,Working,OR-2,MT SWARNA MALA,,,HSD & MS,Liquid/Chemical Bulk,8097,8097.0,D,2026-08-27,OR-2,2026-08-28,,,ATLANTIC,
2026-08-27,VISAKHAPATNAM,Working,OR-3,MT SAFESEA VARUNA,,,FUEL OIL,Other,35502,35502.0,L,2026-08-25,OR-3,2026-08-29,,,INTEROCEAN,
2026-08-27,VISAKHAPATNAM,Working,F.B,MV BAO CHANG,,,ROCK PHOSPHATE,Dry/General Bulk,48500,48500.0,D,2026-08-14,F.B,2026-08-28,,,RDS OIL & GAS,SHIFTED FROM EQ-1 TO FB
2026-08-27,VISAKHAPATNAM,Waiting,1,MV GLORIEUSE,,,STEEL BLOOMS,Dry/General Bulk,20000,20000.0,L,2026-08-17,1,,,,BENLINES,
2026-08-27,VISAKHAPATNAM,Waiting,2,MV TATEV,,,ALUMINA IN BAGS,Dry/General Bulk,10845,10845.0,L,2026-08-17,2,,,,INTEROCEAN,RE-ANCH
2026-08-27,VISAKHAPATNAM,Waiting,3,MV NORDTIGRIS,,,LENTILS IN BULK,Other,10000,10000.0,D,2026-08-22,3,,,,SEAVISION,
2026-08-27,VISAKHAPATNAM,Waiting,4,LPG/C. RED ADMIRAL,,,LPG,Other,24500,24500.0,D,2026-08-24,4,,,,GAC,
2026-08-27,VISAKHAPATNAM,Waiting,5,MT EASTERN QUINCE,,,FUEL OIL,Other,34650,34650.0,L,2026-08-25,5,,,,INTEROCEAN,
2026-08-27,VISAKHAPATNAM,Waiting,6,MV BRILLIANT ADVANCE,,,IRON ORE PELLETS,Dry/General Bulk,76000,76000.0,L,2026-08-26,6,,,,JYOTHI,
2026-08-27,VISAKHAPATNAM,Waiting,7,MV JPS BARCELONA,,,DAP,Other,52552,52552.0,D,2026-08-26,7,,,,ANLINE SHIPPING,
2026-08-27,VISAKHAPATNAM,Waiting,8,LPG/C. NAVIGATOR GLORY,,,LIQUID AMMONIA,Liquid/Chemical Bulk,10000,10000.0,D,2026-08-26,8,,,,INCHCAPE,
2026-08-27,VISAKHAPATNAM,Waiting,9,MV DORIC ARMOUR,,,COKING COAL,Dry/General Bulk,46506,46506.0,D,2026-08-26,9,,,,IMPERIAL,
2026-08-27,VISAKHAPATNAM,Expected,,MV EMMANUEL,,,IRON ORE FINES,Dry/General Bulk,55000,55000.0,L,2026-08-27,,,,,JYOTHI,
2026-08-27,VISAKHAPATNAM,Expected,,MV TAN BINH 279,,,STEEL CARGO,Dry/General Bulk,4100,4100.0,L,2026-08-27,,,,,SEATRANS,
2026-08-27,VISAKHAPATNAM,Expected,,MV MEDWAY SPIRIT,,,CP COKE,Dry/General Bulk,15000,15000.0,L,2026-08-27,,,,,ESHWAR,
2026-08-27,VISAKHAPATNAM,Expected,,MV CORN,,,ALUMINA IN BULK,Dry/General Bulk,30600,30600.0,L,2026-08-27,,,,,RICHMARK,
2026-08-27,VISAKHAPATNAM,Expected,,MV FUBAO,,,ANTHRACITE COAL,Dry/General Bulk,44000,44000.0,D,2026-08-27,2026-08-27,,,,INTEGRAL,
2026-08-27,VISAKHAPATNAM,Expected,,MV EVER BRAVE,,,CONTAINERS,Container,7000,7000.0,D/L,2026-08-27,2026-08-28,,,,BOXCO,
2026-08-27,VISAKHAPATNAM,Expected,,MV DP WORLD GODAVARI,,,CONTAINERS,Container,15000,15000.0,D/L,2026-08-27,,,,,UNIFEEDEER,
2026-08-27,VISAKHAPATNAM,Expected,,MV NORSE MOBILE,,,FERRO MANGANESE & STEEL CARGO,Dry/General Bulk,29200,29200.0,L,2026-08-28,,,,,SAIANS,
2026-08-27,VISAKHAPATNAM,Expected,,MV PAS SUNRISE,,,PROJECT CARGO [44 PKGS],Other,1742,1742.0,D,2026-08-28,,,,,J.M.BAXI,HMC REQUIRED
2026-08-27,VISAKHAPATNAM,Expected,,MV THOR BRAVE,,,MANGANESE ORE,Dry/General Bulk,30000,30000.0,D,2026-08-28,2026-08-28,,,,JYOTHI,
2026-08-27,VISAKHAPATNAM,Expected,,MV DP WORLD THAMIRABARANI,,,CONTAINERS,Container,8500,8500.0,D/L,2026-08-28,,,,,UNIFEEDEER,
2026-08-27,VISAKHAPATNAM,Expected,,MT FEATHER,,,FO & LDO,Other,7000,7000.0,D,2026-08-28,,,,,SRAVAN,
2026-08-27,VISAKHAPATNAM,Expected,,MT SANMAR SNEHA,,,PY GAS,Other,6300,6300.0,D,2026-08-28,2026-08-28,,,,BENLINES,
2026-08-27,VISAKHAPATNAM,Expected,,MV MEGHANA VISION,,,IRON ORE FINES,Dry/General Bulk,55000,55000.0,L,2026-08-29,,,,,JYOTHI,
2026-08-27,VISAKHAPATNAM,Expected,,MV BASIC STAR,,,IRON ORE PELLETS,Dry/General Bulk,76000,76000.0,L,2026-08-29,,,,,JYOTHI,
2026-08-27,VISAKHAPATNAM,Expected,,MV AFRICAN TOUCAN,,,CALCINED PET COKE,Dry/General Bulk,8000,8000.0,L,2026-08-29,,,,,ESHWAR,
2026-08-27,VISAKHAPATNAM,Expected,,MV FREE SAILING,,,PET COKE,Dry/General Bulk,31044,31044.0,D,2026-08-29,,,,,SAI SAMRAT,
2026-08-27,VISAKHAPATNAM,Expected,,MV ZHONG XING MEN,,,PET COKE,Dry/General Bulk,52510,52510.0,D,2026-08-29,,,,,BENLINES,
2026-08-27,VISAKHAPATNAM,Expected,,MV QI XIA SHAN,,,GRANITE BLOCKS,Other,12000,12000.0,L,2026-08-30,,,,,PUYVAST,
2026-08-27,VISAKHAPATNAM,Expected,,MV SYLVAN T,,,MOP,Other,49530,49530.0,D,2026-08-30,,,,,J.M.BAXI,
2026-08-27,VISAKHAPATNAM,Expected,,MV TRANSTIME,,,NPK,Other,54000,54000.0,D,2026-08-30,,,,,BOTHRA,
2026-08-27,VISAKHAPATNAM,Expected,,MV NEW ELIAS,,,STEAM COAL,Dry/General Bulk,161904,161904.0,D,2026-08-30,,,,,GPR MARTIME,
2026-08-27,VISAKHAPATNAM,Expected,,LPG/C. TINY DAISY,,,LPG,Other,24000,24000.0,D,2026-08-30,,,,,INTEROCEAN,
2026-08-27,VISAKHAPATNAM,Expected,,MV SORSI,,,MANGANESE ORE,Dry/General Bulk,24000,24000.0,D,2026-08-31,,,,,K.R.SONS,
2026-08-27,VISAKHAPATNAM,Expected,,MV RACOON,,,PET COKE,Dry/General Bulk,5001,5001.0,D,2026-09-01,,,,,JYOTHI,
2026-08-27,VISAKHAPATNAM,Expected,,MV OCEAN ROYAL,,,MANGANESE ORE,Dry/General Bulk,30650,30650.0,D,2026-09-01,,,,,BOTHRA,
2026-08-27,VISAKHAPATNAM,Expected,,MV WAN HAI 366,,,CONTAINERS,Container,19500,19500.0,D/L,2026-09-01,,,,,WAN HAI LINES,
2026-08-27,VISAKHAPATNAM,Expected,,MT ATREBATES,,,CRUDE OIL,Liquid/Chemical Bulk,250000,250000.0,D,2026-09-01,,,,,ATLANTIC,
2026-08-27,VISAKHAPATNAM,Expected,,MV PIONEER KIRA,,,"STONE AGGREGATE,CEMENT & GENERAL CARGO",Dry/General Bulk,20000,20000.0,L,2026-09-02,,,,,FAIRMACS,COASTAL
2026-08-27,VISAKHAPATNAM,Expected,,MV YASA KAPTAN ERBIL,,,UREA,Other,49500,49500.0,D,2026-09-02,,,,,INTEROCEAN,
2026-08-27,VISAKHAPATNAM,Expected,,MV MOGRAL,,,CONTAINERS,Container,40000,40000.0,D/L,2026-09-02,,,,,SIMA MARINE,
2026-08-27,VISAKHAPATNAM,Expected,,MV SWARAJ DWEEP,,,PASSENGERS,Other,,,D,2026-09-03,,,,,AVBGPR,
2026-08-27,VISAKHAPATNAM,Expected,,MV SPIRIT OF SEATREK,,,MANGANESE ORE,Dry/General Bulk,22550,22550.0,D,2026-09-04,,,,,BOTHRA,
2026-08-27,VISAKHAPATNAM,Expected,,MV LC PLANCHET,,,HARD COAL,Dry/General Bulk,85700,85700.0,D,2026-09-05,,,,,SEATRANS,
2026-08-27,VISAKHAPATNAM,Expected,,MV ALBERTA,,,MANGANESE ORE,Dry/General Bulk,32790,32790.0,D,2026-09-05,,,,,INTEGRAL,
2026-08-27,VISAKHAPATNAM,Expected,,MV SSL SABARIMALAI,,,CONTAINERS,Container,8500,8500.0,D/L,2026-09-05,,,,,UNIFEEDEER,
2026-08-27,VISAKHAPATNAM,Expected,,MV DARYA MAYA,,,MANGANESE ORE,Dry/General Bulk,30000,30000.0,D,2026-09-06,,,,,INTEGRAL,
2026-08-27,VISAKHAPATNAM,Expected,,MV ARIES STAR,,,HARD COAL,Dry/General Bulk,51500,51500.0,D,2026-09-09,,,,,SEATRANS,
2026-08-27,VISAKHAPATNAM,Expected,,MV SSL KRISHNA,,,CONTAINERS,Container,12000,12000.0,D/L,2026-09-11,,,,,UNIFEEDEER,
2026-08-27,VISAKHAPATNAM,Expected,,MV MILAS,,,ROCK PHOSPHATE,Dry/General Bulk,47900,47900.0,D,2026-08-21,,,,,RDS OIL,
2026-08-31,KARAIKAL,Working,III,MV LADY ANNE,,,COAL,Dry/General Bulk,77000,77000.0,IMPORT,2026-08-28,2026-08-28,2026-08-31,,,,
2026-08-31,KARAIKAL,Expected,,MV CFS HARMONY,,,COAL,Dry/General Bulk,80027,80027.0,IMPORT,2026-09-02,2026-09-02,2026-09-05,,,,
2026-08-31,GOPALPUR,Working,MPB-2,MV MOSKHA,,,IRON ORE FINES,Dry/General Bulk,54880,54880.0,L,2026-08-20,2026-08-25,2026-08-31,,,NAVSHIP,
2026-08-31,GOPALPUR,Expected,MPB-2,MV PEAK HAKU,,,THERMAL COAL,Dry/General Bulk,75000,75000.0,L,2026-08-31,2026-08-31,2026-09-04,,,GAC(CA)/BOTHRA(OPA),
2026-08-31,CHENNAI,Working,WQ2,GLOVIS SPIRIT,,,CARS,Other,4000,4000.0,L,2026-08-30,2026-08-30,2026-09-01,,,CARTRANS,
2026-08-31,CHENNAI,Working,JD1,RACOON,,,PIG IRON,Dry/General Bulk,2050,2050.0,D,2026-08-30,2026-08-30,2026-08-31,,,PEARL,
2026-08-31,CHENNAI,Working,JD3,ORCUN C,,,RICE,Dry/General Bulk,25000,25000.0,L,2026-08-29,2026-08-29,2026-09-06,,,SPARTRANS,
2026-08-31,CHENNAI,Working,BD2,SC SOLARIS,,,CPOIL,Other,12000,12000.0,D,2026-08-26,2026-08-27,2026-09-01,,,SAMSARA,
2026-08-31,CHENNAI,Waiting,BD2,ORCHIDS,,,F OIL/LDO,Other,8969-2002,,D/D,2026-08-29,2026-09-01,2026-09-03,,,ATLANTIC,
2026-08-31,CHENNAI,Waiting,JD2/4/6,AL MANHAL,,,PROJ,Other,1200,1200.0,L,2026-08-30,2026-08-31,2026-09-01,,,BENLINE,
2026-08-31,CHENNAI,Waiting,JD6/SQ2/WQ1/BD2,FORTUNE,,,B OIL,Other,8306,8306.0,D,2026-08-30,2026-09-01,2026-09-04,,,SEAPORT,
2026-08-31,CHENNAI,Expected,JD5,AMNS POLAR,,,SCOIL/SPLATE,Dry/General Bulk,15055,15055.0,D,2026-09-01,2026-09-01,2026-09-03,,,SAMSARA,
2026-08-31,CHENNAI,Expected,BD2/WQ1/JD2/4,DOCOMO,,,CPOIL,Other,11800,11800.0,D,2026-09-02,2026-09-02,2026-09-04,,,ATLANTIC,
2026-08-31,CHENNAI,Expected,JD2/4/6,BANGLAR JOYJATRA,,,J.BAG/BARITES,Other,"15,000/4,000",,L,2026-09-02,2026-09-02,2026-09-06,,,GENID,
2026-08-31,CHENNAI,Expected,JD2/4/6,BBC NORFOLK,,,PROJ,Other,13,13.0,L,2026-09-05,2026-09-05,2026-09-06,,,MARCONS,
2026-08-31,CHENNAI,Expected,JD1/SQ1,HT LOTUS,,,FLOU,Other,10000,10000.0,D,2026-09-03,2026-09-03,2026-09-05,,,SEAGREEN,
2026-08-31,CHENNAI,Expected,JD2/4/BD2,WECO SENNA,,,CSFOIL,Other,13060,13060.0,D,2026-09-05,2026-09-05,2026-09-08,,,INTEROCEAN,
2026-08-31,CHENNAI,Expected,,THERSESA EMPAT,,,CSFOIL,Other,RVRT,,D,2026-09-07,2026-09-07,2026-09-09,,,ATLANTIC,
2026-08-31,ENNORE,Working,CB1,CHOLA TREASURE,,,T COAL,Dry/General Bulk,74500,74500.0,D,2026-08-30,CB1,2026-09-01,,,SEAPORT,COASTAL
2026-08-31,ENNORE,Working,CB2,CHOLA MELODY,,,T COAL,Dry/General Bulk,74600,74600.0,D,2026-08-29,CB2,2026-09-02,,,JESPA,COASTAL
2026-08-31,ENNORE,Working,GCB2,Garnet Ace,,,AUTOMOBILE,Other,2100,2100.0,L,2026-08-28,GCB2,2026-09-01,,,MOL,
2026-08-31,ENNORE,Working,ECTPL,STAR EVA,,,S COAL,Dry/General Bulk,103901,103901.0,D,2026-08-15,ECTPL,2026-09-03,,,MERCHANT,
2026-08-31,ENNORE,Waiting,ECTPL,Venus Star,,,S COAL,Dry/General Bulk,78547,78547.0,D,2026-08-17,2026-09-03,2026-09-06,,,GAC,
2026-08-31,ENNORE,Waiting,MLT,LPG/C Maple Gas,,,Propane/Butane,Liquid/Chemical Bulk,21000,21000.0,D,2026-08-24,2026-09-03,2026-09-04,,,Interocean,
2026-08-31,ENNORE,Waiting,GCB,HOEGH TROOPER,,,AUTOMOBILE,Other,800,800.0,L,2026-08-31,2026-08-31,2026-09-01,,,MERCHANT,
2026-08-31,ENNORE,Expected,EBTPL,Glorieuse,,,ST BLOOMS/R BAR,Other,10000,10000.0,L,2026-09-02,2026-09-02,2026-09-05,,,SEAGREEN,
2026-08-31,ENNORE,Expected,MLT,FEATHER,,,FO/LDO,Other,16756,16756.0,D,2026-08-31,2026-08-31,2026-09-01,,,SAMSARA,
2026-08-31,ENNORE,Expected,MLT,Blue Phoneix,,,CHEMICAL,Other,2600,2600.0,D,2026-09-05,2026-09-06,2026-09-07,,,Wilhelmsen,
2026-08-31,ENNORE,Expected,MLT,Daewoo Diamond,,,CHEMICAL,Other,1500,1500.0,D,2026-09-06,2026-09-07,2026-09-09,,,Wilhelmsen,
2026-08-31,ENNORE,Expected,GCB,CANADIAN HIGHWAY,,,AUTOMOBILE,Other,1900,1900.0,L,2026-09-13,2026-09-13,2026-09-14,,,K STEAM,
2026-08-31,ENNORE,Expected,GCB,BAHRI TABUK,,,AUTOMOBILE,Other,700,700.0,L,2026-09-17,2026-09-17,2026-09-18,,,RADIANT,
2026-08-31,KRISHNAPATNAM,Working,WB-2,MT GOLDEN ORCHID,,,CPO,Other,7999.9359999999997,7999.936,D,2026-08-30,2026-08-30,2026-09-01,"BELAWAN, INDONESIA",,JAMES MACKINTOSH & CO PVT LTD,
2026-08-31,KRISHNAPATNAM,Working,S4,MV CRIMSON GRACE,,,COAL,Dry/General Bulk,59011,59011.0,D,2026-08-29,2026-08-29,2026-09-01,PARADIP,,SEAGREEN STEVEDORING & LOGISTICS PVT LTD,
2026-08-31,KRISHNAPATNAM,Working,8,MV VISHVA CHETNA,,,COAL,Dry/General Bulk,75000,75000.0,D,2026-08-27,2026-08-29,2026-08-31,PARADIP,,GAC SHIPPING PVT LTD.,
2026-08-31,KRISHNAPATNAM,Working,7,MV JEWEL GOLD,,,COAL,Dry/General Bulk,53700,53700.0,D,2026-08-28,2026-08-30,2026-08-31,HALDIA & PARADIP,,M/S.SARAT CHATTERJEE & CO (VSP) PVT LTD,
2026-08-31,KRISHNAPATNAM,Working,6,MV CHOLA PROSPERITY,,,COAL,Dry/General Bulk,75000,75000.0,D,2026-08-27,2026-08-29,2026-09-01,PARADIP,,SEATRANS MARINE PVT LTD.,
2026-08-31,KRISHNAPATNAM,Working,5,MV MARAN TRANSPORTER,,,IRON ORE FINES,Dry/General Bulk,165905,165905.0,D,2026-08-26,2026-08-31,2026-09-05,BRAZIL,,GPR MARITIME AGENCIES.,
2026-08-31,KRISHNAPATNAM,Working,4,MV WHITE FIN,,,UREA,Other,50580.542999999998,50580.543,D,2026-08-27,2026-08-28,2026-09-02,RUSSIA,,SEATRANS MARINE PVT LTD.,
2026-08-31,KRISHNAPATNAM,Working,3,MV RIPLEY PIONEER,,,COAL,Dry/General Bulk,75346,75346.0,D,2026-08-29,2026-08-31,2026-09-02,PARADIP,,GAC SHIPPING PVT LTD.,
2026-08-31,KRISHNAPATNAM,Working,2,MV XIN CHEN HAI YANG,,,SHIP UNLOADERS,Other,4098.8469999999998,4098.847,D,2026-08-19,2026-08-24,2026-09-02,CHINA,,SAMSARA SHIPPING PVT LTD,
2026-08-31,KRISHNAPATNAM,Waiting,6,MV APJ SHIRIN,,,COAL,Dry/General Bulk,54950,54950.0,D,2026-08-30,2026-08-31,2026-09-02,PARADIP,,SARAT CHATTERJEE & CO (VSP) PVT LTD,
2026-08-31,KRISHNAPATNAM,Waiting,7,MV DECCAN PRIDE,,,COAL,Dry/General Bulk,73481,73481.0,D,2026-08-30,2026-08-31,2026-09-02,PARADIP,,"J M BAXI MARINE SERVICES PRIVATE LIMITED,",
2026-08-31,KRISHNAPATNAM,Expected,S4A,MV W HUANG PU,,,GRANITE,Other,32200,32200.0,L,2026-08-31,2026-08-31,2026-09-05,CHINA,,PUYVAST LOGISTICS PRIVATE LIMITED,
2026-08-31,KRISHNAPATNAM,Expected,3,MV PHOENIX OCEAN,,,LIMESTONE,Dry/General Bulk,73166,73166.0,D,2026-08-31,2026-09-02,2026-09-05,CHINA,,MERCHANT SHIPPING SERVICES PVT. LTD.,
2026-08-31,KRISHNAPATNAM,Expected,WB-3,MV MING XI JIU YUE,,,DAP/APS,Other,25600,25600.0,D,2026-08-31,2026-08-31,2026-09-04,"YEOSU, KOREA",,ALAP CARRIERS-OPA SRI SRINIVASA MARINE AGENCIES,
2026-08-31,KRISHNAPATNAM,Expected,8,MV RIPLEY PROGRESS,,,COAL,Dry/General Bulk,74500,74500.0,D,2026-08-31,2026-09-01,2026-09-03,PARADIP,,ATLANTIC GLOBAL SHIPPING PVT LTD VRC CHITTINADU LOGISTICS,
2026-08-31,KRISHNAPATNAM,Expected,6,MV CSK GENERATIN,,,COAL,Dry/General Bulk,125290,125290.0,D,2026-09-01,2026-09-02,2026-09-06,AUSTRALIA,,"GPR MARITIME AGENCIES.,",
2026-08-31,KRISHNAPATNAM,Expected,7,MV.MANDARIN PENGHU,,,COAL,Dry/General Bulk,67500,67500.0,D,2026-09-01,2026-09-02,2026-09-04,INDONESIA,,J M BAXI PRIVATE LIMITED,
2026-08-31,KRISHNAPATNAM,Expected,S4,MV KANG SHUN,,,GRANITE,Other,53500,53500.0,L,2026-09-01,2026-09-01,2026-09-08,CHINA,,ELITE SHIPPING AGENCIES,
2026-08-31,KRISHNAPATNAM,Expected,1,MV CONSTANTINOS G.O.,,,COAL,Dry/General Bulk,42500,42500.0,D,2026-09-02,2026-09-02,2026-09-05,INDONESIA,,GAC SHIPPING-OPA/ JYOTHI MARINE SERVICES PVT LTD-CA,
2026-08-31,KRISHNAPATNAM,Expected,8,MV GIORGAKIS,,,COAL,Dry/General Bulk,77590,77590.0,D,2026-09-02,2026-09-03,2026-09-05,PARADIP,,SARAT CHATTERJEE & CO (VSP) PVT LTD,
2026-08-31,KRISHNAPATNAM,Expected,S4A,MV FREE SAILING,,,GRANITE,Other,31300,31300.0,D,2026-09-02,2026-09-05,2026-09-09,CHINA,,ESDI MARITIME PVT LTD,
2026-08-31,KRISHNAPATNAM,Expected,4,MV DAGHER,,,DAP,Other,54070,54070.0,D,2026-09-03,2026-09-03,2026-09-08,SAUDI ARABIA,,SEATRANS MARINE PVT LTD. OPA M/s GAC SHIPPING PVT LTD.,
2026-08-31,KRISHNAPATNAM,Expected,2,MV. SENTINEL,,,COAL,Dry/General Bulk,27858,27858.0,D,2026-09-03,2026-09-03,2026-09-06,"MOBILE, USA",,SPARTANS MARINE SERVICES PRIVATE LIMITED - OPA M/s BEN LINE AGENCIES,
2026-08-31,KRISHNAPATNAM,Expected,2,MV GEORGE H,,,COAL,Dry/General Bulk,82306,82306.0,D,2026-09-05,2026-09-05,2026-09-09,"BALTIMORE, USA",,SL SHIPPING PVT LTD,
2026-08-31,KRISHNAPATNAM,Expected,1,MV VITA MELODY,,,COAL,Dry/General Bulk,48871,48871.0,D,2026-05-28,2026-05-28,2026-05-31,INDONESIA,,JYOTHI MARINE,
2026-08-31,KATTUPALLI,Expected,CB3,NHK FORTUNE,,,TMT BAR,Other,14500,14500.0,D,2026-09-04,2026-09-04,2026-09-09,,,JMB,
2026-08-31,SANDHEADS,Working,,PELOPIDAS,,G'LESS,REVERT,Other,,,,NOT READY,090600,REVERT,,,N/A,
2026-08-31,SANDHEADS,Working,,THERE ARE 4 VIRTUAL ANCHORAGE POINTS AT SAGAR AND 4 VESSELS CAN WORK SIMULTANEOUSLY SUB PORT CONSIDERATION,,,,Other,,,,,,,,,,
2026-08-31,SANDHEADS,Working,,"VESSEL'S BERTHING MOVEMENT DEPENDS ON ALL FAVORABLE CONDITIONS SUCH AS CGO DOCS READINESS, VSL'S SENIORITY,",,,,Other,,,,,,,,,,
2026-08-31,SANDHEADS,Working,,"WEATHER CONDITIONS, CONGESTION & BERTH AVAILABILITY",,,,Other,,,,,,,,,,
2026-08-31,SANDHEADS,Working,,Port Working Hours: 24 x 7 basis,,,,Other,,,,,,,,,,
2026-08-31,SANDHEADS,Working,,COASTAL VESSELS HAVE OUSTING PRIORITY,,,,Other,,,,,,,,,,
2026-08-31,SAGAR,Waiting,,MV. THOR BRAVE,,GEARED,MANGANESE ORE,Dry/General Bulk,,,,2026-08-31,2026-09-02,2026-09-03,,,SAKURA,
2026-08-31,SAGAR,Waiting,,MV. WELL DREAM,,GEARED,LIMESTONE,Dry/General Bulk,,,,2026-08-30,2026-08-31,2026-09-01,,,GAC SHIPPING,
2026-08-31,HALDIA,Working,4B,MV. METTLE STARE-I,,GEARLESS,COKING COAL,Dry/General Bulk,32000,32000.0,DISCH,2025-10-22,2025-10-23,2025-10-24,,TATA STEEL,TMILL,
2026-08-31,HALDIA,Working,9,MV.KM LONDON,,GEARED,STEAM COAL,Dry/General Bulk,20000,20000.0,DISCH,2026-08-30,2026-08-31,2026-09-01,,VARIOUS,ALAP,QINZHOU
2026-08-31,HALDIA,Working,10,MV. ASAHI BULKER,,GEARED,LENTILS,Other,16824,16824.0,DISCH,2026-08-19,2026-08-28,2026-09-06,,VARIOUS,GAC SHIPPING,AUSTRALIA
2026-08-31,HALDIA,Waiting,14,MV. CRIMSON GLORY,,GEARED,MANGANESE ORE,Dry/General Bulk,26095,26095.0,DISCH,2026-08-31,2026-09-01,2026-09-02,,VARIOUS,GAC SHIPPING,PORT ELIZEBETH
2026-08-31,HALDIA,Waiting,1,MV. STELLA NAVIS,,GEARLESS,COKING COAL,Dry/General Bulk,35000,35000.0,DISCH,2026-08-01,2026-08-01,2026-09-03,,SHYAM SEL & POWER,GAC,FANGCHENG
2026-08-31,HALDIA,Waiting,4,MV. JAG AJAY,,GEARLESS,COKING COAL,Dry/General Bulk,33000,33000.0,DISCH,2026-09-01,2026-09-01,2026-09-02,,SAIL,GAC,HAYPOINT
2026-08-31,HALDIA,Expected,"2,8,9 & 13",M.V. THOR BRAVE,,GEARED,MANGANIES ORE,Other,4050/26895,,DISCH,2026-08-31,2026-09-02,2026-09-03,,VARIOUS,SAKURA,
2026-08-31,HALDIA,Expected,4A,M.V. STAR GALAXY,,GEARLESS,COKING COAL,Dry/General Bulk,33000,33000.0,DISCH,2026-09-02,2026-09-03,2026-09-05,,SAIL,TMILL,
2026-08-31,HALDIA,Expected,12,M.V. JY OCEAN,,GEARLESS,LIMESTONE,Dry/General Bulk,34000,34000.0,DISCH,2026-09-02,2026-09-03,2026-09-05,,TSL,TMILL,FANGCHENG
2026-08-31,HALDIA,Expected,"2,8,",M.V. DORIC ARMOUR,,GEARLESS,COKING COAL,Dry/General Bulk,33000,33000.0,DISCH,2026-09-02,2026-09-03,2026-09-05,,SAIL,SEANETIC,GLADSTONE
2026-08-31,HALDIA,Expected,12,M.V. UNITY FORCE,,GEARED,DOLOMITE,Dry/General Bulk,27200,27200.0,DISCH,2026-09-05,2026-09-06,2026-09-08,,TSL,TMILL,
2026-08-31,HALDIA,Expected,12,M.V. PAULA,,GEARLESS,PROJECT CARGO,Other,515,515.0,DISCH,2026-09-06,2026-09-08,2026-09-10,,EASTERN CLEARING & FORWARDING AGENCY PVT LTD,TMILL,
2026-08-31,HALDIA,Expected,"2,8,9 & 13",M.V. OCEAN ROYAL,,GEARED,MANGANIES ORE,Other,20920,20920.0,DISCH,2026-09-07,2026-09-08,2026-09-10,,VARIOUS,SEAHORSE,
2026-08-31,HALDIA,Expected,12,M.V. NORSE NAOSHIMA,,GEARLESS,PET COKE,Dry/General Bulk,17496,17496.0,DISCH,2026-09-10,2026-09-11,2026-09-12,,PERTO CARBON AND CHEMICALS,INTEROCEAN,
2026-08-31,HALDIA,Expected,"2,8,9 & 13",M.V. PELAGIA,,GEARED,AMMONIUM SULPHATE,Dry/General Bulk,28900,28900.0,DISCH,2026-09-10,2026-09-11,2026-09-13,,INDORAMA,ALAP,
2026-08-31,HALDIA,Expected,"2,8,9 & 13",M.V. WELL DREAM,,GEARED,LIMESTONE,Dry/General Bulk,4000/22639,,DISCH,2026-09-10,2026-09-11,2026-09-13,,SHYAM SEL AND POWER,GAC,DIBBA PORT
2026-08-31,DHAMRA,Working,B - 1/17.2/350,MV STELLA NAVIS,PANAMAX,,COKING COAL,Dry/General Bulk,,,DISCHARGE,2026-08-28,B - 1/17.2/350,2026-08-31,,SHYAM METALIKS,GAC,
2026-08-31,DHAMRA,Working,B- 2/17.2/350,MV NEW EXPLORER,PANAMAX,,PCI COAL,Dry/General Bulk,,,DISCHARGE,2026-08-26,B- 2/17.2/350,2026-08-31,,FEE GRADE,SMPL/INFINITY,
2026-08-31,DHAMRA,Working,B -3/17/350,MV XIN QI HANG 1,PANAMAX,,IRON ORE PELLETS,Dry/General Bulk,,,LOADING,2026-08-30,B -3/17/350,2026-09-01,,URISSA STEVEDORES LTD,TMIL,
2026-08-31,DHAMRA,Working,B-3 A /14.5/350,MV JY OCEAN,PANAMAX,,LIMESTONE,Dry/General Bulk,,,DISCHARGE,2026-08-26,B-3 A /14.5/350,2026-09-02,,TATA,TMIL,
2026-08-31,DHAMRA,Working,B-3A S /13.5,MV PAS BLUE WAVE,HANDIMAX,,HR COIL,Other,,,LOADING,2026-08-22,B-3A S /13.5,2026-09-01,,TATA,TMIL,
2026-08-31,DHAMRA,Working,B-4/17/300,MV PAC AGENA,HANDIMAX,,HR COIL,Other,,,DISCHARGE,2026-08-21,B-4/17/300,2026-09-03,,TATA,TMIL,
2026-08-31,DHAMRA,Working,B-5/17/300,MV SYMI,HANDIMAX,,DAP,Other,,,DISCHARGE,2026-08-23,B-5/17/300,2026-09-02,,IIPL,KANHU SHIPPING,
2026-08-31,DHAMRA,Waiting,B-5,MV GCL TAPI,PANAMAX,,LIMESTONE,Dry/General Bulk,105999 MT,105999.0,DISCHARGE,2026-08-30,2026-09-02,2026-09-09,,TATA,TMIL/MERCHANT,
2026-08-31,DHAMRA,Expected,B-2,MV MAXWELL,PANAMAX,,COKING COAL,Dry/General Bulk,45000 MT,45000.0,DISCHARGE,2026-09-01,2026-09-01,2026-09-03,,TATA,TMIL,
2026-08-31,DHAMRA,Expected,B-1,MV NAVIOS AMETHYST,CAPE,,COKING COAL,Dry/General Bulk,160000 MT,160000.0,DISCHARGE,2026-09-03,2026-09-03,2026-09-07,,TATA,TMIL,
2026-08-31,DHAMRA,Expected,B-2,MV BERN STAR,PANAMAX,,COKING COAL,Dry/General Bulk,45000 MT,45000.0,DISCHARGE,2026-09-06,2026-09-06,2026-09-07,,SAIL,SMPL/JYOTHI,
2026-08-31,DHAMRA,Expected,B-1,MV MARAN GLORY,CAPE,,COKING COAL,Dry/General Bulk,160000 MT,160000.0,DISCHARGE,2026-09-08,2026-09-08,2026-09-12,,TATA,TMIL,
2026-08-31,DHAMRA,Expected,B-5,MV PREGNY,PANAMAX,,LIMESTONE,Dry/General Bulk,45000 MT,45000.0,DISCHARGE,2026-09-10,2026-09-10,2026-09-13,,TATA,TMIL,
2026-08-31,PARADIP PORT,Waiting & Expected,,MV. MARINE FORTUNE I,,225.00/,THERMAL COAL,Dry/General Bulk,72000 MT,72000.0,LOADING,26/2354 HRS,2026-08-31,2026-09-01,HIGH SEAS,TNPGCL,SEAPORT,SUB TO READINESS
2026-08-31,PARADIP PORT,Waiting & Expected,,MV. YOUNG HARMONY,,206.06/13.00,THERMAL COAL,Dry/General Bulk,60000 MT,60000.0,LOADING,31/1400 HRS,2026-09-01,2026-09-03,JAIGARH,ALPS MINING,SSS,SUB TO READINESS
2026-08-31,PARADIP PORT,Waiting & Expected,,MV. CHOLA UNITY,,229.00/14.50,THERMAL COAL,Dry/General Bulk,78900 MT,78900.0,LOADING,31/2200 HRS,2026-09-01,2026-09-03,KRISHNAPATNAM,SEMBCORP,J M BAXIMSPL,SUB TO READINESS
2026-08-31,PARADIP PORT,Waiting & Expected,,MV. ECO DIAGON ALLEY,,225.00/14.50,THERMAL COAL,Dry/General Bulk,80000 MT,80000.0,LOADING,01/0600 HRS,2026-09-01,2026-09-03,KAKINADA,APG/SC,SCC(VSP),SUB TO READINESS
2026-08-31,PARADIP PORT,Waiting & Expected,,MV. SSI IRRESISTIBLE,,229.00/14.50,THERMAL COAL,Dry/General Bulk,81000 MT,81000.0,LOADING,01/0600 HRS,2026-09-01,2026-09-03,ENNORE,NTECL/SARAT,BOTHRA,SUB TO READINESS
2026-08-31,PARADIP PORT,Waiting & Expected,,MV. STAR SHANGHAI,,199.91/14.00,THERMAL COAL,Dry/General Bulk,61550 MT,61550.0,LOADING,02/0600 HRS,2026-09-02,2026-09-04,KRISHNAPATNAM,SURYADEV,MSSL,SUB TO READINESS
2026-08-31,PARADIP PORT,Waiting & Expected,,MV TAN BINH 259,,175.53/9.50,STEEL COILS,Dry/General Bulk,25391 MT,25391.0,DISCHARGE,22/1625 HRS,2026-08-31,2026-09-02,BAHODOPI,JINDAL STAINLESS,SSS,SUB TO READINESS
2026-08-31,PARADIP PORT,Waiting & Expected,,MV. NIKGENIOUS,,199.90/13.06,A. SULPHATE,Dry/General Bulk,31500 MT,31500.0,DISCHARGE,22/1700 HRS,2026-09-05,2026-09-07,XIUYU,HURL,ADMIRAL,SUB TO READINESS
2026-08-31,PARADIP PORT,Waiting & Expected,,MV. AP QUEEN,,110.67/8.77,FERRO NICKLE,Other,8250 MT,8250.0,DISCHARGE,23/1150 HRS,2026-09-05,2026-09-07,INDONESIA,JSL,PAREKH,SUB TO READINESS
2026-08-31,PARADIP PORT,Waiting & Expected,,MV. PELAGIA,,228.99/13.08,A. SULPHATE,Dry/General Bulk,36000 MT,36000.0,DISCHARGE,27/2300 HRS,2026-09-07,2026-09-11,JINGJIANG,HURL,ALAP,SUB TO READINESS
2026-08-31,PARADIP PORT,Waiting & Expected,,MV. YPERION,,229.00/7.25,PIG IRON,Dry/General Bulk,66000 MT,66000.0,LOADING,01/1000 HRS,2026-09-11,2026-09-15,HALDIA,OMPL,J M BAXIMSPL,SUB TO READINESS
2026-08-31,PARADIP PORT,Waiting & Expected,,MV. NEON TRADER,,179.90/9.24,STEEL COILS,Dry/General Bulk,15000 MT,15000.0,DISCHARGE,01/1900 HRS,2026-09-07,2026-09-10,BRAZIL,JSL,GAC,SUB TO READINESS
2026-08-31,PARADIP PORT,Waiting & Expected,,MV. ESCADA,,154.00/7.55,STEEL COILS,Dry/General Bulk,400 MT,400.0,DISCHARGE,03/1900 HRS,2026-09-04,2026-09-05,COLOMBO,MSC AGENCY,SAMSARA,SUB TO READINESS
2026-08-31,PARADIP PORT,Waiting & Expected,,MV. STAR GALAXY,,229.00/14.45,COKING COAL,Dry/General Bulk,45733 MT,45733.0,DISCHARGE,29/1100 HRS,2026-08-31,2026-09-02,HAYPOINT,SAIL,SSS,
2026-08-31,PARADIP PORT,Waiting & Expected,,MV. SENTINEL,,200.00/,COAL,Dry/General Bulk,32550 MT,32550.0,DISCHARGE,08/09/26 HRS,2026-09-08,2026-09-09,HIGH SEAS,VULCAN,SPARTANS,SUB TO READINESS
2026-08-31,PARADIP PORT,Waiting & Expected,,MV. ALASIA,,199.98/12.50,IRON ORE FINES,Dry/General Bulk,50000 MT,50000.0,LOADING,17/1310 HRS,,,MUMBAI,JSW,SSS,
2026-08-31,PARADIP PORT,Waiting & Expected,,MV. ZOLA,,199.90/14.00,IRON ORE PELLETS,Dry/General Bulk,60000 MT,60000.0,LOADING,31/0200 HRS,,,HAJIRA,AMNSIL,SAMSARA,
2026-08-31,PARADIP PORT,Waiting & Expected,,MV. STELLA NAVIS,,228.90/14.00,IRON ORE PELLETS,Dry/General Bulk,75000 MT,75000.0,LOADING,04/0200 HRS,,,HAJIRA,AMNSIL,SAMSARA,
2026-08-31,PARADIP PORT,Waiting & Expected,,MV. OCEAN WINNER,,225.00/14.35,IRON ORE FINES,Dry/General Bulk,73000 MT,73000.0,LOADING,05/2118 HRS,,,CHINA,OCL IRON,BOTHRA,
2026-08-31,PARADIP PORT,Waiting & Expected,,MV. GEOSTAR,,199.98/13.10,IRON ORE FINES,Dry/General Bulk,57000 MT,57000.0,LOADING,18/2212 HRS,,,CHINA,BAGADIYA,SSS,
2026-08-31,PARADIP PORT,Waiting & Expected,,MV.CAPTAIN PANAGIS,,199.90/,IRON ORE FINES,Dry/General Bulk,58000 MT,58000.0,LOADING,27/2215 HRS,2026-09-01,2026-09-02,CHINA,SESA MINING,SPARTANS,
2026-08-31,PARADIP PORT,Waiting & Expected,,MT. ALDAN,,243.79/13.90,CRUDE OIL,Liquid/Chemical Bulk,93429 MT,93429.0,DISCHARGE,21/0218 HRS,,,HIGH SEAS,IOCL PLD,AGS,
2026-08-31,PARADIP PORT,Waiting & Expected,,MT. AYAT,,179.99/11.40,CRUDE OIL,Liquid/Chemical Bulk,37861 MT,37861.0,DISCHARGE,26/1930 HRS,,,CHENNAI,IOCL PLD,AGS,
2026-08-31,PARADIP PORT,Waiting & Expected,,MT. POROS,,274.20/15.70,CRUDE OIL,Liquid/Chemical Bulk,139427 MT,139427.0,DISCHARGE,31/1300 HRS,,,HIGHSEAS,IOCL PLD,AGS,
2026-08-31,PARADIP PORT,Waiting & Expected,,MT. SOPRANO SERENE,,179.88/11.80,HSD/M.SPIRIT,Liquid/Chemical Bulk,19500 MT,19500.0,DISCHARGE,01/1000 HRS,,,HALDIA,BPCL,AGS,
2026-08-31,PARADIP PORT,Waiting & Expected,,MT. TINY DAISY,,225.13/,BUTANE/PROPAN,Liquid/Chemical Bulk,24000 MT,24000.0,DISCHARGE,26/2218 HRS,,,HIGHSEAS,IOCL,ISIPL,
2026-08-31,PARADIP PORT,Waiting & Expected,,MT. FAIRWAY,,171.26/,M.SPIRIT/NAPTH,Liquid/Chemical Bulk,15000 MT,15000.0,LOADING,23/1800 HRS,,,HIGHSEAS,IOCL,AGS,
2026-08-31,PARADIP PORT,Waiting & Expected,,MT. BW POLARIS,,229.90/12.22,BUTANE/PROPAN,Liquid/Chemical Bulk,20000 MT,20000.0,DISCHARGE,29/1000 HRS,,,NEW MANGALORE,IOCL,WILHELMSEN,
2026-08-31,PARADIP PORT,Waiting & Expected,,MV. GLEN COVE,,159.03/9.50,SULPHURIC ACID,Liquid/Chemical Bulk,19842 MT,19842.0,DISCHARGE,31/0730 HRS,,,HIGHSEAS,PPL,GAC,
2026-08-31,PARADIP PORT,Waiting & Expected,,MT. KESTREL,,182.50/,FURNACE OIL,Liquid/Chemical Bulk,10500 MT,10500.0,LOADING,31/2200 HRS,,,HIGHSEAS,IOCL,AGS,
2026-08-31,PARADIP PORT,Waiting & Expected,,MT. GAS QUANTUM,,173.70/10.26,AMMONIA,Liquid/Chemical Bulk,23202 MT,23202.0,LOADING,01/0001 HRS,,,HIGHSEAS,IFFCO,SSS,
2026-08-31,PARADIP PORT,Waiting & Expected,,MV. AFRICAN DRAGON,,199.99/,SULPHUR,Other,17500 MT,17500.0,DISCHARGE,01/2200 HRS,,,HIGHSEAS,IFFCO,SEACHHATHMA,
2026-08-31,PARADIP PORT,Waiting & Expected,,MV. STAR FLAME,,229.00/,LIMESTONE,Dry/General Bulk,45816 MT,45816.0,DISCHARGE,01/2000 HRS,2026-09-01,2026-09-04,GUANGZHO,AMNSIL,SAMSARA,CQ-2
2026-08-31,PARADIP PORT,Waiting & Expected,,MV. ASHICO SYMPHONY,,120.93/9.75,FERRO CHROM,Dry/General Bulk,7688 MT,7688.0,LOADING,02/1400 HRS,2026-09-05,2026-09-06,HIGH SEAS,IMFA,CHOWGULE,SQ
2026-08-31,PARADIP PORT,Waiting & Expected,,MV. AMNSI STALLION,,229.00/14.50,LIMESTONE,Dry/General Bulk,42000 MT,42000.0,DISCHARGE,02/1600 HRS,2026-09-02,2026-09-05,DIBBA,TATA,TMIL,MPB
2026-08-31,PARADIP PORT,Waiting & Expected,,MV. UNITY FORCE,,199.96/12.99,DOLOMITE,Dry/General Bulk,32000 MT,32000.0,DISCHARGE,03/1200 HRS,2026-09-03,2026-09-05,DUQM,TATA,TMIL,CQ-1
2026-08-31,PARADIP PORT,Waiting & Expected,,MV. SENTINEL,,200.00/,COAL,Dry/General Bulk,32550 MT,32550.0,DISCHARGE,08/09/26 HRS,2026-09-08,2026-09-10,HIGH SEAS,VULCAN,SPARTANS,MPB
2026-08-31,PARADIP PORT,Waiting & Expected,,"PRIORITY BERTHING ALLOWED FOR ALL IMPORT/EXPORT DRY BULK CARGO TO M/S. JSPL, TATA, JSW SAMBALPUR AT GCB.",,,,Other,,,,,,,,,,
2026-08-31,PARADIP PORT,Waiting & Expected,,"VESSEL WHICH CAN NOT PERFORM AS THE REQUIRED PORT NORMS, SHE WILL BE SHIFTED TO ROADS AND HER BERTHING WILL BE DECIDED AS THE LAST VESSEL ON SERIAL.",,,,Other,,,,,,,,,,
2026-08-31,PARADIP PORT,Waiting & Expected,,"MAXIMUM OF TWO COASTAL VESSELS WILL BE TAKEN AT A TIME IN THE CONVENTIONAL BERTH W.E.F 07-OCT-2018,TILL FURTHER ORDER",,,,Other,,,,,,,,,,
2026-08-31,KAKINADA,Waiting,,M.V. PEGASUS,,,ALUMINA,Dry/General Bulk,29000,29000.0,,2026-08-31,,,,"BALCO, ALUMINA",JYOTHI MARINE,
2026-08-31,KAKINADA,Waiting,,SAILED VESSELS::,,,,Other,,,,,,,,,,
2026-08-31,KAKINADA,Waiting,,M.V.LUCENT,,,,Other,,,,2026-07-29,,,,,,
2026-08-31,KAKINADA,Waiting,,M.T.ARLON,,,,Other,,,,2026-08-28,,,,,,
2026-08-31,KAKINADA,Waiting,,M.T. GOLDEN ORCHID,,,,Other,,,,2026-08-28,,,,,,
2026-08-31,KAKINADA,Waiting,,M.V. SALT LAKE,,,,Other,,,,2026-08-25,,,,,,
2026-08-31,KAKINADA,Expected,,M.V.UTHITA NAREE,,,RICE,Dry/General Bulk,40000,40000.0,,2026-09-01,,,,"PATTABHI, SRI LALITHA",BOTHRA,
2026-08-31,KAKINADA,Expected,,M.V.CS CRYSTAL,,,RICE,Dry/General Bulk,28500,28500.0,,2026-09-01,,,,,ESDI MARITIME,
2026-08-31,KAKINADA,Expected,,M.V.SAN NICOLAS,,,RICE,Dry/General Bulk,28000,28000.0,,2026-09-02,,,,SATYAM BALAJI,LOTUS,
2026-08-31,KAKINADA,Expected,,M.V.MJ MAYA,,,RICE,Dry/General Bulk,30000,30000.0,,2026-09-03,,,,,LOTUS,
2026-08-31,KAKINADA,Expected,,M.V.LORD HAMMOUR,,,RICE,Dry/General Bulk,27500,27500.0,,2026-09-04,,,,,LOTUS,
2026-08-31,KAKINADA,Expected,,M.V.PMS SEAGULL,,,RICE,Dry/General Bulk,22000,22000.0,,2026-09-05,,,,,LOTUS,
2026-08-31,KAKINADA,Expected,,M.V.STAR CLEO,,,UREA,Other,49600,49600.0,,2026-08-31,,,,CIL,AN LINE,
2026-08-31,KAKINADA,Expected,,M.T. DING HENG 55,,,REFINED POME,Other,5983,5983.0,,2026-08-31,,,,KALEESUWARI REFINERY,SAMUDRA MARINE,
2026-08-31,KAKINADA,Expected,,M.V.HAMBURG,,,MOP,Other,67648,67648.0,,2026-09-02,,,,"CHAMBAL, INDORAMA, MOSAIC",BOTHRA,
2026-08-31,KAKINADA,Expected,,M.V.JIU XU,,,AMMONIUM SULPHATE,Dry/General Bulk,33000,33000.0,,2026-09-02,,,,HINDUSTAN URVAK,PRAVV SHIPPING,
2026-08-31,KAKINADA,Expected,,M.V. BROAD WEATH,,,MOP,Other,54637,54637.0,,2026-09-03,,,,RCFL,INTEROCEAN,
2026-08-31,KAKINADA,Expected,,M.T. NAVIGATOR GLORY,,,AMMONIA,Liquid/Chemical Bulk,4786,4786.0,,2026-09-03,,,,CIL,ISS SHIPPING,
2026-08-31,KAKINADA,Expected,,M.V.WHITE FIN,,,IRON ORE,Dry/General Bulk,54550,54550.0,,2026-09-04,,,,LLOYDS METALS,BOTHRA,
2026-08-31,KAKINADA,Expected,,M.V. TCI SURYA,,,CONTAINERS,Container,150,150.0,,2026-09-04,,,,TCI,BOTHRA,
2026-08-31,KAKINADA,Expected,,M.V.IMPERIAL VARALAKSHMI,,,ROCK PHOSPHATE,Dry/General Bulk,31097,31097.0,,2026-09-06,,,,CIL,RDS OIL & GAS,
2026-08-31,KAKINADA,Expected,,M.T. DAEWOO DIAMOND,,,TOLUENE,Other,1000,1000.0,,2026-09-08,,,,PONPURE CHEMICALS,WHILHELMSEN,
2026-08-31,KAKINADA,Expected,,M.V. MEGHNA ROSE,,,DAP,Other,55000,55000.0,,2026-09-08,,,,RCFL,BOTHRA,
2026-08-31,KAKINADA,Expected,,M.V.RISHABH,,,,Other,,,,2026-02-05,,,,,,
2026-08-31,GANGAVARAM,Working,B1,MV TIRYANDAFIL,,,STEEL BILLETS,Dry/General Bulk,50000,50000.0,,2026-08-29,B1,2026-09-13,,RINL,SPARTANS,HMC BERTH
2026-08-31,GANGAVARAM,Working,B2,MV ENDLESS HORIZON,,,BF SLAG,Other,56750,56750.0,,2026-08-28,B2,2026-09-02,SHIFTED FROM B7 TO B2,MINSOTRANS,MINSOTRANS,HMC BERTH
2026-08-31,GANGAVARAM,Working,B3,MV LILA SHANGHAI,,,LIMESTONE,Dry/General Bulk,75250,75250.0,,2026-08-30,B3,2026-09-01,,SAIL,BOTHRA,MECHNICAL CONCEYOR LOADING BERTH
2026-08-31,GANGAVARAM,Working,B4,MV JABAL SAMHAN,,,IRON ORE FINES,Dry/General Bulk,55000,55000.0,,2026-08-29,B4,2026-08-31,,KIOCL,ANLINE,
2026-08-31,GANGAVARAM,Working,B5,MV VISHVA VIJAY,,,COKING COAL,Dry/General Bulk,77750,77750.0,,2026-08-31,B5,2026-09-02,,RINL,SEAWAYS,MECHNICAL CONCEYOR DISCH BERTH
2026-08-31,GANGAVARAM,Working,B6,MV PAN QUANTUM,,,COKING COAL,Dry/General Bulk,78205.732999999993,78205.733,,2026-08-29,B6,2026-09-02,,RINL,SAI SAMRAT,
2026-08-31,GANGAVARAM,Working,B7,MV HPC WISDOM,,,ALUMINA IN BULK,Dry/General Bulk,31500,31500.0,,2026-08-29,B7,2026-09-07,,VEDANTA/BALCO,JYOTHI,HMC BERTH
2026-08-31,GANGAVARAM,Working,B8,MV STAR SHANGHAI,,,UREA,Other,52500,52500.0,,2026-08-26,B8,2026-08-31,SHIFTED FROM B7 TO B8,INDIAN POTASH LTD,CHOWGULE,CONTAINER BERTH
2026-08-31,GANGAVARAM,Expected,B7/B8,MV SEAMEC GALLANT,,,QUICK LIME BAGS,Other,20441,20441.0,,2026-08-31,B7/B8,,,,INTEGRAL,
2026-08-31,GANGAVARAM,Expected,B6,MV SILVER GATE,,,COKING COAL,Dry/General Bulk,45000,45000.0,,2026-08-31,B6,2026-09-02,,SAIL,JM BAXI,
2026-08-31,GANGAVARAM,Expected,B4,MV RED AZALEA,,,IRON ORE FINES,Dry/General Bulk,55000,55000.0,,2026-09-02,B4,2026-09-04,,KIOCL,ANLINE,
2026-08-31,GANGAVARAM,Expected,B1/B9,MV LUCKY PIONEER,,,STEEL BILLETS,Dry/General Bulk,20000,20000.0,,2026-09-01,B1/B9,2026-09-03,,RINL,IMPERIAL,
2026-08-31,GANGAVARAM,Expected,B6,MV TRINITY,,,BAUXITE,Dry/General Bulk,54853,54853.0,,2026-09-04,B6,2026-09-06,,PIONEER ALUMINA,RICHMARK,
2026-08-31,GANGAVARAM,Expected,B2/B3/B8,MV MEDI EOLIE,,,LIMESTONE,Dry/General Bulk,76783,76783.0,,2026-09-04,B2/B3/B8,,,,,
2026-08-31,GANGAVARAM,Expected,B2/B3/B8,MV ALEXIS,,,LIMESTONE,Dry/General Bulk,77000,77000.0,,2026-09-11,B2/B3/B8,,,,,
2026-08-31,VISAKHAPATNAM,Working,OB-1,MV BASIC STAR,,,IRON ORE PELLETS,Dry/General Bulk,75480,75480.0,L,2026-08-30,OB-1,2026-09-01,,,JYOTHI,
2026-08-31,VISAKHAPATNAM,Working,OB-2,MV MEGHANA VISION,,,IRON ORE FINES,Dry/General Bulk,59200,59200.0,L,2026-08-29,OB-2,2026-08-31,,,JYOTHI,
2026-08-31,VISAKHAPATNAM,Working,C.THERMAL,MV HALDI,,,REPAIR PURPOSE,Other,,,,2026-08-23,C.THERMAL,2026-08-31,,,TMILL,
2026-08-31,VISAKHAPATNAM,Working,VGCB,MV ZHONG XING MEN,,,PET COKE,Dry/General Bulk,52510,52510.0,D,2026-08-29,VGCB,2026-09-01,,,BENLINES,
2026-08-31,VISAKHAPATNAM,Working,CB-3,MV ZEBRA,,,CONTAINERS,Container,25147,25147.0,D/L,2026-08-30,CB-3,2026-08-31,,,INCHCAPE,SAILED
2026-08-31,VISAKHAPATNAM,Working,LPG,MT LOURDES,,,MS & HSD,Liquid/Chemical Bulk,6000,6000.0,L,2026-08-29,LPG,2026-08-31,,,ATLANTIC,SAILED
2026-08-31,VISAKHAPATNAM,Working,EQ-3,MV STAR COPENHAGEN,,,UREA,Other,54266,54266.0,D,2026-08-20,EQ-3,2026-09-02,,,CROSS TRADING,
2026-08-31,VISAKHAPATNAM,Working,EQ-4,MV NORDTIGRIS,,,LENTILS IN BULK,Other,10000,10000.0,D,2026-08-22,EQ-4,2026-09-02,,,SEAVISION,SHIFTED FROM WQ-1 TO EQ-4
2026-08-31,VISAKHAPATNAM,Working,EQ-6,MV FREE SAILING,,,PET COKE,Dry/General Bulk,31044,31044.0,D,2026-08-29,EQ-6,2026-09-01,,,SAI SAMRAT,
2026-08-31,VISAKHAPATNAM,Working,EQ-8 (VSPL),MV DORIC ARMOUR,,,COKING COAL,Dry/General Bulk,46506,46506.0,D,2026-08-26,EQ-8 (VSPL),2026-09-01,,,IMPERIAL,
2026-08-31,VISAKHAPATNAM,Working,WQ-2,MV SORSI,,,MANGANESE ORE,Dry/General Bulk,24000,24000.0,D,2026-08-30,WQ-2,2026-09-03,,,K.R.SONS,
2026-08-31,VISAKHAPATNAM,Working,WQ-3,MV TATEV,,,ALUMINA IN BAGS,Dry/General Bulk,10845,10845.0,L,2026-08-17,WQ-3,2026-09-02,,,INTEROCEAN,RE-BERTHED
2026-08-31,VISAKHAPATNAM,Working,WQ-4,MV NORSE MOBILE,,,FERRO MANGANESE & STEEL CARGO,Dry/General Bulk,23250,23250.0,L,2026-08-29,WQ-4,2026-09-03,,,SAIANS,
2026-08-31,VISAKHAPATNAM,Working,WQ-5,MV GLORIEUSE,,,STEEL BLOOMS,Dry/General Bulk,20024,20024.0,L,2026-08-17,WQ-5,2026-08-31,,,BENLINES,
2026-08-31,VISAKHAPATNAM,Working,WQ-6,MV JPS BARCELONA,,,DAP,Other,52552.406999999999,52552.407,D,2026-08-26,WQ-6,2026-09-03,,,ANLINE SHIPPING,
2026-08-31,VISAKHAPATNAM,Working,WQ-7,Handed over to m/s VMBCTPL for projecdt development,,,,Other,,,,,WQ-7,,,,,
2026-08-31,VISAKHAPATNAM,Working,OR-1,OR -1 Berth spared for Revamping by CE department,,,,Other,,,,,OR-1,,,,,
2026-08-31,VISAKHAPATNAM,Working,OR-2,MT SANMAR SNEHA,,,PY GAS,Other,18985,18985.0,D,2026-08-28,OR-2,2026-09-01,,,BENLINES,
2026-08-31,VISAKHAPATNAM,Working,OR-3,MT EASTERN QUINCE,,,FUEL OIL,Other,35502,35502.0,L,2026-08-25,OR-3,2026-09-02,,,INTEROCEAN,
2026-08-31,VISAKHAPATNAM,Waiting,1,LPG/C. NAVIGATOR GLORY,,,LIQUID AMMONIA,Liquid/Chemical Bulk,10000,10000.0,D,2026-08-26,1,,,,INCHCAPE,
2026-08-31,VISAKHAPATNAM,Waiting,2,MV MEDWAY SPIRIT,,,CP COKE,Dry/General Bulk,15000,15000.0,L,2026-08-27,2,,,,ESHWAR,
2026-08-31,VISAKHAPATNAM,Waiting,3,MV TAN BINH 279,,,STEEL CARGO,Dry/General Bulk,4100,4100.0,L,2026-08-27,3,,,,SEATRANS,
2026-08-31,VISAKHAPATNAM,Waiting,4,MT SANMAR SNEHA,,,NAPTHA,Other,7000,7000.0,L,2026-08-28,4,,,,BENLINES,
2026-08-31,VISAKHAPATNAM,Waiting,5,MV PAS SUNRISE,,,PROJECT CARGO [44 PKGS],Other,1742,1742.0,D,2026-08-28,5,,,,J.M.BAXI,HMC REQUIRED
2026-08-31,VISAKHAPATNAM,Waiting,6,MV AFRICAN TOUCAN,,,RICE IN BAGS,Dry/General Bulk,20000,20000.0,L,2026-08-29,6,,,,ESHWAR,
2026-08-31,VISAKHAPATNAM,Waiting,7,MV AFRICAN TOUCAN,,,CALCINED PET COKE,Dry/General Bulk,8000,8000.0,L,2026-08-29,7,,,,ESHWAR,
2026-08-31,VISAKHAPATNAM,Waiting,8,MV ELISAR,,,ALUMINA IN BULK,Dry/General Bulk,35500,35500.0,L,2026-08-30,8,,,,INTEROCEAN,
2026-08-31,VISAKHAPATNAM,Waiting,9,MV SYLVAN T,,,MOP,Other,49530,49530.0,D,2026-08-30,9,,,,J.M.BAXI,
2026-08-31,VISAKHAPATNAM,Waiting,10,MV TRANSTIME,,,NPK,Other,54000,54000.0,D,2026-08-30,10,,,,BOTHRA,
2026-08-31,VISAKHAPATNAM,Waiting,11,MV NEW ELIAS,,,STEAM COAL,Dry/General Bulk,161904,161904.0,D,2026-08-30,11,,,,GPR MARTIME,
2026-08-31,VISAKHAPATNAM,Expected,,MT RADHA MOHAN,,,BITUMEN,Other,5000,5000.0,L,2026-08-31,2026-09-01,,,,ATLANTIC,
2026-08-31,VISAKHAPATNAM,Expected,,MV VISHVA DIKSHA,,,LIMESTONE,Dry/General Bulk,28200,28200.0,D,2026-08-31,2026-08-31,,,,SPARTANS,
2026-08-31,VISAKHAPATNAM,Expected,,MT SPETSA,,,CRUDE OIL,Liquid/Chemical Bulk,128342,128342.0,D,2026-08-31,2026-08-31,,,,ATLANTIC,
2026-08-31,VISAKHAPATNAM,Expected,,MV QI XIA SHAN,,,GRANITE BLOCKS,Other,12000,12000.0,L,2026-09-01,2026-09-01,,,,PUYVAST,
2026-08-31,VISAKHAPATNAM,Expected,,MV CHOLA SERENITY,,,THERMAL COAL,Dry/General Bulk,75500,75500.0,L,2026-09-01,2026-09-01,,,,SEAPORT,
2026-08-31,VISAKHAPATNAM,Expected,,MV RACOON,,,PET COKE,Dry/General Bulk,5001,5001.0,D,2026-09-01,2026-09-01,,,,JYOTHI,
2026-08-31,VISAKHAPATNAM,Expected,,MT ATREBATES,,,CRUDE OIL,Liquid/Chemical Bulk,250000,250000.0,D,2026-09-01,2026-09-01,,,,ATLANTIC,
2026-08-31,VISAKHAPATNAM,Expected,,MT AURORA I,,,VGO,Other,34000,34000.0,D,2026-09-01,,,,,ATLANTIC,
2026-08-31,VISAKHAPATNAM,Expected,,MV CRIMSON GRACE,,,IRON ORE FINES,Dry/General Bulk,55000,55000.0,L,2026-09-02,,,,,JYOTHI,
2026-08-31,VISAKHAPATNAM,Expected,,MV CORN,,,ALUMINA IN BULK,Dry/General Bulk,30600,30600.0,L,2026-09-02,,,,,RICHMARK,
2026-08-31,VISAKHAPATNAM,Expected,,MV YASA KAPTAN ERBIL,,,UREA,Other,49500,49500.0,D,2026-09-02,,,,,INTEROCEAN,
2026-08-31,VISAKHAPATNAM,Expected,,MV OCEAN ROYAL,,,MANGANESE ORE,Dry/General Bulk,30650,30650.0,D,2026-09-02,,,,,BOTHRA,
2026-08-31,VISAKHAPATNAM,Expected,,MV CASTLE POINT,,,BAUXITE IN BULK,Dry/General Bulk,59013,59013.0,D,2026-09-02,,,,,IMPERIAL,
2026-08-31,VISAKHAPATNAM,Expected,,MV WAN HAI 366,,,CONTAINERS,Container,19500,19500.0,D/L,2026-09-02,,,,,WAN HAI LINES,
2026-08-31,VISAKHAPATNAM,Expected,,MV YC PANSY,,,SULPHURIC ACID,Liquid/Chemical Bulk,18421,18421.0,D,2026-09-03,,,,,SEATRANS,
2026-08-31,VISAKHAPATNAM,Expected,,MV SWARAJ DWEEP,,,PASSENGERS,Other,,,D,2026-09-03,,,,,AVBGPR,
2026-08-31,VISAKHAPATNAM,Expected,,MV DESERT PIONEER,,,MANGANESE ORE,Dry/General Bulk,29600,29600.0,D,2026-09-03,,,,,GAC,
2026-08-31,VISAKHAPATNAM,Expected,,MV MOGRAL,,,CONTAINERS,Container,40000,40000.0,D/L,2026-09-03,,,,,SIMA MARINE,
2026-08-31,VISAKHAPATNAM,Expected,,LPG/C. TINY DAISY,,,LPG,Other,24000,24000.0,D,2026-09-03,,,,,INTEROCEAN,
2026-08-31,VISAKHAPATNAM,Expected,,MV PIONEER KIRA,,,"STONE AGGREGATE,CEMENT & GENERAL CARGO",Dry/General Bulk,20000,20000.0,L,2026-09-04,,,,,FAIRMACS,COASTAL
2026-08-31,VISAKHAPATNAM,Expected,,MV SPIRIT OF SEATREK,,,MANGANESE ORE,Dry/General Bulk,22550,22550.0,D,2026-09-04,,,,,BOTHRA,
2026-08-31,VISAKHAPATNAM,Expected,,MV SSL SABARIMALAI,,,CONTAINERS,Container,8500,8500.0,D/L,2026-09-04,,,,,UNIFEEDEER,
2026-08-31,VISAKHAPATNAM,Expected,,MV LC PLANCHET,,,HARD COAL,Dry/General Bulk,85700,85700.0,D,2026-09-05,,,,,SEATRANS,
2026-08-31,VISAKHAPATNAM,Expected,,MV STAR FLAME,,,LIMESTONE,Dry/General Bulk,30000,30000.0,D,2026-09-05,,,,,JYOTHI,
2026-08-31,VISAKHAPATNAM,Expected,,MV ALBERTA,,,MANGANESE ORE,Dry/General Bulk,32790,32790.0,D,2026-09-06,,,,,INTEGRAL,
2026-08-31,VISAKHAPATNAM,Expected,,MT DH EPOCH,,,STYRENE MONOMER,Other,1000,1000.0,D,2026-09-06,,,,,SAMUDRA,
2026-08-31,VISAKHAPATNAM,Expected,,MV DARYA MAYA,,,MANGANESE ORE,Dry/General Bulk,30000,30000.0,D,2026-09-07,,,,,INTEGRAL,
2026-08-31,VISAKHAPATNAM,Expected,,MV NAVIOS MERDIAN,,,MANGANESE ORE,Dry/General Bulk,30000,30000.0,D,2026-09-08,,,,,GAC,
2026-08-31,VISAKHAPATNAM,Expected,,MV STAR BRIGHT,,,ROCK PHOSPHATE,Dry/General Bulk,53456,53456.0,D,2026-09-09,,,,,CESAC,
2026-08-31,VISAKHAPATNAM,Expected,,MV ARIES STAR,,,HARD COAL,Dry/General Bulk,51500,51500.0,D,2026-09-09,,,,,SEATRANS,
2026-08-31,VISAKHAPATNAM,Expected,,MV SIGMA PEARL,,,ROCK PHOSPHATE,Dry/General Bulk,30332,30332.0,D,2026-09-11,,,,,ALAP,
2026-08-31,VISAKHAPATNAM,Expected,,MV SSL KRISHNA,,,CONTAINERS,Container,12000,12000.0,D/L,2026-09-11,,,,,UNIFEEDEER,
2026-08-31,VISAKHAPATNAM,Expected,,MV SIKINOS,,,MANGANESE ORE,Dry/General Bulk,30000,30000.0,D,2026-09-12,,,,,GAC,
2026-08-31,VISAKHAPATNAM,Expected,,MV FLAG GANGOS,,,MANGANESE ORE,Dry/General Bulk,30000,30000.0,D,2026-09-14,,,,,GAC,
2026-08-31,VISAKHAPATNAM,Expected,,MV MILAS,,,ROCK PHOSPHATE,Dry/General Bulk,47900,47900.0,D,2026-08-21,,,,,RDS OIL,
