port,role,date,wind_max_kmh,gust_max_kmh,precip_mm,pressure_msl,wave_height_m,wind_max_kt,gale_flag,cyclone_flag
Dhamra,discharge,2025-09-01,12.6,28.8,3.3,1000.3,,6.8,0,0
Dhamra,discharge,2025-09-02,15.4,29.5,25.9,1000.1,,8.32,0,0
Dhamra,discharge,2025-09-03,24.0,45.0,19.9,1000.2,,12.96,0,0
Dhamra,discharge,2025-09-04,14.4,30.6,12.9,1003.5,,7.78,0,0
Dhamra,discharge,2025-09-05,13.9,29.9,5.3,1005.3,,7.51,0,0
Dhamra,discharge,2025-09-06,12.6,27.0,1.7,1006.2,,6.8,0,0
Dhamra,discharge,2025-09-07,14.8,31.0,0.3,1005.4,,7.99,0,0
Dhamra,discharge,2025-09-08,13.9,29.2,1.0,1005.5,,7.51,0,0
Dhamra,discharge,2025-09-09,13.6,27.7,2.2,1006.1,,7.34,0,0
Dhamra,discharge,2025-09-10,15.2,31.0,1.3,1005.0,,8.21,0,0
Dhamra,discharge,2025-09-11,13.5,25.6,4.1,1005.1,,7.29,0,0
Dhamra,discharge,2025-09-12,17.5,37.1,2.1,1006.0,,9.45,0,0
Dhamra,discharge,2025-09-13,14.5,33.5,5.8,1006.8,,7.83,0,0
Dhamra,discharge,2025-09-14,13.0,29.9,12.6,1007.0,,7.02,0,0
Dhamra,discharge,2025-09-15,14.9,32.0,9.8,1006.1,,8.05,0,0
Dhamra,discharge,2025-09-16,17.6,36.4,2.5,1006.8,,9.5,0,0
Dhamra,discharge,2025-09-17,17.1,34.6,3.4,1006.9,,9.23,0,0
Dhamra,discharge,2025-09-18,14.7,27.7,0.5,1006.3,,7.94,0,0
Dhamra,discharge,2025-09-19,10.4,26.6,4.7,1005.8,,5.62,0,0
Dhamra,discharge,2025-09-20,8.5,20.5,3.9,1004.3,,4.59,0,0
Dhamra,discharge,2025-09-21,9.1,25.6,5.6,1003.4,,4.91,0,0
Dhamra,discharge,2025-09-22,8.0,21.2,11.7,1003.6,,4.32,0,0
Dhamra,discharge,2025-09-23,13.2,29.2,7.8,1001.9,,7.13,0,0
Dhamra,discharge,2025-09-24,13.0,26.3,1.3,1000.3,,7.02,0,0
Dhamra,discharge,2025-09-25,13.4,28.4,4.5,1000.8,,7.24,0,0
Dhamra,discharge,2025-09-26,23.5,44.3,35.8,1001.3,,12.69,0,0
Dhamra,discharge,2025-09-27,26.4,51.5,14.6,1005.2,,14.25,0,0
Dhamra,discharge,2025-09-28,12.0,25.2,3.5,1005.7,,6.48,0,0
Dhamra,discharge,2025-09-29,12.0,26.6,0.9,1003.9,,6.48,0,0
Dhamra,discharge,2025-09-30,8.5,20.5,0.0,1002.4,,4.59,0,0
Dhamra,discharge,2025-10-01,21.8,41.8,28.2,1002.3,,11.77,0,0
Dhamra,discharge,2025-10-02,29.1,54.0,28.9,1003.9,,15.71,0,0
Dhamra,discharge,2025-10-03,31.6,60.5,7.5,1006.9,,17.06,0,0
Dhamra,discharge,2025-10-04,20.8,42.5,9.8,1007.7,,11.23,0,0
Dhamra,discharge,2025-10-05,15.2,34.2,13.0,1008.4,,8.21,0,0
Dhamra,discharge,2025-10-06,8.4,20.2,5.2,1009.1,,4.54,0,0
Dhamra,discharge,2025-10-07,8.0,20.2,12.0,1009.1,,4.32,0,0
Dhamra,discharge,2025-10-08,13.1,26.3,2.1,1009.6,,7.07,0,0
Dhamra,discharge,2025-10-09,10.6,25.2,2.3,1009.6,,5.72,0,0
Dhamra,discharge,2025-10-10,15.7,32.0,4.2,1008.9,,8.48,0,0
Dhamra,discharge,2025-10-11,18.7,36.4,1.0,1009.0,,10.1,0,0
Dhamra,discharge,2025-10-12,19.6,37.8,1.1,1009.5,,10.58,0,0
Dhamra,discharge,2025-10-13,17.7,34.9,0.0,1010.2,,9.56,0,0
Dhamra,discharge,2025-10-14,16.4,33.1,0.0,1009.2,,8.86,0,0
Dhamra,discharge,2025-10-15,17.9,35.3,0.0,1009.2,,9.67,0,0
Dhamra,discharge,2025-10-16,14.3,29.5,0.0,1010.0,,7.72,0,0
Dhamra,discharge,2025-10-17,15.4,31.0,0.0,1011.0,,8.32,0,0
Dhamra,discharge,2025-10-18,16.6,33.1,5.1,1010.1,,8.96,0,0
Dhamra,discharge,2025-10-19,15.9,34.9,8.1,1009.7,,8.59,0,0
Dhamra,discharge,2025-10-20,14.5,33.1,0.9,1010.0,,7.83,0,0
Dhamra,discharge,2025-10-21,18.9,37.4,0.3,1010.8,,10.21,0,0
Dhamra,discharge,2025-10-22,19.2,37.8,0.2,1010.9,,10.37,0,0
Dhamra,discharge,2025-10-23,14.7,30.6,0.0,1010.6,,7.94,0,0
Dhamra,discharge,2025-10-24,13.8,29.5,0.3,1010.3,,7.45,0,0
Dhamra,discharge,2025-10-25,15.3,31.0,1.4,1010.4,,8.26,0,0
Dhamra,discharge,2025-10-26,14.8,31.7,0.1,1010.5,,7.99,0,0
Dhamra,discharge,2025-10-27,19.0,38.9,4.9,1010.4,,10.26,0,0
Dhamra,discharge,2025-10-28,24.4,50.8,52.4,1009.7,,13.17,0,0
Dhamra,discharge,2025-10-29,18.8,41.4,11.0,1009.1,,10.15,0,0
Dhamra,discharge,2025-10-30,18.3,38.5,2.3,1010.1,,9.88,0,0
Dhamra,discharge,2025-10-31,15.9,31.3,0.5,1009.3,,8.59,0,0
Dhamra,discharge,2025-11-01,15.4,29.5,3.5,1008.5,,8.32,0,0
Dhamra,discharge,2025-11-02,12.0,27.4,2.7,1009.2,,6.48,0,0
Dhamra,discharge,2025-11-03,14.1,29.2,0.0,1009.1,,7.61,0,0
Dhamra,discharge,2025-11-04,12.3,25.2,0.0,1008.5,,6.64,0,0
Dhamra,discharge,2025-11-05,13.7,25.9,0.0,1007.9,,7.4,0,0
Dhamra,discharge,2025-11-06,11.8,25.6,0.0,1009.5,,6.37,0,0
Dhamra,discharge,2025-11-07,21.3,41.0,0.0,1011.1,,11.5,0,0
Dhamra,discharge,2025-11-08,22.2,42.5,0.0,1012.1,,11.99,0,0
Dhamra,discharge,2025-11-09,16.4,32.4,0.0,1011.5,,8.86,0,0
Dhamra,discharge,2025-11-10,16.0,32.8,0.0,1012.3,,8.64,0,0
Dhamra,discharge,2025-11-11,12.7,28.1,0.0,1012.9,,6.86,0,0
Dhamra,discharge,2025-11-12,17.8,36.0,0.0,1014.1,,9.61,0,0
Dhamra,discharge,2025-11-13,19.0,38.2,0.0,1015.0,,10.26,0,0
Dhamra,discharge,2025-11-14,19.1,38.5,0.0,1015.0,,10.31,0,0
Dhamra,discharge,2025-11-15,19.5,38.9,0.0,1016.1,,10.53,0,0
Dhamra,discharge,2025-11-16,17.9,36.4,0.0,1016.8,,9.67,0,0
Dhamra,discharge,2025-11-17,17.3,34.9,0.0,1016.1,,9.34,0,0
Dhamra,discharge,2025-11-18,14.5,31.0,0.0,1014.1,,7.83,0,0
Dhamra,discharge,2025-11-19,16.6,34.6,0.0,1014.6,,8.96,0,0
Dhamra,discharge,2025-11-20,17.6,36.4,0.0,1015.5,,9.5,0,0
Dhamra,discharge,2025-11-21,14.5,31.3,0.0,1016.4,,7.83,0,0
Dhamra,discharge,2025-11-22,15.6,31.7,0.0,1015.4,,8.42,0,0
Dhamra,discharge,2025-11-23,16.2,32.4,0.0,1015.6,,8.75,0,0
Dhamra,discharge,2025-11-24,17.9,36.7,0.0,1016.3,,9.67,0,0
Dhamra,discharge,2025-11-25,17.7,36.4,0.0,1015.4,,9.56,0,0
Dhamra,discharge,2025-11-26,20.7,41.4,0.0,1016.6,,11.18,0,0
Dhamra,discharge,2025-11-27,17.6,36.4,0.0,1016.1,,9.5,0,0
Dhamra,discharge,2025-11-28,15.8,33.5,0.0,1014.6,,8.53,0,0
Dhamra,discharge,2025-11-29,16.7,33.5,0.0,1013.6,,9.02,0,0
Dhamra,discharge,2025-11-30,14.5,30.6,0.0,1013.9,,7.83,0,0
Dhamra,discharge,2025-12-01,13.5,29.9,0.3,1013.9,,7.29,0,0
Dhamra,discharge,2025-12-02,15.6,33.1,0.0,1013.9,,8.42,0,0
Dhamra,discharge,2025-12-03,14.3,31.0,0.0,1015.7,,7.72,0,0
Dhamra,discharge,2025-12-04,19.7,40.0,0.0,1016.8,,10.64,0,0
Dhamra,discharge,2025-12-05,21.7,42.8,0.0,1017.4,,11.72,0,0
Dhamra,discharge,2025-12-06,19.8,39.6,0.0,1017.3,,10.69,0,0
Dhamra,discharge,2025-12-07,17.1,34.9,0.0,1016.8,,9.23,0,0
Dhamra,discharge,2025-12-08,15.4,32.4,0.0,1015.9,,8.32,0,0
Dhamra,discharge,2025-12-09,19.0,38.5,0.0,1015.7,,10.26,0,0
Dhamra,discharge,2025-12-10,16.2,34.6,0.0,1016.3,,8.75,0,0
Dhamra,discharge,2025-12-11,14.5,31.3,0.0,1015.2,,7.83,0,0
Dhamra,discharge,2025-12-12,12.8,28.4,0.0,1014.7,,6.91,0,0
Dhamra,discharge,2025-12-13,15.2,32.4,0.0,1015.4,,8.21,0,0
Dhamra,discharge,2025-12-14,15.4,32.4,0.0,1015.9,,8.32,0,0
Dhamra,discharge,2025-12-15,14.6,31.7,0.0,1015.9,,7.88,0,0
Dhamra,discharge,2025-12-16,11.4,27.4,0.0,1015.7,,6.16,0,0
Dhamra,discharge,2025-12-17,13.0,29.2,0.0,1016.2,,7.02,0,0
Dhamra,discharge,2025-12-18,14.4,31.3,0.0,1015.4,,7.78,0,0
Dhamra,discharge,2025-12-19,14.7,31.7,0.0,1013.7,,7.94,0,0
Dhamra,discharge,2025-12-20,16.6,35.3,0.0,1014.1,,8.96,0,0
Dhamra,discharge,2025-12-21,15.4,32.8,0.0,1015.6,,8.32,0,0
Dhamra,discharge,2025-12-22,17.3,36.4,0.0,1014.6,,9.34,0,0
Dhamra,discharge,2025-12-23,12.7,28.8,0.0,1013.8,,6.86,0,0
Dhamra,discharge,2025-12-24,13.9,31.0,0.0,1014.3,,7.51,0,0
Dhamra,discharge,2025-12-25,17.3,36.0,0.0,1015.7,,9.34,0,0
Dhamra,discharge,2025-12-26,16.7,34.6,0.0,1015.2,,9.02,0,0
Dhamra,discharge,2025-12-27,13.1,29.9,0.0,1015.5,,7.07,0,0
Dhamra,discharge,2025-12-28,14.7,31.3,0.0,1015.9,,7.94,0,0
Dhamra,discharge,2025-12-29,14.8,32.4,0.0,1015.8,,7.99,0,0
Dhamra,discharge,2025-12-30,14.8,29.9,0.0,1014.4,,7.99,0,0
Dhamra,discharge,2025-12-31,15.9,33.5,0.0,1013.0,,8.59,0,0
Dhamra,discharge,2026-01-01,11.8,27.4,0.0,1014.0,,6.37,0,0
Dhamra,discharge,2026-01-02,11.6,27.0,0.0,1015.8,,6.26,0,0
Dhamra,discharge,2026-01-03,12.7,28.4,0.4,1016.7,,6.86,0,0
Dhamra,discharge,2026-01-04,16.2,34.6,0.1,1017.8,,8.75,0,0
Dhamra,discharge,2026-01-05,18.1,35.3,0.0,1018.6,,9.77,0,0
Dhamra,discharge,2026-01-06,21.3,40.7,0.0,1019.2,,11.5,0,0
Dhamra,discharge,2026-01-07,19.7,39.6,0.0,1019.4,,10.64,0,0
Dhamra,discharge,2026-01-08,17.6,36.0,0.0,1019.3,,9.5,0,0
Dhamra,discharge,2026-01-09,18.0,36.4,0.0,1017.9,,9.72,0,0
Dhamra,discharge,2026-01-10,17.8,36.4,0.0,1017.7,,9.61,0,0
Dhamra,discharge,2026-01-11,18.0,37.1,0.0,1018.7,,9.72,0,0
Dhamra,discharge,2026-01-12,18.6,37.4,0.0,1019.4,,10.04,0,0
Dhamra,discharge,2026-01-13,17.4,35.3,0.0,1016.9,,9.4,0,0
Dhamra,discharge,2026-01-14,14.2,30.6,0.0,1015.4,,7.67,0,0
Dhamra,discharge,2026-01-15,16.6,34.6,0.0,1015.1,,8.96,0,0
Dhamra,discharge,2026-01-16,16.5,34.6,0.0,1014.8,,8.91,0,0
Dhamra,discharge,2026-01-17,12.5,28.4,0.0,1013.1,,6.75,0,0
Dhamra,discharge,2026-01-18,12.1,27.7,0.0,1012.7,,6.53,0,0
Dhamra,discharge,2026-01-19,10.8,24.5,0.0,1013.6,,5.83,0,0
Dhamra,discharge,2026-01-20,10.6,25.2,0.0,1014.5,,5.72,0,0
Dhamra,discharge,2026-01-21,15.0,32.4,0.0,1015.8,,8.1,0,0
Dhamra,discharge,2026-01-22,16.5,34.2,0.0,1016.8,,8.91,0,0
Dhamra,discharge,2026-01-23,10.8,25.9,0.0,1018.2,,5.83,0,0
Dhamra,discharge,2026-01-24,13.3,27.0,0.0,1017.5,,7.18,0,0
Dhamra,discharge,2026-01-25,11.7,26.3,0.0,1016.6,,6.32,0,0
Dhamra,discharge,2026-01-26,13.1,28.4,0.0,1018.2,,7.07,0,0
Dhamra,discharge,2026-01-27,11.5,26.3,0.0,1017.9,,6.21,0,0
Dhamra,discharge,2026-01-28,10.3,24.1,0.0,1016.4,,5.56,0,0
Dhamra,discharge,2026-01-29,12.5,28.1,0.0,1016.4,,6.75,0,0
Dhamra,discharge,2026-01-30,16.7,34.6,0.0,1017.7,,9.02,0,0
Dhamra,discharge,2026-01-31,13.8,29.9,0.0,1017.7,,7.45,0,0
Dhamra,discharge,2026-02-01,15.0,32.0,0.0,1017.9,,8.1,0,0
Dhamra,discharge,2026-02-02,14.3,31.0,0.0,1017.2,,7.72,0,0
Dhamra,discharge,2026-02-03,15.1,32.4,0.0,1018.2,,8.15,0,0
Dhamra,discharge,2026-02-04,15.9,33.5,0.0,1017.9,,8.59,0,0
Dhamra,discharge,2026-02-05,15.6,33.5,0.0,1017.7,,8.42,0,0
Dhamra,discharge,2026-02-06,14.5,32.8,0.0,1016.5,,7.83,0,0
Dhamra,discharge,2026-02-07,16.4,34.6,0.0,1015.2,,8.86,0,0
Dhamra,discharge,2026-02-08,13.5,29.5,0.0,1014.7,,7.29,0,0
Dhamra,discharge,2026-02-09,14.1,30.2,0.0,1014.8,,7.61,0,0
Dhamra,discharge,2026-02-10,10.9,25.6,0.0,1016.3,,5.89,0,0
Dhamra,discharge,2026-02-11,11.3,25.9,0.0,1017.1,,6.1,0,0
Dhamra,discharge,2026-02-12,13.6,30.2,0.0,1015.8,,7.34,0,0
Dhamra,discharge,2026-02-13,13.1,28.4,0.0,1014.9,,7.07,0,0
Dhamra,discharge,2026-02-14,12.1,26.3,0.0,1013.4,,6.53,0,0
Dhamra,discharge,2026-02-15,13.1,29.5,0.0,1013.3,,7.07,0,0
Dhamra,discharge,2026-02-16,14.0,30.6,0.0,1013.6,,7.56,0,0
Dhamra,discharge,2026-02-17,14.5,31.7,0.0,1013.6,,7.83,0,0
Dhamra,discharge,2026-02-18,12.6,28.8,0.0,1013.8,,6.8,0,0
Dhamra,discharge,2026-02-19,14.8,31.7,0.0,1015.2,,7.99,0,0
Dhamra,discharge,2026-02-20,13.7,30.6,0.0,1014.7,,7.4,0,0
Dhamra,discharge,2026-02-21,13.4,30.6,0.0,1011.2,,7.24,0,0
Dhamra,discharge,2026-02-22,17.1,33.1,0.0,1009.4,,9.23,0,0
Dhamra,discharge,2026-02-23,13.2,28.8,0.3,1009.6,,7.13,0,0
Dhamra,discharge,2026-02-24,11.0,25.9,0.3,1011.2,,5.94,0,0
Dhamra,discharge,2026-02-25,13.9,30.2,1.3,1011.6,,7.51,0,0
Dhamra,discharge,2026-02-26,14.3,32.0,2.3,1009.9,,7.72,0,0
Dhamra,discharge,2026-02-27,15.8,33.5,0.0,1008.2,,8.53,0,0
Dhamra,discharge,2026-02-28,18.1,35.6,0.0,1007.9,,9.77,0,0
Dhamra,discharge,2026-03-01,20.9,37.4,0.5,1008.0,,11.29,0,0
Dhamra,discharge,2026-03-02,13.0,28.4,0.0,1009.9,,7.02,0,0
Dhamra,discharge,2026-03-03,15.6,32.4,0.0,1011.3,,8.42,0,0
Dhamra,discharge,2026-03-04,13.3,29.2,0.0,1010.5,,7.18,0,0
Dhamra,discharge,2026-03-05,15.8,32.8,0.1,1008.5,,8.53,0,0
Dhamra,discharge,2026-03-06,15.6,34.2,0.0,1009.5,,8.42,0,0
Dhamra,discharge,2026-03-07,17.0,35.3,0.2,1011.2,,9.18,0,0
Dhamra,discharge,2026-03-08,18.0,36.4,0.7,1011.7,,9.72,0,0
Dhamra,discharge,2026-03-09,20.1,40.0,0.1,1012.8,,10.85,0,0
Dhamra,discharge,2026-03-10,17.2,35.6,0.0,1013.3,,9.29,0,0
Dhamra,discharge,2026-03-11,17.2,37.1,0.2,1010.7,,9.29,0,0
Dhamra,discharge,2026-03-12,14.9,30.2,0.1,1008.5,,8.05,0,0
Dhamra,discharge,2026-03-13,18.8,38.5,0.0,1008.6,,10.15,0,0
Dhamra,discharge,2026-03-14,20.0,40.3,0.1,1010.4,,10.8,0,0
Dhamra,discharge,2026-03-15,26.3,51.8,5.2,1010.7,,14.2,0,0
Dhamra,discharge,2026-03-16,19.2,40.0,6.0,1009.8,,10.37,0,0
Dhamra,discharge,2026-03-17,19.7,39.2,0.4,1010.2,,10.64,0,0
Dhamra,discharge,2026-03-18,20.5,38.5,0.1,1010.8,,11.07,0,0
Dhamra,discharge,2026-03-19,14.5,29.2,2.6,1010.7,,7.83,0,0
Dhamra,discharge,2026-03-20,22.9,45.0,8.1,1009.6,,12.37,0,0
Dhamra,discharge,2026-03-21,23.7,41.0,7.1,1011.6,,12.8,0,0
Dhamra,discharge,2026-03-22,12.9,32.0,5.1,1012.1,,6.97,0,0
Dhamra,discharge,2026-03-23,15.9,33.8,0.1,1011.6,,8.59,0,0
Dhamra,discharge,2026-03-24,15.8,36.0,0.4,1009.8,,8.53,0,0
Dhamra,discharge,2026-03-25,15.5,33.5,2.7,1009.9,,8.37,0,0
Dhamra,discharge,2026-03-26,12.7,34.6,1.7,1010.1,,6.86,0,0
Dhamra,discharge,2026-03-27,15.3,29.5,2.5,1007.6,,8.26,0,0
Dhamra,discharge,2026-03-28,16.5,35.3,0.2,1006.4,,8.91,0,0
Dhamra,discharge,2026-03-29,18.7,39.2,11.7,1006.9,,10.1,0,0
Dhamra,discharge,2026-03-30,21.0,41.8,0.1,1008.0,,11.34,0,0
Dhamra,discharge,2026-03-31,21.6,42.1,2.1,1009.3,,11.66,0,0
Dhamra,discharge,2026-04-01,14.6,28.4,0.0,1009.5,,7.88,0,0
Dhamra,discharge,2026-04-02,15.9,33.8,0.0,1009.3,,8.59,0,0
Dhamra,discharge,2026-04-03,15.2,29.9,0.1,1008.0,,8.21,0,0
Dhamra,discharge,2026-04-04,14.2,37.8,2.3,1006.9,,7.67,0,0
Dhamra,discharge,2026-04-05,23.0,43.9,1.3,1008.4,,12.42,0,0
Dhamra,discharge,2026-04-06,18.8,34.6,16.4,1009.5,,10.15,0,0
Dhamra,discharge,2026-04-07,17.7,34.2,19.1,1009.4,,9.56,0,0
Dhamra,discharge,2026-04-08,17.7,37.4,3.0,1008.9,,9.56,0,0
Dhamra,discharge,2026-04-09,14.4,34.6,16.2,1010.0,,7.78,0,0
Dhamra,discharge,2026-04-10,11.2,27.4,3.3,1010.7,,6.05,0,0
Dhamra,discharge,2026-04-11,15.0,29.9,0.0,1009.1,,8.1,0,0
Dhamra,discharge,2026-04-12,20.2,40.3,0.0,1007.6,,10.91,0,0
Dhamra,discharge,2026-04-13,19.9,37.8,0.0,1007.7,,10.75,0,0
Dhamra,discharge,2026-04-14,19.1,36.4,0.0,1007.2,,10.31,0,0
Dhamra,discharge,2026-04-15,19.8,39.6,0.0,1005.6,,10.69,0,0
Dhamra,discharge,2026-04-16,25.2,49.7,0.1,1006.4,,13.61,0,0
Dhamra,discharge,2026-04-17,21.8,43.2,0.0,1007.8,,11.77,0,0
Dhamra,discharge,2026-04-18,20.5,42.1,0.0,1006.8,,11.07,0,0
Dhamra,discharge,2026-04-19,21.6,42.8,0.6,1005.6,,11.66,0,0
Dhamra,discharge,2026-04-20,18.7,37.8,0.7,1004.8,,10.1,0,0
Dhamra,discharge,2026-04-21,18.6,37.4,0.0,1004.2,,10.04,0,0
Dhamra,discharge,2026-04-22,14.0,30.2,0.0,1004.4,,7.56,0,0
Dhamra,discharge,2026-04-23,17.5,36.7,0.0,1004.7,,9.45,0,0
Dhamra,discharge,2026-04-24,18.7,39.2,0.0,1006.1,,10.1,0,0
Dhamra,discharge,2026-04-25,21.8,43.2,0.0,1007.2,,11.77,0,0
Dhamra,discharge,2026-04-26,26.3,51.1,0.0,1005.1,,14.2,0,0
Dhamra,discharge,2026-04-27,27.9,54.0,4.5,1002.9,,15.06,0,0
Dhamra,discharge,2026-04-28,23.2,44.6,0.0,1003.2,,12.53,0,0
Dhamra,discharge,2026-04-29,25.8,50.0,2.4,1004.8,,13.93,0,0
Dhamra,discharge,2026-04-30,24.5,47.9,14.4,1006.8,,13.23,0,0
Dhamra,discharge,2026-05-01,23.3,46.4,1.6,1005.1,,12.58,0,0
Dhamra,discharge,2026-05-02,22.8,52.9,8.2,1003.9,,12.31,0,0
Dhamra,discharge,2026-05-03,18.8,37.8,1.0,1006.2,,10.15,0,0
Dhamra,discharge,2026-05-04,18.1,38.5,2.9,1008.1,,9.77,0,0
Dhamra,discharge,2026-05-05,16.4,31.3,10.0,1009.1,,8.86,0,0
Dhamra,discharge,2026-05-06,19.8,39.2,0.3,1007.1,,10.69,0,0
Dhamra,discharge,2026-05-07,12.5,39.2,7.1,1008.7,,6.75,0,0
Dhamra,discharge,2026-05-08,21.0,41.8,2.0,1009.2,,11.34,0,0
Dhamra,discharge,2026-05-09,12.9,28.8,1.9,1009.1,,6.97,0,0
Dhamra,discharge,2026-05-10,15.5,28.4,2.2,1008.6,,8.37,0,0
Dhamra,discharge,2026-05-11,14.5,31.0,5.8,1007.9,,7.83,0,0
Dhamra,discharge,2026-05-12,16.7,34.6,1.3,1006.2,,9.02,0,0
Dhamra,discharge,2026-05-13,21.3,42.5,0.6,1004.1,,11.5,0,0
Dhamra,discharge,2026-05-14,21.9,43.2,0.0,1003.2,,11.83,0,0
Dhamra,discharge,2026-05-15,19.7,37.8,0.0,1003.0,,10.64,0,0
Dhamra,discharge,2026-05-16,25.6,49.3,0.1,1003.7,,13.82,0,0
Dhamra,discharge,2026-05-17,24.2,48.6,0.4,1003.1,,13.07,0,0
Dhamra,discharge,2026-05-18,19.6,40.7,8.9,1002.5,,10.58,0,0
Dhamra,discharge,2026-05-19,21.5,42.8,0.1,1001.4,,11.61,0,0
Dhamra,discharge,2026-05-20,16.2,32.0,0.0,999.9,,8.75,0,0
Dhamra,discharge,2026-05-21,15.1,32.4,0.1,1001.8,,8.15,0,0
Dhamra,discharge,2026-05-22,21.6,43.6,0.0,1003.5,,11.66,0,0
Dhamra,discharge,2026-05-23,20.7,41.0,0.0,1003.6,,11.18,0,0
Dhamra,discharge,2026-05-24,23.4,46.8,0.0,1004.3,,12.63,0,0
Dhamra,discharge,2026-05-25,22.3,46.4,0.0,1004.0,,12.04,0,0
Dhamra,discharge,2026-05-26,21.6,44.3,0.0,1003.8,,11.66,0,0
Dhamra,discharge,2026-05-27,23.3,47.2,2.7,1004.6,,12.58,0,0
Dhamra,discharge,2026-05-28,22.1,45.7,0.9,1005.4,,11.93,0,0
Dhamra,discharge,2026-05-29,19.5,38.5,4.5,1005.6,,10.53,0,0
Dhamra,discharge,2026-05-30,13.4,31.0,1.0,1005.7,,7.24,0,0
Dhamra,discharge,2026-05-31,11.4,25.2,5.8,1006.1,,6.16,0,0
Dhamra,discharge,2026-06-01,13.5,30.6,3.9,1006.5,,7.29,0,0
Dhamra,discharge,2026-06-02,14.5,31.3,2.2,1005.1,,7.83,0,0
Dhamra,discharge,2026-06-03,15.3,32.0,3.4,1002.6,,8.26,0,0
Dhamra,discharge,2026-06-04,15.6,34.6,6.6,1001.3,,8.42,0,0
Dhamra,discharge,2026-06-05,14.1,32.0,2.9,1000.9,,7.61,0,0
Dhamra,discharge,2026-06-06,13.4,26.6,6.7,1002.0,,7.24,0,0
Dhamra,discharge,2026-06-07,17.7,32.0,42.2,1002.3,,9.56,0,0
Dhamra,discharge,2026-06-08,20.5,39.6,3.1,1000.9,,11.07,0,0
Dhamra,discharge,2026-06-09,18.0,37.1,0.3,1000.3,,9.72,0,0
Dhamra,discharge,2026-06-10,16.3,32.4,3.8,1001.0,,8.8,0,0
Dhamra,discharge,2026-06-11,15.8,28.1,21.4,1003.3,,8.53,0,0
Dhamra,discharge,2026-06-12,19.9,38.5,6.2,1005.2,,10.75,0,0
Dhamra,discharge,2026-06-13,15.1,32.0,2.0,1003.8,,8.15,0,0
Dhamra,discharge,2026-06-14,18.8,41.4,18.4,1002.8,,10.15,0,0
Dhamra,discharge,2026-06-15,15.7,31.7,1.9,1003.2,,8.48,0,0
Dhamra,discharge,2026-06-16,14.2,31.0,2.2,1004.2,,7.67,0,0
Dhamra,discharge,2026-06-17,18.3,32.4,0.6,1004.1,,9.88,0,0
Dhamra,discharge,2026-06-18,20.2,36.7,7.0,1003.9,,10.91,0,0
Dhamra,discharge,2026-06-19,18.7,36.7,4.4,1004.7,,10.1,0,0
Dhamra,discharge,2026-06-20,18.2,33.5,3.8,1004.3,,9.83,0,0
Dhamra,discharge,2026-06-21,16.5,33.5,12.7,1003.7,,8.91,0,0
Dhamra,discharge,2026-06-22,21.3,42.8,9.6,1003.6,,11.5,0,0
Dhamra,discharge,2026-06-23,24.4,47.2,0.4,1001.8,,13.17,0,0
Dhamra,discharge,2026-06-24,16.6,30.2,11.5,1002.3,,8.96,0,0
Dhamra,discharge,2026-06-25,13.0,33.5,7.9,1003.2,,7.02,0,0
Dhamra,discharge,2026-06-26,15.4,35.6,3.9,1003.9,,8.32,0,0
Dhamra,discharge,2026-06-27,16.9,30.6,12.4,1003.1,,9.13,0,0
Dhamra,discharge,2026-06-28,19.4,39.6,4.2,1002.0,,10.48,0,0
Dhamra,discharge,2026-06-29,23.7,45.7,3.8,1001.3,,12.8,0,0
Dhamra,discharge,2026-06-30,16.2,29.9,30.7,1001.5,,8.75,0,0
Dhamra,discharge,2026-07-01,16.8,34.2,14.3,1000.2,,9.07,0,0
Dhamra,discharge,2026-07-02,11.1,24.8,10.4,999.0,,5.99,0,0
Dhamra,discharge,2026-07-03,11.0,27.0,17.1,997.3,,5.94,0,0
Dhamra,discharge,2026-07-04,18.0,40.3,30.1,993.1,,9.72,0,0
Dhamra,discharge,2026-07-05,24.8,48.6,7.4,993.4,,13.39,0,0
Dhamra,discharge,2026-07-06,30.3,55.1,19.6,998.4,,16.36,0,0
Dhamra,discharge,2026-07-07,29.7,55.1,3.1,1001.7,,16.04,0,0
Dhamra,discharge,2026-07-08,27.7,51.5,3.2,1002.0,,14.96,0,0
Dhamra,discharge,2026-07-09,25.5,48.2,4.2,1002.6,,13.77,0,0
Dhamra,discharge,2026-07-10,19.8,38.9,9.7,1002.4,,10.69,0,0
Dhamra,discharge,2026-07-11,18.9,40.3,0.5,1000.2,,10.21,0,0
Dhamra,discharge,2026-07-12,19.7,38.2,1.4,998.8,,10.64,0,0
Dhamra,discharge,2026-07-13,15.4,34.6,15.1,999.8,,8.32,0,0
Dhamra,discharge,2026-07-14,15.2,32.0,47.0,1000.2,,8.21,0,0
Dhamra,discharge,2026-07-15,16.4,37.4,29.7,999.6,,8.86,0,0
Dhamra,discharge,2026-07-16,20.8,37.4,23.9,999.9,,11.23,0,0
Dhamra,discharge,2026-07-17,20.7,39.6,4.7,1001.4,,11.18,0,0
Dhamra,discharge,2026-07-18,20.1,40.0,5.7,1002.1,,10.85,0,0
Dhamra,discharge,2026-07-19,14.2,29.5,7.8,1002.9,,7.67,0,0
Dhamra,discharge,2026-07-20,15.2,32.0,25.3,1002.7,,8.21,0,0
Dhamra,discharge,2026-07-21,17.6,31.3,44.5,1002.4,,9.5,0,0
Dhamra,discharge,2026-07-22,17.6,34.6,20.9,1003.6,,9.5,0,0
Dhamra,discharge,2026-07-23,21.4,40.3,58.9,1003.4,,11.56,0,0
Dhamra,discharge,2026-07-24,15.7,41.8,20.2,1001.9,,8.48,0,0
Dhamra,discharge,2026-07-25,14.6,26.6,57.9,999.5,,7.88,0,0
Dhamra,discharge,2026-07-26,18.9,37.1,47.4,997.7,,10.21,0,0
Dhamra,discharge,2026-07-27,25.9,48.6,154.7,995.7,,13.98,0,0
Dhamra,discharge,2026-07-28,32.1,59.4,18.9,995.1,,17.33,0,0
Dhamra,discharge,2026-07-29,20.3,41.0,4.9,997.0,,10.96,0,0
Dhamra,discharge,2026-07-30,27.4,51.8,3.9,999.0,,14.79,0,0
Dhamra,discharge,2026-07-31,23.0,44.6,3.3,1001.5,,12.42,0,0
Dhamra,discharge,2026-08-01,17.7,36.7,4.7,1001.8,,9.56,0,0
Dhamra,discharge,2026-08-02,13.5,30.6,6.4,1002.2,,7.29,0,0
Dhamra,discharge,2026-08-03,14.9,32.8,15.2,1003.2,,8.05,0,0
Dhamra,discharge,2026-08-04,15.5,31.3,7.3,1002.9,,8.37,0,0
Dhamra,discharge,2026-08-05,14.4,31.3,14.6,1001.6,,7.78,0,0
Dhamra,discharge,2026-08-06,14.8,27.0,29.6,1001.1,,7.99,0,0
Dhamra,discharge,2026-08-07,15.1,26.6,35.3,999.7,,8.15,0,0
Dhamra,discharge,2026-08-08,17.3,34.9,2.9,1001.0,,9.34,0,0
Dhamra,discharge,2026-08-09,11.9,24.5,3.6,1001.6,,6.43,0,0
Dhamra,discharge,2026-08-10,17.0,43.9,13.8,1001.0,,9.18,0,0
Dhamra,discharge,2026-08-11,17.3,35.6,21.3,1000.6,,9.34,0,0
Dhamra,discharge,2026-08-12,21.5,43.9,30.5,1001.6,,11.61,0,0
Dhamra,discharge,2026-08-13,24.0,46.8,10.1,1000.6,,12.96,0,0
Dhamra,discharge,2026-08-14,21.9,41.0,52.1,1000.5,,11.83,0,0
Dhamra,discharge,2026-08-15,20.2,36.4,27.9,999.4,,10.91,0,0
Dhamra,discharge,2026-08-16,21.9,39.6,96.5,999.4,,11.83,0,0
Dhamra,discharge,2026-08-17,24.8,49.3,17.3,1002.0,,13.39,0,0
Dhamra,discharge,2026-08-18,23.7,49.3,23.5,1003.0,,12.8,0,0
Dhamra,discharge,2026-08-19,17.5,34.6,3.8,1003.5,,9.45,0,0
Dhamra,discharge,2026-08-20,13.4,27.7,5.8,1003.0,,7.24,0,0
Dhamra,discharge,2026-08-21,16.5,36.0,7.4,1001.9,,8.91,0,0
Dhamra,discharge,2026-08-22,10.8,28.8,41.6,1000.8,,5.83,0,0
Dhamra,discharge,2026-08-23,14.5,28.1,28.3,1000.5,,7.83,0,0
Dhamra,discharge,2026-08-24,19.0,38.2,17.2,1001.1,,10.26,0,0
Dhamra,discharge,2026-08-25,15.5,34.9,13.9,1002.4,,8.37,0,0
Dhamra,discharge,2026-08-26,14.7,31.3,15.6,1002.3,,7.94,0,0
Dhamra,discharge,2026-08-27,15.5,33.8,17.8,1001.4,,8.37,0,0
Dhamra,discharge,2026-08-28,14.9,28.4,21.4,1000.9,,8.05,0,0
Dhamra,discharge,2026-08-29,16.9,32.8,43.3,1000.0,,9.13,0,0
Dhamra,discharge,2026-08-30,20.3,35.6,64.9,999.2,,10.96,0,0
Dhamra,discharge,2026-08-31,21.8,38.9,31.7,999.1,,11.77,0,0
Dhamra,discharge,2026-09-01,19.3,37.4,23.4,1002.7,,10.42,0,0
Dhamra,discharge,2026-09-02,17.9,35.6,0.0,1004.1,,9.67,0,0
Dhamra,discharge,2026-09-03,14.7,31.0,1.4,1004.5,,7.94,0,0
Dhamra,discharge,2026-09-04,15.7,31.3,2.5,1006.7,,8.48,0,0
Dhamra,discharge,2026-09-05,11.7,25.9,4.4,1007.6,,6.32,0,0
Dhamra,discharge,2026-09-06,11.2,26.6,4.9,1007.8,,6.05,0,0
Dhamra,discharge,2026-09-07,16.8,37.8,9.4,1006.4,,9.07,0,0
Dhamra,discharge,2026-09-08,12.8,30.2,3.5,1005.2,,6.91,0,0
Dhamra,discharge,2026-09-09,9.9,23.8,6.1,1004.7,,5.35,0,0
Dhamra,discharge,2026-09-10,16.0,36.0,15.9,1004.3,,8.64,0,0
Dhamra,discharge,2026-09-11,24.2,50.4,25.7,1006.0,,13.07,0,0
Dhamra,discharge,2026-09-12,23.4,45.0,3.0,1009.0,,12.63,0,0
Dhamra,discharge,2026-09-13,13.7,32.4,10.8,1011.3,,7.4,0,0
Dhamra,discharge,2026-09-14,8.5,20.5,2.1,1010.8,,4.59,0,0
Dhamra,discharge,2026-09-15,11.3,22.3,0.7,1009.6,,6.1,0,0
Dhamra,discharge,2026-09-16,14.8,28.4,3.6,1008.5,,7.99,0,0
Dhamra,discharge,2026-09-17,11.0,23.8,3.5,1007.7,,5.94,0,0
Dhamra,discharge,2026-09-18,10.7,28.8,13.1,1008.1,,5.78,0,0
Dhamra,discharge,2026-09-19,19.3,38.5,1.1,1009.2,,10.42,0,0
Dhamra,discharge,2026-09-20,18.7,37.1,18.9,1009.3,,10.1,0,0
Dhamra,discharge,2026-09-21,26.3,49.0,34.3,1006.2,,14.2,0,0
Dhamra,discharge,2026-09-22,28.7,52.6,34.7,1002.9,,15.5,0,0
Dhamra,discharge,2026-09-23,31.2,56.2,53.9,1001.9,,16.85,0,0
Dhamra,discharge,2026-09-24,37.2,67.3,49.4,1001.4,,20.09,0,0
Dhamra,discharge,2026-09-25,36.5,66.6,39.4,1003.3,,19.71,0,0
Dhamra,discharge,2026-09-26,25.9,52.6,5.9,1006.3,,13.98,0,0
Dhamra,discharge,2026-09-27,10.9,24.1,1.8,1006.5,,5.89,0,0
Dhamra,discharge,2026-09-28,13.2,27.4,0.7,1008.0,,7.13,0,0
Dhamra,discharge,2026-09-29,14.1,28.1,4.9,1009.2,,7.61,0,0
Dhamra,discharge,2026-09-30,10.7,24.5,0.7,1010.1,,5.78,0,0
Gangavaram,discharge,2025-09-01,12.8,31.7,6.3,1000.7,,6.91,0,0
Gangavaram,discharge,2025-09-02,10.6,27.4,22.0,1000.0,,5.72,0,0
Gangavaram,discharge,2025-09-03,16.4,31.7,12.5,1000.7,,8.86,0,0
Gangavaram,discharge,2025-09-04,20.9,45.7,0.2,1003.2,,11.29,0,0
Gangavaram,discharge,2025-09-05,17.6,40.7,1.7,1005.2,,9.5,0,0
Gangavaram,discharge,2025-09-06,17.0,39.2,0.8,1006.1,,9.18,0,0
Gangavaram,discharge,2025-09-07,10.6,27.7,6.8,1005.5,,5.72,0,0
Gangavaram,discharge,2025-09-08,8.3,24.5,4.2,1005.5,,4.48,0,0
Gangavaram,discharge,2025-09-09,9.7,28.8,10.6,1006.2,,5.24,0,0
Gangavaram,discharge,2025-09-10,15.3,31.7,15.3,1005.4,,8.26,0,0
Gangavaram,discharge,2025-09-11,9.8,28.1,7.3,1004.6,,5.29,0,0
Gangavaram,discharge,2025-09-12,13.1,30.2,25.2,1005.3,,7.07,0,0
Gangavaram,discharge,2025-09-13,12.6,30.6,4.9,1005.9,,6.8,0,0
Gangavaram,discharge,2025-09-14,18.6,40.7,0.5,1006.9,,10.04,0,0
Gangavaram,discharge,2025-09-15,19.2,49.0,7.1,1006.4,,10.37,0,0
Gangavaram,discharge,2025-09-16,16.3,38.2,3.4,1006.8,,8.8,0,0
Gangavaram,discharge,2025-09-17,15.2,34.6,0.5,1007.3,,8.21,0,0
Gangavaram,discharge,2025-09-18,14.2,33.8,0.7,1007.1,,7.67,0,0
Gangavaram,discharge,2025-09-19,12.8,30.2,0.2,1006.5,,6.91,0,0
Gangavaram,discharge,2025-09-20,10.5,33.5,1.7,1005.0,,5.67,0,0
Gangavaram,discharge,2025-09-21,10.4,32.8,0.1,1004.1,,5.62,0,0
Gangavaram,discharge,2025-09-22,15.2,30.2,18.6,1004.7,,8.21,0,0
Gangavaram,discharge,2025-09-23,13.6,30.6,9.3,1003.3,,7.34,0,0
Gangavaram,discharge,2025-09-24,18.1,37.1,0.8,1000.4,,9.77,0,0
Gangavaram,discharge,2025-09-25,19.3,42.5,10.6,1000.3,,10.42,0,0
Gangavaram,discharge,2025-09-26,16.1,30.6,33.8,1000.9,,8.69,0,0
Gangavaram,discharge,2025-09-27,23.1,50.8,4.9,1003.0,,12.47,0,0
Gangavaram,discharge,2025-09-28,20.1,45.0,0.0,1004.6,,10.85,0,0
Gangavaram,discharge,2025-09-29,15.1,39.2,8.1,1003.8,,8.15,0,0
Gangavaram,discharge,2025-09-30,11.7,31.3,6.7,1002.8,,6.32,0,0
Gangavaram,discharge,2025-10-01,23.8,52.9,23.2,1001.0,,12.85,0,0
Gangavaram,discharge,2025-10-02,28.3,52.9,37.6,1002.4,,15.28,0,0
Gangavaram,discharge,2025-10-03,24.0,52.2,0.3,1006.4,,12.96,0,0
Gangavaram,discharge,2025-10-04,22.8,58.0,3.8,1008.1,,12.31,0,0
Gangavaram,discharge,2025-10-05,18.0,40.0,7.9,1008.8,,9.72,0,0
Gangavaram,discharge,2025-10-06,14.0,33.5,3.7,1009.2,,7.56,0,0
Gangavaram,discharge,2025-10-07,10.0,28.8,8.9,1009.3,,5.4,0,0
Gangavaram,discharge,2025-10-08,13.2,32.8,5.2,1009.9,,7.13,0,0
Gangavaram,discharge,2025-10-09,11.7,29.2,7.5,1009.8,,6.32,0,0
Gangavaram,discharge,2025-10-10,8.9,28.1,1.7,1009.0,,4.81,0,0
Gangavaram,discharge,2025-10-11,11.2,27.0,4.6,1009.3,,6.05,0,0
Gangavaram,discharge,2025-10-12,18.0,40.3,12.7,1008.9,,9.72,0,0
Gangavaram,discharge,2025-10-13,16.9,36.0,16.7,1009.6,,9.13,0,0
Gangavaram,discharge,2025-10-14,16.9,40.3,0.9,1008.7,,9.13,0,0
Gangavaram,discharge,2025-10-15,23.4,52.9,0.2,1008.7,,12.63,0,0
Gangavaram,discharge,2025-10-16,19.7,43.6,0.0,1009.5,,10.64,0,0
Gangavaram,discharge,2025-10-17,21.0,47.2,0.1,1010.5,,11.34,0,0
Gangavaram,discharge,2025-10-18,18.6,43.2,25.1,1009.8,,10.04,0,0
Gangavaram,discharge,2025-10-19,10.3,28.8,8.5,1009.1,,5.56,0,0
Gangavaram,discharge,2025-10-20,19.8,43.9,1.1,1009.1,,10.69,0,0
Gangavaram,discharge,2025-10-21,26.3,58.0,8.3,1009.7,,14.2,0,0
Gangavaram,discharge,2025-10-22,23.0,52.6,16.8,1010.2,,12.42,0,0
Gangavaram,discharge,2025-10-23,19.0,44.6,25.8,1010.3,,10.26,0,0
Gangavaram,discharge,2025-10-24,16.9,40.3,12.8,1009.9,,9.13,0,0
Gangavaram,discharge,2025-10-25,16.1,37.8,0.3,1009.5,,8.69,0,0
Gangavaram,discharge,2025-10-26,20.3,46.4,1.6,1009.2,,10.96,0,0
Gangavaram,discharge,2025-10-27,30.9,59.0,39.3,1006.7,,16.68,0,0
Gangavaram,discharge,2025-10-28,39.2,90.0,28.0,1003.5,,21.17,0,0
Gangavaram,discharge,2025-10-29,38.1,78.1,8.0,1006.5,,20.57,0,0
Gangavaram,discharge,2025-10-30,22.5,50.8,6.7,1009.5,,12.15,0,0
Gangavaram,discharge,2025-10-31,19.9,42.8,0.0,1009.9,,10.75,0,0
Gangavaram,discharge,2025-11-01,11.7,24.8,0.0,1009.5,,6.32,0,0
Gangavaram,discharge,2025-11-02,14.8,29.9,1.8,1009.6,,7.99,0,0
Gangavaram,discharge,2025-11-03,12.2,28.4,5.0,1009.4,,6.59,0,0
Gangavaram,discharge,2025-11-04,12.9,32.0,4.5,1009.2,,6.97,0,0
Gangavaram,discharge,2025-11-05,9.7,29.5,1.9,1008.6,,5.24,0,0
Gangavaram,discharge,2025-11-06,11.7,28.8,2.7,1009.9,,6.32,0,0
Gangavaram,discharge,2025-11-07,14.9,33.5,0.0,1011.2,,8.05,0,0
Gangavaram,discharge,2025-11-08,15.5,34.6,0.0,1011.8,,8.37,0,0
Gangavaram,discharge,2025-11-09,15.1,34.6,0.0,1011.4,,8.15,0,0
Gangavaram,discharge,2025-11-10,18.3,42.1,0.0,1012.0,,9.88,0,0
Gangavaram,discharge,2025-11-11,14.9,37.1,0.0,1012.6,,8.05,0,0
Gangavaram,discharge,2025-11-12,17.2,40.3,0.0,1013.6,,9.29,0,0
Gangavaram,discharge,2025-11-13,17.8,40.3,0.0,1014.8,,9.61,0,0
Gangavaram,discharge,2025-11-14,15.2,36.0,0.0,1014.6,,8.21,0,0
Gangavaram,discharge,2025-11-15,16.5,38.9,0.0,1015.6,,8.91,0,0
Gangavaram,discharge,2025-11-16,19.1,44.3,0.0,1015.9,,10.31,0,0
Gangavaram,discharge,2025-11-17,20.9,47.5,0.0,1015.3,,11.29,0,0
Gangavaram,discharge,2025-11-18,18.0,41.4,0.0,1013.6,,9.72,0,0
Gangavaram,discharge,2025-11-19,15.7,37.1,0.0,1013.8,,8.48,0,0
Gangavaram,discharge,2025-11-20,19.8,45.7,0.3,1014.3,,10.69,0,0
Gangavaram,discharge,2025-11-21,21.2,49.3,0.2,1015.4,,11.45,0,0
Gangavaram,discharge,2025-11-22,16.6,40.0,0.2,1014.8,,8.96,0,0
Gangavaram,discharge,2025-11-23,17.1,42.1,0.8,1014.8,,9.23,0,0
Gangavaram,discharge,2025-11-24,19.0,43.2,0.0,1015.4,,10.26,0,0
Gangavaram,discharge,2025-11-25,18.9,43.2,0.0,1014.8,,10.21,0,0
Gangavaram,discharge,2025-11-26,20.2,47.2,0.0,1015.5,,10.91,0,0
Gangavaram,discharge,2025-11-27,21.3,47.2,0.0,1015.2,,11.5,0,0
Gangavaram,discharge,2025-11-28,16.0,38.9,0.0,1013.5,,8.64,0,0
Gangavaram,discharge,2025-11-29,22.9,50.8,1.2,1012.7,,12.37,0,0
Gangavaram,discharge,2025-11-30,21.7,49.7,21.6,1012.8,,11.72,0,0
Gangavaram,discharge,2025-12-01,22.5,51.8,1.6,1013.0,,12.15,0,0
Gangavaram,discharge,2025-12-02,18.0,41.4,5.7,1013.0,,9.72,0,0
Gangavaram,discharge,2025-12-03,19.2,43.6,0.0,1014.6,,10.37,0,0
Gangavaram,discharge,2025-12-04,20.0,44.6,0.0,1015.9,,10.8,0,0
Gangavaram,discharge,2025-12-05,22.2,49.0,0.0,1016.6,,11.99,0,0
Gangavaram,discharge,2025-12-06,16.9,38.9,0.0,1016.6,,9.13,0,0
Gangavaram,discharge,2025-12-07,16.5,39.2,0.0,1016.3,,8.91,0,0
Gangavaram,discharge,2025-12-08,16.6,40.0,0.0,1015.6,,8.96,0,0
Gangavaram,discharge,2025-12-09,17.2,40.3,0.0,1015.1,,9.29,0,0
Gangavaram,discharge,2025-12-10,19.4,45.4,0.0,1015.6,,10.48,0,0
Gangavaram,discharge,2025-12-11,14.6,36.0,0.0,1014.9,,7.88,0,0
Gangavaram,discharge,2025-12-12,17.2,38.9,0.0,1014.5,,9.29,0,0
Gangavaram,discharge,2025-12-13,16.8,39.6,0.0,1014.9,,9.07,0,0
Gangavaram,discharge,2025-12-14,17.1,40.7,0.0,1015.3,,9.23,0,0
Gangavaram,discharge,2025-12-15,16.8,39.6,0.0,1015.4,,9.07,0,0
Gangavaram,discharge,2025-12-16,15.4,37.4,0.0,1015.4,,8.32,0,0
Gangavaram,discharge,2025-12-17,13.4,33.5,0.0,1016.0,,7.24,0,0
Gangavaram,discharge,2025-12-18,16.5,39.6,0.0,1015.2,,8.91,0,0
Gangavaram,discharge,2025-12-19,15.2,36.4,0.0,1013.4,,8.21,0,0
Gangavaram,discharge,2025-12-20,14.4,34.6,0.0,1013.2,,7.78,0,0
Gangavaram,discharge,2025-12-21,17.1,39.2,0.0,1014.4,,9.23,0,0
Gangavaram,discharge,2025-12-22,16.1,39.6,0.0,1014.0,,8.69,0,0
Gangavaram,discharge,2025-12-23,15.5,38.2,0.0,1013.3,,8.37,0,0
Gangavaram,discharge,2025-12-24,16.4,39.2,0.0,1013.6,,8.86,0,0
Gangavaram,discharge,2025-12-25,16.8,40.0,0.0,1014.6,,9.07,0,0
Gangavaram,discharge,2025-12-26,17.3,40.3,0.0,1014.4,,9.34,0,0
Gangavaram,discharge,2025-12-27,14.3,36.4,0.0,1014.6,,7.72,0,0
Gangavaram,discharge,2025-12-28,15.1,37.8,0.0,1015.1,,8.15,0,0
Gangavaram,discharge,2025-12-29,16.4,39.2,0.0,1014.8,,8.86,0,0
Gangavaram,discharge,2025-12-30,15.2,37.8,0.0,1013.5,,8.21,0,0
Gangavaram,discharge,2025-12-31,17.4,43.2,0.0,1011.9,,9.4,0,0
Gangavaram,discharge,2026-01-01,14.0,36.7,1.0,1013.2,,7.56,0,0
Gangavaram,discharge,2026-01-02,16.9,40.3,0.0,1015.2,,9.13,0,0
Gangavaram,discharge,2026-01-03,15.5,36.4,0.0,1016.0,,8.37,0,0
Gangavaram,discharge,2026-01-04,12.7,33.1,0.5,1016.7,,6.86,0,0
Gangavaram,discharge,2026-01-05,17.4,40.7,0.1,1017.0,,9.4,0,0
Gangavaram,discharge,2026-01-06,19.9,46.4,0.0,1017.7,,10.75,0,0
Gangavaram,discharge,2026-01-07,20.2,45.0,0.0,1018.2,,10.91,0,0
Gangavaram,discharge,2026-01-08,22.2,49.7,0.0,1018.2,,11.99,0,0
Gangavaram,discharge,2026-01-09,20.4,46.8,0.0,1017.0,,11.02,0,0
Gangavaram,discharge,2026-01-10,19.5,43.9,0.0,1016.9,,10.53,0,0
Gangavaram,discharge,2026-01-11,20.6,48.2,0.0,1018.0,,11.12,0,0
Gangavaram,discharge,2026-01-12,23.6,54.4,0.0,1018.8,,12.74,0,0
Gangavaram,discharge,2026-01-13,16.1,40.7,0.0,1016.9,,8.69,0,0
Gangavaram,discharge,2026-01-14,14.2,36.4,0.0,1015.2,,7.67,0,0
Gangavaram,discharge,2026-01-15,13.0,32.8,0.8,1014.4,,7.02,0,0
Gangavaram,discharge,2026-01-16,16.1,40.0,0.0,1014.4,,8.69,0,0
Gangavaram,discharge,2026-01-17,12.8,33.8,0.0,1012.9,,6.91,0,0
Gangavaram,discharge,2026-01-18,13.7,35.6,0.0,1012.4,,7.4,0,0
Gangavaram,discharge,2026-01-19,13.6,35.3,0.0,1013.5,,7.34,0,0
Gangavaram,discharge,2026-01-20,15.7,37.4,0.0,1014.2,,8.48,0,0
Gangavaram,discharge,2026-01-21,13.9,36.4,0.0,1015.6,,7.51,0,0
Gangavaram,discharge,2026-01-22,13.7,35.3,0.1,1016.1,,7.4,0,0
Gangavaram,discharge,2026-01-23,20.0,44.6,0.2,1017.3,,10.8,0,0
Gangavaram,discharge,2026-01-24,21.3,48.6,0.1,1017.3,,11.5,0,0
Gangavaram,discharge,2026-01-25,17.8,43.6,0.0,1016.6,,9.61,0,0
Gangavaram,discharge,2026-01-26,17.8,41.0,0.0,1017.8,,9.61,0,0
Gangavaram,discharge,2026-01-27,14.9,36.7,0.0,1017.7,,8.05,0,0
Gangavaram,discharge,2026-01-28,15.4,38.5,0.0,1016.3,,8.32,0,0
Gangavaram,discharge,2026-01-29,13.2,33.5,0.0,1016.3,,7.13,0,0
Gangavaram,discharge,2026-01-30,14.5,37.1,0.0,1016.9,,7.83,0,0
Gangavaram,discharge,2026-01-31,16.0,39.2,0.2,1017.1,,8.64,0,0
Gangavaram,discharge,2026-02-01,17.2,41.4,0.2,1017.2,,9.29,0,0
Gangavaram,discharge,2026-02-02,18.6,45.0,0.0,1016.7,,10.04,0,0
Gangavaram,discharge,2026-02-03,18.1,41.0,0.0,1017.6,,9.77,0,0
Gangavaram,discharge,2026-02-04,21.1,49.7,0.0,1017.4,,11.39,0,0
Gangavaram,discharge,2026-02-05,20.0,47.5,0.0,1017.6,,10.8,0,0
Gangavaram,discharge,2026-02-06,17.3,41.0,0.0,1016.6,,9.34,0,0
Gangavaram,discharge,2026-02-07,14.7,36.7,0.0,1014.8,,7.94,0,0
Gangavaram,discharge,2026-02-08,18.2,43.2,0.0,1014.4,,9.83,0,0
Gangavaram,discharge,2026-02-09,15.0,38.5,0.0,1014.9,,8.1,0,0
Gangavaram,discharge,2026-02-10,14.2,37.4,0.0,1016.2,,7.67,0,0
Gangavaram,discharge,2026-02-11,15.8,39.2,0.0,1017.1,,8.53,0,0
Gangavaram,discharge,2026-02-12,15.6,39.2,0.0,1015.6,,8.42,0,0
Gangavaram,discharge,2026-02-13,16.5,40.7,0.0,1014.8,,8.91,0,0
Gangavaram,discharge,2026-02-14,13.4,35.3,0.0,1013.7,,7.24,0,0
Gangavaram,discharge,2026-02-15,16.6,39.6,0.0,1013.2,,8.96,0,0
Gangavaram,discharge,2026-02-16,14.9,37.8,0.0,1013.0,,8.05,0,0
Gangavaram,discharge,2026-02-17,19.0,45.4,0.0,1013.5,,10.26,0,0
Gangavaram,discharge,2026-02-18,15.0,37.1,0.0,1013.6,,8.1,0,0
Gangavaram,discharge,2026-02-19,17.1,41.4,0.0,1014.6,,9.23,0,0
Gangavaram,discharge,2026-02-20,19.6,46.4,0.0,1014.4,,10.58,0,0
Gangavaram,discharge,2026-02-21,15.2,38.2,0.0,1011.1,,8.21,0,0
Gangavaram,discharge,2026-02-22,17.8,42.8,0.0,1009.4,,9.61,0,0
Gangavaram,discharge,2026-02-23,14.2,36.7,0.0,1009.7,,7.67,0,0
Gangavaram,discharge,2026-02-24,15.8,38.2,0.0,1011.0,,8.53,0,0
Gangavaram,discharge,2026-02-25,16.5,42.1,14.2,1012.0,,8.91,0,0
Gangavaram,discharge,2026-02-26,14.2,33.5,1.7,1010.2,,7.67,0,0
Gangavaram,discharge,2026-02-27,17.5,42.1,0.0,1008.8,,9.45,0,0
Gangavaram,discharge,2026-02-28,20.9,49.3,0.0,1009.0,,11.29,0,0
Gangavaram,discharge,2026-03-01,21.3,49.3,0.0,1009.6,,11.5,0,0
Gangavaram,discharge,2026-03-02,22.8,52.2,0.0,1010.8,,12.31,0,0
Gangavaram,discharge,2026-03-03,17.0,41.0,0.0,1011.7,,9.18,0,0
Gangavaram,discharge,2026-03-04,19.5,44.3,0.0,1011.3,,10.53,0,0
Gangavaram,discharge,2026-03-05,17.5,42.1,0.0,1008.6,,9.45,0,0
Gangavaram,discharge,2026-03-06,19.0,44.6,0.0,1008.7,,10.26,0,0
Gangavaram,discharge,2026-03-07,21.3,48.2,0.1,1010.9,,11.5,0,0
Gangavaram,discharge,2026-03-08,18.2,44.3,0.3,1011.8,,9.83,0,0
Gangavaram,discharge,2026-03-09,18.0,45.0,0.4,1013.1,,9.72,0,0
Gangavaram,discharge,2026-03-10,17.8,43.2,0.0,1013.7,,9.61,0,0
Gangavaram,discharge,2026-03-11,20.9,49.0,0.0,1011.6,,11.29,0,0
Gangavaram,discharge,2026-03-12,19.5,45.7,0.0,1009.7,,10.53,0,0
Gangavaram,discharge,2026-03-13,20.8,48.6,0.0,1010.0,,11.23,0,0
Gangavaram,discharge,2026-03-14,22.1,51.1,0.0,1011.8,,11.93,0,0
Gangavaram,discharge,2026-03-15,21.5,50.8,0.0,1012.1,,11.61,0,0
Gangavaram,discharge,2026-03-16,21.0,51.1,0.0,1011.2,,11.34,0,0
Gangavaram,discharge,2026-03-17,18.2,41.8,0.0,1011.5,,9.83,0,0
Gangavaram,discharge,2026-03-18,15.7,39.6,0.2,1012.1,,8.48,0,0
Gangavaram,discharge,2026-03-19,17.5,42.8,3.6,1012.0,,9.45,0,0
Gangavaram,discharge,2026-03-20,19.4,46.4,6.9,1010.6,,10.48,0,0
Gangavaram,discharge,2026-03-21,15.8,40.3,5.0,1011.1,,8.53,0,0
Gangavaram,discharge,2026-03-22,18.4,45.0,2.6,1011.9,,9.94,0,0
Gangavaram,discharge,2026-03-23,18.0,42.8,0.3,1011.6,,9.72,0,0
Gangavaram,discharge,2026-03-24,16.7,40.7,0.0,1010.6,,9.02,0,0
Gangavaram,discharge,2026-03-25,20.3,47.9,0.0,1010.8,,10.96,0,0
Gangavaram,discharge,2026-03-26,18.0,42.1,0.0,1011.0,,9.72,0,0
Gangavaram,discharge,2026-03-27,21.1,48.6,0.0,1009.1,,11.39,0,0
Gangavaram,discharge,2026-03-28,21.5,52.6,0.0,1007.0,,11.61,0,0
Gangavaram,discharge,2026-03-29,21.5,50.4,0.0,1007.7,,11.61,0,0
Gangavaram,discharge,2026-03-30,22.1,51.5,0.0,1009.3,,11.93,0,0
Gangavaram,discharge,2026-03-31,15.5,38.5,1.6,1010.4,,8.37,0,0
Gangavaram,discharge,2026-04-01,16.2,41.0,0.0,1010.7,,8.75,0,0
Gangavaram,discharge,2026-04-02,20.4,48.2,0.0,1010.9,,11.02,0,0
Gangavaram,discharge,2026-04-03,20.6,47.5,0.0,1009.7,,11.12,0,0
Gangavaram,discharge,2026-04-04,19.6,46.4,0.0,1008.3,,10.58,0,0
Gangavaram,discharge,2026-04-05,20.8,49.0,0.6,1008.2,,11.23,0,0
Gangavaram,discharge,2026-04-06,20.5,48.6,1.2,1009.7,,11.07,0,0
Gangavaram,discharge,2026-04-07,19.5,47.9,0.3,1009.1,,10.53,0,0
Gangavaram,discharge,2026-04-08,24.4,54.7,0.5,1008.8,,13.17,0,0
Gangavaram,discharge,2026-04-09,23.3,51.5,1.4,1009.8,,12.58,0,0
Gangavaram,discharge,2026-04-10,19.5,46.1,0.6,1010.6,,10.53,0,0
Gangavaram,discharge,2026-04-11,20.9,48.2,0.0,1009.8,,11.29,0,0
Gangavaram,discharge,2026-04-12,22.5,50.8,0.0,1008.8,,12.15,0,0
Gangavaram,discharge,2026-04-13,25.7,58.3,0.0,1009.3,,13.88,0,0
Gangavaram,discharge,2026-04-14,23.3,53.6,0.0,1008.3,,12.58,0,0
Gangavaram,discharge,2026-04-15,25.9,59.4,0.0,1006.9,,13.98,0,0
Gangavaram,discharge,2026-04-16,24.0,54.4,0.0,1007.5,,12.96,0,0
Gangavaram,discharge,2026-04-17,24.5,56.2,0.0,1008.1,,13.23,0,0
Gangavaram,discharge,2026-04-18,21.8,51.5,0.0,1008.0,,11.77,0,0
Gangavaram,discharge,2026-04-19,22.7,52.9,0.0,1007.8,,12.26,0,0
Gangavaram,discharge,2026-04-20,25.6,57.2,0.0,1007.1,,13.82,0,0
Gangavaram,discharge,2026-04-21,26.5,61.2,0.0,1007.0,,14.31,0,0
Gangavaram,discharge,2026-04-22,24.2,55.1,0.0,1006.4,,13.07,0,0
Gangavaram,discharge,2026-04-23,19.8,45.4,0.0,1006.2,,10.69,0,0
Gangavaram,discharge,2026-04-24,21.4,49.7,0.0,1006.8,,11.56,0,0
Gangavaram,discharge,2026-04-25,21.5,50.4,0.0,1008.0,,11.61,0,0
Gangavaram,discharge,2026-04-26,24.6,54.7,0.0,1006.9,,13.28,0,0
Gangavaram,discharge,2026-04-27,28.6,62.6,0.0,1005.7,,15.44,0,0
Gangavaram,discharge,2026-04-28,28.2,63.0,0.0,1006.0,,15.23,0,0
Gangavaram,discharge,2026-04-29,28.3,62.3,0.2,1006.3,,15.28,0,0
Gangavaram,discharge,2026-04-30,28.3,62.3,0.1,1007.1,,15.28,0,0
Gangavaram,discharge,2026-05-01,26.2,56.9,11.7,1006.8,,14.15,0,0
Gangavaram,discharge,2026-05-02,27.0,58.7,2.8,1005.5,,14.58,0,0
Gangavaram,discharge,2026-05-03,17.8,47.2,0.3,1006.4,,9.61,0,0
Gangavaram,discharge,2026-05-04,11.2,33.1,3.1,1007.3,,6.05,0,0
Gangavaram,discharge,2026-05-05,17.9,38.5,3.1,1008.7,,9.67,0,0
Gangavaram,discharge,2026-05-06,15.3,38.5,0.0,1007.8,,8.26,0,0
Gangavaram,discharge,2026-05-07,14.2,37.4,0.5,1008.5,,7.67,0,0
Gangavaram,discharge,2026-05-08,15.3,41.4,0.8,1009.2,,8.26,0,0
Gangavaram,discharge,2026-05-09,14.1,37.4,0.0,1008.9,,7.61,0,0
Gangavaram,discharge,2026-05-10,17.5,41.8,0.8,1007.8,,9.45,0,0
Gangavaram,discharge,2026-05-11,15.3,38.9,0.6,1007.6,,8.26,0,0
Gangavaram,discharge,2026-05-12,18.2,45.0,0.1,1006.0,,9.83,0,0
Gangavaram,discharge,2026-05-13,17.2,42.8,0.0,1004.3,,9.29,0,0
Gangavaram,discharge,2026-05-14,20.1,47.9,0.0,1003.8,,10.85,0,0
Gangavaram,discharge,2026-05-15,17.6,40.0,0.0,1003.7,,9.5,0,0
Gangavaram,discharge,2026-05-16,14.9,37.8,0.0,1004.6,,8.05,0,0
Gangavaram,discharge,2026-05-17,19.8,46.1,0.4,1004.9,,10.69,0,0
Gangavaram,discharge,2026-05-18,22.8,52.2,0.0,1004.7,,12.31,0,0
Gangavaram,discharge,2026-05-19,22.9,54.0,0.0,1003.4,,12.37,0,0
Gangavaram,discharge,2026-05-20,18.7,45.0,0.2,1002.0,,10.1,0,0
Gangavaram,discharge,2026-05-21,17.7,43.6,0.2,1002.0,,9.56,0,0
Gangavaram,discharge,2026-05-22,19.8,49.3,0.4,1003.5,,10.69,0,0
Gangavaram,discharge,2026-05-23,20.6,47.9,0.3,1003.3,,11.12,0,0
Gangavaram,discharge,2026-05-24,13.3,35.6,0.0,1004.0,,7.18,0,0
Gangavaram,discharge,2026-05-25,15.1,38.2,0.0,1004.7,,8.15,0,0
Gangavaram,discharge,2026-05-26,19.6,46.4,0.0,1004.3,,10.58,0,0
Gangavaram,discharge,2026-05-27,22.6,48.2,0.0,1004.6,,12.2,0,0
Gangavaram,discharge,2026-05-28,17.6,41.8,0.0,1005.3,,9.5,0,0
Gangavaram,discharge,2026-05-29,16.7,40.3,0.3,1004.3,,9.02,0,0
Gangavaram,discharge,2026-05-30,19.3,44.3,0.0,1005.1,,10.42,0,0
Gangavaram,discharge,2026-05-31,19.1,46.1,0.0,1006.3,,10.31,0,0
Gangavaram,discharge,2026-06-01,14.3,40.3,0.0,1006.8,,7.72,0,0
Gangavaram,discharge,2026-06-02,18.2,44.6,1.2,1005.8,,9.83,0,0
Gangavaram,discharge,2026-06-03,21.3,51.8,0.1,1003.7,,11.5,0,0
Gangavaram,discharge,2026-06-04,23.1,47.5,0.9,1002.5,,12.47,0,0
Gangavaram,discharge,2026-06-05,19.1,44.6,1.4,1001.6,,10.31,0,0
Gangavaram,discharge,2026-06-06,18.5,44.3,0.0,1002.8,,9.99,0,0
Gangavaram,discharge,2026-06-07,29.6,61.6,0.2,1003.3,,15.98,0,0
Gangavaram,discharge,2026-06-08,23.0,50.8,0.0,1002.6,,12.42,0,0
Gangavaram,discharge,2026-06-09,22.3,50.4,0.2,1001.7,,12.04,0,0
Gangavaram,discharge,2026-06-10,17.4,35.3,0.6,1001.7,,9.4,0,0
Gangavaram,discharge,2026-06-11,19.4,38.2,0.0,1002.8,,10.48,0,0
Gangavaram,discharge,2026-06-12,23.1,49.7,9.1,1005.0,,12.47,0,0
Gangavaram,discharge,2026-06-13,20.5,47.5,0.4,1004.7,,11.07,0,0
Gangavaram,discharge,2026-06-14,22.7,51.5,3.4,1003.3,,12.26,0,0
Gangavaram,discharge,2026-06-15,17.4,43.2,0.1,1003.5,,9.4,0,0
Gangavaram,discharge,2026-06-16,17.1,41.4,0.0,1004.4,,9.23,0,0
Gangavaram,discharge,2026-06-17,20.2,46.8,6.5,1005.5,,10.91,0,0
Gangavaram,discharge,2026-06-18,16.8,32.8,6.1,1005.5,,9.07,0,0
Gangavaram,discharge,2026-06-19,14.4,37.4,9.2,1005.6,,7.78,0,0
Gangavaram,discharge,2026-06-20,19.1,43.6,11.5,1005.7,,10.31,0,0
Gangavaram,discharge,2026-06-21,21.5,43.2,5.4,1005.7,,11.61,0,0
Gangavaram,discharge,2026-06-22,21.3,54.0,6.8,1005.5,,11.5,0,0
Gangavaram,discharge,2026-06-23,18.5,38.9,22.9,1004.2,,9.99,0,0
Gangavaram,discharge,2026-06-24,22.7,49.0,0.2,1003.4,,12.26,0,0
Gangavaram,discharge,2026-06-25,18.9,41.8,5.0,1003.4,,10.21,0,0
Gangavaram,discharge,2026-06-26,14.0,38.5,3.3,1004.0,,7.56,0,0
Gangavaram,discharge,2026-06-27,19.7,44.3,5.5,1003.6,,10.64,0,0
Gangavaram,discharge,2026-06-28,31.1,56.9,2.1,1003.6,,16.79,0,0
Gangavaram,discharge,2026-06-29,24.0,63.7,1.4,1002.9,,12.96,0,0
Gangavaram,discharge,2026-06-30,21.9,46.8,4.4,1002.0,,11.83,0,0
Gangavaram,discharge,2026-07-01,25.6,52.2,2.3,1001.1,,13.82,0,0
Gangavaram,discharge,2026-07-02,22.6,48.2,6.7,1000.8,,12.2,0,0
Gangavaram,discharge,2026-07-03,36.1,64.8,28.1,1000.4,,19.49,0,0
Gangavaram,discharge,2026-07-04,38.6,75.2,16.5,998.0,,20.84,0,0
Gangavaram,discharge,2026-07-05,35.9,73.8,1.5,998.9,,19.38,0,0
Gangavaram,discharge,2026-07-06,32.0,67.7,0.4,1001.1,,17.28,0,0
Gangavaram,discharge,2026-07-07,30.2,63.4,0.3,1003.2,,16.31,0,0
Gangavaram,discharge,2026-07-08,26.8,54.7,0.6,1003.5,,14.47,0,0
Gangavaram,discharge,2026-07-09,24.4,51.1,2.8,1004.4,,13.17,0,0
Gangavaram,discharge,2026-07-10,22.3,52.2,2.4,1005.0,,12.04,0,0
Gangavaram,discharge,2026-07-11,17.4,39.6,1.1,1002.8,,9.4,0,0
Gangavaram,discharge,2026-07-12,19.3,43.6,0.5,1001.0,,10.42,0,0
Gangavaram,discharge,2026-07-13,16.4,36.7,1.1,1001.2,,8.86,0,0
Gangavaram,discharge,2026-07-14,15.1,30.6,0.1,1001.3,,8.15,0,0
Gangavaram,discharge,2026-07-15,16.4,32.8,0.3,1002.6,,8.86,0,0
Gangavaram,discharge,2026-07-16,19.8,41.8,0.2,1003.3,,10.69,0,0
Gangavaram,discharge,2026-07-17,25.1,55.1,2.4,1003.8,,13.55,0,0
Gangavaram,discharge,2026-07-18,23.3,51.8,1.2,1003.5,,12.58,0,0
Gangavaram,discharge,2026-07-19,20.9,48.6,1.4,1003.5,,11.29,0,0
Gangavaram,discharge,2026-07-20,23.0,51.5,13.9,1003.9,,12.42,0,0
Gangavaram,discharge,2026-07-21,22.9,51.1,10.9,1003.8,,12.37,0,0
Gangavaram,discharge,2026-07-22,26.7,60.8,1.2,1005.1,,14.42,0,0
Gangavaram,discharge,2026-07-23,23.2,61.2,4.4,1004.9,,12.53,0,0
Gangavaram,discharge,2026-07-24,20.2,46.4,12.0,1003.6,,10.91,0,0
Gangavaram,discharge,2026-07-25,22.8,48.2,0.3,1002.0,,12.31,0,0
Gangavaram,discharge,2026-07-26,20.4,46.1,2.6,1000.8,,11.02,0,0
Gangavaram,discharge,2026-07-27,29.4,63.7,8.1,1000.2,,15.87,0,0
Gangavaram,discharge,2026-07-28,31.7,68.0,7.9,999.2,,17.12,0,0
Gangavaram,discharge,2026-07-29,29.5,61.6,6.5,997.5,,15.93,0,0
Gangavaram,discharge,2026-07-30,31.6,68.4,2.1,998.3,,17.06,0,0
Gangavaram,discharge,2026-07-31,23.7,52.2,1.1,1001.4,,12.8,0,0
Gangavaram,discharge,2026-08-01,20.3,45.0,5.1,1003.0,,10.96,0,0
Gangavaram,discharge,2026-08-02,17.7,50.4,3.1,1003.2,,9.56,0,0
Gangavaram,discharge,2026-08-03,15.9,37.4,1.6,1003.8,,8.59,0,0
Gangavaram,discharge,2026-08-04,10.1,32.8,7.2,1003.6,,5.45,0,0
Gangavaram,discharge,2026-08-05,18.4,42.1,1.8,1002.0,,9.94,0,0
Gangavaram,discharge,2026-08-06,17.6,34.9,16.3,1001.9,,9.5,0,0
Gangavaram,discharge,2026-08-07,15.8,36.0,17.2,1000.7,,8.53,0,0
Gangavaram,discharge,2026-08-08,14.4,33.1,7.9,1001.1,,7.78,0,0
Gangavaram,discharge,2026-08-09,21.5,47.2,12.3,1002.6,,11.61,0,0
Gangavaram,discharge,2026-08-10,21.0,46.4,7.8,1002.7,,11.34,0,0
Gangavaram,discharge,2026-08-11,22.6,44.3,1.4,1002.3,,12.2,0,0
Gangavaram,discharge,2026-08-12,22.7,48.6,0.4,1003.5,,12.26,0,0
Gangavaram,discharge,2026-08-13,20.8,46.1,2.9,1003.8,,11.23,0,0
Gangavaram,discharge,2026-08-14,19.1,43.9,1.4,1003.1,,10.31,0,0
Gangavaram,discharge,2026-08-15,24.2,49.0,4.3,1002.9,,13.07,0,0
Gangavaram,discharge,2026-08-16,24.7,55.8,0.7,1003.3,,13.34,0,0
Gangavaram,discharge,2026-08-17,23.9,55.1,1.8,1005.3,,12.9,0,0
Gangavaram,discharge,2026-08-18,21.1,49.3,0.7,1005.4,,11.39,0,0
Gangavaram,discharge,2026-08-19,23.2,52.9,0.6,1004.8,,12.53,0,0
Gangavaram,discharge,2026-08-20,22.0,50.0,1.5,1004.2,,11.88,0,0
Gangavaram,discharge,2026-08-21,20.2,43.9,7.5,1003.2,,10.91,0,0
Gangavaram,discharge,2026-08-22,19.1,38.2,11.9,1003.4,,10.31,0,0
Gangavaram,discharge,2026-08-23,26.0,51.8,5.0,1003.0,,14.04,0,0
Gangavaram,discharge,2026-08-24,22.7,48.6,17.9,1002.9,,12.26,0,0
Gangavaram,discharge,2026-08-25,27.0,57.2,4.4,1004.2,,14.58,0,0
Gangavaram,discharge,2026-08-26,23.8,51.1,6.7,1004.1,,12.85,0,0
Gangavaram,discharge,2026-08-27,21.1,50.8,6.5,1003.9,,11.39,0,0
Gangavaram,discharge,2026-08-28,19.3,46.4,7.4,1003.7,,10.42,0,0
Gangavaram,discharge,2026-08-29,19.9,45.7,0.2,1002.7,,10.75,0,0
Gangavaram,discharge,2026-08-30,22.0,49.7,0.0,1003.2,,11.88,0,0
Gangavaram,discharge,2026-08-31,22.0,48.6,1.6,1003.2,,11.88,0,0
Gangavaram,discharge,2026-09-01,17.7,38.2,1.7,1004.8,,9.56,0,0
Gangavaram,discharge,2026-09-02,24.7,56.5,2.5,1005.7,,13.34,0,0
Gangavaram,discharge,2026-09-03,25.7,56.5,1.0,1005.9,,13.88,0,0
Gangavaram,discharge,2026-09-04,26.5,59.8,3.1,1007.5,,14.31,0,0
Gangavaram,discharge,2026-09-05,19.6,48.6,1.9,1008.5,,10.58,0,0
Gangavaram,discharge,2026-09-06,24.5,55.1,1.6,1008.8,,13.23,0,0
Gangavaram,discharge,2026-09-07,25.6,56.2,1.1,1007.6,,13.82,0,0
Gangavaram,discharge,2026-09-08,22.6,47.5,2.9,1006.7,,12.2,0,0
Gangavaram,discharge,2026-09-09,12.2,28.8,2.5,1005.5,,6.59,0,0
Gangavaram,discharge,2026-09-10,18.0,34.9,35.8,1004.6,,9.72,0,0
Gangavaram,discharge,2026-09-11,23.3,46.8,23.0,1004.3,,12.58,0,0
Gangavaram,discharge,2026-09-12,18.8,41.8,9.0,1008.1,,10.15,0,0
Gangavaram,discharge,2026-09-13,8.3,26.6,0.9,1011.0,,4.48,0,0
Gangavaram,discharge,2026-09-14,15.2,32.4,3.4,1011.3,,8.21,0,0
Gangavaram,discharge,2026-09-15,13.5,33.8,0.6,1010.2,,7.29,0,0
Gangavaram,discharge,2026-09-16,13.1,31.3,1.9,1009.4,,7.07,0,0
Gangavaram,discharge,2026-09-17,11.5,28.1,2.5,1008.3,,6.21,0,0
Gangavaram,discharge,2026-09-18,9.6,22.3,1.9,1007.9,,5.18,0,0
Gangavaram,discharge,2026-09-19,10.5,29.2,3.6,1008.8,,5.67,0,0
Gangavaram,discharge,2026-09-20,13.2,34.6,1.4,1008.7,,7.13,0,0
Gangavaram,discharge,2026-09-21,15.4,30.6,20.1,1005.9,,8.32,0,0
Gangavaram,discharge,2026-09-22,20.8,49.0,139.2,1000.7,,11.23,0,0
Gangavaram,discharge,2026-09-23,30.7,55.8,61.8,995.1,,16.58,0,0
Gangavaram,discharge,2026-09-24,46.3,86.4,74.2,994.8,,25.0,1,0
Gangavaram,discharge,2026-09-25,39.8,83.2,13.0,1001.2,,21.49,0,0
Gangavaram,discharge,2026-09-26,19.7,38.9,0.0,1005.8,,10.64,0,0
Gangavaram,discharge,2026-09-27,11.6,32.0,0.3,1007.3,,6.26,0,0
Gangavaram,discharge,2026-09-28,9.9,28.8,0.9,1008.7,,5.35,0,0
Gangavaram,discharge,2026-09-29,12.1,30.2,0.3,1010.3,,6.53,0,0
Gangavaram,discharge,2026-09-30,12.5,29.9,0.1,1010.9,,6.75,0,0
Gopalpur,discharge,2025-09-01,11.9,28.4,8.4,1000.3,,6.43,0,0
Gopalpur,discharge,2025-09-02,12.8,25.6,19.0,999.9,,6.91,0,0
Gopalpur,discharge,2025-09-03,16.0,29.9,6.6,1000.2,,8.64,0,0
Gopalpur,discharge,2025-09-04,14.5,30.2,0.8,1002.9,,7.83,0,0
Gopalpur,discharge,2025-09-05,8.3,21.6,3.7,1005.1,,4.48,0,0
Gopalpur,discharge,2025-09-06,12.2,26.6,2.7,1005.9,,6.59,0,0
Gopalpur,discharge,2025-09-07,9.6,22.0,18.8,1005.4,,5.18,0,0
Gopalpur,discharge,2025-09-08,10.9,25.2,2.0,1005.4,,5.89,0,0
Gopalpur,discharge,2025-09-09,15.5,31.0,0.7,1005.9,,8.37,0,0
Gopalpur,discharge,2025-09-10,17.3,34.9,6.4,1005.0,,9.34,0,0
Gopalpur,discharge,2025-09-11,11.3,28.4,11.7,1004.7,,6.1,0,0
Gopalpur,discharge,2025-09-12,15.7,32.8,14.2,1005.4,,8.48,0,0
Gopalpur,discharge,2025-09-13,17.9,33.5,2.7,1006.1,,9.67,0,0
Gopalpur,discharge,2025-09-14,19.6,37.4,4.0,1006.5,,10.58,0,0
Gopalpur,discharge,2025-09-15,22.7,42.5,2.8,1005.8,,12.26,0,0
Gopalpur,discharge,2025-09-16,23.6,44.3,1.4,1006.4,,12.74,0,0
Gopalpur,discharge,2025-09-17,24.4,45.7,0.3,1006.8,,13.17,0,0
Gopalpur,discharge,2025-09-18,21.2,40.3,0.0,1006.5,,11.45,0,0
Gopalpur,discharge,2025-09-19,13.7,28.4,1.6,1005.9,,7.4,0,0
Gopalpur,discharge,2025-09-20,10.0,24.8,8.8,1004.4,,5.4,0,0
Gopalpur,discharge,2025-09-21,11.1,24.1,13.4,1003.8,,5.99,0,0
Gopalpur,discharge,2025-09-22,12.0,26.6,8.9,1004.1,,6.48,0,0
Gopalpur,discharge,2025-09-23,10.1,24.5,9.1,1002.4,,5.45,0,0
Gopalpur,discharge,2025-09-24,10.7,26.3,6.4,999.8,,5.78,0,0
Gopalpur,discharge,2025-09-25,15.2,31.0,10.0,1000.5,,8.21,0,0
Gopalpur,discharge,2025-09-26,16.3,33.5,39.9,1000.2,,8.8,0,0
Gopalpur,discharge,2025-09-27,24.9,46.4,12.1,1003.4,,13.44,0,0
Gopalpur,discharge,2025-09-28,11.4,26.3,0.9,1004.8,,6.16,0,0
Gopalpur,discharge,2025-09-29,10.2,22.7,2.4,1003.9,,5.51,0,0
Gopalpur,discharge,2025-09-30,11.0,28.4,0.5,1002.5,,5.94,0,0
Gopalpur,discharge,2025-10-01,29.7,50.0,22.6,1000.9,,16.04,0,0
Gopalpur,discharge,2025-10-02,40.0,67.7,52.0,999.1,,21.6,1,0
Gopalpur,discharge,2025-10-03,27.6,49.7,0.6,1005.3,,14.9,0,0
Gopalpur,discharge,2025-10-04,26.1,46.8,0.5,1007.3,,14.09,0,0
Gopalpur,discharge,2025-10-05,19.2,36.4,7.9,1008.2,,10.37,0,0
Gopalpur,discharge,2025-10-06,15.1,24.8,7.1,1009.0,,8.15,0,0
Gopalpur,discharge,2025-10-07,9.4,20.5,1.3,1009.1,,5.08,0,0
Gopalpur,discharge,2025-10-08,10.6,22.7,2.1,1009.6,,5.72,0,0
Gopalpur,discharge,2025-10-09,8.9,22.0,4.0,1009.7,,4.81,0,0
Gopalpur,discharge,2025-10-10,12.1,22.0,6.5,1009.1,,6.53,0,0
Gopalpur,discharge,2025-10-11,12.5,26.6,10.4,1009.2,,6.75,0,0
Gopalpur,discharge,2025-10-12,15.6,30.6,18.2,1009.4,,8.42,0,0
Gopalpur,discharge,2025-10-13,12.3,25.2,6.6,1010.2,,6.64,0,0
Gopalpur,discharge,2025-10-14,13.3,25.6,0.5,1009.1,,7.18,0,0
Gopalpur,discharge,2025-10-15,15.7,30.2,0.0,1009.1,,8.48,0,0
Gopalpur,discharge,2025-10-16,12.4,24.8,0.1,1009.7,,6.7,0,0
Gopalpur,discharge,2025-10-17,14.5,27.4,0.0,1010.8,,7.83,0,0
Gopalpur,discharge,2025-10-18,17.1,31.3,5.0,1009.9,,9.23,0,0
Gopalpur,discharge,2025-10-19,12.8,26.3,22.2,1009.5,,6.91,0,0
Gopalpur,discharge,2025-10-20,14.1,27.7,6.1,1010.0,,7.61,0,0
Gopalpur,discharge,2025-10-21,18.6,33.8,0.9,1010.6,,10.04,0,0
Gopalpur,discharge,2025-10-22,17.6,35.3,2.0,1010.7,,9.5,0,0
Gopalpur,discharge,2025-10-23,13.6,29.2,3.5,1010.6,,7.34,0,0
Gopalpur,discharge,2025-10-24,16.9,40.0,3.9,1010.2,,9.13,0,0
Gopalpur,discharge,2025-10-25,12.3,24.5,2.8,1010.1,,6.64,0,0
Gopalpur,discharge,2025-10-26,16.3,32.0,2.9,1010.0,,8.8,0,0
Gopalpur,discharge,2025-10-27,25.7,46.8,34.4,1009.2,,13.88,0,0
Gopalpur,discharge,2025-10-28,27.6,50.8,67.5,1007.3,,14.9,0,0
Gopalpur,discharge,2025-10-29,27.4,50.8,19.8,1007.6,,14.79,0,0
Gopalpur,discharge,2025-10-30,23.8,51.5,1.4,1009.4,,12.85,0,0
Gopalpur,discharge,2025-10-31,21.4,39.2,0.0,1009.2,,11.56,0,0
Gopalpur,discharge,2025-11-01,11.1,23.8,0.4,1008.9,,5.99,0,0
Gopalpur,discharge,2025-11-02,14.4,26.3,0.9,1009.2,,7.78,0,0
Gopalpur,discharge,2025-11-03,12.5,23.4,0.0,1009.1,,6.75,0,0
Gopalpur,discharge,2025-11-04,9.3,16.9,0.0,1008.8,,5.02,0,0
Gopalpur,discharge,2025-11-05,10.0,16.9,0.0,1008.3,,5.4,0,0
Gopalpur,discharge,2025-11-06,10.0,18.4,0.0,1009.6,,5.4,0,0
Gopalpur,discharge,2025-11-07,14.8,29.2,0.0,1011.3,,7.99,0,0
Gopalpur,discharge,2025-11-08,12.4,21.6,0.0,1012.0,,6.7,0,0
Gopalpur,discharge,2025-11-09,12.0,23.4,0.0,1011.6,,6.48,0,0
Gopalpur,discharge,2025-11-10,13.5,27.4,0.0,1012.3,,7.29,0,0
Gopalpur,discharge,2025-11-11,16.0,29.2,0.0,1012.9,,8.64,0,0
Gopalpur,discharge,2025-11-12,13.4,26.6,0.0,1014.0,,7.24,0,0
Gopalpur,discharge,2025-11-13,13.9,28.4,0.0,1015.0,,7.51,0,0
Gopalpur,discharge,2025-11-14,14.1,27.0,0.0,1014.7,,7.61,0,0
Gopalpur,discharge,2025-11-15,14.1,28.8,0.0,1016.0,,7.61,0,0
Gopalpur,discharge,2025-11-16,14.6,30.2,0.0,1016.6,,7.88,0,0
Gopalpur,discharge,2025-11-17,15.8,31.3,0.0,1016.1,,8.53,0,0
Gopalpur,discharge,2025-11-18,11.8,22.7,0.0,1014.1,,6.37,0,0
Gopalpur,discharge,2025-11-19,17.1,31.7,0.0,1014.3,,9.23,0,0
Gopalpur,discharge,2025-11-20,19.4,35.6,0.0,1015.0,,10.48,0,0
Gopalpur,discharge,2025-11-21,17.8,34.2,0.6,1016.0,,9.61,0,0
Gopalpur,discharge,2025-11-22,19.0,37.4,0.1,1015.1,,10.26,0,0
Gopalpur,discharge,2025-11-23,16.5,32.4,0.4,1015.2,,8.91,0,0
Gopalpur,discharge,2025-11-24,18.4,36.0,0.0,1015.9,,9.94,0,0
Gopalpur,discharge,2025-11-25,18.2,34.6,0.0,1015.1,,9.83,0,0
Gopalpur,discharge,2025-11-26,18.7,36.7,0.0,1016.1,,10.1,0,0
Gopalpur,discharge,2025-11-27,16.8,32.0,0.0,1015.9,,9.07,0,0
Gopalpur,discharge,2025-11-28,17.7,33.1,0.3,1014.2,,9.56,0,0
Gopalpur,discharge,2025-11-29,18.6,36.0,0.0,1013.3,,10.04,0,0
Gopalpur,discharge,2025-11-30,17.3,33.5,1.1,1013.5,,9.34,0,0
Gopalpur,discharge,2025-12-01,18.0,34.2,0.5,1013.6,,9.72,0,0
Gopalpur,discharge,2025-12-02,15.0,29.9,0.0,1013.5,,8.1,0,0
Gopalpur,discharge,2025-12-03,17.9,33.5,0.0,1015.3,,9.67,0,0
Gopalpur,discharge,2025-12-04,17.8,32.8,0.0,1016.4,,9.61,0,0
Gopalpur,discharge,2025-12-05,19.0,37.4,0.0,1017.2,,10.26,0,0
Gopalpur,discharge,2025-12-06,13.3,27.4,0.0,1017.1,,7.18,0,0
Gopalpur,discharge,2025-12-07,12.4,24.8,0.0,1016.7,,6.7,0,0
Gopalpur,discharge,2025-12-08,14.5,28.8,0.0,1015.9,,7.83,0,0
Gopalpur,discharge,2025-12-09,14.8,29.5,0.0,1015.5,,7.99,0,0
Gopalpur,discharge,2025-12-10,13.5,28.1,0.0,1016.1,,7.29,0,0
Gopalpur,discharge,2025-12-11,14.7,28.8,0.0,1015.1,,7.94,0,0
Gopalpur,discharge,2025-12-12,14.2,26.6,0.0,1014.6,,7.67,0,0
Gopalpur,discharge,2025-12-13,17.8,34.2,0.0,1015.1,,9.61,0,0
Gopalpur,discharge,2025-12-14,16.9,31.7,0.0,1015.6,,9.13,0,0
Gopalpur,discharge,2025-12-15,15.5,29.2,0.0,1015.8,,8.37,0,0
Gopalpur,discharge,2025-12-16,14.7,29.5,0.0,1015.7,,7.94,0,0
Gopalpur,discharge,2025-12-17,14.0,28.8,0.0,1016.0,,7.56,0,0
Gopalpur,discharge,2025-12-18,15.7,29.5,0.0,1015.4,,8.48,0,0
Gopalpur,discharge,2025-12-19,15.0,28.4,0.0,1013.6,,8.1,0,0
Gopalpur,discharge,2025-12-20,15.4,31.3,0.0,1013.6,,8.32,0,0
Gopalpur,discharge,2025-12-21,15.6,29.5,0.0,1015.1,,8.42,0,0
Gopalpur,discharge,2025-12-22,14.0,29.5,0.0,1014.4,,7.56,0,0
Gopalpur,discharge,2025-12-23,16.2,31.7,0.0,1013.6,,8.75,0,0
Gopalpur,discharge,2025-12-24,15.9,31.7,0.0,1013.9,,8.59,0,0
Gopalpur,discharge,2025-12-25,17.8,35.6,0.0,1015.0,,9.61,0,0
Gopalpur,discharge,2025-12-26,19.0,37.1,0.3,1014.7,,10.26,0,0
Gopalpur,discharge,2025-12-27,16.1,32.4,0.0,1015.0,,8.69,0,0
Gopalpur,discharge,2025-12-28,15.4,32.0,0.0,1015.4,,8.32,0,0
Gopalpur,discharge,2025-12-29,15.9,32.4,0.0,1015.2,,8.59,0,0
Gopalpur,discharge,2025-12-30,16.4,33.8,0.0,1013.8,,8.86,0,0
Gopalpur,discharge,2025-12-31,18.7,37.4,0.0,1012.4,,10.1,0,0
Gopalpur,discharge,2026-01-01,17.4,33.1,0.1,1013.6,,9.4,0,0
Gopalpur,discharge,2026-01-02,16.5,32.0,0.1,1015.5,,8.91,0,0
Gopalpur,discharge,2026-01-03,14.8,29.2,0.0,1016.1,,7.99,0,0
Gopalpur,discharge,2026-01-04,14.0,30.2,0.5,1016.9,,7.56,0,0
Gopalpur,discharge,2026-01-05,20.1,38.9,0.3,1017.5,,10.85,0,0
Gopalpur,discharge,2026-01-06,17.0,33.5,0.0,1018.5,,9.18,0,0
Gopalpur,discharge,2026-01-07,16.9,32.4,0.0,1018.9,,9.13,0,0
Gopalpur,discharge,2026-01-08,19.1,35.3,0.0,1018.8,,10.31,0,0
Gopalpur,discharge,2026-01-09,18.9,35.3,0.0,1017.7,,10.21,0,0
Gopalpur,discharge,2026-01-10,13.6,26.3,0.0,1017.4,,7.34,0,0
Gopalpur,discharge,2026-01-11,13.2,28.4,0.0,1018.5,,7.13,0,0
Gopalpur,discharge,2026-01-12,19.5,37.8,0.0,1019.2,,10.53,0,0
Gopalpur,discharge,2026-01-13,17.4,34.2,0.0,1017.0,,9.4,0,0
Gopalpur,discharge,2026-01-14,16.6,32.0,0.0,1015.1,,8.96,0,0
Gopalpur,discharge,2026-01-15,21.2,40.7,0.0,1014.7,,11.45,0,0
Gopalpur,discharge,2026-01-16,17.1,34.9,0.0,1014.6,,9.23,0,0
Gopalpur,discharge,2026-01-17,16.1,33.5,0.0,1012.9,,8.69,0,0
Gopalpur,discharge,2026-01-18,15.2,32.0,0.0,1012.5,,8.21,0,0
Gopalpur,discharge,2026-01-19,15.4,32.4,0.0,1013.5,,8.32,0,0
Gopalpur,discharge,2026-01-20,13.7,29.9,0.0,1014.4,,7.4,0,0
Gopalpur,discharge,2026-01-21,12.6,27.7,0.0,1015.6,,6.8,0,0
Gopalpur,discharge,2026-01-22,18.2,35.6,0.0,1016.3,,9.83,0,0
Gopalpur,discharge,2026-01-23,16.1,33.1,0.0,1017.8,,8.69,0,0
Gopalpur,discharge,2026-01-24,21.7,41.0,0.0,1017.5,,11.72,0,0
Gopalpur,discharge,2026-01-25,17.2,34.2,0.0,1016.5,,9.29,0,0
Gopalpur,discharge,2026-01-26,14.0,30.6,0.0,1018.0,,7.56,0,0
Gopalpur,discharge,2026-01-27,16.3,33.8,0.0,1017.7,,8.8,0,0
Gopalpur,discharge,2026-01-28,14.9,32.0,0.0,1016.3,,8.05,0,0
Gopalpur,discharge,2026-01-29,17.1,32.0,0.0,1016.3,,9.23,0,0
Gopalpur,discharge,2026-01-30,18.7,36.0,0.0,1017.2,,10.1,0,0
Gopalpur,discharge,2026-01-31,17.0,33.8,0.2,1017.3,,9.18,0,0
Gopalpur,discharge,2026-02-01,17.8,35.3,0.0,1017.5,,9.61,0,0
Gopalpur,discharge,2026-02-02,19.3,38.9,0.0,1017.0,,10.42,0,0
Gopalpur,discharge,2026-02-03,17.3,35.3,0.0,1017.8,,9.34,0,0
Gopalpur,discharge,2026-02-04,17.2,34.9,0.0,1017.7,,9.29,0,0
Gopalpur,discharge,2026-02-05,17.4,33.5,0.0,1017.6,,9.4,0,0
Gopalpur,discharge,2026-02-06,19.5,38.9,0.0,1016.2,,10.53,0,0
Gopalpur,discharge,2026-02-07,22.2,43.2,0.0,1014.7,,11.99,0,0
Gopalpur,discharge,2026-02-08,21.2,41.4,0.0,1014.5,,11.45,0,0
Gopalpur,discharge,2026-02-09,19.1,38.9,0.0,1014.7,,10.31,0,0
Gopalpur,discharge,2026-02-10,17.9,36.0,0.0,1016.0,,9.67,0,0
Gopalpur,discharge,2026-02-11,17.6,36.7,0.0,1017.0,,9.5,0,0
Gopalpur,discharge,2026-02-12,17.6,36.4,0.0,1015.5,,9.5,0,0
Gopalpur,discharge,2026-02-13,18.3,36.7,0.0,1014.7,,9.88,0,0
Gopalpur,discharge,2026-02-14,19.8,40.0,0.0,1013.3,,10.69,0,0
Gopalpur,discharge,2026-02-15,19.3,39.2,0.0,1012.7,,10.42,0,0
Gopalpur,discharge,2026-02-16,16.7,35.6,0.0,1013.1,,9.02,0,0
Gopalpur,discharge,2026-02-17,20.9,41.8,0.0,1013.5,,11.29,0,0
Gopalpur,discharge,2026-02-18,17.6,35.6,0.0,1013.6,,9.5,0,0
Gopalpur,discharge,2026-02-19,15.5,32.4,0.0,1014.9,,8.37,0,0
Gopalpur,discharge,2026-02-20,18.5,37.4,0.0,1014.7,,9.99,0,0
Gopalpur,discharge,2026-02-21,18.5,37.4,0.0,1011.1,,9.99,0,0
Gopalpur,discharge,2026-02-22,20.7,40.3,0.0,1009.1,,11.18,0,0
Gopalpur,discharge,2026-02-23,20.1,38.5,0.0,1009.2,,10.85,0,0
Gopalpur,discharge,2026-02-24,16.6,35.6,4.2,1010.8,,8.96,0,0
Gopalpur,discharge,2026-02-25,15.8,35.6,2.3,1011.6,,8.53,0,0
Gopalpur,discharge,2026-02-26,22.4,44.3,0.0,1009.8,,12.1,0,0
Gopalpur,discharge,2026-02-27,20.2,39.6,0.0,1008.1,,10.91,0,0
Gopalpur,discharge,2026-02-28,24.3,47.2,0.0,1008.1,,13.12,0,0
Gopalpur,discharge,2026-03-01,28.1,51.5,0.0,1008.2,,15.17,0,0
Gopalpur,discharge,2026-03-02,25.4,47.2,0.0,1009.5,,13.71,0,0
Gopalpur,discharge,2026-03-03,20.9,41.0,0.0,1011.3,,11.29,0,0
Gopalpur,discharge,2026-03-04,21.9,42.8,0.0,1010.3,,11.83,0,0
Gopalpur,discharge,2026-03-05,22.0,42.1,0.0,1007.9,,11.88,0,0
Gopalpur,discharge,2026-03-06,22.1,43.9,0.0,1008.7,,11.93,0,0
Gopalpur,discharge,2026-03-07,25.9,49.7,0.2,1010.7,,13.98,0,0
Gopalpur,discharge,2026-03-08,24.7,47.9,0.0,1011.4,,13.34,0,0
Gopalpur,discharge,2026-03-09,26.5,49.3,0.0,1012.5,,14.31,0,0
Gopalpur,discharge,2026-03-10,26.4,50.8,0.0,1012.7,,14.25,0,0
Gopalpur,discharge,2026-03-11,29.4,53.3,0.0,1010.3,,15.87,0,0
Gopalpur,discharge,2026-03-12,24.3,44.3,0.0,1008.5,,13.12,0,0
Gopalpur,discharge,2026-03-13,28.7,51.1,0.0,1008.7,,15.5,0,0
Gopalpur,discharge,2026-03-14,30.4,56.5,0.0,1010.4,,16.41,0,0
Gopalpur,discharge,2026-03-15,35.3,65.5,0.0,1010.6,,19.06,0,0
Gopalpur,discharge,2026-03-16,27.4,54.0,2.0,1010.2,,14.79,0,0
Gopalpur,discharge,2026-03-17,25.8,49.7,0.0,1010.5,,13.93,0,0
Gopalpur,discharge,2026-03-18,22.7,46.4,0.0,1011.1,,12.26,0,0
Gopalpur,discharge,2026-03-19,22.8,43.2,0.0,1011.0,,12.31,0,0
Gopalpur,discharge,2026-03-20,28.8,58.7,1.0,1009.6,,15.55,0,0
Gopalpur,discharge,2026-03-21,18.7,39.6,0.0,1011.2,,10.1,0,0
Gopalpur,discharge,2026-03-22,17.9,41.0,0.4,1011.5,,9.67,0,0
Gopalpur,discharge,2026-03-23,23.5,44.6,0.0,1011.2,,12.69,0,0
Gopalpur,discharge,2026-03-24,25.0,47.9,0.0,1009.7,,13.5,0,0
Gopalpur,discharge,2026-03-25,28.1,54.4,0.0,1009.7,,15.17,0,0
Gopalpur,discharge,2026-03-26,19.0,36.7,0.0,1010.0,,10.26,0,0
Gopalpur,discharge,2026-03-27,24.9,44.3,0.0,1007.6,,13.44,0,0
Gopalpur,discharge,2026-03-28,31.3,55.8,0.0,1005.6,,16.9,0,0
Gopalpur,discharge,2026-03-29,30.5,56.9,0.0,1006.5,,16.47,0,0
Gopalpur,discharge,2026-03-30,32.7,60.5,0.0,1007.7,,17.66,0,0
Gopalpur,discharge,2026-03-31,18.9,41.8,0.3,1009.6,,10.21,0,0
Gopalpur,discharge,2026-04-01,22.9,47.2,0.0,1009.8,,12.37,0,0
Gopalpur,discharge,2026-04-02,27.9,53.3,0.0,1009.5,,15.06,0,0
Gopalpur,discharge,2026-04-03,23.1,44.3,0.0,1008.5,,12.47,0,0
Gopalpur,discharge,2026-04-04,22.7,45.0,0.0,1007.2,,12.26,0,0
Gopalpur,discharge,2026-04-05,17.2,41.4,6.0,1008.1,,9.29,0,0
Gopalpur,discharge,2026-04-06,22.9,43.2,0.3,1009.1,,12.37,0,0
Gopalpur,discharge,2026-04-07,25.7,43.2,6.1,1008.5,,13.88,0,0
Gopalpur,discharge,2026-04-08,28.4,52.6,0.1,1007.8,,15.33,0,0
Gopalpur,discharge,2026-04-09,28.9,58.0,0.5,1008.8,,15.6,0,0
Gopalpur,discharge,2026-04-10,16.7,34.9,0.7,1010.2,,9.02,0,0
Gopalpur,discharge,2026-04-11,23.8,46.1,0.0,1009.2,,12.85,0,0
Gopalpur,discharge,2026-04-12,26.2,47.2,0.0,1007.8,,14.15,0,0
Gopalpur,discharge,2026-04-13,32.9,57.2,0.0,1007.7,,17.76,0,0
Gopalpur,discharge,2026-04-14,30.4,54.4,0.0,1006.8,,16.41,0,0
Gopalpur,discharge,2026-04-15,31.0,56.5,0.0,1005.3,,16.74,0,0
Gopalpur,discharge,2026-04-16,33.2,61.2,0.0,1005.8,,17.93,0,0
Gopalpur,discharge,2026-04-17,27.0,51.1,0.0,1007.1,,14.58,0,0
Gopalpur,discharge,2026-04-18,26.3,50.0,0.0,1006.8,,14.2,0,0
Gopalpur,discharge,2026-04-19,28.2,52.9,0.0,1006.0,,15.23,0,0
Gopalpur,discharge,2026-04-20,28.3,51.5,0.0,1005.3,,15.28,0,0
Gopalpur,discharge,2026-04-21,28.6,52.6,0.0,1004.8,,15.44,0,0
Gopalpur,discharge,2026-04-22,25.4,47.5,0.0,1004.7,,13.71,0,0
Gopalpur,discharge,2026-04-23,22.9,40.0,0.0,1004.7,,12.37,0,0
Gopalpur,discharge,2026-04-24,23.8,41.8,0.0,1005.7,,12.85,0,0
Gopalpur,discharge,2026-04-25,26.3,47.5,0.0,1007.0,,14.2,0,0
Gopalpur,discharge,2026-04-26,34.2,59.4,0.0,1004.9,,18.47,0,0
Gopalpur,discharge,2026-04-27,36.4,64.1,0.0,1003.5,,19.65,0,0
Gopalpur,discharge,2026-04-28,34.6,62.3,0.2,1004.1,,18.68,0,0
Gopalpur,discharge,2026-04-29,37.6,66.6,0.0,1004.5,,20.3,0,0
Gopalpur,discharge,2026-04-30,35.0,62.6,0.3,1006.2,,18.9,0,0
Gopalpur,discharge,2026-05-01,34.9,64.4,0.4,1005.2,,18.84,0,0
Gopalpur,discharge,2026-05-02,32.6,59.8,0.0,1004.0,,17.6,0,0
Gopalpur,discharge,2026-05-03,19.8,38.9,0.1,1006.0,,10.69,0,0
Gopalpur,discharge,2026-05-04,22.8,45.0,2.4,1007.4,,12.31,0,0
Gopalpur,discharge,2026-05-05,18.1,37.8,2.8,1008.7,,9.77,0,0
Gopalpur,discharge,2026-05-06,19.7,40.0,0.1,1007.4,,10.64,0,0
Gopalpur,discharge,2026-05-07,24.1,46.4,1.5,1008.3,,13.01,0,0
Gopalpur,discharge,2026-05-08,18.0,35.6,0.7,1009.0,,9.72,0,0
Gopalpur,discharge,2026-05-09,18.1,37.1,0.0,1008.8,,9.77,0,0
Gopalpur,discharge,2026-05-10,18.4,37.8,1.4,1007.9,,9.94,0,0
Gopalpur,discharge,2026-05-11,17.0,36.0,0.0,1007.6,,9.18,0,0
Gopalpur,discharge,2026-05-12,16.8,36.7,0.0,1006.1,,9.07,0,0
Gopalpur,discharge,2026-05-13,20.9,41.8,0.0,1004.2,,11.29,0,0
Gopalpur,discharge,2026-05-14,23.4,46.1,0.0,1003.4,,12.63,0,0
Gopalpur,discharge,2026-05-15,26.2,45.7,0.0,1003.1,,14.15,0,0
Gopalpur,discharge,2026-05-16,27.6,52.9,0.0,1003.8,,14.9,0,0
Gopalpur,discharge,2026-05-17,29.8,54.7,0.0,1003.5,,16.09,0,0
Gopalpur,discharge,2026-05-18,31.6,58.3,0.0,1002.8,,17.06,0,0
Gopalpur,discharge,2026-05-19,30.5,55.8,0.1,1001.8,,16.47,0,0
Gopalpur,discharge,2026-05-20,29.4,54.4,0.0,1000.5,,15.87,0,0
Gopalpur,discharge,2026-05-21,20.0,41.0,0.2,1001.3,,10.8,0,0
Gopalpur,discharge,2026-05-22,25.9,49.7,0.2,1003.0,,13.98,0,0
Gopalpur,discharge,2026-05-23,20.9,39.2,0.0,1003.3,,11.29,0,0
Gopalpur,discharge,2026-05-24,25.6,50.4,0.0,1003.9,,13.82,0,0
Gopalpur,discharge,2026-05-25,26.5,49.3,0.0,1004.1,,14.31,0,0
Gopalpur,discharge,2026-05-26,24.5,45.4,0.7,1003.7,,13.23,0,0
Gopalpur,discharge,2026-05-27,26.4,50.4,0.0,1004.4,,14.25,0,0
Gopalpur,discharge,2026-05-28,31.7,58.7,0.0,1004.5,,17.12,0,0
Gopalpur,discharge,2026-05-29,20.5,41.0,0.1,1004.6,,11.07,0,0
Gopalpur,discharge,2026-05-30,24.2,47.2,5.8,1005.3,,13.07,0,0
Gopalpur,discharge,2026-05-31,19.5,41.4,0.0,1005.9,,10.53,0,0
Gopalpur,discharge,2026-06-01,20.8,42.8,0.0,1006.3,,11.23,0,0
Gopalpur,discharge,2026-06-02,21.2,40.7,0.1,1005.1,,11.45,0,0
Gopalpur,discharge,2026-06-03,23.2,45.7,0.8,1002.5,,12.53,0,0
Gopalpur,discharge,2026-06-04,20.0,43.9,1.3,1001.4,,10.8,0,0
Gopalpur,discharge,2026-06-05,18.2,36.7,0.7,1000.8,,9.83,0,0
Gopalpur,discharge,2026-06-06,23.0,43.6,2.7,1001.6,,12.42,0,0
Gopalpur,discharge,2026-06-07,23.3,45.7,0.0,1001.9,,12.58,0,0
Gopalpur,discharge,2026-06-08,23.2,43.2,0.4,1001.4,,12.53,0,0
Gopalpur,discharge,2026-06-09,23.3,48.2,0.0,1000.7,,12.58,0,0
Gopalpur,discharge,2026-06-10,26.0,48.6,6.4,1001.0,,14.04,0,0
Gopalpur,discharge,2026-06-11,19.6,47.5,5.7,1002.6,,10.58,0,0
Gopalpur,discharge,2026-06-12,18.7,37.8,3.4,1004.7,,10.1,0,0
Gopalpur,discharge,2026-06-13,18.8,38.2,8.5,1003.9,,10.15,0,0
Gopalpur,discharge,2026-06-14,20.8,39.6,3.2,1002.5,,11.23,0,0
Gopalpur,discharge,2026-06-15,14.0,28.1,1.0,1003.0,,7.56,0,0
Gopalpur,discharge,2026-06-16,21.7,41.8,0.0,1004.1,,11.72,0,0
Gopalpur,discharge,2026-06-17,25.1,45.7,1.9,1004.3,,13.55,0,0
Gopalpur,discharge,2026-06-18,27.9,49.0,0.7,1004.0,,15.06,0,0
Gopalpur,discharge,2026-06-19,26.6,49.0,0.4,1004.8,,14.36,0,0
Gopalpur,discharge,2026-06-20,22.5,41.0,15.0,1004.7,,12.15,0,0
Gopalpur,discharge,2026-06-21,21.2,50.0,4.1,1003.9,,11.45,0,0
Gopalpur,discharge,2026-06-22,22.4,40.3,1.3,1004.0,,12.1,0,0
Gopalpur,discharge,2026-06-23,19.5,34.6,3.9,1002.9,,10.53,0,0
Gopalpur,discharge,2026-06-24,15.1,28.8,0.5,1002.7,,8.15,0,0
Gopalpur,discharge,2026-06-25,9.7,20.5,4.3,1003.0,,5.24,0,0
Gopalpur,discharge,2026-06-26,17.6,37.1,0.1,1003.4,,9.5,0,0
Gopalpur,discharge,2026-06-27,24.0,46.4,0.3,1003.0,,12.96,0,0
Gopalpur,discharge,2026-06-28,26.0,49.3,3.3,1002.4,,14.04,0,0
Gopalpur,discharge,2026-06-29,25.1,46.1,0.3,1001.6,,13.55,0,0
Gopalpur,discharge,2026-06-30,15.4,29.5,7.0,1001.6,,8.32,0,0
Gopalpur,discharge,2026-07-01,15.6,33.8,6.4,1000.3,,8.42,0,0
Gopalpur,discharge,2026-07-02,13.7,29.2,19.2,999.3,,7.4,0,0
Gopalpur,discharge,2026-07-03,21.8,44.6,79.4,998.1,,11.77,0,0
Gopalpur,discharge,2026-07-04,21.1,40.7,92.1,995.1,,11.39,0,0
Gopalpur,discharge,2026-07-05,27.3,52.2,48.5,995.9,,14.74,0,0
Gopalpur,discharge,2026-07-06,29.5,49.0,0.8,999.2,,15.93,0,0
Gopalpur,discharge,2026-07-07,35.4,61.9,0.0,1001.9,,19.11,0,0
Gopalpur,discharge,2026-07-08,33.5,56.9,0.2,1002.2,,18.09,0,0
Gopalpur,discharge,2026-07-09,28.9,52.6,0.0,1003.1,,15.6,0,0
Gopalpur,discharge,2026-07-10,20.7,39.6,6.2,1003.4,,11.18,0,0
Gopalpur,discharge,2026-07-11,20.5,37.1,1.2,1001.2,,11.07,0,0
Gopalpur,discharge,2026-07-12,20.5,36.7,2.1,999.7,,11.07,0,0
Gopalpur,discharge,2026-07-13,16.8,29.2,0.6,1000.0,,9.07,0,0
Gopalpur,discharge,2026-07-14,14.9,28.1,6.9,1000.7,,8.05,0,0
Gopalpur,discharge,2026-07-15,14.1,22.7,38.6,1001.6,,7.61,0,0
Gopalpur,discharge,2026-07-16,21.0,42.5,56.4,1001.9,,11.34,0,0
Gopalpur,discharge,2026-07-17,24.0,45.7,7.9,1002.6,,12.96,0,0
Gopalpur,discharge,2026-07-18,18.3,34.6,14.3,1002.6,,9.88,0,0
Gopalpur,discharge,2026-07-19,16.8,32.8,6.2,1002.8,,9.07,0,0
Gopalpur,discharge,2026-07-20,20.7,33.5,12.2,1002.8,,11.18,0,0
Gopalpur,discharge,2026-07-21,12.7,37.1,40.3,1002.5,,6.86,0,0
Gopalpur,discharge,2026-07-22,21.0,35.3,5.8,1003.9,,11.34,0,0
Gopalpur,discharge,2026-07-23,28.0,50.8,1.3,1003.5,,15.12,0,0
Gopalpur,discharge,2026-07-24,21.4,42.1,6.1,1002.3,,11.56,0,0
Gopalpur,discharge,2026-07-25,16.3,32.0,23.7,1000.9,,8.8,0,0
Gopalpur,discharge,2026-07-26,10.9,24.5,17.1,999.4,,5.89,0,0
Gopalpur,discharge,2026-07-27,16.0,31.0,6.5,998.1,,8.64,0,0
Gopalpur,discharge,2026-07-28,30.0,50.0,9.1,996.7,,16.2,0,0
Gopalpur,discharge,2026-07-29,31.2,53.3,2.8,995.9,,16.85,0,0
Gopalpur,discharge,2026-07-30,35.9,65.5,0.0,997.6,,19.38,0,0
Gopalpur,discharge,2026-07-31,29.6,54.0,0.0,1000.8,,15.98,0,0
Gopalpur,discharge,2026-08-01,28.6,53.3,3.8,1001.8,,15.44,0,0
Gopalpur,discharge,2026-08-02,14.9,33.8,5.9,1002.5,,8.05,0,0
Gopalpur,discharge,2026-08-03,13.5,27.7,10.6,1003.4,,7.29,0,0
Gopalpur,discharge,2026-08-04,11.6,27.4,7.1,1003.2,,6.26,0,0
Gopalpur,discharge,2026-08-05,13.5,26.6,13.2,1001.8,,7.29,0,0
Gopalpur,discharge,2026-08-06,9.3,23.8,41.7,1001.6,,5.02,0,0
Gopalpur,discharge,2026-08-07,11.2,31.7,5.5,1000.2,,6.05,0,0
Gopalpur,discharge,2026-08-08,17.6,33.5,3.6,1000.6,,9.5,0,0
Gopalpur,discharge,2026-08-09,16.4,31.0,7.6,1001.7,,8.86,0,0
Gopalpur,discharge,2026-08-10,15.7,29.5,13.9,1001.6,,8.48,0,0
Gopalpur,discharge,2026-08-11,16.1,26.3,3.7,1001.2,,8.69,0,0
Gopalpur,discharge,2026-08-12,14.5,27.7,25.5,1002.6,,7.83,0,0
Gopalpur,discharge,2026-08-13,15.2,36.0,10.1,1002.3,,8.21,0,0
Gopalpur,discharge,2026-08-14,17.1,29.5,4.1,1001.5,,9.23,0,0
Gopalpur,discharge,2026-08-15,20.8,45.4,16.2,1000.7,,11.23,0,0
Gopalpur,discharge,2026-08-16,17.8,34.2,6.6,1001.3,,9.61,0,0
Gopalpur,discharge,2026-08-17,18.7,47.5,12.0,1003.8,,10.1,0,0
Gopalpur,discharge,2026-08-18,15.5,26.3,8.4,1004.3,,8.37,0,0
Gopalpur,discharge,2026-08-19,18.3,40.3,11.7,1003.8,,9.88,0,0
Gopalpur,discharge,2026-08-20,17.1,34.6,1.7,1003.4,,9.23,0,0
Gopalpur,discharge,2026-08-21,16.5,32.0,11.3,1002.4,,8.91,0,0
Gopalpur,discharge,2026-08-22,16.1,32.4,54.2,1002.0,,8.69,0,0
Gopalpur,discharge,2026-08-23,14.3,25.6,21.7,1001.5,,7.72,0,0
Gopalpur,discharge,2026-08-24,17.8,35.6,5.8,1001.2,,9.61,0,0
Gopalpur,discharge,2026-08-25,19.8,37.1,2.5,1002.6,,10.69,0,0
Gopalpur,discharge,2026-08-26,15.3,32.8,12.7,1002.9,,8.26,0,0
Gopalpur,discharge,2026-08-27,13.3,32.8,6.9,1002.3,,7.18,0,0
Gopalpur,discharge,2026-08-28,12.5,30.2,13.0,1002.1,,6.75,0,0
Gopalpur,discharge,2026-08-29,16.4,31.3,11.8,1001.3,,8.86,0,0
Gopalpur,discharge,2026-08-30,11.3,22.3,14.1,1001.3,,6.1,0,0
Gopalpur,discharge,2026-08-31,15.1,31.0,14.4,1001.3,,8.15,0,0
Gopalpur,discharge,2026-09-01,15.0,33.8,2.5,1003.7,,8.1,0,0
Gopalpur,discharge,2026-09-02,19.9,32.8,1.0,1004.7,,10.75,0,0
Gopalpur,discharge,2026-09-03,21.0,40.7,3.0,1004.9,,11.34,0,0
Gopalpur,discharge,2026-09-04,11.6,24.1,1.8,1006.8,,6.26,0,0
Gopalpur,discharge,2026-09-05,13.5,24.5,1.0,1007.8,,7.29,0,0
Gopalpur,discharge,2026-09-06,16.7,31.0,1.9,1008.1,,9.02,0,0
Gopalpur,discharge,2026-09-07,14.4,29.5,0.7,1007.0,,7.78,0,0
Gopalpur,discharge,2026-09-08,12.8,23.0,4.0,1005.9,,6.91,0,0
Gopalpur,discharge,2026-09-09,18.3,33.8,18.0,1005.0,,9.88,0,0
Gopalpur,discharge,2026-09-10,12.3,27.7,43.7,1004.0,,6.64,0,0
Gopalpur,discharge,2026-09-11,21.3,42.1,33.3,1003.5,,11.5,0,0
Gopalpur,discharge,2026-09-12,29.0,60.5,14.4,1007.9,,15.66,0,0
Gopalpur,discharge,2026-09-13,13.4,31.7,1.9,1010.9,,7.24,0,0
Gopalpur,discharge,2026-09-14,11.4,23.8,0.6,1010.8,,6.16,0,0
Gopalpur,discharge,2026-09-15,11.2,25.6,2.6,1009.7,,6.05,0,0
Gopalpur,discharge,2026-09-16,10.5,27.7,5.8,1008.8,,5.67,0,0
Gopalpur,discharge,2026-09-17,11.0,24.1,1.6,1007.8,,5.94,0,0
Gopalpur,discharge,2026-09-18,13.1,26.6,4.4,1007.8,,7.07,0,0
Gopalpur,discharge,2026-09-19,8.6,23.4,5.4,1009.0,,4.64,0,0
Gopalpur,discharge,2026-09-20,17.0,33.8,5.0,1008.8,,9.18,0,0
Gopalpur,discharge,2026-09-21,22.3,36.4,59.8,1005.6,,12.04,0,0
Gopalpur,discharge,2026-09-22,30.7,56.5,53.6,1000.3,,16.58,0,0
Gopalpur,discharge,2026-09-23,30.6,56.5,75.4,997.0,,16.52,0,0
Gopalpur,discharge,2026-09-24,50.0,84.6,71.1,995.0,,27.0,1,0
Gopalpur,discharge,2026-09-25,47.4,85.0,14.1,1000.2,,25.59,1,0
Gopalpur,discharge,2026-09-26,27.5,48.6,1.0,1005.4,,14.85,0,0
Gopalpur,discharge,2026-09-27,11.3,24.1,0.1,1006.9,,6.1,0,0
Gopalpur,discharge,2026-09-28,10.5,25.9,1.0,1008.3,,5.67,0,0
Gopalpur,discharge,2026-09-29,10.1,21.2,0.6,1009.6,,5.45,0,0
Gopalpur,discharge,2026-09-30,9.0,19.8,0.0,1010.5,,4.86,0,0
Haldia,discharge,2025-09-01,11.6,23.4,19.5,1000.1,,6.26,0,0
Haldia,discharge,2025-09-02,20.5,46.1,16.8,1000.9,,11.07,0,0
Haldia,discharge,2025-09-03,32.0,61.6,16.1,1001.9,,17.28,0,0
Haldia,discharge,2025-09-04,22.0,41.4,11.8,1004.2,,11.88,0,0
Haldia,discharge,2025-09-05,19.4,38.2,0.4,1005.6,,10.48,0,0
Haldia,discharge,2025-09-06,15.9,31.0,0.0,1006.3,,8.59,0,0
Haldia,discharge,2025-09-07,15.3,31.0,0.2,1005.5,,8.26,0,0
Haldia,discharge,2025-09-08,14.0,28.4,0.3,1005.6,,7.56,0,0
Haldia,discharge,2025-09-09,14.6,30.2,0.1,1006.0,,7.88,0,0
Haldia,discharge,2025-09-10,14.6,28.4,0.0,1005.0,,7.88,0,0
Haldia,discharge,2025-09-11,12.6,24.1,7.9,1005.3,,6.8,0,0
Haldia,discharge,2025-09-12,13.6,31.0,2.8,1006.4,,7.34,0,0
Haldia,discharge,2025-09-13,13.7,30.2,3.3,1007.2,,7.4,0,0
Haldia,discharge,2025-09-14,15.9,34.6,17.2,1007.1,,8.59,0,0
Haldia,discharge,2025-09-15,17.5,32.8,32.6,1006.4,,9.45,0,0
Haldia,discharge,2025-09-16,21.8,41.8,5.5,1006.8,,11.77,0,0
Haldia,discharge,2025-09-17,19.1,36.0,2.2,1006.7,,10.31,0,0
Haldia,discharge,2025-09-18,15.2,30.2,2.4,1006.0,,8.21,0,0
Haldia,discharge,2025-09-19,9.4,23.0,9.0,1005.7,,5.08,0,0
Haldia,discharge,2025-09-20,6.9,19.1,2.4,1004.2,,3.73,0,0
Haldia,discharge,2025-09-21,9.2,19.1,2.5,1003.2,,4.97,0,0
Haldia,discharge,2025-09-22,6.9,21.2,37.6,1003.5,,3.73,0,0
Haldia,discharge,2025-09-23,19.3,35.3,19.3,1001.8,,10.42,0,0
Haldia,discharge,2025-09-24,14.4,29.5,3.0,1000.8,,7.78,0,0
Haldia,discharge,2025-09-25,13.3,32.0,4.1,1001.2,,7.18,0,0
Haldia,discharge,2025-09-26,24.5,47.5,10.9,1002.8,,13.23,0,0
Haldia,discharge,2025-09-27,25.3,48.6,6.0,1006.6,,13.66,0,0
Haldia,discharge,2025-09-28,11.7,28.1,2.9,1006.2,,6.32,0,0
Haldia,discharge,2025-09-29,9.0,21.2,0.3,1003.9,,4.86,0,0
Haldia,discharge,2025-09-30,8.1,17.3,1.5,1002.3,,4.37,0,0
Haldia,discharge,2025-10-01,15.2,31.7,28.9,1003.4,,8.21,0,0
Haldia,discharge,2025-10-02,21.8,38.9,20.4,1006.2,,11.77,0,0
Haldia,discharge,2025-10-03,27.3,53.3,9.4,1008.2,,14.74,0,0
Haldia,discharge,2025-10-04,29.5,53.3,13.8,1007.9,,15.93,0,0
Haldia,discharge,2025-10-05,21.6,42.1,22.7,1008.4,,11.66,0,0
Haldia,discharge,2025-10-06,12.3,23.4,9.3,1009.0,,6.64,0,0
Haldia,discharge,2025-10-07,9.0,19.1,0.7,1009.0,,4.86,0,0
Haldia,discharge,2025-10-08,9.9,19.8,1.8,1009.4,,5.35,0,0
Haldia,discharge,2025-10-09,9.1,24.1,4.7,1009.6,,4.91,0,0
Haldia,discharge,2025-10-10,12.2,25.9,12.4,1008.9,,6.59,0,0
Haldia,discharge,2025-10-11,12.0,25.2,0.9,1009.1,,6.48,0,0
Haldia,discharge,2025-10-12,11.8,24.8,0.0,1009.8,,6.37,0,0
Haldia,discharge,2025-10-13,11.8,25.6,0.0,1010.3,,6.37,0,0
Haldia,discharge,2025-10-14,13.2,27.4,0.0,1009.3,,7.13,0,0
Haldia,discharge,2025-10-15,14.1,28.4,0.0,1009.2,,7.61,0,0
Haldia,discharge,2025-10-16,11.2,24.1,0.0,1009.9,,6.05,0,0
Haldia,discharge,2025-10-17,8.0,19.8,0.0,1011.0,,4.32,0,0
Haldia,discharge,2025-10-18,10.8,24.5,1.1,1010.1,,5.83,0,0
Haldia,discharge,2025-10-19,9.7,24.8,1.0,1009.6,,5.24,0,0
Haldia,discharge,2025-10-20,15.0,30.6,0.0,1010.1,,8.1,0,0
Haldia,discharge,2025-10-21,12.9,27.4,0.0,1010.9,,6.97,0,0
Haldia,discharge,2025-10-22,14.2,28.8,0.0,1010.9,,7.67,0,0
Haldia,discharge,2025-10-23,8.9,21.6,0.0,1010.6,,4.81,0,0
Haldia,discharge,2025-10-24,7.5,20.2,0.0,1010.3,,4.05,0,0
Haldia,discharge,2025-10-25,11.1,21.6,0.1,1010.6,,5.99,0,0
Haldia,discharge,2025-10-26,8.8,19.1,0.1,1010.8,,4.75,0,0
Haldia,discharge,2025-10-27,12.5,26.6,0.1,1011.0,,6.75,0,0
Haldia,discharge,2025-10-28,17.3,36.4,7.6,1010.6,,9.34,0,0
Haldia,discharge,2025-10-29,18.1,34.9,11.2,1010.3,,9.77,0,0
Haldia,discharge,2025-10-30,12.9,29.9,3.8,1010.6,,6.97,0,0
Haldia,discharge,2025-10-31,18.9,38.5,1.2,1009.1,,10.21,0,0
Haldia,discharge,2025-11-01,11.2,22.7,6.4,1008.5,,6.05,0,0
Haldia,discharge,2025-11-02,15.3,30.6,0.7,1009.0,,8.26,0,0
Haldia,discharge,2025-11-03,14.9,30.6,0.0,1008.9,,8.05,0,0
Haldia,discharge,2025-11-04,14.8,28.8,0.0,1008.0,,7.99,0,0
Haldia,discharge,2025-11-05,11.2,24.8,0.0,1007.6,,6.05,0,0
Haldia,discharge,2025-11-06,11.5,22.3,0.0,1009.2,,6.21,0,0
Haldia,discharge,2025-11-07,16.1,32.4,0.0,1011.2,,8.69,0,0
Haldia,discharge,2025-11-08,18.8,36.7,0.0,1012.1,,10.15,0,0
Haldia,discharge,2025-11-09,10.9,25.2,0.0,1011.3,,5.89,0,0
Haldia,discharge,2025-11-10,12.5,27.7,0.0,1012.1,,6.75,0,0
Haldia,discharge,2025-11-11,11.6,26.3,0.0,1012.9,,6.26,0,0
Haldia,discharge,2025-11-12,13.0,28.1,0.0,1014.1,,7.02,0,0
Haldia,discharge,2025-11-13,12.2,27.4,0.0,1014.9,,6.59,0,0
Haldia,discharge,2025-11-14,12.0,27.0,0.0,1015.0,,6.48,0,0
Haldia,discharge,2025-11-15,14.2,30.2,0.0,1016.1,,7.67,0,0
Haldia,discharge,2025-11-16,12.5,27.7,0.0,1016.8,,6.75,0,0
Haldia,discharge,2025-11-17,13.1,28.4,0.0,1016.1,,7.07,0,0
Haldia,discharge,2025-11-18,9.9,23.8,0.0,1014.1,,5.35,0,0
Haldia,discharge,2025-11-19,9.6,22.7,0.0,1014.7,,5.18,0,0
Haldia,discharge,2025-11-20,14.4,30.2,0.0,1015.7,,7.78,0,0
Haldia,discharge,2025-11-21,8.6,20.9,0.0,1016.5,,4.64,0,0
Haldia,discharge,2025-11-22,11.1,25.2,0.0,1015.4,,5.99,0,0
Haldia,discharge,2025-11-23,9.6,21.6,0.0,1015.8,,5.18,0,0
Haldia,discharge,2025-11-24,15.4,31.7,0.0,1016.4,,8.32,0,0
Haldia,discharge,2025-11-25,13.6,29.9,0.0,1015.4,,7.34,0,0
Haldia,discharge,2025-11-26,11.3,24.5,0.0,1016.5,,6.1,0,0
Haldia,discharge,2025-11-27,10.4,24.5,0.0,1016.0,,5.62,0,0
Haldia,discharge,2025-11-28,8.5,19.4,0.0,1014.7,,4.59,0,0
Haldia,discharge,2025-11-29,10.7,23.4,0.0,1013.6,,5.78,0,0
Haldia,discharge,2025-11-30,10.4,24.1,0.0,1013.8,,5.62,0,0
Haldia,discharge,2025-12-01,11.5,23.0,0.0,1013.8,,6.21,0,0
Haldia,discharge,2025-12-02,9.4,20.5,0.0,1013.9,,5.08,0,0
Haldia,discharge,2025-12-03,9.7,23.0,0.0,1015.8,,5.24,0,0
Haldia,discharge,2025-12-04,14.1,30.2,0.0,1016.9,,7.61,0,0
Haldia,discharge,2025-12-05,16.0,33.5,0.0,1017.5,,8.64,0,0
Haldia,discharge,2025-12-06,12.7,28.1,0.0,1017.3,,6.86,0,0
Haldia,discharge,2025-12-07,11.8,25.2,0.0,1016.7,,6.37,0,0
Haldia,discharge,2025-12-08,11.4,25.9,0.0,1015.8,,6.16,0,0
Haldia,discharge,2025-12-09,11.2,26.3,0.0,1015.7,,6.05,0,0
Haldia,discharge,2025-12-10,10.9,25.6,0.0,1016.2,,5.89,0,0
Haldia,discharge,2025-12-11,10.4,24.5,0.0,1015.0,,5.62,0,0
Haldia,discharge,2025-12-12,9.2,22.0,0.0,1014.6,,4.97,0,0
Haldia,discharge,2025-12-13,10.2,24.5,0.0,1015.3,,5.51,0,0
Haldia,discharge,2025-12-14,10.7,22.0,0.0,1015.8,,5.78,0,0
Haldia,discharge,2025-12-15,10.8,24.5,0.0,1015.8,,5.83,0,0
Haldia,discharge,2025-12-16,11.4,25.9,0.0,1015.5,,6.16,0,0
Haldia,discharge,2025-12-17,13.8,28.1,0.0,1016.1,,7.45,0,0
Haldia,discharge,2025-12-18,11.0,24.5,0.0,1015.3,,5.94,0,0
Haldia,discharge,2025-12-19,10.6,25.2,0.0,1013.6,,5.72,0,0
Haldia,discharge,2025-12-20,12.2,27.4,0.0,1014.2,,6.59,0,0
Haldia,discharge,2025-12-21,12.1,25.2,0.0,1015.7,,6.53,0,0
Haldia,discharge,2025-12-22,12.6,27.4,0.0,1014.5,,6.8,0,0
Haldia,discharge,2025-12-23,10.6,25.6,0.0,1013.8,,5.72,0,0
Haldia,discharge,2025-12-24,12.4,28.1,0.0,1014.6,,6.7,0,0
Haldia,discharge,2025-12-25,15.2,32.8,0.0,1015.8,,8.21,0,0
Haldia,discharge,2025-12-26,13.3,28.4,0.0,1015.1,,7.18,0,0
Haldia,discharge,2025-12-27,13.1,27.4,0.0,1015.5,,7.07,0,0
Haldia,discharge,2025-12-28,13.2,28.8,0.0,1016.1,,7.13,0,0
Haldia,discharge,2025-12-29,11.6,25.9,0.0,1016.1,,6.26,0,0
Haldia,discharge,2025-12-30,9.9,24.5,0.0,1014.7,,5.35,0,0
Haldia,discharge,2025-12-31,11.1,25.9,0.0,1013.2,,5.99,0,0
Haldia,discharge,2026-01-01,10.0,23.0,0.0,1014.0,,5.4,0,0
Haldia,discharge,2026-01-02,10.6,23.0,0.0,1015.8,,5.72,0,0
Haldia,discharge,2026-01-03,12.0,27.4,0.0,1017.0,,6.48,0,0
Haldia,discharge,2026-01-04,14.1,28.1,0.0,1018.2,,7.61,0,0
Haldia,discharge,2026-01-05,15.4,32.0,0.0,1019.1,,8.32,0,0
Haldia,discharge,2026-01-06,16.4,34.6,0.0,1019.4,,8.86,0,0
Haldia,discharge,2026-01-07,13.3,27.4,0.0,1019.5,,7.18,0,0
Haldia,discharge,2026-01-08,17.2,33.1,0.0,1019.4,,9.29,0,0
Haldia,discharge,2026-01-09,13.6,29.9,0.0,1017.8,,7.34,0,0
Haldia,discharge,2026-01-10,12.6,27.0,0.0,1017.7,,6.8,0,0
Haldia,discharge,2026-01-11,16.3,33.8,0.0,1018.7,,8.8,0,0
Haldia,discharge,2026-01-12,16.9,34.9,0.0,1019.2,,9.13,0,0
Haldia,discharge,2026-01-13,13.7,29.9,0.0,1016.7,,7.4,0,0
Haldia,discharge,2026-01-14,11.8,24.8,0.0,1015.2,,6.37,0,0
Haldia,discharge,2026-01-15,13.8,31.0,0.0,1015.0,,7.45,0,0
Haldia,discharge,2026-01-16,11.8,24.8,0.0,1014.6,,6.37,0,0
Haldia,discharge,2026-01-17,12.9,23.0,0.0,1012.9,,6.97,0,0
Haldia,discharge,2026-01-18,12.1,24.5,0.0,1012.6,,6.53,0,0
Haldia,discharge,2026-01-19,7.4,19.8,0.0,1013.4,,4.0,0,0
Haldia,discharge,2026-01-20,12.8,22.3,0.0,1014.4,,6.91,0,0
Haldia,discharge,2026-01-21,11.6,24.8,0.0,1015.7,,6.26,0,0
Haldia,discharge,2026-01-22,12.6,26.6,0.0,1016.8,,6.8,0,0
Haldia,discharge,2026-01-23,9.8,23.0,0.0,1018.1,,5.29,0,0
Haldia,discharge,2026-01-24,12.9,26.6,0.0,1017.3,,6.97,0,0
Haldia,discharge,2026-01-25,14.1,29.5,0.0,1016.5,,7.61,0,0
Haldia,discharge,2026-01-26,15.4,30.6,0.0,1018.1,,8.32,0,0
Haldia,discharge,2026-01-27,14.8,29.2,0.0,1017.8,,7.99,0,0
Haldia,discharge,2026-01-28,13.8,28.1,0.0,1016.1,,7.45,0,0
Haldia,discharge,2026-01-29,14.4,29.9,0.0,1016.4,,7.78,0,0
Haldia,discharge,2026-01-30,12.8,25.2,0.0,1017.7,,6.91,0,0
Haldia,discharge,2026-01-31,14.3,29.5,0.0,1017.6,,7.72,0,0
Haldia,discharge,2026-02-01,12.6,27.4,0.0,1017.8,,6.8,0,0
Haldia,discharge,2026-02-02,11.0,26.6,0.0,1017.1,,5.94,0,0
Haldia,discharge,2026-02-03,10.3,25.6,0.0,1018.0,,5.56,0,0
Haldia,discharge,2026-02-04,13.2,29.9,0.0,1017.6,,7.13,0,0
Haldia,discharge,2026-02-05,12.4,28.4,0.0,1017.6,,6.7,0,0
Haldia,discharge,2026-02-06,17.5,36.0,0.0,1016.5,,9.45,0,0
Haldia,discharge,2026-02-07,15.8,34.2,0.0,1015.1,,8.53,0,0
Haldia,discharge,2026-02-08,13.9,30.2,0.0,1014.5,,7.51,0,0
Haldia,discharge,2026-02-09,16.2,33.5,0.0,1014.6,,8.75,0,0
Haldia,discharge,2026-02-10,14.7,29.9,0.0,1016.1,,7.94,0,0
Haldia,discharge,2026-02-11,11.4,19.8,0.0,1016.8,,6.16,0,0
Haldia,discharge,2026-02-12,16.3,34.2,0.0,1015.6,,8.8,0,0
Haldia,discharge,2026-02-13,17.5,36.7,0.0,1014.6,,9.45,0,0
Haldia,discharge,2026-02-14,11.4,24.5,0.0,1013.2,,6.16,0,0
Haldia,discharge,2026-02-15,10.1,18.7,0.0,1013.2,,5.45,0,0
Haldia,discharge,2026-02-16,15.6,33.1,0.0,1013.5,,8.42,0,0
Haldia,discharge,2026-02-17,17.0,36.0,0.0,1013.3,,9.18,0,0
Haldia,discharge,2026-02-18,12.8,28.1,0.0,1013.5,,6.91,0,0
Haldia,discharge,2026-02-19,9.4,23.8,0.0,1014.9,,5.08,0,0
Haldia,discharge,2026-02-20,12.2,27.0,0.0,1014.4,,6.59,0,0
Haldia,discharge,2026-02-21,12.3,28.4,0.0,1010.9,,6.64,0,0
Haldia,discharge,2026-02-22,18.1,35.3,0.0,1009.3,,9.77,0,0
Haldia,discharge,2026-02-23,10.4,34.2,2.2,1009.6,,5.62,0,0
Haldia,discharge,2026-02-24,13.0,29.2,3.4,1011.2,,7.02,0,0
Haldia,discharge,2026-02-25,11.8,26.3,0.0,1011.3,,6.37,0,0
Haldia,discharge,2026-02-26,13.9,30.6,0.0,1009.7,,7.51,0,0
Haldia,discharge,2026-02-27,12.5,28.8,0.0,1008.0,,6.75,0,0
Haldia,discharge,2026-02-28,18.0,36.0,0.0,1007.8,,9.72,0,0
Haldia,discharge,2026-03-01,16.9,36.0,0.0,1008.2,,9.13,0,0
Haldia,discharge,2026-03-02,13.7,30.6,0.1,1009.7,,7.4,0,0
Haldia,discharge,2026-03-03,14.5,31.3,0.0,1011.3,,7.83,0,0
Haldia,discharge,2026-03-04,8.3,21.6,0.0,1010.6,,4.48,0,0
Haldia,discharge,2026-03-05,12.1,20.5,0.0,1008.8,,6.53,0,0
Haldia,discharge,2026-03-06,14.1,28.1,0.0,1009.9,,7.61,0,0
Haldia,discharge,2026-03-07,15.9,33.1,0.8,1011.6,,8.59,0,0
Haldia,discharge,2026-03-08,13.0,30.6,1.4,1012.0,,7.02,0,0
Haldia,discharge,2026-03-09,18.9,37.8,0.5,1013.1,,10.21,0,0
Haldia,discharge,2026-03-10,13.7,27.0,12.0,1013.6,,7.4,0,0
Haldia,discharge,2026-03-11,17.4,36.0,4.2,1011.0,,9.4,0,0
Haldia,discharge,2026-03-12,14.2,28.4,1.9,1008.8,,7.67,0,0
Haldia,discharge,2026-03-13,22.8,45.7,0.0,1008.4,,12.31,0,0
Haldia,discharge,2026-03-14,22.7,45.7,0.3,1010.4,,12.26,0,0
Haldia,discharge,2026-03-15,31.3,58.3,0.0,1010.3,,16.9,0,0
Haldia,discharge,2026-03-16,25.1,49.3,8.5,1009.2,,13.55,0,0
Haldia,discharge,2026-03-17,24.1,47.5,0.0,1009.8,,13.01,0,0
Haldia,discharge,2026-03-18,19.2,41.0,3.8,1010.9,,10.37,0,0
Haldia,discharge,2026-03-19,23.0,41.0,0.6,1010.9,,12.42,0,0
Haldia,discharge,2026-03-20,19.6,37.1,14.8,1010.2,,10.58,0,0
Haldia,discharge,2026-03-21,19.3,38.9,13.6,1011.8,,10.42,0,0
Haldia,discharge,2026-03-22,8.9,24.1,0.9,1012.1,,4.81,0,0
Haldia,discharge,2026-03-23,14.3,27.7,0.0,1011.7,,7.72,0,0
Haldia,discharge,2026-03-24,18.2,34.9,0.8,1009.6,,9.83,0,0
Haldia,discharge,2026-03-25,16.6,37.1,4.1,1010.2,,8.96,0,0
Haldia,discharge,2026-03-26,13.4,29.5,1.0,1010.2,,7.24,0,0
Haldia,discharge,2026-03-27,20.3,35.3,5.8,1007.6,,10.96,0,0
Haldia,discharge,2026-03-28,17.3,32.8,0.1,1006.6,,9.34,0,0
Haldia,discharge,2026-03-29,20.7,40.7,2.6,1007.4,,11.18,0,0
Haldia,discharge,2026-03-30,19.3,40.0,0.9,1008.1,,10.42,0,0
Haldia,discharge,2026-03-31,15.0,32.4,0.4,1009.4,,8.1,0,0
Haldia,discharge,2026-04-01,17.0,34.9,0.2,1009.2,,9.18,0,0
Haldia,discharge,2026-04-02,20.4,41.4,0.0,1008.8,,11.02,0,0
Haldia,discharge,2026-04-03,18.5,35.6,0.0,1007.7,,9.99,0,0
Haldia,discharge,2026-04-04,14.1,27.4,0.0,1006.4,,7.61,0,0
Haldia,discharge,2026-04-05,25.3,49.7,1.5,1007.9,,13.66,0,0
Haldia,discharge,2026-04-06,17.7,33.5,19.7,1009.4,,9.56,0,0
Haldia,discharge,2026-04-07,16.4,39.2,0.3,1009.4,,8.86,0,0
Haldia,discharge,2026-04-08,20.0,39.2,9.3,1009.3,,10.8,0,0
Haldia,discharge,2026-04-09,15.2,37.8,41.8,1010.6,,8.21,0,0
Haldia,discharge,2026-04-10,12.6,27.0,0.0,1010.5,,6.8,0,0
Haldia,discharge,2026-04-11,12.1,23.4,0.0,1009.0,,6.53,0,0
Haldia,discharge,2026-04-12,20.6,37.4,0.0,1007.1,,11.12,0,0
Haldia,discharge,2026-04-13,21.9,43.6,0.0,1007.5,,11.83,0,0
Haldia,discharge,2026-04-14,17.3,31.7,0.0,1007.0,,9.34,0,0
Haldia,discharge,2026-04-15,22.2,40.3,0.0,1005.8,,11.99,0,0
Haldia,discharge,2026-04-16,24.6,47.2,1.0,1007.1,,13.28,0,0
Haldia,discharge,2026-04-17,18.3,36.7,0.4,1008.1,,9.88,0,0
Haldia,discharge,2026-04-18,20.1,40.3,0.0,1007.0,,10.85,0,0
Haldia,discharge,2026-04-19,23.6,48.6,0.0,1005.5,,12.74,0,0
Haldia,discharge,2026-04-20,21.1,41.0,0.0,1004.3,,11.39,0,0
Haldia,discharge,2026-04-21,18.5,38.5,0.0,1004.0,,9.99,0,0
Haldia,discharge,2026-04-22,15.8,27.7,0.0,1004.6,,8.53,0,0
Haldia,discharge,2026-04-23,20.1,37.4,0.0,1004.9,,10.85,0,0
Haldia,discharge,2026-04-24,18.4,36.4,0.0,1006.4,,9.94,0,0
Haldia,discharge,2026-04-25,25.4,49.3,0.0,1007.1,,13.71,0,0
Haldia,discharge,2026-04-26,29.0,52.6,0.0,1005.4,,15.66,0,0
Haldia,discharge,2026-04-27,30.1,55.4,0.2,1002.8,,16.25,0,0
Haldia,discharge,2026-04-28,31.1,56.9,1.8,1003.1,,16.79,0,0
Haldia,discharge,2026-04-29,30.4,56.9,11.9,1005.2,,16.41,0,0
Haldia,discharge,2026-04-30,24.5,44.3,0.8,1007.1,,13.23,0,0
Haldia,discharge,2026-05-01,18.3,37.4,0.3,1005.3,,9.88,0,0
Haldia,discharge,2026-05-02,23.3,46.1,0.6,1003.8,,12.58,0,0
Haldia,discharge,2026-05-03,20.0,37.8,31.4,1006.2,,10.8,0,0
Haldia,discharge,2026-05-04,22.4,46.4,10.6,1008.6,,12.1,0,0
Haldia,discharge,2026-05-05,11.5,22.0,0.0,1008.9,,6.21,0,0
Haldia,discharge,2026-05-06,18.9,37.8,2.5,1007.2,,10.21,0,0
Haldia,discharge,2026-05-07,21.5,52.6,1.7,1009.0,,11.61,0,0
Haldia,discharge,2026-05-08,15.4,29.9,2.7,1009.4,,8.32,0,0
Haldia,discharge,2026-05-09,11.3,22.3,1.3,1009.2,,6.1,0,0
Haldia,discharge,2026-05-10,16.2,45.7,12.1,1008.9,,8.75,0,0
Haldia,discharge,2026-05-11,15.8,35.6,0.3,1008.2,,8.53,0,0
Haldia,discharge,2026-05-12,16.6,34.2,3.0,1006.3,,8.96,0,0
Haldia,discharge,2026-05-13,21.9,42.8,4.7,1004.1,,11.83,0,0
Haldia,discharge,2026-05-14,22.3,43.2,0.6,1003.0,,12.04,0,0
Haldia,discharge,2026-05-15,24.1,44.3,0.0,1002.9,,13.01,0,0
Haldia,discharge,2026-05-16,24.7,43.2,0.1,1003.6,,13.34,0,0
Haldia,discharge,2026-05-17,24.2,42.1,1.9,1003.0,,13.07,0,0
Haldia,discharge,2026-05-18,25.4,50.0,0.6,1002.3,,13.71,0,0
Haldia,discharge,2026-05-19,21.4,42.1,1.1,1001.7,,11.56,0,0
Haldia,discharge,2026-05-20,18.4,38.2,0.0,1000.5,,9.94,0,0
Haldia,discharge,2026-05-21,19.5,38.9,0.0,1002.4,,10.53,0,0
Haldia,discharge,2026-05-22,23.3,47.2,17.2,1004.0,,12.58,0,0
Haldia,discharge,2026-05-23,26.5,50.4,0.3,1003.8,,14.31,0,0
Haldia,discharge,2026-05-24,25.0,47.5,0.2,1004.4,,13.5,0,0
Haldia,discharge,2026-05-25,30.0,56.2,0.4,1003.9,,16.2,0,0
Haldia,discharge,2026-05-26,26.3,47.5,0.8,1004.1,,14.2,0,0
Haldia,discharge,2026-05-27,23.7,42.5,3.1,1004.9,,12.8,0,0
Haldia,discharge,2026-05-28,18.7,35.3,0.1,1005.7,,10.1,0,0
Haldia,discharge,2026-05-29,21.8,48.2,7.7,1006.1,,11.77,0,0
Haldia,discharge,2026-05-30,16.0,30.2,1.9,1006.1,,8.64,0,0
Haldia,discharge,2026-05-31,19.2,38.5,5.7,1006.2,,10.37,0,0
Haldia,discharge,2026-06-01,13.7,29.5,2.5,1006.6,,7.4,0,0
Haldia,discharge,2026-06-02,13.9,30.6,2.4,1004.9,,7.51,0,0
Haldia,discharge,2026-06-03,19.1,39.2,1.8,1002.4,,10.31,0,0
Haldia,discharge,2026-06-04,19.8,40.0,1.9,1001.3,,10.69,0,0
Haldia,discharge,2026-06-05,19.4,40.0,6.8,1001.3,,10.48,0,0
Haldia,discharge,2026-06-06,13.6,41.8,28.5,1002.6,,7.34,0,0
Haldia,discharge,2026-06-07,21.1,39.2,12.7,1002.5,,11.39,0,0
Haldia,discharge,2026-06-08,17.1,32.0,2.3,1000.5,,9.23,0,0
Haldia,discharge,2026-06-09,18.7,40.3,0.7,1000.1,,10.1,0,0
Haldia,discharge,2026-06-10,24.3,47.5,14.1,1001.6,,13.12,0,0
Haldia,discharge,2026-06-11,18.0,36.0,23.7,1003.7,,9.72,0,0
Haldia,discharge,2026-06-12,14.0,28.4,0.9,1005.1,,7.56,0,0
Haldia,discharge,2026-06-13,17.9,35.6,12.7,1003.7,,9.67,0,0
Haldia,discharge,2026-06-14,24.3,45.0,14.5,1002.7,,13.12,0,0
Haldia,discharge,2026-06-15,15.6,35.3,13.7,1003.0,,8.42,0,0
Haldia,discharge,2026-06-16,19.1,34.9,2.6,1004.3,,10.31,0,0
Haldia,discharge,2026-06-17,20.5,36.0,0.9,1004.0,,11.07,0,0
Haldia,discharge,2026-06-18,21.7,51.1,7.3,1004.0,,11.72,0,0
Haldia,discharge,2026-06-19,20.8,37.8,5.4,1004.6,,11.23,0,0
Haldia,discharge,2026-06-20,22.4,39.2,5.7,1003.9,,12.1,0,0
Haldia,discharge,2026-06-21,19.1,38.2,18.1,1003.5,,10.31,0,0
Haldia,discharge,2026-06-22,20.4,38.5,12.7,1003.2,,11.02,0,0
Haldia,discharge,2026-06-23,14.4,40.7,8.8,1001.4,,7.78,0,0
Haldia,discharge,2026-06-24,14.2,40.7,1.4,1002.1,,7.67,0,0
Haldia,discharge,2026-06-25,16.6,32.8,10.1,1003.4,,8.96,0,0
Haldia,discharge,2026-06-26,16.9,29.5,3.2,1004.2,,9.13,0,0
Haldia,discharge,2026-06-27,18.1,35.6,3.8,1003.0,,9.77,0,0
Haldia,discharge,2026-06-28,21.3,43.6,2.5,1001.7,,11.5,0,0
Haldia,discharge,2026-06-29,15.6,29.9,14.2,1001.1,,8.42,0,0
Haldia,discharge,2026-06-30,15.0,34.6,23.6,1001.4,,8.1,0,0
Haldia,discharge,2026-07-01,17.7,32.8,11.9,1000.4,,9.56,0,0
Haldia,discharge,2026-07-02,17.0,33.8,10.7,999.6,,9.18,0,0
Haldia,discharge,2026-07-03,18.1,37.1,10.5,997.8,,9.77,0,0
Haldia,discharge,2026-07-04,24.7,50.0,11.2,994.2,,13.34,0,0
Haldia,discharge,2026-07-05,25.0,45.7,22.5,993.8,,13.5,0,0
Haldia,discharge,2026-07-06,30.2,59.4,22.6,998.2,,16.31,0,0
Haldia,discharge,2026-07-07,27.5,49.3,14.8,1001.6,,14.85,0,0
Haldia,discharge,2026-07-08,28.6,52.6,5.7,1001.8,,15.44,0,0
Haldia,discharge,2026-07-09,25.8,47.5,38.7,1002.1,,13.93,0,0
Haldia,discharge,2026-07-10,20.2,36.7,21.1,1001.4,,10.91,0,0
Haldia,discharge,2026-07-11,16.5,35.6,6.0,999.4,,8.91,0,0
Haldia,discharge,2026-07-12,12.1,30.2,10.4,998.4,,6.53,0,0
Haldia,discharge,2026-07-13,11.1,22.7,23.9,999.5,,5.99,0,0
Haldia,discharge,2026-07-14,12.9,32.4,9.8,999.8,,6.97,0,0
Haldia,discharge,2026-07-15,15.8,33.8,8.0,999.5,,8.53,0,0
Haldia,discharge,2026-07-16,23.3,45.0,9.0,999.3,,12.58,0,0
Haldia,discharge,2026-07-17,25.5,48.2,18.1,1000.9,,13.77,0,0
Haldia,discharge,2026-07-18,26.5,49.0,4.7,1002.0,,14.31,0,0
Haldia,discharge,2026-07-19,21.9,41.8,6.7,1003.2,,11.83,0,0
Haldia,discharge,2026-07-20,16.4,28.8,34.8,1003.1,,8.86,0,0
Haldia,discharge,2026-07-21,13.5,28.1,52.7,1002.7,,7.29,0,0
Haldia,discharge,2026-07-22,19.2,32.4,19.9,1003.4,,10.37,0,0
Haldia,discharge,2026-07-23,24.6,44.3,36.1,1003.0,,13.28,0,0
Haldia,discharge,2026-07-24,15.7,33.1,48.3,1001.3,,8.48,0,0
Haldia,discharge,2026-07-25,15.7,27.0,22.5,999.6,,8.48,0,0
Haldia,discharge,2026-07-26,22.8,51.5,34.4,997.2,,12.31,0,0
Haldia,discharge,2026-07-27,24.6,48.6,48.4,993.7,,13.28,0,0
Haldia,discharge,2026-07-28,27.4,54.4,16.4,996.4,,14.79,0,0
Haldia,discharge,2026-07-29,21.0,43.2,16.7,998.4,,11.34,0,0
Haldia,discharge,2026-07-30,26.7,48.6,13.8,1000.4,,14.42,0,0
Haldia,discharge,2026-07-31,24.1,46.4,16.4,1002.1,,13.01,0,0
Haldia,discharge,2026-08-01,21.8,42.1,3.9,1001.9,,11.77,0,0
Haldia,discharge,2026-08-02,15.3,35.6,6.5,1002.1,,8.26,0,0
Haldia,discharge,2026-08-03,16.6,31.0,10.2,1003.0,,8.96,0,0
Haldia,discharge,2026-08-04,17.6,33.1,8.0,1002.8,,9.5,0,0
Haldia,discharge,2026-08-05,17.4,34.2,30.3,1001.5,,9.4,0,0
Haldia,discharge,2026-08-06,12.3,28.1,13.1,1000.9,,6.64,0,0
Haldia,discharge,2026-08-07,16.7,28.1,28.1,1000.1,,9.02,0,0
Haldia,discharge,2026-08-08,19.7,35.3,7.4,1001.8,,10.64,0,0
Haldia,discharge,2026-08-09,15.1,30.6,8.9,1002.2,,8.15,0,0
Haldia,discharge,2026-08-10,11.8,23.4,18.5,1000.9,,6.37,0,0
Haldia,discharge,2026-08-11,13.9,34.2,21.2,1000.1,,7.51,0,0
Haldia,discharge,2026-08-12,18.9,32.0,85.0,1000.3,,10.21,0,0
Haldia,discharge,2026-08-13,19.8,35.3,30.5,999.3,,10.69,0,0
Haldia,discharge,2026-08-14,19.8,37.1,21.5,1000.4,,10.69,0,0
Haldia,discharge,2026-08-15,19.7,38.9,7.3,999.5,,10.64,0,0
Haldia,discharge,2026-08-16,22.6,41.4,83.3,997.5,,12.2,0,0
Haldia,discharge,2026-08-17,25.2,45.7,48.9,1000.3,,13.61,0,0
Haldia,discharge,2026-08-18,29.7,55.4,6.1,1002.0,,16.04,0,0
Haldia,discharge,2026-08-19,20.0,38.9,1.6,1003.6,,10.8,0,0
Haldia,discharge,2026-08-20,12.4,27.4,0.3,1002.9,,6.7,0,0
Haldia,discharge,2026-08-21,13.7,28.8,2.4,1001.6,,7.4,0,0
Haldia,discharge,2026-08-22,13.9,32.0,10.9,1001.1,,7.51,0,0
Haldia,discharge,2026-08-23,14.7,34.2,14.1,1000.4,,7.94,0,0
Haldia,discharge,2026-08-24,23.4,45.4,23.3,1001.7,,12.63,0,0
Haldia,discharge,2026-08-25,22.1,42.1,5.5,1002.7,,11.93,0,0
Haldia,discharge,2026-08-26,14.8,30.6,10.4,1002.1,,7.99,0,0
Haldia,discharge,2026-08-27,11.9,24.5,8.3,1001.1,,6.43,0,0
Haldia,discharge,2026-08-28,16.0,31.7,13.0,1000.6,,8.64,0,0
Haldia,discharge,2026-08-29,12.6,25.9,30.4,999.3,,6.8,0,0
Haldia,discharge,2026-08-30,18.8,36.0,26.2,997.9,,10.15,0,0
Haldia,discharge,2026-08-31,21.9,42.8,21.0,998.4,,11.83,0,0
Haldia,discharge,2026-09-01,19.4,37.4,31.4,1002.2,,10.48,0,0
Haldia,discharge,2026-09-02,17.0,32.4,13.5,1003.8,,9.18,0,0
Haldia,discharge,2026-09-03,18.1,33.8,7.1,1004.2,,9.77,0,0
Haldia,discharge,2026-09-04,20.8,40.3,0.3,1006.4,,11.23,0,0
Haldia,discharge,2026-09-05,15.1,28.1,8.1,1007.4,,8.15,0,0
Haldia,discharge,2026-09-06,14.1,25.9,1.5,1007.4,,7.61,0,0
Haldia,discharge,2026-09-07,10.2,25.9,8.3,1006.2,,5.51,0,0
Haldia,discharge,2026-09-08,8.4,18.7,19.5,1005.3,,4.54,0,0
Haldia,discharge,2026-09-09,9.5,36.0,14.5,1004.7,,5.13,0,0
Haldia,discharge,2026-09-10,15.5,32.8,17.6,1005.1,,8.37,0,0
Haldia,discharge,2026-09-11,24.5,47.9,19.3,1007.5,,13.23,0,0
Haldia,discharge,2026-09-12,18.1,43.9,13.5,1010.0,,9.77,0,0
Haldia,discharge,2026-09-13,17.0,32.0,12.4,1011.5,,9.18,0,0
Haldia,discharge,2026-09-14,11.0,22.3,0.0,1010.5,,5.94,0,0
Haldia,discharge,2026-09-15,11.2,23.4,0.0,1009.4,,6.05,0,0
Haldia,discharge,2026-09-16,14.2,28.1,2.3,1008.3,,7.67,0,0
Haldia,discharge,2026-09-17,13.0,28.4,8.2,1007.7,,7.02,0,0
Haldia,discharge,2026-09-18,7.6,20.2,5.5,1008.1,,4.1,0,0
Haldia,discharge,2026-09-19,10.7,29.9,9.1,1009.5,,5.78,0,0
Haldia,discharge,2026-09-20,14.3,29.5,12.4,1010.1,,7.72,0,0
Haldia,discharge,2026-09-21,20.7,37.8,5.2,1007.2,,11.18,0,0
Haldia,discharge,2026-09-22,22.6,47.5,27.5,1004.9,,12.2,0,0
Haldia,discharge,2026-09-23,24.5,48.2,33.2,1004.8,,13.23,0,0
Haldia,discharge,2026-09-24,28.8,57.6,40.0,1004.6,,15.55,0,0
Haldia,discharge,2026-09-25,33.1,63.4,33.3,1005.6,,17.87,0,0
Haldia,discharge,2026-09-26,26.7,49.3,8.5,1007.1,,14.42,0,0
Haldia,discharge,2026-09-27,8.8,23.8,1.6,1006.4,,4.75,0,0
Haldia,discharge,2026-09-28,12.3,25.9,0.1,1007.6,,6.64,0,0
Haldia,discharge,2026-09-29,11.9,27.0,0.2,1008.8,,6.43,0,0
Haldia,discharge,2026-09-30,12.7,26.3,0.3,1009.8,,6.86,0,0
Nikolaev,origin,2025-09-01,10.7,32.4,4.7,1006.8,,5.78,0,0
Nikolaev,origin,2025-09-02,17.9,43.2,0.2,1008.9,,9.67,0,0
Nikolaev,origin,2025-09-03,12.5,31.0,0.0,1013.6,,6.75,0,0
Nikolaev,origin,2025-09-04,13.3,29.2,0.0,1016.7,,7.18,0,0
Nikolaev,origin,2025-09-05,12.2,30.2,0.0,1018.1,,6.59,0,0
Nikolaev,origin,2025-09-06,14.1,35.6,0.0,1019.0,,7.61,0,0
Nikolaev,origin,2025-09-07,15.6,37.8,0.1,1018.2,,8.42,0,0
Nikolaev,origin,2025-09-08,14.6,31.0,0.0,1016.2,,7.88,0,0
Nikolaev,origin,2025-09-09,17.9,37.4,1.1,1016.0,,9.67,0,0
Nikolaev,origin,2025-09-10,19.4,47.5,4.8,1018.9,,10.48,0,0
Nikolaev,origin,2025-09-11,17.3,40.3,0.0,1020.2,,9.34,0,0
Nikolaev,origin,2025-09-12,14.8,34.6,0.0,1021.9,,7.99,0,0
Nikolaev,origin,2025-09-13,15.8,33.1,0.0,1026.5,,8.53,0,0
Nikolaev,origin,2025-09-14,17.2,38.9,0.0,1024.9,,9.29,0,0
Nikolaev,origin,2025-09-15,16.5,38.5,0.0,1019.3,,8.91,0,0
Nikolaev,origin,2025-09-16,12.1,33.1,0.1,1017.2,,6.53,0,0
Nikolaev,origin,2025-09-17,15.6,33.8,4.1,1013.7,,8.42,0,0
Nikolaev,origin,2025-09-18,28.8,72.0,3.2,1014.3,,15.55,0,0
Nikolaev,origin,2025-09-19,20.8,42.1,0.0,1021.1,,11.23,0,0
Nikolaev,origin,2025-09-20,19.7,45.4,0.0,1022.7,,10.64,0,0
Nikolaev,origin,2025-09-21,9.3,19.8,0.0,1024.8,,5.02,0,0
Nikolaev,origin,2025-09-22,10.0,24.5,0.0,1022.9,,5.4,0,0
Nikolaev,origin,2025-09-23,11.0,28.1,0.0,1019.2,,5.94,0,0
Nikolaev,origin,2025-09-24,23.5,49.3,0.0,1016.9,,12.69,0,0
Nikolaev,origin,2025-09-25,21.7,48.6,0.0,1023.9,,11.72,0,0
Nikolaev,origin,2025-09-26,16.9,41.0,0.0,1030.3,,9.13,0,0
Nikolaev,origin,2025-09-27,12.1,25.9,0.0,1027.5,,6.53,0,0
Nikolaev,origin,2025-09-28,7.1,21.2,0.0,1021.0,,3.83,0,0
Nikolaev,origin,2025-09-29,15.0,37.4,0.2,1017.7,,8.1,0,0
Nikolaev,origin,2025-09-30,25.9,55.4,15.0,1019.2,,13.98,0,0
Nikolaev,origin,2025-10-01,20.6,46.4,2.5,1018.6,,11.12,0,0
Nikolaev,origin,2025-10-02,12.8,25.2,0.0,1021.3,,6.91,0,0
Nikolaev,origin,2025-10-03,21.3,47.5,0.0,1016.7,,11.5,0,0
Nikolaev,origin,2025-10-04,15.5,32.8,8.4,1012.9,,8.37,0,0
Nikolaev,origin,2025-10-05,23.5,52.6,0.0,1012.6,,12.69,0,0
Nikolaev,origin,2025-10-06,10.4,21.2,0.4,1015.1,,5.62,0,0
Nikolaev,origin,2025-10-07,16.2,33.5,2.4,1013.4,,8.75,0,0
Nikolaev,origin,2025-10-08,19.0,40.0,3.3,1008.0,,10.26,0,0
Nikolaev,origin,2025-10-09,17.5,32.8,2.4,1007.5,,9.45,0,0
Nikolaev,origin,2025-10-10,23.7,55.8,1.6,1013.2,,12.8,0,0
Nikolaev,origin,2025-10-11,18.5,40.7,2.1,1014.3,,9.99,0,0
Nikolaev,origin,2025-10-12,15.3,35.3,0.0,1016.8,,8.26,0,0
Nikolaev,origin,2025-10-13,16.2,39.6,0.6,1017.4,,8.75,0,0
Nikolaev,origin,2025-10-14,15.5,36.4,0.1,1020.4,,8.37,0,0
Nikolaev,origin,2025-10-15,15.4,36.7,0.0,1023.8,,8.32,0,0
Nikolaev,origin,2025-10-16,14.9,28.8,0.0,1025.5,,8.05,0,0
Nikolaev,origin,2025-10-17,18.6,41.4,0.0,1024.4,,10.04,0,0
Nikolaev,origin,2025-10-18,14.6,34.2,0.8,1020.8,,7.88,0,0
Nikolaev,origin,2025-10-19,19.1,46.4,10.3,1016.2,,10.31,0,0
Nikolaev,origin,2025-10-20,18.5,43.2,0.0,1016.6,,9.99,0,0
Nikolaev,origin,2025-10-21,11.6,22.7,0.0,1018.1,,6.26,0,0
Nikolaev,origin,2025-10-22,15.9,36.7,0.0,1016.2,,8.59,0,0
Nikolaev,origin,2025-10-23,14.2,33.1,0.0,1013.5,,7.67,0,0
Nikolaev,origin,2025-10-24,26.1,49.7,18.2,1005.1,,14.09,0,0
Nikolaev,origin,2025-10-25,22.3,49.7,0.0,1008.7,,12.04,0,0
Nikolaev,origin,2025-10-26,22.3,50.4,3.1,1008.8,,12.04,0,0
Nikolaev,origin,2025-10-27,13.8,36.7,3.9,1002.6,,7.45,0,0
Nikolaev,origin,2025-10-28,11.8,23.0,0.8,1009.6,,6.37,0,0
Nikolaev,origin,2025-10-29,16.5,35.3,0.0,1016.5,,8.91,0,0
Nikolaev,origin,2025-10-30,22.3,43.2,0.0,1019.0,,12.04,0,0
Nikolaev,origin,2025-10-31,20.7,42.1,0.0,1016.7,,11.18,0,0
Nikolaev,origin,2025-11-01,10.8,21.2,0.0,1023.9,,5.83,0,0
Nikolaev,origin,2025-11-02,13.0,24.8,0.0,1025.2,,7.02,0,0
Nikolaev,origin,2025-11-03,14.2,31.3,0.0,1021.8,,7.67,0,0
Nikolaev,origin,2025-11-04,8.6,15.8,1.1,1021.1,,4.64,0,0
Nikolaev,origin,2025-11-05,8.6,15.5,1.8,1024.6,,4.64,0,0
Nikolaev,origin,2025-11-06,12.8,29.9,0.0,1024.5,,6.91,0,0
Nikolaev,origin,2025-11-07,13.6,31.3,0.0,1022.6,,7.34,0,0
Nikolaev,origin,2025-11-08,12.8,29.5,0.0,1021.8,,6.91,0,0
Nikolaev,origin,2025-11-09,10.6,19.1,4.9,1020.6,,5.72,0,0
Nikolaev,origin,2025-11-10,14.9,29.5,1.1,1017.2,,8.05,0,0
Nikolaev,origin,2025-11-11,18.0,34.2,14.7,1012.5,,9.72,0,0
Nikolaev,origin,2025-11-12,16.6,37.8,0.1,1018.4,,8.96,0,0
Nikolaev,origin,2025-11-13,8.1,21.2,0.3,1022.4,,4.37,0,0
Nikolaev,origin,2025-11-14,11.2,20.2,0.0,1022.8,,6.05,0,0
Nikolaev,origin,2025-11-15,21.0,47.2,0.0,1016.8,,11.34,0,0
Nikolaev,origin,2025-11-16,15.0,29.2,0.1,1016.7,,8.1,0,0
Nikolaev,origin,2025-11-17,24.3,50.0,0.0,1012.7,,13.12,0,0
Nikolaev,origin,2025-11-18,24.6,48.6,1.2,1012.8,,13.28,0,0
Nikolaev,origin,2025-11-19,17.9,38.9,6.3,1018.8,,9.67,0,0
Nikolaev,origin,2025-11-20,15.0,34.2,7.1,1017.4,,8.1,0,0
Nikolaev,origin,2025-11-21,22.5,48.6,0.0,1016.6,,12.15,0,0
Nikolaev,origin,2025-11-22,14.5,28.8,0.0,1016.7,,7.83,0,0
Nikolaev,origin,2025-11-23,14.2,27.4,0.1,1013.4,,7.67,0,0
Nikolaev,origin,2025-11-24,15.4,36.0,0.0,1015.1,,8.32,0,0
Nikolaev,origin,2025-11-25,24.1,53.6,0.0,1017.6,,13.01,0,0
Nikolaev,origin,2025-11-26,23.4,56.2,0.0,1015.3,,12.63,0,0
Nikolaev,origin,2025-11-27,16.1,33.5,0.0,1018.5,,8.69,0,0
Nikolaev,origin,2025-11-28,11.0,23.8,0.0,1021.5,,5.94,0,0
Nikolaev,origin,2025-11-29,14.9,34.2,0.0,1018.0,,8.05,0,0
Nikolaev,origin,2025-11-30,20.0,43.6,6.8,1013.5,,10.8,0,0
Nikolaev,origin,2025-12-01,15.0,28.4,3.7,1015.9,,8.1,0,0
Nikolaev,origin,2025-12-02,8.0,16.2,0.0,1022.5,,4.32,0,0
Nikolaev,origin,2025-12-03,13.2,26.3,0.1,1025.6,,7.13,0,0
Nikolaev,origin,2025-12-04,14.7,34.6,0.0,1025.6,,7.94,0,0
Nikolaev,origin,2025-12-05,19.3,44.3,0.0,1023.7,,10.42,0,0
Nikolaev,origin,2025-12-06,21.5,47.9,0.0,1021.9,,11.61,0,0
Nikolaev,origin,2025-12-07,20.7,47.5,0.0,1017.5,,11.18,0,0
Nikolaev,origin,2025-12-08,18.1,38.9,0.7,1020.2,,9.77,0,0
Nikolaev,origin,2025-12-09,9.2,19.4,0.0,1023.3,,4.97,0,0
Nikolaev,origin,2025-12-10,9.2,22.3,3.7,1020.4,,4.97,0,0
Nikolaev,origin,2025-12-11,12.6,24.8,0.4,1020.6,,6.8,0,0
Nikolaev,origin,2025-12-12,19.2,39.2,1.7,1016.8,,10.37,0,0
Nikolaev,origin,2025-12-13,21.7,45.7,0.2,1024.7,,11.72,0,0
Nikolaev,origin,2025-12-14,11.6,22.3,3.2,1023.5,,6.26,0,0
Nikolaev,origin,2025-12-15,14.5,33.8,0.0,1023.1,,7.83,0,0
Nikolaev,origin,2025-12-16,10.9,23.4,0.0,1027.1,,5.89,0,0
Nikolaev,origin,2025-12-17,10.9,22.7,0.0,1029.7,,5.89,0,0
Nikolaev,origin,2025-12-18,13.9,32.0,0.1,1027.2,,7.51,0,0
Nikolaev,origin,2025-12-19,9.7,18.0,0.0,1027.7,,5.24,0,0
Nikolaev,origin,2025-12-20,10.2,20.5,0.0,1025.0,,5.51,0,0
Nikolaev,origin,2025-12-21,8.1,16.9,0.0,1021.1,,4.37,0,0
Nikolaev,origin,2025-12-22,10.1,23.4,0.0,1022.1,,5.45,0,0
Nikolaev,origin,2025-12-23,7.9,15.8,0.0,1022.7,,4.27,0,0
Nikolaev,origin,2025-12-24,17.8,42.5,0.0,1030.7,,9.61,0,0
Nikolaev,origin,2025-12-25,15.2,34.9,0.0,1035.2,,8.21,0,0
Nikolaev,origin,2025-12-26,19.2,40.0,1.7,1017.6,,10.37,0,0
Nikolaev,origin,2025-12-27,20.7,41.4,0.6,1011.9,,11.18,0,0
Nikolaev,origin,2025-12-28,27.1,52.9,4.7,997.6,,14.63,0,0
Nikolaev,origin,2025-12-29,28.9,68.4,0.8,1002.9,,15.6,0,0
Nikolaev,origin,2025-12-30,19.3,46.1,0.4,1004.1,,10.42,0,0
Nikolaev,origin,2025-12-31,23.8,52.9,0.9,1005.6,,12.85,0,0
Nikolaev,origin,2026-01-01,15.2,33.8,0.0,1014.3,,8.21,0,0
Nikolaev,origin,2026-01-02,36.2,73.1,0.0,1009.5,,19.55,0,0
Nikolaev,origin,2026-01-03,24.7,49.7,10.0,1005.0,,13.34,0,0
Nikolaev,origin,2026-01-04,17.8,34.6,0.9,1012.5,,9.61,0,0
Nikolaev,origin,2026-01-05,20.3,38.9,1.9,1021.3,,10.96,0,0
Nikolaev,origin,2026-01-06,19.6,40.7,0.4,1014.4,,10.58,0,0
Nikolaev,origin,2026-01-07,18.9,36.4,2.2,1010.5,,10.21,0,0
Nikolaev,origin,2026-01-08,32.2,65.9,10.7,996.6,,17.39,0,0
Nikolaev,origin,2026-01-09,31.1,70.6,0.0,1001.6,,16.79,0,0
Nikolaev,origin,2026-01-10,18.8,37.4,2.2,1002.3,,10.15,0,0
Nikolaev,origin,2026-01-11,20.9,46.4,2.1,1007.1,,11.29,0,0
Nikolaev,origin,2026-01-12,8.2,18.4,0.0,1016.3,,4.43,0,0
Nikolaev,origin,2026-01-13,12.3,25.2,0.0,1021.8,,6.64,0,0
Nikolaev,origin,2026-01-14,9.4,18.4,0.0,1023.2,,5.08,0,0
Nikolaev,origin,2026-01-15,15.0,30.2,0.0,1023.4,,8.1,0,0
Nikolaev,origin,2026-01-16,22.6,49.0,0.0,1030.7,,12.2,0,0
Nikolaev,origin,2026-01-17,20.1,46.1,0.0,1035.8,,10.85,0,0
Nikolaev,origin,2026-01-18,22.5,48.6,0.0,1038.1,,12.15,0,0
Nikolaev,origin,2026-01-19,18.1,40.7,0.0,1037.5,,9.77,0,0
Nikolaev,origin,2026-01-20,11.6,25.9,0.0,1033.9,,6.26,0,0
Nikolaev,origin,2026-01-21,16.1,37.1,0.0,1025.2,,8.69,0,0
Nikolaev,origin,2026-01-22,15.2,36.0,0.0,1013.2,,8.21,0,0
Nikolaev,origin,2026-01-23,17.5,38.2,0.3,1011.3,,9.45,0,0
Nikolaev,origin,2026-01-24,12.7,28.1,0.1,1016.9,,6.86,0,0
Nikolaev,origin,2026-01-25,18.4,33.5,1.8,1020.4,,9.94,0,0
Nikolaev,origin,2026-01-26,24.9,50.8,1.7,1016.2,,13.44,0,0
Nikolaev,origin,2026-01-27,22.5,43.6,2.7,1008.0,,12.15,0,0
Nikolaev,origin,2026-01-28,15.4,27.0,0.0,1005.9,,8.32,0,0
Nikolaev,origin,2026-01-29,18.2,41.8,1.9,1001.2,,9.83,0,0
Nikolaev,origin,2026-01-30,17.3,33.1,13.9,998.4,,9.34,0,0
Nikolaev,origin,2026-01-31,19.8,42.8,1.7,1006.0,,10.69,0,0
Nikolaev,origin,2026-02-01,19.1,41.4,0.0,1018.5,,10.31,0,0
Nikolaev,origin,2026-02-02,17.4,37.8,0.0,1017.4,,9.4,0,0
Nikolaev,origin,2026-02-03,10.3,19.4,0.0,1023.9,,5.56,0,0
Nikolaev,origin,2026-02-04,19.8,39.2,0.4,1025.1,,10.69,0,0
Nikolaev,origin,2026-02-05,20.9,42.5,0.0,1016.2,,11.29,0,0
Nikolaev,origin,2026-02-06,19.7,37.8,4.4,1006.2,,10.64,0,0
Nikolaev,origin,2026-02-07,12.7,25.2,0.1,1002.5,,6.86,0,0
Nikolaev,origin,2026-02-08,16.7,37.4,0.4,1006.5,,9.02,0,0
Nikolaev,origin,2026-02-09,21.2,48.6,0.0,1019.5,,11.45,0,0
Nikolaev,origin,2026-02-10,11.0,20.2,0.0,1020.1,,5.94,0,0
Nikolaev,origin,2026-02-11,18.6,37.1,0.4,1009.7,,10.04,0,0
Nikolaev,origin,2026-02-12,21.7,45.0,0.0,999.2,,11.72,0,0
Nikolaev,origin,2026-02-13,12.2,23.0,3.7,994.0,,6.59,0,0
Nikolaev,origin,2026-02-14,16.6,38.5,5.1,1001.7,,8.96,0,0
Nikolaev,origin,2026-02-15,26.5,58.0,15.4,1006.7,,14.31,0,0
Nikolaev,origin,2026-02-16,30.1,56.5,1.4,1004.5,,16.25,0,0
Nikolaev,origin,2026-02-17,20.0,41.0,0.0,1007.4,,10.8,0,0
Nikolaev,origin,2026-02-18,25.1,49.3,8.9,1000.8,,13.55,0,0
Nikolaev,origin,2026-02-19,24.6,50.8,2.3,1014.2,,13.28,0,0
Nikolaev,origin,2026-02-20,21.4,43.6,0.0,1021.0,,11.56,0,0
Nikolaev,origin,2026-02-21,17.5,38.9,0.0,1027.0,,9.45,0,0
Nikolaev,origin,2026-02-22,15.1,33.5,0.0,1019.8,,8.15,0,0
Nikolaev,origin,2026-02-23,13.5,30.6,0.8,1015.1,,7.29,0,0
Nikolaev,origin,2026-02-24,11.2,25.9,4.9,1009.9,,6.05,0,0
Nikolaev,origin,2026-02-25,18.6,37.1,0.2,1015.4,,10.04,0,0
Nikolaev,origin,2026-02-26,25.8,58.7,0.0,1025.8,,13.93,0,0
Nikolaev,origin,2026-02-27,16.1,37.1,0.0,1029.7,,8.69,0,0
Nikolaev,origin,2026-02-28,12.4,27.7,0.0,1030.2,,6.7,0,0
Nikolaev,origin,2026-03-01,12.1,23.0,0.0,1028.4,,6.53,0,0
Nikolaev,origin,2026-03-02,13.5,30.2,0.0,1024.5,,7.29,0,0
Nikolaev,origin,2026-03-03,22.7,50.4,0.0,1023.9,,12.26,0,0
Nikolaev,origin,2026-03-04,15.3,36.0,0.0,1025.7,,8.26,0,0
Nikolaev,origin,2026-03-05,17.3,40.0,0.0,1019.0,,9.34,0,0
Nikolaev,origin,2026-03-06,22.1,50.4,0.3,1022.6,,11.93,0,0
Nikolaev,origin,2026-03-07,9.4,23.4,0.0,1030.6,,5.08,0,0
Nikolaev,origin,2026-03-08,11.7,23.0,0.0,1031.6,,6.32,0,0
Nikolaev,origin,2026-03-09,8.8,22.3,0.0,1034.2,,4.75,0,0
Nikolaev,origin,2026-03-10,11.1,26.6,0.0,1033.2,,5.99,0,0
Nikolaev,origin,2026-03-11,10.8,23.4,0.0,1030.2,,5.83,0,0
Nikolaev,origin,2026-03-12,12.6,23.8,0.0,1026.9,,6.8,0,0
Nikolaev,origin,2026-03-13,14.5,33.1,0.0,1024.5,,7.83,0,0
Nikolaev,origin,2026-03-14,19.4,44.3,0.0,1020.2,,10.48,0,0
Nikolaev,origin,2026-03-15,22.2,50.0,0.0,1016.6,,11.99,0,0
Nikolaev,origin,2026-03-16,14.4,35.6,0.0,1017.1,,7.78,0,0
Nikolaev,origin,2026-03-17,11.6,29.5,0.0,1020.5,,6.26,0,0
Nikolaev,origin,2026-03-18,13.5,32.8,0.1,1023.2,,7.29,0,0
Nikolaev,origin,2026-03-19,16.4,38.9,0.0,1018.3,,8.86,0,0
Nikolaev,origin,2026-03-20,21.5,49.0,0.0,1011.4,,11.61,0,0
Nikolaev,origin,2026-03-21,21.0,51.1,0.2,1013.9,,11.34,0,0
Nikolaev,origin,2026-03-22,18.1,41.0,0.1,1017.3,,9.77,0,0
Nikolaev,origin,2026-03-23,16.5,38.5,0.0,1016.7,,8.91,0,0
Nikolaev,origin,2026-03-24,15.9,38.2,0.0,1015.0,,8.59,0,0
Nikolaev,origin,2026-03-25,15.8,36.7,0.0,1010.3,,8.53,0,0
Nikolaev,origin,2026-03-26,9.1,17.3,0.0,1007.3,,4.91,0,0
Nikolaev,origin,2026-03-27,9.6,22.3,1.3,1008.7,,5.18,0,0
Nikolaev,origin,2026-03-28,12.9,25.9,0.0,1008.4,,6.97,0,0
Nikolaev,origin,2026-03-29,23.5,52.6,0.3,1004.7,,12.69,0,0
Nikolaev,origin,2026-03-30,18.5,39.6,9.4,1000.8,,9.99,0,0
Nikolaev,origin,2026-03-31,9.7,23.4,0.7,1004.4,,5.24,0,0
Nikolaev,origin,2026-04-01,14.5,28.8,1.2,1009.8,,7.83,0,0
Nikolaev,origin,2026-04-02,12.0,29.9,0.0,1006.0,,6.48,0,0
Nikolaev,origin,2026-04-03,12.0,28.8,0.8,1005.4,,6.48,0,0
Nikolaev,origin,2026-04-04,20.6,43.2,0.9,1010.3,,11.12,0,0
Nikolaev,origin,2026-04-05,17.7,40.7,0.0,1017.7,,9.56,0,0
Nikolaev,origin,2026-04-06,20.9,47.9,0.2,1015.9,,11.29,0,0
Nikolaev,origin,2026-04-07,23.9,54.7,2.1,1012.0,,12.9,0,0
Nikolaev,origin,2026-04-08,18.4,45.7,2.9,1009.8,,9.94,0,0
Nikolaev,origin,2026-04-09,14.9,35.6,0.6,1011.6,,8.05,0,0
Nikolaev,origin,2026-04-10,16.2,38.5,0.7,1015.5,,8.75,0,0
Nikolaev,origin,2026-04-11,12.0,28.8,0.0,1019.5,,6.48,0,0
Nikolaev,origin,2026-04-12,14.2,34.6,8.5,1021.8,,7.67,0,0
Nikolaev,origin,2026-04-13,11.1,26.6,1.3,1023.6,,5.99,0,0
Nikolaev,origin,2026-04-14,16.2,32.0,0.0,1024.2,,8.75,0,0
Nikolaev,origin,2026-04-15,18.0,40.3,0.0,1022.8,,9.72,0,0
Nikolaev,origin,2026-04-16,12.1,32.0,1.7,1021.7,,6.53,0,0
Nikolaev,origin,2026-04-17,12.0,30.2,0.5,1017.2,,6.48,0,0
Nikolaev,origin,2026-04-18,17.4,40.3,0.7,1011.3,,9.4,0,0
Nikolaev,origin,2026-04-19,22.5,51.5,0.1,1012.4,,12.15,0,0
Nikolaev,origin,2026-04-20,16.0,35.6,13.8,1012.1,,8.64,0,0
Nikolaev,origin,2026-04-21,27.2,60.1,10.6,1011.5,,14.69,0,0
Nikolaev,origin,2026-04-22,20.1,46.8,0.0,1013.9,,10.85,0,0
Nikolaev,origin,2026-04-23,28.7,62.6,0.8,1005.3,,15.5,0,0
Nikolaev,origin,2026-04-24,23.1,54.0,0.1,1008.3,,12.47,0,0
Nikolaev,origin,2026-04-25,15.8,36.4,0.0,1013.3,,8.53,0,0
Nikolaev,origin,2026-04-26,30.8,77.0,3.7,1009.9,,16.63,0,0
Nikolaev,origin,2026-04-27,20.3,51.8,0.0,1020.4,,10.96,0,0
Nikolaev,origin,2026-04-28,20.0,43.6,0.2,1019.2,,10.8,0,0
Nikolaev,origin,2026-04-29,11.6,28.1,0.0,1021.3,,6.26,0,0
Nikolaev,origin,2026-04-30,13.1,32.8,0.0,1023.8,,7.07,0,0
Nikolaev,origin,2026-05-01,17.3,41.4,0.0,1022.9,,9.34,0,0
Nikolaev,origin,2026-05-02,13.6,34.2,0.4,1023.2,,7.34,0,0
Nikolaev,origin,2026-05-03,13.0,34.6,0.0,1020.3,,7.02,0,0
Nikolaev,origin,2026-05-04,19.0,46.4,0.0,1015.5,,10.26,0,0
Nikolaev,origin,2026-05-05,12.4,27.7,0.0,1015.3,,6.7,0,0
Nikolaev,origin,2026-05-06,18.7,43.9,0.0,1015.5,,10.1,0,0
Nikolaev,origin,2026-05-07,16.3,40.7,0.0,1018.7,,8.8,0,0
Nikolaev,origin,2026-05-08,21.2,51.1,0.0,1018.8,,11.45,0,0
Nikolaev,origin,2026-05-09,14.5,37.8,0.0,1017.2,,7.83,0,0
Nikolaev,origin,2026-05-10,13.9,33.1,7.3,1013.6,,7.51,0,0
Nikolaev,origin,2026-05-11,16.9,38.5,1.4,1011.6,,9.13,0,0
Nikolaev,origin,2026-05-12,23.9,55.8,5.7,1005.8,,12.9,0,0
Nikolaev,origin,2026-05-13,12.7,31.7,9.0,1000.4,,6.86,0,0
Nikolaev,origin,2026-05-14,19.8,43.2,2.7,1002.5,,10.69,0,0
Nikolaev,origin,2026-05-15,15.3,34.2,0.0,1006.2,,8.26,0,0
Nikolaev,origin,2026-05-16,12.0,29.5,0.0,1009.0,,6.48,0,0
Nikolaev,origin,2026-05-17,11.2,29.5,1.1,1005.1,,6.05,0,0
Nikolaev,origin,2026-05-18,12.7,33.1,3.9,1006.7,,6.86,0,0
Nikolaev,origin,2026-05-19,15.5,35.3,0.7,1010.2,,8.37,0,0
Nikolaev,origin,2026-05-20,15.4,36.4,2.4,1007.5,,8.32,0,0
Nikolaev,origin,2026-05-21,20.1,45.0,7.9,1010.2,,10.85,0,0
Nikolaev,origin,2026-05-22,16.9,36.0,0.0,1015.1,,9.13,0,0
Nikolaev,origin,2026-05-23,14.9,39.2,0.7,1017.8,,8.05,0,0
Nikolaev,origin,2026-05-24,18.4,43.9,0.0,1018.7,,9.94,0,0
Nikolaev,origin,2026-05-25,18.7,41.8,0.0,1018.0,,10.1,0,0
Nikolaev,origin,2026-05-26,29.2,65.5,0.0,1015.4,,15.77,0,0
Nikolaev,origin,2026-05-27,28.8,68.8,8.2,1011.3,,15.55,0,0
Nikolaev,origin,2026-05-28,25.9,58.7,0.0,1012.1,,13.98,0,0
Nikolaev,origin,2026-05-29,23.7,58.0,2.0,1014.2,,12.8,0,0
Nikolaev,origin,2026-05-30,18.4,42.8,9.3,1009.5,,9.94,0,0
Nikolaev,origin,2026-05-31,10.3,22.0,1.3,1010.3,,5.56,0,0
Nikolaev,origin,2026-06-01,5.9,20.5,0.4,1015.1,,3.19,0,0
Nikolaev,origin,2026-06-02,15.9,38.5,0.1,1018.8,,8.59,0,0
Nikolaev,origin,2026-06-03,13.0,31.0,2.1,1014.5,,7.02,0,0
Nikolaev,origin,2026-06-04,9.3,25.9,1.0,1013.5,,5.02,0,0
Nikolaev,origin,2026-06-05,11.4,24.8,0.0,1015.3,,6.16,0,0
Nikolaev,origin,2026-06-06,11.9,29.9,0.2,1016.4,,6.43,0,0
Nikolaev,origin,2026-06-07,18.4,46.1,0.7,1016.7,,9.94,0,0
Nikolaev,origin,2026-06-08,15.6,38.9,1.9,1015.5,,8.42,0,0
Nikolaev,origin,2026-06-09,11.6,34.2,5.9,1014.9,,6.26,0,0
Nikolaev,origin,2026-06-10,18.6,43.2,3.2,1015.0,,10.04,0,0
Nikolaev,origin,2026-06-11,10.8,22.7,0.5,1014.3,,5.83,0,0
Nikolaev,origin,2026-06-12,17.5,40.3,2.6,1012.6,,9.45,0,0
Nikolaev,origin,2026-06-13,16.3,36.4,1.0,1013.0,,8.8,0,0
Nikolaev,origin,2026-06-14,20.7,47.2,0.2,1010.3,,11.18,0,0
Nikolaev,origin,2026-06-15,17.6,39.2,0.0,1010.2,,9.5,0,0
Nikolaev,origin,2026-06-16,17.3,42.1,0.1,1015.6,,9.34,0,0
Nikolaev,origin,2026-06-17,21.1,51.1,1.5,1016.4,,11.39,0,0
Nikolaev,origin,2026-06-18,16.6,36.0,7.1,1016.6,,8.96,0,0
Nikolaev,origin,2026-06-19,13.4,33.8,0.0,1017.9,,7.24,0,0
Nikolaev,origin,2026-06-20,13.9,34.2,0.0,1019.6,,7.51,0,0
Nikolaev,origin,2026-06-21,13.6,34.6,0.0,1021.4,,7.34,0,0
Nikolaev,origin,2026-06-22,16.6,42.5,0.0,1019.1,,8.96,0,0
Nikolaev,origin,2026-06-23,14.0,35.6,1.2,1014.6,,7.56,0,0
Nikolaev,origin,2026-06-24,11.8,32.0,0.2,1013.7,,6.37,0,0
Nikolaev,origin,2026-06-25,18.7,44.3,0.0,1013.0,,10.1,0,0
Nikolaev,origin,2026-06-26,17.9,44.3,0.7,1015.2,,9.67,0,0
Nikolaev,origin,2026-06-27,14.8,36.4,0.0,1020.0,,7.99,0,0
Nikolaev,origin,2026-06-28,21.8,51.8,0.0,1017.1,,11.77,0,0
Nikolaev,origin,2026-06-29,11.8,27.4,0.0,1016.6,,6.37,0,0
Nikolaev,origin,2026-06-30,16.2,33.1,2.7,1013.7,,8.75,0,0
Nikolaev,origin,2026-07-01,16.4,35.3,0.0,1013.2,,8.86,0,0
Nikolaev,origin,2026-07-02,13.1,33.1,0.0,1010.1,,7.07,0,0
Nikolaev,origin,2026-07-03,16.2,41.0,1.1,1007.5,,8.75,0,0
Nikolaev,origin,2026-07-04,23.0,54.0,0.5,1009.4,,12.42,0,0
Nikolaev,origin,2026-07-05,16.8,42.5,0.0,1011.7,,9.07,0,0
Nikolaev,origin,2026-07-06,20.2,48.6,0.2,1012.7,,10.91,0,0
Nikolaev,origin,2026-07-07,25.0,58.0,0.4,1013.7,,13.5,0,0
Nikolaev,origin,2026-07-08,21.1,52.2,18.8,1007.6,,11.39,0,0
Nikolaev,origin,2026-07-09,14.1,34.9,3.0,1008.2,,7.61,0,0
Nikolaev,origin,2026-07-10,12.6,34.6,4.4,1012.5,,6.8,0,0
Nikolaev,origin,2026-07-11,17.2,40.0,0.8,1015.6,,9.29,0,0
Nikolaev,origin,2026-07-12,14.4,33.1,0.0,1014.3,,7.78,0,0
Nikolaev,origin,2026-07-13,10.6,27.4,0.0,1012.7,,5.72,0,0
Nikolaev,origin,2026-07-14,18.9,47.9,2.1,1012.2,,10.21,0,0
Nikolaev,origin,2026-07-15,13.2,34.6,0.7,1013.8,,7.13,0,0
Nikolaev,origin,2026-07-16,16.0,39.6,0.2,1014.3,,8.64,0,0
Nikolaev,origin,2026-07-17,14.5,37.4,2.3,1014.1,,7.83,0,0
Nikolaev,origin,2026-07-18,11.8,31.0,0.0,1014.6,,6.37,0,0
Nikolaev,origin,2026-07-19,14.2,34.2,0.0,1014.6,,7.67,0,0
Nikolaev,origin,2026-07-20,18.0,44.3,0.0,1014.6,,9.72,0,0
Nikolaev,origin,2026-07-21,13.8,32.8,14.5,1014.2,,7.45,0,0
Nikolaev,origin,2026-07-22,15.9,38.5,4.4,1012.8,,8.59,0,0
Nikolaev,origin,2026-07-23,14.8,34.9,0.1,1009.4,,7.99,0,0
Nikolaev,origin,2026-07-24,12.0,30.2,0.0,1007.7,,6.48,0,0
Nikolaev,origin,2026-07-25,17.9,41.4,0.2,1007.3,,9.67,0,0
Nikolaev,origin,2026-07-26,15.5,37.8,0.0,1010.3,,8.37,0,0
Nikolaev,origin,2026-07-27,22.8,52.9,1.4,1012.4,,12.31,0,0
Nikolaev,origin,2026-07-28,24.1,55.1,0.3,1014.6,,13.01,0,0
Nikolaev,origin,2026-07-29,20.0,47.5,0.0,1021.3,,10.8,0,0
Nikolaev,origin,2026-07-30,16.5,39.6,0.0,1020.4,,8.91,0,0
Nikolaev,origin,2026-07-31,10.5,29.2,0.0,1018.6,,5.67,0,0
Nikolaev,origin,2026-08-01,12.2,28.1,0.0,1017.3,,6.59,0,0
Nikolaev,origin,2026-08-02,13.3,30.2,0.0,1016.9,,7.18,0,0
Nikolaev,origin,2026-08-03,16.8,37.8,0.0,1015.5,,9.07,0,0
Nikolaev,origin,2026-08-04,16.7,42.1,0.0,1014.7,,9.02,0,0
Nikolaev,origin,2026-08-05,13.7,34.6,0.0,1015.5,,7.4,0,0
Nikolaev,origin,2026-08-06,9.3,27.0,0.0,1014.7,,5.02,0,0
Nikolaev,origin,2026-08-07,17.1,43.2,0.0,1011.2,,9.23,0,0
Nikolaev,origin,2026-08-08,20.4,47.2,0.2,1010.4,,11.02,0,0
Nikolaev,origin,2026-08-09,19.3,46.1,0.0,1015.3,,10.42,0,0
Nikolaev,origin,2026-08-10,12.6,29.2,0.6,1015.4,,6.8,0,0
Nikolaev,origin,2026-08-11,10.9,28.1,0.0,1014.1,,5.89,0,0
Nikolaev,origin,2026-08-12,24.1,56.2,0.2,1019.1,,13.01,0,0
Nikolaev,origin,2026-08-13,15.3,38.9,0.0,1023.2,,8.26,0,0
Nikolaev,origin,2026-08-14,14.8,38.2,0.0,1021.7,,7.99,0,0
Nikolaev,origin,2026-08-15,12.5,34.6,0.0,1020.2,,6.75,0,0
Nikolaev,origin,2026-08-16,11.8,23.0,0.0,1017.1,,6.37,0,0
Nikolaev,origin,2026-08-17,17.4,43.6,0.0,1012.0,,9.4,0,0
Nikolaev,origin,2026-08-18,23.9,55.8,1.0,1008.2,,12.9,0,0
Nikolaev,origin,2026-08-19,13.5,28.4,2.3,1013.1,,7.29,0,0
Nikolaev,origin,2026-08-20,20.2,45.4,0.1,1017.9,,10.91,0,0
Nikolaev,origin,2026-08-21,17.0,40.0,0.0,1017.4,,9.18,0,0
Nikolaev,origin,2026-08-22,9.1,25.6,0.0,1011.7,,4.91,0,0
Nikolaev,origin,2026-08-23,21.2,50.4,0.0,1013.6,,11.45,0,0
Nikolaev,origin,2026-08-24,13.1,29.9,0.0,1019.6,,7.07,0,0
Nikolaev,origin,2026-08-25,12.9,31.0,0.0,1019.0,,6.97,0,0
Nikolaev,origin,2026-08-26,16.8,34.2,4.2,1018.5,,9.07,0,0
Nikolaev,origin,2026-08-27,12.3,26.6,2.5,1018.7,,6.64,0,0
Nikolaev,origin,2026-08-28,22.4,52.9,2.1,1018.7,,12.1,0,0
Nikolaev,origin,2026-08-29,15.9,33.1,0.0,1018.2,,8.59,0,0
Nikolaev,origin,2026-08-30,11.6,25.2,0.0,1018.3,,6.26,0,0
Nikolaev,origin,2026-08-31,10.8,24.5,0.0,1018.7,,5.83,0,0
Nikolaev,origin,2026-09-01,10.5,25.9,0.0,1017.4,,5.67,0,0
Nikolaev,origin,2026-09-02,9.8,25.9,0.0,1017.6,,5.29,0,0
Nikolaev,origin,2026-09-03,12.2,30.6,2.1,1017.1,,6.59,0,0
Nikolaev,origin,2026-09-04,13.4,31.0,0.0,1015.3,,7.24,0,0
Nikolaev,origin,2026-09-05,22.6,47.5,7.0,1013.5,,12.2,0,0
Nikolaev,origin,2026-09-06,26.1,57.6,6.6,1016.6,,14.09,0,0
Nikolaev,origin,2026-09-07,18.4,43.9,0.0,1022.8,,9.94,0,0
Nikolaev,origin,2026-09-08,9.2,18.4,0.0,1021.3,,4.97,0,0
Nikolaev,origin,2026-09-09,12.7,31.0,0.0,1017.6,,6.86,0,0
Nikolaev,origin,2026-09-10,16.9,39.2,0.0,1018.0,,9.13,0,0
Nikolaev,origin,2026-09-11,14.0,32.8,0.0,1019.1,,7.56,0,0
Nikolaev,origin,2026-09-12,13.5,34.6,0.0,1016.8,,7.29,0,0
Nikolaev,origin,2026-09-13,18.0,40.0,5.6,1014.9,,9.72,0,0
Nikolaev,origin,2026-09-14,21.9,45.7,19.0,1014.3,,11.83,0,0
Nikolaev,origin,2026-09-15,22.6,54.4,0.0,1017.0,,12.2,0,0
Nikolaev,origin,2026-09-16,10.9,25.6,0.0,1018.2,,5.89,0,0
Nikolaev,origin,2026-09-17,9.5,16.9,0.0,1017.3,,5.13,0,0
Nikolaev,origin,2026-09-18,9.1,19.1,0.0,1017.7,,4.91,0,0
Nikolaev,origin,2026-09-19,8.2,16.6,0.0,1021.7,,4.43,0,0
Nikolaev,origin,2026-09-20,10.7,20.9,0.1,1021.6,,5.78,0,0
Nikolaev,origin,2026-09-21,19.2,45.0,2.5,1013.6,,10.37,0,0
Nikolaev,origin,2026-09-22,14.2,34.2,0.0,1015.7,,7.67,0,0
Nikolaev,origin,2026-09-23,21.6,41.4,29.0,1013.1,,11.66,0,0
Nikolaev,origin,2026-09-24,16.0,40.7,0.1,1017.9,,8.64,0,0
Nikolaev,origin,2026-09-25,13.7,30.2,0.0,1023.5,,7.4,0,0
Nikolaev,origin,2026-09-26,13.1,26.6,0.0,1025.6,,7.07,0,0
Nikolaev,origin,2026-09-27,22.4,50.4,3.4,1022.9,,12.1,0,0
Nikolaev,origin,2026-09-28,22.6,49.3,0.0,1020.0,,12.2,0,0
Nikolaev,origin,2026-09-29,26.6,59.0,0.0,1025.7,,14.36,0,0
Nikolaev,origin,2026-09-30,20.6,47.5,0.0,1029.0,,11.12,0,0
Paradip,discharge,2025-09-01,11.9,26.3,4.2,1000.3,,6.43,0,0
Paradip,discharge,2025-09-02,11.3,24.5,14.5,999.9,,6.1,0,0
Paradip,discharge,2025-09-03,23.6,43.6,27.1,1000.1,,12.74,0,0
Paradip,discharge,2025-09-04,15.4,28.8,14.1,1003.3,,8.32,0,0
Paradip,discharge,2025-09-05,14.9,29.9,10.5,1005.3,,8.05,0,0
Paradip,discharge,2025-09-06,13.2,27.7,4.3,1006.2,,7.13,0,0
Paradip,discharge,2025-09-07,14.5,30.2,0.6,1005.4,,7.83,0,0
Paradip,discharge,2025-09-08,12.7,26.3,2.5,1005.4,,6.86,0,0
Paradip,discharge,2025-09-09,13.8,28.4,0.9,1006.0,,7.45,0,0
Paradip,discharge,2025-09-10,14.5,31.0,5.7,1005.1,,7.83,0,0
Paradip,discharge,2025-09-11,15.2,31.0,9.7,1005.0,,8.21,0,0
Paradip,discharge,2025-09-12,15.8,33.8,9.8,1005.9,,8.53,0,0
Paradip,discharge,2025-09-13,15.9,33.8,11.9,1006.7,,8.59,0,0
Paradip,discharge,2025-09-14,14.7,32.0,15.9,1007.0,,7.94,0,0
Paradip,discharge,2025-09-15,18.1,35.6,15.9,1006.2,,9.77,0,0
Paradip,discharge,2025-09-16,20.5,37.4,3.5,1006.8,,11.07,0,0
Paradip,discharge,2025-09-17,19.3,37.8,3.3,1006.9,,10.42,0,0
Paradip,discharge,2025-09-18,14.3,28.8,8.3,1006.5,,7.72,0,0
Paradip,discharge,2025-09-19,11.1,25.6,7.5,1005.9,,5.99,0,0
Paradip,discharge,2025-09-20,10.8,27.0,11.5,1004.4,,5.83,0,0
Paradip,discharge,2025-09-21,7.5,21.6,9.4,1003.6,,4.05,0,0
Paradip,discharge,2025-09-22,8.4,19.8,7.9,1003.7,,4.54,0,0
Paradip,discharge,2025-09-23,11.5,27.7,4.8,1002.0,,6.21,0,0
Paradip,discharge,2025-09-24,10.2,21.2,3.1,1000.2,,5.51,0,0
Paradip,discharge,2025-09-25,13.4,24.8,5.1,1000.7,,7.24,0,0
Paradip,discharge,2025-09-26,20.9,37.8,28.6,1000.7,,11.29,0,0
Paradip,discharge,2025-09-27,25.5,50.4,22.0,1004.8,,13.77,0,0
Paradip,discharge,2025-09-28,11.9,24.8,9.0,1005.5,,6.43,0,0
Paradip,discharge,2025-09-29,10.7,25.6,10.9,1003.9,,5.78,0,0
Paradip,discharge,2025-09-30,10.0,22.0,0.0,1002.4,,5.4,0,0
Paradip,discharge,2025-10-01,21.8,43.9,34.1,1001.9,,11.77,0,0
Paradip,discharge,2025-10-02,35.6,66.2,17.2,1003.0,,19.22,0,0
Paradip,discharge,2025-10-03,35.1,63.7,16.6,1006.7,,18.95,0,0
Paradip,discharge,2025-10-04,24.1,46.1,7.3,1007.8,,13.01,0,0
Paradip,discharge,2025-10-05,18.9,35.6,32.8,1008.5,,10.21,0,0
Paradip,discharge,2025-10-06,9.0,20.9,10.1,1009.1,,4.86,0,0
Paradip,discharge,2025-10-07,7.2,18.4,5.8,1009.1,,3.89,0,0
Paradip,discharge,2025-10-08,9.2,20.5,9.4,1009.6,,4.97,0,0
Paradip,discharge,2025-10-09,8.3,23.4,6.9,1009.6,,4.48,0,0
Paradip,discharge,2025-10-10,10.0,25.2,7.6,1008.9,,5.4,0,0
Paradip,discharge,2025-10-11,13.3,31.7,2.3,1009.0,,7.18,0,0
Paradip,discharge,2025-10-12,18.7,36.0,1.6,1009.5,,10.1,0,0
Paradip,discharge,2025-10-13,17.4,32.8,0.1,1010.1,,9.4,0,0
Paradip,discharge,2025-10-14,16.6,32.0,0.1,1009.1,,8.96,0,0
Paradip,discharge,2025-10-15,14.9,29.2,0.0,1009.1,,8.05,0,0
Paradip,discharge,2025-10-16,11.5,24.1,0.1,1009.8,,6.21,0,0
Paradip,discharge,2025-10-17,11.5,24.1,0.0,1010.9,,6.21,0,0
Paradip,discharge,2025-10-18,17.4,33.5,11.1,1010.0,,9.4,0,0
Paradip,discharge,2025-10-19,15.9,31.7,5.9,1009.5,,8.59,0,0
Paradip,discharge,2025-10-20,14.4,31.3,2.9,1009.9,,7.78,0,0
Paradip,discharge,2025-10-21,16.9,34.6,0.2,1010.6,,9.13,0,0
Paradip,discharge,2025-10-22,19.6,37.8,0.2,1010.7,,10.58,0,0
Paradip,discharge,2025-10-23,13.4,26.6,0.2,1010.5,,7.24,0,0
Paradip,discharge,2025-10-24,14.8,30.2,1.0,1010.2,,7.99,0,0
Paradip,discharge,2025-10-25,12.2,25.2,3.3,1010.2,,6.59,0,0
Paradip,discharge,2025-10-26,16.5,32.0,0.0,1010.3,,8.91,0,0
Paradip,discharge,2025-10-27,20.7,37.8,26.3,1010.0,,11.18,0,0
Paradip,discharge,2025-10-28,23.9,48.6,32.9,1009.1,,12.9,0,0
Paradip,discharge,2025-10-29,21.1,40.3,14.7,1008.7,,11.39,0,0
Paradip,discharge,2025-10-30,21.9,38.9,3.1,1010.0,,11.83,0,0
Paradip,discharge,2025-10-31,16.5,32.0,0.2,1009.4,,8.91,0,0
Paradip,discharge,2025-11-01,12.8,25.2,2.6,1008.5,,6.91,0,0
Paradip,discharge,2025-11-02,10.1,24.5,3.6,1009.2,,5.45,0,0
Paradip,discharge,2025-11-03,11.1,21.6,0.2,1009.1,,5.99,0,0
Paradip,discharge,2025-11-04,14.4,27.7,0.0,1008.6,,7.78,0,0
Paradip,discharge,2025-11-05,11.4,22.7,0.0,1008.0,,6.16,0,0
Paradip,discharge,2025-11-06,10.3,18.7,0.0,1009.4,,5.56,0,0
Paradip,discharge,2025-11-07,15.6,30.2,0.1,1011.1,,8.42,0,0
Paradip,discharge,2025-11-08,17.4,33.1,0.0,1012.0,,9.4,0,0
Paradip,discharge,2025-11-09,11.4,23.8,0.0,1011.5,,6.16,0,0
Paradip,discharge,2025-11-10,12.9,26.6,0.0,1012.2,,6.97,0,0
Paradip,discharge,2025-11-11,8.8,19.8,0.0,1012.8,,4.75,0,0
Paradip,discharge,2025-11-12,12.0,24.8,0.0,1014.0,,6.48,0,0
Paradip,discharge,2025-11-13,16.1,31.3,0.0,1015.0,,8.69,0,0
Paradip,discharge,2025-11-14,14.1,28.4,0.0,1014.9,,7.61,0,0
Paradip,discharge,2025-11-15,15.5,30.6,0.0,1016.0,,8.37,0,0
Paradip,discharge,2025-11-16,14.5,28.8,0.0,1016.7,,7.83,0,0
Paradip,discharge,2025-11-17,13.3,27.4,0.0,1016.1,,7.18,0,0
Paradip,discharge,2025-11-18,11.4,24.5,0.0,1014.0,,6.16,0,0
Paradip,discharge,2025-11-19,13.2,24.1,0.0,1014.4,,7.13,0,0
Paradip,discharge,2025-11-20,15.7,30.2,0.0,1015.3,,8.48,0,0
Paradip,discharge,2025-11-21,15.8,30.2,0.0,1016.2,,8.53,0,0
Paradip,discharge,2025-11-22,12.1,24.1,0.0,1015.3,,6.53,0,0
Paradip,discharge,2025-11-23,14.1,27.0,0.0,1015.5,,7.61,0,0
Paradip,discharge,2025-11-24,15.8,31.3,0.0,1016.2,,8.53,0,0
Paradip,discharge,2025-11-25,14.5,29.9,0.0,1015.2,,7.83,0,0
Paradip,discharge,2025-11-26,18.0,34.9,0.0,1016.4,,9.72,0,0
Paradip,discharge,2025-11-27,14.3,29.5,0.0,1016.0,,7.72,0,0
Paradip,discharge,2025-11-28,15.4,28.8,0.0,1014.4,,8.32,0,0
Paradip,discharge,2025-11-29,16.9,30.6,0.0,1013.5,,9.13,0,0
Paradip,discharge,2025-11-30,14.8,27.7,0.0,1013.8,,7.99,0,0
Paradip,discharge,2025-12-01,13.6,27.4,0.0,1013.8,,7.34,0,0
Paradip,discharge,2025-12-02,15.9,30.2,0.0,1013.7,,8.59,0,0
Paradip,discharge,2025-12-03,14.6,28.8,0.0,1015.5,,7.88,0,0
Paradip,discharge,2025-12-04,17.1,33.8,0.0,1016.6,,9.23,0,0
Paradip,discharge,2025-12-05,18.9,37.1,0.0,1017.3,,10.21,0,0
Paradip,discharge,2025-12-06,15.8,31.3,0.0,1017.2,,8.53,0,0
Paradip,discharge,2025-12-07,12.5,27.0,0.0,1016.7,,6.75,0,0
Paradip,discharge,2025-12-08,10.5,23.4,0.0,1015.8,,5.67,0,0
Paradip,discharge,2025-12-09,15.5,31.3,0.0,1015.6,,8.37,0,0
Paradip,discharge,2025-12-10,13.5,29.2,0.0,1016.2,,7.29,0,0
Paradip,discharge,2025-12-11,10.5,23.8,0.0,1015.1,,5.67,0,0
Paradip,discharge,2025-12-12,10.1,23.8,0.0,1014.6,,5.45,0,0
Paradip,discharge,2025-12-13,14.8,27.7,0.0,1015.3,,7.99,0,0
Paradip,discharge,2025-12-14,14.4,27.0,0.0,1015.8,,7.78,0,0
Paradip,discharge,2025-12-15,11.8,23.0,0.0,1015.8,,6.37,0,0
Paradip,discharge,2025-12-16,9.5,19.8,0.0,1015.6,,5.13,0,0
Paradip,discharge,2025-12-17,11.0,20.9,0.0,1016.1,,5.94,0,0
Paradip,discharge,2025-12-18,9.9,23.4,0.0,1015.4,,5.35,0,0
Paradip,discharge,2025-12-19,11.7,24.5,0.0,1013.6,,6.32,0,0
Paradip,discharge,2025-12-20,10.4,24.1,0.0,1013.9,,5.62,0,0
Paradip,discharge,2025-12-21,11.6,23.0,0.0,1015.4,,6.26,0,0
Paradip,discharge,2025-12-22,13.1,27.7,0.0,1014.4,,7.07,0,0
Paradip,discharge,2025-12-23,12.1,24.5,0.0,1013.7,,6.53,0,0
Paradip,discharge,2025-12-24,14.0,28.1,0.0,1014.1,,7.56,0,0
Paradip,discharge,2025-12-25,13.8,29.2,0.0,1015.5,,7.45,0,0
Paradip,discharge,2025-12-26,11.9,24.8,0.0,1015.0,,6.43,0,0
Paradip,discharge,2025-12-27,10.7,23.8,0.0,1015.4,,5.78,0,0
Paradip,discharge,2025-12-28,12.7,24.5,0.0,1015.8,,6.86,0,0
Paradip,discharge,2025-12-29,13.2,25.2,0.0,1015.6,,7.13,0,0
Paradip,discharge,2025-12-30,12.5,24.8,0.0,1014.2,,6.75,0,0
Paradip,discharge,2025-12-31,11.1,25.6,0.0,1012.9,,5.99,0,0
Paradip,discharge,2026-01-01,11.4,23.8,0.0,1013.9,,6.16,0,0
Paradip,discharge,2026-01-02,11.0,23.0,0.0,1015.7,,5.94,0,0
Paradip,discharge,2026-01-03,9.4,20.2,1.5,1016.5,,5.08,0,0
Paradip,discharge,2026-01-04,15.0,28.8,0.0,1017.5,,8.1,0,0
Paradip,discharge,2026-01-05,15.4,29.9,0.0,1018.2,,8.32,0,0
Paradip,discharge,2026-01-06,16.6,33.5,0.0,1019.0,,8.96,0,0
Paradip,discharge,2026-01-07,15.4,32.4,0.0,1019.2,,8.32,0,0
Paradip,discharge,2026-01-08,15.8,32.4,0.0,1019.2,,8.53,0,0
Paradip,discharge,2026-01-09,13.3,28.4,0.0,1017.8,,7.18,0,0
Paradip,discharge,2026-01-10,12.6,27.4,0.0,1017.7,,6.8,0,0
Paradip,discharge,2026-01-11,14.6,30.2,0.0,1018.7,,7.88,0,0
Paradip,discharge,2026-01-12,17.3,34.2,0.0,1019.3,,9.34,0,0
Paradip,discharge,2026-01-13,12.1,24.5,0.0,1016.9,,6.53,0,0
Paradip,discharge,2026-01-14,10.7,21.6,0.0,1015.4,,5.78,0,0
Paradip,discharge,2026-01-15,12.3,26.6,0.0,1015.0,,6.64,0,0
Paradip,discharge,2026-01-16,11.7,24.1,0.0,1014.7,,6.32,0,0
Paradip,discharge,2026-01-17,10.2,22.0,0.0,1013.0,,5.51,0,0
Paradip,discharge,2026-01-18,12.2,24.5,0.0,1012.6,,6.59,0,0
Paradip,discharge,2026-01-19,9.5,18.0,0.0,1013.6,,5.13,0,0
Paradip,discharge,2026-01-20,10.7,22.3,0.0,1014.5,,5.78,0,0
Paradip,discharge,2026-01-21,15.3,29.5,0.0,1015.6,,8.26,0,0
Paradip,discharge,2026-01-22,14.1,29.9,0.0,1016.7,,7.61,0,0
Paradip,discharge,2026-01-23,12.7,25.6,0.0,1018.1,,6.86,0,0
Paradip,discharge,2026-01-24,10.5,20.9,0.0,1017.5,,5.67,0,0
Paradip,discharge,2026-01-25,10.1,21.6,0.0,1016.6,,5.45,0,0
Paradip,discharge,2026-01-26,12.5,25.2,0.0,1018.1,,6.75,0,0
Paradip,discharge,2026-01-27,10.3,19.8,0.0,1017.8,,5.56,0,0
Paradip,discharge,2026-01-28,9.9,22.0,0.0,1016.4,,5.35,0,0
Paradip,discharge,2026-01-29,11.2,24.8,0.0,1016.4,,6.05,0,0
Paradip,discharge,2026-01-30,12.7,28.4,0.0,1017.5,,6.86,0,0
Paradip,discharge,2026-01-31,14.4,29.5,0.0,1017.5,,7.78,0,0
Paradip,discharge,2026-02-01,15.0,31.0,0.0,1017.7,,8.1,0,0
Paradip,discharge,2026-02-02,14.1,29.9,0.0,1017.1,,7.61,0,0
Paradip,discharge,2026-02-03,13.3,29.2,0.0,1018.0,,7.18,0,0
Paradip,discharge,2026-02-04,14.5,30.6,0.0,1017.8,,7.83,0,0
Paradip,discharge,2026-02-05,14.8,30.2,0.0,1017.6,,7.99,0,0
Paradip,discharge,2026-02-06,14.1,28.1,0.0,1016.3,,7.61,0,0
Paradip,discharge,2026-02-07,14.0,29.5,0.0,1015.1,,7.56,0,0
Paradip,discharge,2026-02-08,13.7,26.6,0.0,1014.7,,7.4,0,0
Paradip,discharge,2026-02-09,11.7,22.0,0.0,1014.8,,6.32,0,0
Paradip,discharge,2026-02-10,11.8,24.1,0.0,1016.2,,6.37,0,0
Paradip,discharge,2026-02-11,11.7,25.6,0.0,1017.1,,6.32,0,0
Paradip,discharge,2026-02-12,13.5,27.0,0.0,1015.6,,7.29,0,0
Paradip,discharge,2026-02-13,12.5,25.6,0.0,1014.9,,6.75,0,0
Paradip,discharge,2026-02-14,15.5,30.6,0.0,1013.4,,8.37,0,0
Paradip,discharge,2026-02-15,13.7,29.5,0.3,1013.1,,7.4,0,0
Paradip,discharge,2026-02-16,15.5,31.3,0.0,1013.5,,8.37,0,0
Paradip,discharge,2026-02-17,13.6,28.4,0.0,1013.5,,7.34,0,0
Paradip,discharge,2026-02-18,15.5,31.0,0.0,1013.7,,8.37,0,0
Paradip,discharge,2026-02-19,14.1,28.8,0.0,1015.1,,7.61,0,0
Paradip,discharge,2026-02-20,14.4,29.9,0.0,1014.6,,7.78,0,0
Paradip,discharge,2026-02-21,14.8,29.2,0.0,1011.1,,7.99,0,0
Paradip,discharge,2026-02-22,16.2,30.2,0.0,1009.4,,8.75,0,0
Paradip,discharge,2026-02-23,13.1,29.9,0.2,1009.5,,7.07,0,0
Paradip,discharge,2026-02-24,7.1,19.4,0.5,1011.0,,3.83,0,0
Paradip,discharge,2026-02-25,16.9,33.5,1.8,1011.6,,9.13,0,0
Paradip,discharge,2026-02-26,15.3,32.4,4.2,1009.9,,8.26,0,0
Paradip,discharge,2026-02-27,15.8,29.9,0.0,1008.2,,8.53,0,0
Paradip,discharge,2026-02-28,17.3,33.1,0.0,1008.0,,9.34,0,0
Paradip,discharge,2026-03-01,21.2,40.0,0.0,1008.3,,11.45,0,0
Paradip,discharge,2026-03-02,16.5,33.1,0.1,1009.8,,8.91,0,0
Paradip,discharge,2026-03-03,16.4,32.4,0.0,1011.3,,8.86,0,0
Paradip,discharge,2026-03-04,15.6,30.6,0.0,1010.4,,8.42,0,0
Paradip,discharge,2026-03-05,14.2,29.2,0.0,1008.4,,7.67,0,0
Paradip,discharge,2026-03-06,14.4,31.0,0.0,1009.4,,7.78,0,0
Paradip,discharge,2026-03-07,16.8,34.9,2.4,1011.2,,9.07,0,0
Paradip,discharge,2026-03-08,17.7,36.0,1.9,1011.8,,9.56,0,0
Paradip,discharge,2026-03-09,20.2,40.3,1.9,1012.9,,10.91,0,0
Paradip,discharge,2026-03-10,19.0,38.2,0.0,1013.3,,10.26,0,0
Paradip,discharge,2026-03-11,23.0,44.3,0.5,1010.7,,12.42,0,0
Paradip,discharge,2026-03-12,18.5,36.0,0.0,1008.5,,9.99,0,0
Paradip,discharge,2026-03-13,21.7,42.8,0.0,1008.8,,11.72,0,0
Paradip,discharge,2026-03-14,24.3,47.5,0.0,1010.7,,13.12,0,0
Paradip,discharge,2026-03-15,27.2,51.5,0.0,1011.0,,14.69,0,0
Paradip,discharge,2026-03-16,22.6,45.7,13.3,1010.1,,12.2,0,0
Paradip,discharge,2026-03-17,23.2,44.6,0.0,1010.5,,12.53,0,0
Paradip,discharge,2026-03-18,18.9,37.4,0.0,1011.1,,10.21,0,0
Paradip,discharge,2026-03-19,17.7,32.4,1.0,1010.9,,9.56,0,0
Paradip,discharge,2026-03-20,20.9,43.2,4.2,1009.8,,11.29,0,0
Paradip,discharge,2026-03-21,17.5,37.8,0.4,1011.4,,9.45,0,0
Paradip,discharge,2026-03-22,12.3,31.7,2.7,1012.0,,6.64,0,0
Paradip,discharge,2026-03-23,15.0,32.8,0.0,1011.6,,8.1,0,0
Paradip,discharge,2026-03-24,16.6,36.4,1.5,1009.9,,8.96,0,0
Paradip,discharge,2026-03-25,21.3,40.3,0.0,1010.0,,11.5,0,0
Paradip,discharge,2026-03-26,13.3,27.0,0.0,1010.2,,7.18,0,0
Paradip,discharge,2026-03-27,16.5,34.6,0.5,1007.7,,8.91,0,0
Paradip,discharge,2026-03-28,17.7,35.6,0.0,1006.5,,9.56,0,0
Paradip,discharge,2026-03-29,22.1,42.8,0.0,1007.0,,11.93,0,0
Paradip,discharge,2026-03-30,23.5,45.7,0.0,1008.2,,12.69,0,0
Paradip,discharge,2026-03-31,21.6,40.7,0.1,1009.4,,11.66,0,0
Paradip,discharge,2026-04-01,16.9,33.1,1.3,1009.8,,9.13,0,0
Paradip,discharge,2026-04-02,21.2,41.8,0.0,1009.6,,11.45,0,0
Paradip,discharge,2026-04-03,18.8,37.1,2.1,1008.3,,10.15,0,0
Paradip,discharge,2026-04-04,14.7,33.1,0.0,1007.1,,7.94,0,0
Paradip,discharge,2026-04-05,16.9,37.1,3.5,1008.4,,9.13,0,0
Paradip,discharge,2026-04-06,14.8,35.3,11.9,1009.4,,7.99,0,0
Paradip,discharge,2026-04-07,18.5,33.1,13.3,1009.5,,9.99,0,0
Paradip,discharge,2026-04-08,18.3,36.7,3.0,1009.0,,9.88,0,0
Paradip,discharge,2026-04-09,18.3,38.9,22.1,1009.8,,9.88,0,0
Paradip,discharge,2026-04-10,13.6,29.9,4.2,1010.7,,7.34,0,0
Paradip,discharge,2026-04-11,15.3,28.1,0.2,1009.1,,8.26,0,0
Paradip,discharge,2026-04-12,22.0,42.1,0.0,1007.8,,11.88,0,0
Paradip,discharge,2026-04-13,22.1,43.6,0.0,1008.0,,11.93,0,0
Paradip,discharge,2026-04-14,24.5,46.1,0.0,1007.2,,13.23,0,0
Paradip,discharge,2026-04-15,22.2,42.1,0.0,1005.8,,11.99,0,0
Paradip,discharge,2026-04-16,26.9,51.1,0.0,1006.5,,14.52,0,0
Paradip,discharge,2026-04-17,20.0,41.0,0.0,1007.8,,10.8,0,0
Paradip,discharge,2026-04-18,21.0,41.0,0.0,1007.1,,11.34,0,0
Paradip,discharge,2026-04-19,22.6,43.9,0.0,1006.0,,12.2,0,0
Paradip,discharge,2026-04-20,24.0,46.4,0.0,1005.3,,12.96,0,0
Paradip,discharge,2026-04-21,22.4,43.6,0.6,1004.7,,12.1,0,0
Paradip,discharge,2026-04-22,15.2,32.8,0.0,1004.7,,8.21,0,0
Paradip,discharge,2026-04-23,17.9,36.7,0.0,1004.7,,9.67,0,0
Paradip,discharge,2026-04-24,19.6,40.0,0.0,1006.2,,10.58,0,0
Paradip,discharge,2026-04-25,21.3,42.1,0.0,1007.4,,11.5,0,0
Paradip,discharge,2026-04-26,28.8,53.3,0.1,1005.4,,15.55,0,0
Paradip,discharge,2026-04-27,30.8,58.3,0.0,1003.6,,16.63,0,0
Paradip,discharge,2026-04-28,27.4,52.6,0.0,1003.8,,14.79,0,0
Paradip,discharge,2026-04-29,29.4,55.4,0.0,1005.0,,15.87,0,0
Paradip,discharge,2026-04-30,24.3,47.9,0.9,1006.9,,13.12,0,0
Paradip,discharge,2026-05-01,27.0,49.3,4.1,1005.3,,14.58,0,0
Paradip,discharge,2026-05-02,31.2,58.0,1.9,1004.1,,16.85,0,0
Paradip,discharge,2026-05-03,24.6,47.2,0.3,1006.3,,13.28,0,0
Paradip,discharge,2026-05-04,19.1,37.8,4.4,1008.0,,10.31,0,0
Paradip,discharge,2026-05-05,14.2,32.4,5.1,1009.2,,7.67,0,0
Paradip,discharge,2026-05-06,18.6,36.0,0.0,1007.2,,10.04,0,0
Paradip,discharge,2026-05-07,23.1,47.2,6.2,1008.8,,12.47,0,0
Paradip,discharge,2026-05-08,19.0,38.5,2.1,1009.1,,10.26,0,0
Paradip,discharge,2026-05-09,13.4,29.5,0.2,1009.0,,7.24,0,0
Paradip,discharge,2026-05-10,15.2,39.6,2.9,1008.5,,8.21,0,0
Paradip,discharge,2026-05-11,14.9,32.0,3.9,1007.9,,8.05,0,0
Paradip,discharge,2026-05-12,15.9,33.5,0.1,1006.3,,8.59,0,0
Paradip,discharge,2026-05-13,18.6,37.8,0.0,1004.3,,10.04,0,0
Paradip,discharge,2026-05-14,21.0,40.7,0.0,1003.4,,11.34,0,0
Paradip,discharge,2026-05-15,20.0,40.0,0.0,1003.2,,10.8,0,0
Paradip,discharge,2026-05-16,21.6,42.8,0.0,1004.0,,11.66,0,0
Paradip,discharge,2026-05-17,24.1,46.4,0.0,1003.5,,13.01,0,0
Paradip,discharge,2026-05-18,25.9,50.0,0.7,1002.9,,13.98,0,0
Paradip,discharge,2026-05-19,23.2,46.4,0.3,1001.9,,12.53,0,0
Paradip,discharge,2026-05-20,22.6,43.9,0.0,1000.3,,12.2,0,0
Paradip,discharge,2026-05-21,18.3,37.4,0.0,1001.8,,9.88,0,0
Paradip,discharge,2026-05-22,22.4,43.9,0.5,1003.7,,12.1,0,0
Paradip,discharge,2026-05-23,22.3,42.5,0.0,1003.8,,12.04,0,0
Paradip,discharge,2026-05-24,23.8,46.1,0.0,1004.5,,12.85,0,0
Paradip,discharge,2026-05-25,24.0,47.2,0.0,1004.3,,12.96,0,0
Paradip,discharge,2026-05-26,22.4,45.7,0.1,1004.1,,12.1,0,0
Paradip,discharge,2026-05-27,23.5,46.1,3.3,1004.8,,12.69,0,0
Paradip,discharge,2026-05-28,22.8,45.0,0.8,1005.3,,12.31,0,0
Paradip,discharge,2026-05-29,17.2,34.9,5.8,1005.4,,9.29,0,0
Paradip,discharge,2026-05-30,14.7,32.8,0.7,1005.7,,7.94,0,0
Paradip,discharge,2026-05-31,12.4,28.8,4.6,1006.0,,6.7,0,0
Paradip,discharge,2026-06-01,13.3,32.8,2.1,1006.5,,7.18,0,0
Paradip,discharge,2026-06-02,13.9,27.7,1.7,1005.2,,7.51,0,0
Paradip,discharge,2026-06-03,14.9,32.8,4.0,1002.8,,8.05,0,0
Paradip,discharge,2026-06-04,20.1,39.6,5.4,1001.4,,10.85,0,0
Paradip,discharge,2026-06-05,14.7,32.8,1.9,1000.9,,7.94,0,0
Paradip,discharge,2026-06-06,14.2,31.3,1.7,1002.0,,7.67,0,0
Paradip,discharge,2026-06-07,23.3,42.8,15.8,1002.3,,12.58,0,0
Paradip,discharge,2026-06-08,22.4,41.8,0.6,1001.1,,12.1,0,0
Paradip,discharge,2026-06-09,15.9,31.7,0.0,1000.5,,8.59,0,0
Paradip,discharge,2026-06-10,17.6,34.2,3.1,1001.0,,9.5,0,0
Paradip,discharge,2026-06-11,16.1,28.8,23.8,1003.4,,8.69,0,0
Paradip,discharge,2026-06-12,15.3,37.1,10.0,1005.1,,8.26,0,0
Paradip,discharge,2026-06-13,19.1,37.4,1.8,1003.9,,10.31,0,0
Paradip,discharge,2026-06-14,25.0,46.1,6.1,1002.8,,13.5,0,0
Paradip,discharge,2026-06-15,18.5,32.0,4.6,1003.4,,9.99,0,0
Paradip,discharge,2026-06-16,16.6,34.9,2.1,1004.3,,8.96,0,0
Paradip,discharge,2026-06-17,18.8,33.5,2.4,1004.3,,10.15,0,0
Paradip,discharge,2026-06-18,22.1,42.5,3.6,1004.2,,11.93,0,0
Paradip,discharge,2026-06-19,21.9,51.1,13.3,1004.9,,11.83,0,0
Paradip,discharge,2026-06-20,18.1,32.8,4.2,1004.6,,9.77,0,0
Paradip,discharge,2026-06-21,18.8,38.5,11.5,1003.8,,10.15,0,0
Paradip,discharge,2026-06-22,22.9,45.7,6.4,1003.8,,12.37,0,0
Paradip,discharge,2026-06-23,18.4,35.6,5.2,1002.2,,9.94,0,0
Paradip,discharge,2026-06-24,15.3,27.7,4.1,1002.5,,8.26,0,0
Paradip,discharge,2026-06-25,13.1,30.6,4.0,1003.2,,7.07,0,0
Paradip,discharge,2026-06-26,15.5,31.0,10.1,1004.0,,8.37,0,0
Paradip,discharge,2026-06-27,16.0,32.0,12.0,1003.3,,8.64,0,0
Paradip,discharge,2026-06-28,19.9,39.2,15.3,1002.2,,10.75,0,0
Paradip,discharge,2026-06-29,16.7,38.9,18.9,1001.5,,9.02,0,0
Paradip,discharge,2026-06-30,14.7,26.3,23.4,1001.7,,7.94,0,0
Paradip,discharge,2026-07-01,12.6,27.7,29.4,1000.4,,6.8,0,0
Paradip,discharge,2026-07-02,9.8,22.7,14.0,999.1,,5.29,0,0
Paradip,discharge,2026-07-03,9.4,23.0,16.2,997.5,,5.08,0,0
Paradip,discharge,2026-07-04,18.1,30.2,22.6,993.3,,9.77,0,0
Paradip,discharge,2026-07-05,28.7,52.6,34.8,994.0,,15.5,0,0
Paradip,discharge,2026-07-06,30.7,58.7,11.2,998.8,,16.58,0,0
Paradip,discharge,2026-07-07,33.7,60.8,3.9,1002.1,,18.2,0,0
Paradip,discharge,2026-07-08,29.4,53.6,3.1,1002.3,,15.87,0,0
Paradip,discharge,2026-07-09,31.2,56.2,9.1,1002.9,,16.85,0,0
Paradip,discharge,2026-07-10,18.2,33.8,28.3,1002.7,,9.83,0,0
Paradip,discharge,2026-07-11,21.3,37.1,1.0,1000.6,,11.5,0,0
Paradip,discharge,2026-07-12,18.6,36.4,5.2,999.1,,10.04,0,0
Paradip,discharge,2026-07-13,15.4,30.6,7.2,999.9,,8.32,0,0
Paradip,discharge,2026-07-14,13.1,24.5,21.4,1000.3,,7.07,0,0
Paradip,discharge,2026-07-15,17.6,36.0,50.6,999.9,,9.5,0,0
Paradip,discharge,2026-07-16,22.2,41.0,21.9,1000.5,,11.99,0,0
Paradip,discharge,2026-07-17,22.9,41.8,9.5,1001.9,,12.37,0,0
Paradip,discharge,2026-07-18,19.2,37.1,8.3,1002.4,,10.37,0,0
Paradip,discharge,2026-07-19,15.6,32.8,6.9,1003.0,,8.42,0,0
Paradip,discharge,2026-07-20,16.3,36.4,19.1,1002.8,,8.8,0,0
Paradip,discharge,2026-07-21,19.3,35.6,74.3,1002.6,,10.42,0,0
Paradip,discharge,2026-07-22,18.4,33.1,20.3,1003.8,,9.94,0,0
Paradip,discharge,2026-07-23,21.6,43.6,26.1,1003.5,,11.66,0,0
Paradip,discharge,2026-07-24,18.5,37.4,19.6,1002.1,,9.99,0,0
Paradip,discharge,2026-07-25,18.3,36.0,67.3,999.8,,9.88,0,0
Paradip,discharge,2026-07-26,19.5,35.3,58.3,998.0,,10.53,0,0
Paradip,discharge,2026-07-27,21.5,45.4,45.1,996.4,,11.61,0,0
Paradip,discharge,2026-07-28,29.5,55.4,15.4,995.6,,15.93,0,0
Paradip,discharge,2026-07-29,25.0,46.4,5.0,996.9,,13.5,0,0
Paradip,discharge,2026-07-30,29.2,53.6,2.5,998.9,,15.77,0,0
Paradip,discharge,2026-07-31,24.7,46.4,4.0,1001.5,,13.34,0,0
Paradip,discharge,2026-08-01,22.3,42.5,8.3,1002.0,,12.04,0,0
Paradip,discharge,2026-08-02,14.1,27.4,22.9,1002.3,,7.61,0,0
Paradip,discharge,2026-08-03,17.1,34.6,43.4,1003.4,,9.23,0,0
Paradip,discharge,2026-08-04,13.6,27.7,12.3,1003.1,,7.34,0,0
Paradip,discharge,2026-08-05,14.2,30.2,16.5,1001.8,,7.67,0,0
Paradip,discharge,2026-08-06,14.8,25.2,48.9,1001.2,,7.99,0,0
Paradip,discharge,2026-08-07,16.9,29.5,34.2,1000.0,,9.13,0,0
Paradip,discharge,2026-08-08,16.6,34.9,8.7,1001.0,,8.96,0,0
Paradip,discharge,2026-08-09,12.1,25.6,8.0,1001.6,,6.53,0,0
Paradip,discharge,2026-08-10,17.4,31.7,16.0,1001.2,,9.4,0,0
Paradip,discharge,2026-08-11,16.5,28.8,47.7,1000.8,,8.91,0,0
Paradip,discharge,2026-08-12,19.7,33.1,31.6,1002.1,,10.64,0,0
Paradip,discharge,2026-08-13,20.3,38.5,7.4,1001.3,,10.96,0,0
Paradip,discharge,2026-08-14,19.0,37.4,25.8,1000.8,,10.26,0,0
Paradip,discharge,2026-08-15,17.5,34.9,69.8,999.9,,9.45,0,0
Paradip,discharge,2026-08-16,20.1,34.2,55.0,1000.0,,10.85,0,0
Paradip,discharge,2026-08-17,22.5,45.0,19.3,1002.5,,12.15,0,0
Paradip,discharge,2026-08-18,22.3,43.6,13.4,1003.4,,12.04,0,0
Paradip,discharge,2026-08-19,17.5,32.8,7.7,1003.7,,9.45,0,0
Paradip,discharge,2026-08-20,12.8,26.6,2.1,1003.1,,6.91,0,0
Paradip,discharge,2026-08-21,14.2,29.9,21.8,1002.1,,7.67,0,0
Paradip,discharge,2026-08-22,15.7,31.3,91.3,1000.9,,8.48,0,0
Paradip,discharge,2026-08-23,15.4,26.3,52.3,1000.7,,8.32,0,0
Paradip,discharge,2026-08-24,23.5,43.6,6.6,1001.1,,12.69,0,0
Paradip,discharge,2026-08-25,20.1,40.0,36.2,1002.5,,10.85,0,0
Paradip,discharge,2026-08-26,15.3,29.5,13.9,1002.5,,8.26,0,0
Paradip,discharge,2026-08-27,17.4,34.2,23.2,1001.7,,9.4,0,0
Paradip,discharge,2026-08-28,16.8,33.5,12.5,1001.2,,9.07,0,0
Paradip,discharge,2026-08-29,17.6,30.2,47.3,1000.2,,9.5,0,0
Paradip,discharge,2026-08-30,18.8,32.0,48.9,999.8,,10.15,0,0
Paradip,discharge,2026-08-31,21.3,42.1,26.9,999.8,,11.5,0,0
Paradip,discharge,2026-09-01,20.2,38.2,13.3,1003.1,,10.91,0,0
Paradip,discharge,2026-09-02,14.2,29.2,5.7,1004.3,,7.67,0,0
Paradip,discharge,2026-09-03,15.4,29.5,1.7,1004.7,,8.32,0,0
Paradip,discharge,2026-09-04,11.4,25.9,4.8,1006.8,,6.16,0,0
Paradip,discharge,2026-09-05,15.0,31.3,5.3,1007.8,,8.1,0,0
Paradip,discharge,2026-09-06,10.9,25.6,11.5,1008.0,,5.89,0,0
Paradip,discharge,2026-09-07,14.3,30.2,9.4,1006.6,,7.72,0,0
Paradip,discharge,2026-09-08,17.6,31.0,3.9,1005.4,,9.5,0,0
Paradip,discharge,2026-09-09,9.7,22.7,8.2,1004.8,,5.24,0,0
Paradip,discharge,2026-09-10,15.2,34.6,10.9,1004.0,,8.21,0,0
Paradip,discharge,2026-09-11,25.4,51.1,23.7,1005.5,,13.71,0,0
Paradip,discharge,2026-09-12,23.7,43.2,3.6,1008.9,,12.8,0,0
Paradip,discharge,2026-09-13,12.6,26.6,8.0,1011.2,,6.8,0,0
Paradip,discharge,2026-09-14,8.2,22.7,7.2,1010.8,,4.43,0,0
Paradip,discharge,2026-09-15,10.1,22.7,3.7,1009.7,,5.45,0,0
Paradip,discharge,2026-09-16,12.1,27.4,8.7,1008.6,,6.53,0,0
Paradip,discharge,2026-09-17,11.5,25.2,5.8,1007.7,,6.21,0,0
Paradip,discharge,2026-09-18,10.2,23.4,6.4,1008.0,,5.51,0,0
Paradip,discharge,2026-09-19,12.8,25.9,1.0,1009.0,,6.91,0,0
Paradip,discharge,2026-09-20,17.7,34.9,16.9,1009.1,,9.56,0,0
Paradip,discharge,2026-09-21,22.9,47.2,42.6,1005.8,,12.37,0,0
Paradip,discharge,2026-09-22,29.5,56.2,29.9,1002.2,,15.93,0,0
Paradip,discharge,2026-09-23,34.2,62.3,38.0,1000.8,,18.47,0,0
Paradip,discharge,2026-09-24,38.5,68.8,53.5,1000.6,,20.79,0,0
Paradip,discharge,2026-09-25,37.8,69.5,34.4,1002.8,,20.41,0,0
Paradip,discharge,2026-09-26,26.8,51.8,5.9,1006.2,,14.47,0,0
Paradip,discharge,2026-09-27,11.3,24.5,1.0,1006.5,,6.1,0,0
Paradip,discharge,2026-09-28,13.0,25.9,3.0,1008.0,,7.02,0,0
Paradip,discharge,2026-09-29,8.3,20.9,0.5,1009.2,,4.48,0,0
Paradip,discharge,2026-09-30,11.1,23.0,2.0,1010.1,,5.99,0,0
Richards Bay,origin,2025-09-01,26.4,56.5,1.2,1025.9,,14.25,0,0
Richards Bay,origin,2025-09-02,19.1,43.6,0.0,1021.8,,10.31,0,0
Richards Bay,origin,2025-09-03,35.4,74.9,0.1,1019.2,,19.11,0,0
Richards Bay,origin,2025-09-04,15.6,32.4,0.2,1020.2,,8.42,0,0
Richards Bay,origin,2025-09-05,20.7,42.8,0.0,1011.9,,11.18,0,0
Richards Bay,origin,2025-09-06,18.3,43.2,2.2,1022.3,,9.88,0,0
Richards Bay,origin,2025-09-07,21.8,49.7,0.5,1019.1,,11.77,0,0
Richards Bay,origin,2025-09-08,16.5,37.4,0.3,1020.0,,8.91,0,0
Richards Bay,origin,2025-09-09,19.6,41.4,0.2,1021.1,,10.58,0,0
Richards Bay,origin,2025-09-10,19.2,40.3,0.0,1018.7,,10.37,0,0
Richards Bay,origin,2025-09-11,28.3,67.7,0.0,1016.3,,15.28,0,0
Richards Bay,origin,2025-09-12,20.4,43.6,1.0,1022.9,,11.02,0,0
Richards Bay,origin,2025-09-13,18.5,45.0,0.0,1016.5,,9.99,0,0
Richards Bay,origin,2025-09-14,15.5,35.3,2.8,1018.9,,8.37,0,0
Richards Bay,origin,2025-09-15,23.2,51.1,0.0,1010.6,,12.53,0,0
Richards Bay,origin,2025-09-16,27.2,59.8,0.0,1008.6,,14.69,0,0
Richards Bay,origin,2025-09-17,13.3,31.3,4.6,1019.5,,7.18,0,0
Richards Bay,origin,2025-09-18,21.4,49.3,3.3,1018.1,,11.56,0,0
Richards Bay,origin,2025-09-19,18.6,39.6,1.8,1027.1,,10.04,0,0
Richards Bay,origin,2025-09-20,26.4,56.9,0.2,1022.9,,14.25,0,0
Richards Bay,origin,2025-09-21,24.7,50.0,0.0,1016.7,,13.34,0,0
Richards Bay,origin,2025-09-22,32.6,81.0,0.4,1014.4,,17.6,0,0
Richards Bay,origin,2025-09-23,17.2,38.5,2.8,1021.4,,9.29,0,0
Richards Bay,origin,2025-09-24,25.7,52.2,45.2,1023.4,,13.88,0,0
Richards Bay,origin,2025-09-25,21.2,47.2,2.4,1027.7,,11.45,0,0
Richards Bay,origin,2025-09-26,15.2,38.2,0.0,1023.1,,8.21,0,0
Richards Bay,origin,2025-09-27,22.4,49.3,0.3,1016.6,,12.1,0,0
Richards Bay,origin,2025-09-28,18.4,40.3,31.0,1013.3,,9.94,0,0
Richards Bay,origin,2025-09-29,19.3,39.6,21.0,1022.1,,10.42,0,0
Richards Bay,origin,2025-09-30,14.5,32.0,4.7,1027.9,,7.83,0,0
Richards Bay,origin,2025-10-01,24.3,49.7,0.0,1021.4,,13.12,0,0
Richards Bay,origin,2025-10-02,34.1,74.9,7.4,1019.4,,18.41,0,0
Richards Bay,origin,2025-10-03,14.9,31.0,5.7,1027.5,,8.05,0,0
Richards Bay,origin,2025-10-04,29.0,59.8,0.7,1023.2,,15.66,0,0
Richards Bay,origin,2025-10-05,30.1,61.9,0.0,1014.6,,16.25,0,0
Richards Bay,origin,2025-10-06,21.4,45.4,7.3,1014.4,,11.56,0,0
Richards Bay,origin,2025-10-07,18.7,43.6,0.0,1020.9,,10.1,0,0
Richards Bay,origin,2025-10-08,12.8,28.8,1.8,1021.3,,6.91,0,0
Richards Bay,origin,2025-10-09,12.3,31.3,1.0,1023.2,,6.64,0,0
Richards Bay,origin,2025-10-10,22.2,49.7,0.0,1015.1,,11.99,0,0
Richards Bay,origin,2025-10-11,21.6,50.0,0.0,1010.8,,11.66,0,0
Richards Bay,origin,2025-10-12,12.9,29.2,4.3,1014.4,,6.97,0,0
Richards Bay,origin,2025-10-13,18.0,40.0,0.4,1016.4,,9.72,0,0
Richards Bay,origin,2025-10-14,26.3,57.6,0.3,1012.3,,14.2,0,0
Richards Bay,origin,2025-10-15,23.9,53.6,1.6,1017.3,,12.9,0,0
Richards Bay,origin,2025-10-16,28.1,68.0,3.1,1018.8,,15.17,0,0
Richards Bay,origin,2025-10-17,21.9,44.3,1.4,1023.0,,11.83,0,0
Richards Bay,origin,2025-10-18,27.5,56.9,3.5,1015.5,,14.85,0,0
Richards Bay,origin,2025-10-19,23.6,53.3,5.8,1024.1,,12.74,0,0
Richards Bay,origin,2025-10-20,18.1,42.1,6.3,1025.8,,9.77,0,0
Richards Bay,origin,2025-10-21,15.2,36.0,0.0,1023.4,,8.21,0,0
Richards Bay,origin,2025-10-22,19.8,41.8,0.0,1020.8,,10.69,0,0
Richards Bay,origin,2025-10-23,21.8,49.0,0.0,1014.4,,11.77,0,0
Richards Bay,origin,2025-10-24,25.9,55.8,0.7,1014.5,,13.98,0,0
Richards Bay,origin,2025-10-25,22.2,50.0,0.3,1008.9,,11.99,0,0
Richards Bay,origin,2025-10-26,25.1,54.4,0.9,1013.4,,13.55,0,0
Richards Bay,origin,2025-10-27,24.9,53.3,4.4,1019.5,,13.44,0,0
Richards Bay,origin,2025-10-28,14.1,31.0,0.8,1023.2,,7.61,0,0
Richards Bay,origin,2025-10-29,22.6,51.5,6.4,1016.7,,12.2,0,0
Richards Bay,origin,2025-10-30,18.4,40.7,6.2,1022.9,,9.94,0,0
Richards Bay,origin,2025-10-31,30.8,65.5,0.0,1014.4,,16.63,0,0
Richards Bay,origin,2025-11-01,25.3,54.4,1.4,1012.5,,13.66,0,0
Richards Bay,origin,2025-11-02,23.2,47.2,5.4,1024.8,,12.53,0,0
Richards Bay,origin,2025-11-03,22.9,53.6,0.0,1023.1,,12.37,0,0
Richards Bay,origin,2025-11-04,27.8,56.5,0.4,1016.6,,15.01,0,0
Richards Bay,origin,2025-11-05,21.3,46.8,0.0,1021.5,,11.5,0,0
Richards Bay,origin,2025-11-06,13.8,29.5,0.2,1020.7,,7.45,0,0
Richards Bay,origin,2025-11-07,12.6,29.5,2.7,1023.4,,6.8,0,0
Richards Bay,origin,2025-11-08,18.3,41.4,0.1,1021.3,,9.88,0,0
Richards Bay,origin,2025-11-09,21.4,48.6,0.1,1019.4,,11.56,0,0
Richards Bay,origin,2025-11-10,21.9,49.3,1.0,1017.9,,11.83,0,0
Richards Bay,origin,2025-11-11,24.1,52.6,0.0,1013.4,,13.01,0,0
Richards Bay,origin,2025-11-12,13.7,34.9,0.0,1013.9,,7.4,0,0
Richards Bay,origin,2025-11-13,27.2,59.0,0.1,1018.9,,14.69,0,0
Richards Bay,origin,2025-11-14,25.6,52.9,0.0,1019.5,,13.82,0,0
Richards Bay,origin,2025-11-15,28.7,62.3,17.0,1012.3,,15.5,0,0
Richards Bay,origin,2025-11-16,18.3,35.6,32.0,1020.6,,9.88,0,0
Richards Bay,origin,2025-11-17,15.0,37.1,1.0,1024.1,,8.1,0,0
Richards Bay,origin,2025-11-18,19.5,42.5,9.8,1018.0,,10.53,0,0
Richards Bay,origin,2025-11-19,13.9,36.0,1.9,1018.4,,7.51,0,0
Richards Bay,origin,2025-11-20,18.2,41.0,0.0,1016.7,,9.83,0,0
Richards Bay,origin,2025-11-21,15.6,37.8,0.0,1015.8,,8.42,0,0
Richards Bay,origin,2025-11-22,13.5,31.3,0.0,1014.5,,7.29,0,0
Richards Bay,origin,2025-11-23,26.7,55.1,7.4,1010.0,,14.42,0,0
Richards Bay,origin,2025-11-24,29.0,66.2,7.8,1018.4,,15.66,0,0
Richards Bay,origin,2025-11-25,16.2,37.8,5.2,1020.6,,8.75,0,0
Richards Bay,origin,2025-11-26,17.2,40.7,0.0,1013.0,,9.29,0,0
Richards Bay,origin,2025-11-27,19.8,45.4,0.1,1014.8,,10.69,0,0
Richards Bay,origin,2025-11-28,19.2,35.6,7.5,1014.4,,10.37,0,0
Richards Bay,origin,2025-11-29,32.1,67.7,11.0,1008.6,,17.33,0,0
Richards Bay,origin,2025-11-30,29.8,63.0,1.3,1014.7,,16.09,0,0
Richards Bay,origin,2025-12-01,11.7,29.5,1.0,1014.4,,6.32,0,0
Richards Bay,origin,2025-12-02,14.2,35.6,9.5,1011.9,,7.67,0,0
Richards Bay,origin,2025-12-03,21.5,47.2,1.9,1018.2,,11.61,0,0
Richards Bay,origin,2025-12-04,12.2,28.4,2.1,1020.4,,6.59,0,0
Richards Bay,origin,2025-12-05,18.9,41.0,0.0,1012.9,,10.21,0,0
Richards Bay,origin,2025-12-06,19.0,42.8,4.2,1015.8,,10.26,0,0
Richards Bay,origin,2025-12-07,13.5,30.6,1.5,1018.0,,7.29,0,0
Richards Bay,origin,2025-12-08,18.1,44.6,0.0,1011.5,,9.77,0,0
Richards Bay,origin,2025-12-09,22.4,47.9,0.4,1010.4,,12.1,0,0
Richards Bay,origin,2025-12-10,26.2,56.2,11.8,1019.3,,14.15,0,0
Richards Bay,origin,2025-12-11,22.4,45.4,0.0,1018.5,,12.1,0,0
Richards Bay,origin,2025-12-12,28.3,62.3,0.0,1009.0,,15.28,0,0
Richards Bay,origin,2025-12-13,25.3,58.0,6.1,1013.3,,13.66,0,0
Richards Bay,origin,2025-12-14,17.1,34.9,1.0,1020.7,,9.23,0,0
Richards Bay,origin,2025-12-15,18.4,40.0,0.0,1013.6,,9.94,0,0
Richards Bay,origin,2025-12-16,22.1,49.3,0.0,1007.6,,11.93,0,0
Richards Bay,origin,2025-12-17,25.9,56.9,3.2,1009.2,,13.98,0,0
Richards Bay,origin,2025-12-18,15.8,34.2,8.7,1020.1,,8.53,0,0
Richards Bay,origin,2025-12-19,18.5,42.5,0.0,1018.0,,9.99,0,0
Richards Bay,origin,2025-12-20,12.9,35.6,2.6,1015.1,,6.97,0,0
Richards Bay,origin,2025-12-21,15.2,30.6,16.6,1015.3,,8.21,0,0
Richards Bay,origin,2025-12-22,17.5,39.2,6.6,1013.9,,9.45,0,0
Richards Bay,origin,2025-12-23,18.6,42.8,0.0,1008.9,,10.04,0,0
Richards Bay,origin,2025-12-24,27.1,56.9,11.8,1013.1,,14.63,0,0
Richards Bay,origin,2025-12-25,21.1,46.8,5.6,1014.7,,11.39,0,0
Richards Bay,origin,2025-12-26,14.6,33.8,2.5,1012.4,,7.88,0,0
Richards Bay,origin,2025-12-27,15.5,37.1,20.6,1013.7,,8.37,0,0
Richards Bay,origin,2025-12-28,17.4,39.6,19.6,1014.9,,9.4,0,0
Richards Bay,origin,2025-12-29,17.0,33.5,3.4,1020.8,,9.18,0,0
Richards Bay,origin,2025-12-30,22.1,48.2,0.0,1019.4,,11.93,0,0
Richards Bay,origin,2025-12-31,24.9,53.6,0.8,1012.6,,13.44,0,0
Richards Bay,origin,2026-01-01,23.0,51.1,4.2,1007.8,,12.42,0,0
Richards Bay,origin,2026-01-02,16.0,36.4,0.0,1010.3,,8.64,0,0
Richards Bay,origin,2026-01-03,24.8,54.7,1.5,1012.5,,13.39,0,0
Richards Bay,origin,2026-01-04,16.8,38.9,0.9,1011.5,,9.07,0,0
Richards Bay,origin,2026-01-05,12.6,28.4,12.4,1008.8,,6.8,0,0
Richards Bay,origin,2026-01-06,16.1,31.3,0.0,1005.8,,8.69,0,0
Richards Bay,origin,2026-01-07,28.7,64.4,0.6,1012.8,,15.5,0,0
Richards Bay,origin,2026-01-08,21.4,46.1,0.5,1014.2,,11.56,0,0
Richards Bay,origin,2026-01-09,25.6,56.9,5.8,1015.4,,13.82,0,0
Richards Bay,origin,2026-01-10,20.8,43.2,6.2,1018.2,,11.23,0,0
Richards Bay,origin,2026-01-11,15.4,36.0,16.3,1016.1,,8.32,0,0
Richards Bay,origin,2026-01-12,23.5,51.8,54.7,1012.8,,12.69,0,0
Richards Bay,origin,2026-01-13,24.3,49.7,3.1,1010.5,,13.12,0,0
Richards Bay,origin,2026-01-14,21.4,51.1,3.1,1010.6,,11.56,0,0
Richards Bay,origin,2026-01-15,19.7,42.1,10.8,1010.0,,10.64,0,0
Richards Bay,origin,2026-01-16,21.8,43.2,16.1,1012.3,,11.77,0,0
Richards Bay,origin,2026-01-17,14.7,28.1,27.2,1009.8,,7.94,0,0
Richards Bay,origin,2026-01-18,31.9,66.2,37.7,1009.6,,17.22,0,0
Richards Bay,origin,2026-01-19,19.1,38.5,7.4,1014.9,,10.31,0,0
Richards Bay,origin,2026-01-20,23.7,52.2,8.1,1016.3,,12.8,0,0
Richards Bay,origin,2026-01-21,13.4,30.6,4.0,1017.2,,7.24,0,0
Richards Bay,origin,2026-01-22,21.4,47.5,0.0,1008.0,,11.56,0,0
Richards Bay,origin,2026-01-23,27.8,58.7,1.9,1013.2,,15.01,0,0
Richards Bay,origin,2026-01-24,17.5,40.0,0.4,1015.6,,9.45,0,0
Richards Bay,origin,2026-01-25,20.0,46.1,0.4,1014.7,,10.8,0,0
Richards Bay,origin,2026-01-26,23.0,49.0,0.0,1012.4,,12.42,0,0
Richards Bay,origin,2026-01-27,19.9,45.0,0.1,1012.8,,10.75,0,0
Richards Bay,origin,2026-01-28,17.6,40.0,0.5,1013.9,,9.5,0,0
Richards Bay,origin,2026-01-29,17.5,42.5,0.4,1015.6,,9.45,0,0
Richards Bay,origin,2026-01-30,15.1,35.6,0.0,1014.1,,8.15,0,0
Richards Bay,origin,2026-01-31,13.0,31.3,0.1,1012.8,,7.02,0,0
Richards Bay,origin,2026-02-01,15.5,36.4,1.3,1013.9,,8.37,0,0
Richards Bay,origin,2026-02-02,17.7,38.9,0.1,1013.6,,9.56,0,0
Richards Bay,origin,2026-02-03,19.3,43.6,0.0,1015.2,,10.42,0,0
Richards Bay,origin,2026-02-04,20.7,46.4,0.0,1013.7,,11.18,0,0
Richards Bay,origin,2026-02-05,23.6,49.3,0.0,1012.1,,12.74,0,0
Richards Bay,origin,2026-02-06,19.1,41.8,0.8,1012.2,,10.31,0,0
Richards Bay,origin,2026-02-07,21.6,48.6,0.3,1012.6,,11.66,0,0
Richards Bay,origin,2026-02-08,15.5,36.4,0.1,1012.8,,8.37,0,0
Richards Bay,origin,2026-02-09,21.3,48.6,0.1,1015.6,,11.5,0,0
Richards Bay,origin,2026-02-10,21.8,48.6,0.0,1014.2,,11.77,0,0
Richards Bay,origin,2026-02-11,22.6,50.4,0.0,1013.0,,12.2,0,0
Richards Bay,origin,2026-02-12,25.2,53.3,0.7,1013.6,,13.61,0,0
Richards Bay,origin,2026-02-13,16.8,37.4,8.9,1007.8,,9.07,0,0
Richards Bay,origin,2026-02-14,32.6,70.9,49.1,1012.5,,17.6,0,0
Richards Bay,origin,2026-02-15,25.0,56.5,3.7,1023.4,,13.5,0,0
Richards Bay,origin,2026-02-16,15.6,36.7,1.7,1022.4,,8.42,0,0
Richards Bay,origin,2026-02-17,14.6,32.4,0.6,1014.3,,7.88,0,0
Richards Bay,origin,2026-02-18,15.4,34.9,0.0,1009.8,,8.32,0,0
Richards Bay,origin,2026-02-19,12.2,31.0,0.0,1010.5,,6.59,0,0
Richards Bay,origin,2026-02-20,16.2,36.7,0.0,1014.7,,8.75,0,0
Richards Bay,origin,2026-02-21,14.5,35.3,1.9,1016.7,,7.83,0,0
Richards Bay,origin,2026-02-22,16.2,37.4,8.4,1015.1,,8.75,0,0
Richards Bay,origin,2026-02-23,24.5,54.0,1.3,1009.5,,13.23,0,0
Richards Bay,origin,2026-02-24,23.8,52.2,0.2,1003.7,,12.85,0,0
Richards Bay,origin,2026-02-25,23.0,51.5,0.1,1010.2,,12.42,0,0
Richards Bay,origin,2026-02-26,17.5,40.7,0.2,1013.8,,9.45,0,0
Richards Bay,origin,2026-02-27,21.1,46.8,10.7,1013.4,,11.39,0,0
Richards Bay,origin,2026-02-28,25.4,54.4,0.0,1004.6,,13.71,0,0
Richards Bay,origin,2026-03-01,21.3,43.9,0.4,1003.0,,11.5,0,0
Richards Bay,origin,2026-03-02,28.9,63.4,12.7,1016.2,,15.6,0,0
Richards Bay,origin,2026-03-03,15.3,32.0,1.2,1018.2,,8.26,0,0
Richards Bay,origin,2026-03-04,19.9,43.2,0.0,1014.2,,10.75,0,0
Richards Bay,origin,2026-03-05,20.6,46.4,0.0,1010.4,,11.12,0,0
Richards Bay,origin,2026-03-06,21.5,49.7,6.3,1005.4,,11.61,0,0
Richards Bay,origin,2026-03-07,35.0,79.6,9.0,1012.5,,18.9,0,0
Richards Bay,origin,2026-03-08,23.5,51.1,0.1,1026.7,,12.69,0,0
Richards Bay,origin,2026-03-09,17.9,40.7,2.0,1027.0,,9.67,0,0
Richards Bay,origin,2026-03-10,12.6,31.3,1.4,1024.6,,6.8,0,0
Richards Bay,origin,2026-03-11,13.3,32.4,0.2,1024.4,,7.18,0,0
Richards Bay,origin,2026-03-12,11.7,29.5,2.0,1021.4,,6.32,0,0
Richards Bay,origin,2026-03-13,15.3,33.8,0.0,1016.4,,8.26,0,0
Richards Bay,origin,2026-03-14,17.8,40.7,0.0,1013.7,,9.61,0,0
Richards Bay,origin,2026-03-15,12.6,31.3,1.0,1016.0,,6.8,0,0
Richards Bay,origin,2026-03-16,17.2,38.2,0.6,1014.3,,9.29,0,0
Richards Bay,origin,2026-03-17,14.8,34.9,0.1,1012.6,,7.99,0,0
Richards Bay,origin,2026-03-18,18.2,41.4,7.8,1010.2,,9.83,0,0
Richards Bay,origin,2026-03-19,14.4,32.8,2.3,1013.2,,7.78,0,0
Richards Bay,origin,2026-03-20,24.0,49.0,8.4,1010.3,,12.96,0,0
Richards Bay,origin,2026-03-21,24.9,54.7,12.3,1016.8,,13.44,0,0
Richards Bay,origin,2026-03-22,16.1,35.6,2.4,1013.9,,8.69,0,0
Richards Bay,origin,2026-03-23,24.7,51.8,9.0,1015.6,,13.34,0,0
Richards Bay,origin,2026-03-24,18.5,38.5,3.3,1020.6,,9.99,0,0
Richards Bay,origin,2026-03-25,16.6,36.0,0.1,1014.6,,8.96,0,0
Richards Bay,origin,2026-03-26,17.0,38.2,1.3,1013.6,,9.18,0,0
Richards Bay,origin,2026-03-27,16.9,37.4,0.1,1015.8,,9.13,0,0
Richards Bay,origin,2026-03-28,21.4,47.9,3.8,1011.7,,11.56,0,0
Richards Bay,origin,2026-03-29,24.7,52.9,0.1,1013.1,,13.34,0,0
Richards Bay,origin,2026-03-30,14.4,33.5,1.0,1014.7,,7.78,0,0
Richards Bay,origin,2026-03-31,16.1,38.2,0.2,1017.1,,8.69,0,0
Richards Bay,origin,2026-04-01,18.2,40.3,0.0,1018.7,,9.83,0,0
Richards Bay,origin,2026-04-02,15.7,34.6,0.0,1022.3,,8.48,0,0
Richards Bay,origin,2026-04-03,18.7,41.8,0.1,1019.4,,10.1,0,0
Richards Bay,origin,2026-04-04,17.3,37.1,0.0,1014.0,,9.34,0,0
Richards Bay,origin,2026-04-05,18.2,37.1,0.1,1012.6,,9.83,0,0
Richards Bay,origin,2026-04-06,27.3,58.0,5.8,1016.5,,14.74,0,0
Richards Bay,origin,2026-04-07,15.4,34.2,5.8,1027.2,,8.32,0,0
Richards Bay,origin,2026-04-08,13.5,30.6,0.1,1025.5,,7.29,0,0
Richards Bay,origin,2026-04-09,16.2,36.7,0.0,1020.2,,8.75,0,0
Richards Bay,origin,2026-04-10,14.1,29.5,0.0,1018.4,,7.61,0,0
Richards Bay,origin,2026-04-11,11.0,25.9,0.0,1016.8,,5.94,0,0
Richards Bay,origin,2026-04-12,15.1,31.7,0.0,1013.5,,8.15,0,0
Richards Bay,origin,2026-04-13,20.7,46.4,2.1,1014.7,,11.18,0,0
Richards Bay,origin,2026-04-14,19.4,38.9,0.0,1013.7,,10.48,0,0
Richards Bay,origin,2026-04-15,18.5,40.3,0.0,1012.9,,9.99,0,0
Richards Bay,origin,2026-04-16,15.4,33.8,1.1,1014.5,,8.32,0,0
Richards Bay,origin,2026-04-17,22.3,48.6,0.0,1007.4,,12.04,0,0
Richards Bay,origin,2026-04-18,28.9,61.6,0.4,1008.8,,15.6,0,0
Richards Bay,origin,2026-04-19,20.5,48.6,0.0,1008.0,,11.07,0,0
Richards Bay,origin,2026-04-20,20.7,47.9,0.0,1010.7,,11.18,0,0
Richards Bay,origin,2026-04-21,23.7,47.2,0.2,1011.9,,12.8,0,0
Richards Bay,origin,2026-04-22,24.4,57.6,21.3,1020.0,,13.17,0,0
Richards Bay,origin,2026-04-23,19.7,41.4,4.0,1028.1,,10.64,0,0
Richards Bay,origin,2026-04-24,13.3,29.9,2.9,1022.6,,7.18,0,0
Richards Bay,origin,2026-04-25,17.5,38.9,0.0,1015.8,,9.45,0,0
Richards Bay,origin,2026-04-26,17.1,33.1,0.0,1012.0,,9.23,0,0
Richards Bay,origin,2026-04-27,33.0,69.8,3.6,1011.9,,17.82,0,0
Richards Bay,origin,2026-04-28,18.3,38.9,2.2,1018.0,,9.88,0,0
Richards Bay,origin,2026-04-29,17.0,37.8,0.0,1022.8,,9.18,0,0
Richards Bay,origin,2026-04-30,22.0,45.7,0.0,1016.0,,11.88,0,0
Richards Bay,origin,2026-05-01,20.9,41.8,1.6,1012.9,,11.29,0,0
Richards Bay,origin,2026-05-02,11.9,27.0,0.0,1016.4,,6.43,0,0
Richards Bay,origin,2026-05-03,16.3,32.4,0.0,1018.2,,8.8,0,0
Richards Bay,origin,2026-05-04,20.5,43.9,0.0,1010.5,,11.07,0,0
Richards Bay,origin,2026-05-05,15.2,33.8,32.1,1008.6,,8.21,0,0
Richards Bay,origin,2026-05-06,20.3,39.6,1.8,1005.7,,10.96,0,0
Richards Bay,origin,2026-05-07,21.3,42.5,0.0,1006.8,,11.5,0,0
Richards Bay,origin,2026-05-08,9.9,20.5,1.3,1013.9,,5.35,0,0
Richards Bay,origin,2026-05-09,9.8,18.7,0.0,1013.1,,5.29,0,0
Richards Bay,origin,2026-05-10,26.0,53.6,0.0,1004.7,,14.04,0,0
Richards Bay,origin,2026-05-11,21.5,42.8,0.0,1008.9,,11.61,0,0
Richards Bay,origin,2026-05-12,13.6,25.9,0.0,1007.3,,7.34,0,0
Richards Bay,origin,2026-05-13,15.1,30.2,3.4,1013.1,,8.15,0,0
Richards Bay,origin,2026-05-14,12.1,24.5,6.5,1023.2,,6.53,0,0
Richards Bay,origin,2026-05-15,18.4,34.9,3.3,1021.3,,9.94,0,0
Richards Bay,origin,2026-05-16,20.2,44.3,1.9,1025.3,,10.91,0,0
Richards Bay,origin,2026-05-17,13.1,24.5,0.0,1024.4,,7.07,0,0
Richards Bay,origin,2026-05-18,13.0,27.4,0.0,1021.6,,7.02,0,0
Richards Bay,origin,2026-05-19,9.9,22.3,2.0,1023.4,,5.35,0,0
Richards Bay,origin,2026-05-20,12.0,29.5,2.9,1025.8,,6.48,0,0
Richards Bay,origin,2026-05-21,15.9,31.0,0.0,1024.5,,8.59,0,0
Richards Bay,origin,2026-05-22,19.0,40.3,0.0,1019.5,,10.26,0,0
Richards Bay,origin,2026-05-23,16.8,37.1,0.5,1020.7,,9.07,0,0
Richards Bay,origin,2026-05-24,12.5,26.6,2.4,1023.5,,6.75,0,0
Richards Bay,origin,2026-05-25,14.2,26.6,0.0,1024.0,,7.67,0,0
Richards Bay,origin,2026-05-26,16.0,34.9,0.0,1020.3,,8.64,0,0
Richards Bay,origin,2026-05-27,15.6,29.9,0.0,1019.3,,8.42,0,0
Richards Bay,origin,2026-05-28,15.1,29.5,0.0,1020.5,,8.15,0,0
Richards Bay,origin,2026-05-29,19.7,43.6,2.7,1024.1,,10.64,0,0
Richards Bay,origin,2026-05-30,13.5,25.6,0.3,1025.1,,7.29,0,0
Richards Bay,origin,2026-05-31,9.9,23.4,0.4,1024.8,,5.35,0,0
Richards Bay,origin,2026-06-01,12.6,26.6,0.0,1022.2,,6.8,0,0
Richards Bay,origin,2026-06-02,11.9,21.2,0.0,1018.9,,6.43,0,0
Richards Bay,origin,2026-06-03,12.8,27.7,0.3,1016.6,,6.91,0,0
Richards Bay,origin,2026-06-04,20.1,40.7,7.2,1011.2,,10.85,0,0
Richards Bay,origin,2026-06-05,13.3,31.7,0.1,1014.5,,7.18,0,0
Richards Bay,origin,2026-06-06,9.6,21.2,0.7,1021.4,,5.18,0,0
Richards Bay,origin,2026-06-07,11.3,23.0,0.0,1024.2,,6.1,0,0
Richards Bay,origin,2026-06-08,12.7,28.1,0.0,1019.9,,6.86,0,0
Richards Bay,origin,2026-06-09,17.3,38.9,0.4,1021.3,,9.34,0,0
Richards Bay,origin,2026-06-10,12.0,21.2,0.3,1023.3,,6.48,0,0
Richards Bay,origin,2026-06-11,21.0,44.3,0.0,1019.0,,11.34,0,0
Richards Bay,origin,2026-06-12,24.2,52.6,0.0,1014.8,,13.07,0,0
Richards Bay,origin,2026-06-13,19.3,45.4,3.3,1025.2,,10.42,0,0
Richards Bay,origin,2026-06-14,25.6,55.1,0.0,1021.0,,13.82,0,0
Richards Bay,origin,2026-06-15,21.0,46.1,2.5,1021.6,,11.34,0,0
Richards Bay,origin,2026-06-16,12.6,26.3,1.6,1026.7,,6.8,0,0
Richards Bay,origin,2026-06-17,7.7,18.7,0.0,1026.6,,4.16,0,0
Richards Bay,origin,2026-06-18,14.7,28.1,0.1,1022.4,,7.94,0,0
Richards Bay,origin,2026-06-19,24.3,55.1,8.5,1026.8,,13.12,0,0
Richards Bay,origin,2026-06-20,12.1,24.1,2.6,1030.1,,6.53,0,0
Richards Bay,origin,2026-06-21,20.4,44.3,0.0,1025.1,,11.02,0,0
Richards Bay,origin,2026-06-22,16.2,31.0,0.0,1020.0,,8.75,0,0
Richards Bay,origin,2026-06-23,15.2,29.2,0.0,1016.8,,8.21,0,0
Richards Bay,origin,2026-06-24,17.8,40.0,0.0,1022.2,,9.61,0,0
Richards Bay,origin,2026-06-25,11.3,22.7,0.0,1027.2,,6.1,0,0
Richards Bay,origin,2026-06-26,14.2,28.4,0.0,1027.1,,7.67,0,0
Richards Bay,origin,2026-06-27,19.8,42.5,0.0,1021.8,,10.69,0,0
Richards Bay,origin,2026-06-28,19.1,41.8,0.0,1017.4,,10.31,0,0
Richards Bay,origin,2026-06-29,21.8,44.6,1.4,1016.8,,11.77,0,0
Richards Bay,origin,2026-06-30,17.0,36.0,1.4,1022.8,,9.18,0,0
Richards Bay,origin,2026-07-01,22.0,45.0,0.0,1014.5,,11.88,0,0
Richards Bay,origin,2026-07-02,18.6,39.2,1.6,1012.9,,10.04,0,0
Richards Bay,origin,2026-07-03,13.1,28.8,0.0,1022.6,,7.07,0,0
Richards Bay,origin,2026-07-04,12.3,28.8,0.0,1022.8,,6.64,0,0
Richards Bay,origin,2026-07-05,14.1,25.9,0.0,1025.1,,7.61,0,0
Richards Bay,origin,2026-07-06,20.1,43.9,0.0,1026.8,,10.85,0,0
Richards Bay,origin,2026-07-07,19.2,41.0,0.0,1027.1,,10.37,0,0
Richards Bay,origin,2026-07-08,16.2,30.6,0.0,1021.6,,8.75,0,0
Richards Bay,origin,2026-07-09,19.3,37.4,0.0,1019.1,,10.42,0,0
Richards Bay,origin,2026-07-10,13.4,28.1,1.3,1018.8,,7.24,0,0
Richards Bay,origin,2026-07-11,12.5,24.8,11.1,1021.4,,6.75,0,0
Richards Bay,origin,2026-07-12,13.5,27.7,12.0,1023.6,,7.29,0,0
Richards Bay,origin,2026-07-13,9.1,22.3,7.9,1023.6,,4.91,0,0
Richards Bay,origin,2026-07-14,10.0,23.0,0.0,1022.1,,5.4,0,0
Richards Bay,origin,2026-07-15,9.7,21.6,0.0,1022.3,,5.24,0,0
Richards Bay,origin,2026-07-16,8.8,22.0,0.0,1024.6,,4.75,0,0
Richards Bay,origin,2026-07-17,12.2,21.2,0.0,1021.0,,6.59,0,0
Richards Bay,origin,2026-07-18,8.4,16.6,0.0,1016.6,,4.54,0,0
Richards Bay,origin,2026-07-19,10.2,19.8,0.0,1015.0,,5.51,0,0
Richards Bay,origin,2026-07-20,23.4,51.1,0.7,1016.4,,12.63,0,0
Richards Bay,origin,2026-07-21,12.5,27.4,0.0,1019.3,,6.75,0,0
Richards Bay,origin,2026-07-22,19.6,42.1,0.0,1020.1,,10.58,0,0
Richards Bay,origin,2026-07-23,18.3,37.4,0.1,1017.0,,9.88,0,0
Richards Bay,origin,2026-07-24,34.8,73.4,2.4,1025.5,,18.79,0,0
Richards Bay,origin,2026-07-25,16.0,34.6,0.0,1029.3,,8.64,0,0
Richards Bay,origin,2026-07-26,17.1,33.1,0.0,1026.1,,9.23,0,0
Richards Bay,origin,2026-07-27,22.6,50.0,0.0,1018.5,,12.2,0,0
Richards Bay,origin,2026-07-28,30.2,62.6,3.3,1023.1,,16.31,0,0
Richards Bay,origin,2026-07-29,22.4,50.0,6.2,1024.3,,12.1,0,0
Richards Bay,origin,2026-07-30,30.2,67.0,12.6,1024.2,,16.31,0,0
Richards Bay,origin,2026-07-31,29.9,64.4,1.4,1028.4,,16.14,0,0
Richards Bay,origin,2026-08-01,25.3,55.8,1.9,1026.5,,13.66,0,0
Richards Bay,origin,2026-08-02,28.8,64.1,5.3,1021.6,,15.55,0,0
Richards Bay,origin,2026-08-03,10.3,25.9,0.0,1021.3,,5.56,0,0
Richards Bay,origin,2026-08-04,14.6,31.0,0.0,1021.5,,7.88,0,0
Richards Bay,origin,2026-08-05,15.9,31.3,0.0,1018.2,,8.59,0,0
Richards Bay,origin,2026-08-06,21.5,47.2,0.0,1020.6,,11.61,0,0
Richards Bay,origin,2026-08-07,12.4,27.4,0.0,1026.0,,6.7,0,0
Richards Bay,origin,2026-08-08,19.5,38.5,0.0,1020.9,,10.53,0,0
Richards Bay,origin,2026-08-09,25.3,50.0,1.0,1013.6,,13.66,0,0
Richards Bay,origin,2026-08-10,34.7,74.2,13.7,1024.3,,18.74,0,0
Richards Bay,origin,2026-08-11,25.0,52.6,19.2,1032.6,,13.5,0,0
Richards Bay,origin,2026-08-12,17.5,42.8,7.4,1036.8,,9.45,0,0
Richards Bay,origin,2026-08-13,13.9,28.8,1.2,1035.8,,7.51,0,0
Richards Bay,origin,2026-08-14,10.5,20.2,0.5,1030.3,,5.67,0,0
Richards Bay,origin,2026-08-15,14.3,32.0,0.0,1025.9,,7.72,0,0
Richards Bay,origin,2026-08-16,14.2,32.8,0.0,1024.7,,7.67,0,0
Richards Bay,origin,2026-08-17,17.4,33.8,0.0,1021.8,,9.4,0,0
Richards Bay,origin,2026-08-18,19.4,44.3,0.5,1023.5,,10.48,0,0
Richards Bay,origin,2026-08-19,20.7,40.7,0.0,1021.5,,11.18,0,0
Richards Bay,origin,2026-08-20,31.1,66.6,0.3,1023.0,,16.79,0,0
Richards Bay,origin,2026-08-21,14.9,35.6,0.0,1022.2,,8.05,0,0
Richards Bay,origin,2026-08-22,32.4,83.2,0.1,1017.5,,17.49,0,0
Richards Bay,origin,2026-08-23,27.8,59.0,0.0,1027.3,,15.01,0,0
Richards Bay,origin,2026-08-24,14.1,31.7,0.0,1024.0,,7.61,0,0
Richards Bay,origin,2026-08-25,17.1,43.2,0.1,1021.2,,9.23,0,0
Richards Bay,origin,2026-08-26,13.0,31.3,2.2,1027.8,,7.02,0,0
Richards Bay,origin,2026-08-27,20.8,44.6,0.9,1029.2,,11.23,0,0
Richards Bay,origin,2026-08-28,30.0,63.4,0.0,1026.2,,16.2,0,0
Richards Bay,origin,2026-08-29,26.8,58.0,0.0,1020.7,,14.47,0,0
Richards Bay,origin,2026-08-30,24.1,52.2,0.0,1020.4,,13.01,0,0
Richards Bay,origin,2026-08-31,14.4,34.6,0.4,1022.3,,7.78,0,0
Richards Bay,origin,2026-09-01,18.8,36.7,0.0,1019.9,,10.15,0,0
Richards Bay,origin,2026-09-02,20.2,41.0,0.0,1016.5,,10.91,0,0
Richards Bay,origin,2026-09-03,26.6,57.2,0.0,1008.7,,14.36,0,0
Richards Bay,origin,2026-09-04,33.4,72.4,4.5,1021.8,,18.03,0,0
Richards Bay,origin,2026-09-05,15.0,34.2,4.0,1026.4,,8.1,0,0
Richards Bay,origin,2026-09-06,10.7,23.8,17.3,1028.3,,5.78,0,0
Richards Bay,origin,2026-09-07,12.3,24.8,1.2,1031.9,,6.64,0,0
Richards Bay,origin,2026-09-08,18.5,40.7,0.0,1029.6,,9.99,0,0
Richards Bay,origin,2026-09-09,22.0,48.2,0.0,1025.6,,11.88,0,0
Richards Bay,origin,2026-09-10,20.4,45.7,0.0,1020.4,,11.02,0,0
Richards Bay,origin,2026-09-11,24.6,54.0,0.3,1021.0,,13.28,0,0
Richards Bay,origin,2026-09-12,16.2,38.5,0.2,1019.2,,8.75,0,0
Richards Bay,origin,2026-09-13,20.8,46.8,0.0,1019.0,,11.23,0,0
Richards Bay,origin,2026-09-14,25.7,55.4,0.2,1019.1,,13.88,0,0
Richards Bay,origin,2026-09-15,26.4,57.2,9.0,1015.5,,14.25,0,0
Richards Bay,origin,2026-09-16,23.2,49.7,1.5,1019.9,,12.53,0,0
Richards Bay,origin,2026-09-17,23.9,48.2,22.6,1025.3,,12.9,0,0
Richards Bay,origin,2026-09-18,23.4,49.0,40.8,1028.4,,12.63,0,0
Richards Bay,origin,2026-09-19,12.5,26.6,11.1,1027.9,,6.75,0,0
Richards Bay,origin,2026-09-20,14.9,33.8,3.1,1023.1,,8.05,0,0
Richards Bay,origin,2026-09-21,13.4,26.3,0.2,1020.1,,7.24,0,0
Richards Bay,origin,2026-09-22,11.6,30.6,0.2,1022.4,,6.26,0,0
Richards Bay,origin,2026-09-23,17.6,40.3,0.2,1018.7,,9.5,0,0
Richards Bay,origin,2026-09-24,20.9,47.5,1.4,1023.5,,11.29,0,0
Richards Bay,origin,2026-09-25,18.7,40.7,0.1,1019.4,,10.1,0,0
Richards Bay,origin,2026-09-26,20.6,43.9,5.1,1014.1,,11.12,0,0
Richards Bay,origin,2026-09-27,26.3,54.4,7.9,1014.4,,14.2,0,0
Richards Bay,origin,2026-09-28,20.6,47.2,14.4,1024.0,,11.12,0,0
Richards Bay,origin,2026-09-29,17.1,35.6,2.9,1030.3,,9.23,0,0
Richards Bay,origin,2026-09-30,16.5,38.9,1.3,1032.0,,8.91,0,0
Sagar & Sandheads,discharge,2025-09-01,13.3,24.8,16.5,1000.2,,7.18,0,0
Sagar & Sandheads,discharge,2025-09-02,27.9,51.1,14.3,1000.6,,15.06,0,0
Sagar & Sandheads,discharge,2025-09-03,37.2,67.7,21.6,1001.6,,20.09,0,0
Sagar & Sandheads,discharge,2025-09-04,23.5,45.4,14.1,1004.2,,12.69,0,0
Sagar & Sandheads,discharge,2025-09-05,19.3,36.7,1.4,1005.7,,10.42,0,0
Sagar & Sandheads,discharge,2025-09-06,15.7,32.0,0.1,1006.4,,8.48,0,0
Sagar & Sandheads,discharge,2025-09-07,15.8,30.2,0.0,1005.6,,8.53,0,0
Sagar & Sandheads,discharge,2025-09-08,15.2,31.0,0.4,1005.7,,8.21,0,0
Sagar & Sandheads,discharge,2025-09-09,15.7,31.3,0.0,1006.1,,8.48,0,0
Sagar & Sandheads,discharge,2025-09-10,15.3,29.5,0.0,1005.1,,8.26,0,0
Sagar & Sandheads,discharge,2025-09-11,15.7,25.9,6.8,1005.3,,8.48,0,0
Sagar & Sandheads,discharge,2025-09-12,18.7,36.4,1.5,1006.4,,10.1,0,0
Sagar & Sandheads,discharge,2025-09-13,19.7,36.7,2.1,1007.1,,10.64,0,0
Sagar & Sandheads,discharge,2025-09-14,19.8,36.4,14.0,1007.2,,10.69,0,0
Sagar & Sandheads,discharge,2025-09-15,22.0,36.4,34.3,1006.4,,11.88,0,0
Sagar & Sandheads,discharge,2025-09-16,24.9,44.3,39.0,1007.0,,13.44,0,0
Sagar & Sandheads,discharge,2025-09-17,23.2,41.4,1.1,1006.8,,12.53,0,0
Sagar & Sandheads,discharge,2025-09-18,20.4,37.4,1.4,1006.2,,11.02,0,0
Sagar & Sandheads,discharge,2025-09-19,14.5,25.6,2.3,1005.7,,7.83,0,0
Sagar & Sandheads,discharge,2025-09-20,9.3,20.5,1.4,1004.2,,5.02,0,0
Sagar & Sandheads,discharge,2025-09-21,12.7,22.3,1.8,1003.3,,6.86,0,0
Sagar & Sandheads,discharge,2025-09-22,12.0,26.3,36.8,1003.5,,6.48,0,0
Sagar & Sandheads,discharge,2025-09-23,18.3,35.6,6.1,1001.9,,9.88,0,0
Sagar & Sandheads,discharge,2025-09-24,16.8,33.1,1.5,1000.7,,9.07,0,0
Sagar & Sandheads,discharge,2025-09-25,15.6,26.6,7.7,1001.1,,8.42,0,0
Sagar & Sandheads,discharge,2025-09-26,32.2,58.7,8.2,1002.4,,17.39,0,0
Sagar & Sandheads,discharge,2025-09-27,30.0,55.1,7.3,1006.4,,16.2,0,0
Sagar & Sandheads,discharge,2025-09-28,15.2,29.5,1.3,1006.1,,8.21,0,0
Sagar & Sandheads,discharge,2025-09-29,9.4,19.4,1.1,1003.9,,5.08,0,0
Sagar & Sandheads,discharge,2025-09-30,8.6,20.9,1.2,1002.3,,4.64,0,0
Sagar & Sandheads,discharge,2025-10-01,23.9,42.1,34.0,1003.2,,12.9,0,0
Sagar & Sandheads,discharge,2025-10-02,30.8,54.4,27.0,1005.8,,16.63,0,0
Sagar & Sandheads,discharge,2025-10-03,36.6,63.4,13.6,1008.0,,19.76,0,0
Sagar & Sandheads,discharge,2025-10-04,30.3,53.3,16.5,1008.0,,16.36,0,0
Sagar & Sandheads,discharge,2025-10-05,32.4,57.6,16.8,1008.5,,17.49,0,0
Sagar & Sandheads,discharge,2025-10-06,11.3,21.6,9.8,1008.9,,6.1,0,0
Sagar & Sandheads,discharge,2025-10-07,9.2,24.5,11.2,1009.1,,4.97,0,0
Sagar & Sandheads,discharge,2025-10-08,12.8,26.3,1.8,1009.5,,6.91,0,0
Sagar & Sandheads,discharge,2025-10-09,9.8,23.8,5.2,1009.6,,5.29,0,0
Sagar & Sandheads,discharge,2025-10-10,13.3,27.7,11.9,1008.8,,7.18,0,0
Sagar & Sandheads,discharge,2025-10-11,15.4,29.2,1.7,1009.1,,8.32,0,0
Sagar & Sandheads,discharge,2025-10-12,14.1,26.3,0.2,1009.7,,7.61,0,0
Sagar & Sandheads,discharge,2025-10-13,13.7,27.0,0.0,1010.2,,7.4,0,0
Sagar & Sandheads,discharge,2025-10-14,16.2,30.2,0.0,1009.1,,8.75,0,0
Sagar & Sandheads,discharge,2025-10-15,16.8,31.7,0.0,1009.1,,9.07,0,0
Sagar & Sandheads,discharge,2025-10-16,15.3,29.2,0.0,1009.9,,8.26,0,0
Sagar & Sandheads,discharge,2025-10-17,12.4,24.8,0.0,1010.9,,6.7,0,0
Sagar & Sandheads,discharge,2025-10-18,14.7,28.4,0.7,1010.1,,7.94,0,0
Sagar & Sandheads,discharge,2025-10-19,14.6,27.7,5.3,1009.6,,7.88,0,0
Sagar & Sandheads,discharge,2025-10-20,15.3,31.0,0.0,1010.0,,8.26,0,0
Sagar & Sandheads,discharge,2025-10-21,16.5,31.7,0.0,1010.7,,8.91,0,0
Sagar & Sandheads,discharge,2025-10-22,15.3,30.2,0.0,1010.8,,8.26,0,0
Sagar & Sandheads,discharge,2025-10-23,10.9,24.1,0.0,1010.5,,5.89,0,0
Sagar & Sandheads,discharge,2025-10-24,11.2,23.8,0.3,1010.3,,6.05,0,0
Sagar & Sandheads,discharge,2025-10-25,14.3,27.0,1.1,1010.6,,7.72,0,0
Sagar & Sandheads,discharge,2025-10-26,10.8,21.2,0.1,1010.7,,5.83,0,0
Sagar & Sandheads,discharge,2025-10-27,13.5,28.4,0.0,1010.9,,7.29,0,0
Sagar & Sandheads,discharge,2025-10-28,24.0,46.1,17.3,1010.5,,12.96,0,0
Sagar & Sandheads,discharge,2025-10-29,24.4,44.6,17.5,1010.1,,13.17,0,0
Sagar & Sandheads,discharge,2025-10-30,17.4,34.9,2.7,1010.5,,9.4,0,0
Sagar & Sandheads,discharge,2025-10-31,21.6,40.0,1.3,1009.3,,11.66,0,0
Sagar & Sandheads,discharge,2025-11-01,16.2,29.2,0.9,1008.4,,8.75,0,0
Sagar & Sandheads,discharge,2025-11-02,16.7,33.1,0.1,1008.9,,9.02,0,0
Sagar & Sandheads,discharge,2025-11-03,18.4,33.8,0.0,1008.8,,9.94,0,0
Sagar & Sandheads,discharge,2025-11-04,17.1,33.1,0.0,1008.0,,9.23,0,0
Sagar & Sandheads,discharge,2025-11-05,15.0,28.8,0.0,1007.6,,8.1,0,0
Sagar & Sandheads,discharge,2025-11-06,15.4,25.9,0.0,1009.2,,8.32,0,0
Sagar & Sandheads,discharge,2025-11-07,20.3,37.4,0.0,1011.0,,10.96,0,0
Sagar & Sandheads,discharge,2025-11-08,24.1,46.1,0.0,1012.0,,13.01,0,0
Sagar & Sandheads,discharge,2025-11-09,15.8,32.0,0.0,1011.3,,8.53,0,0
Sagar & Sandheads,discharge,2025-11-10,16.2,32.4,0.0,1012.0,,8.75,0,0
Sagar & Sandheads,discharge,2025-11-11,14.2,30.2,0.0,1012.8,,7.67,0,0
Sagar & Sandheads,discharge,2025-11-12,17.6,35.6,0.0,1014.0,,9.5,0,0
Sagar & Sandheads,discharge,2025-11-13,16.7,33.1,0.0,1014.8,,9.02,0,0
Sagar & Sandheads,discharge,2025-11-14,15.8,32.4,0.0,1014.9,,8.53,0,0
Sagar & Sandheads,discharge,2025-11-15,17.5,35.3,0.0,1016.0,,9.45,0,0
Sagar & Sandheads,discharge,2025-11-16,16.2,33.1,0.0,1016.6,,8.75,0,0
Sagar & Sandheads,discharge,2025-11-17,15.8,33.1,0.0,1016.0,,8.53,0,0
Sagar & Sandheads,discharge,2025-11-18,14.1,30.2,0.0,1014.0,,7.61,0,0
Sagar & Sandheads,discharge,2025-11-19,13.2,28.4,0.0,1014.6,,7.13,0,0
Sagar & Sandheads,discharge,2025-11-20,17.9,34.9,0.0,1015.6,,9.67,0,0
Sagar & Sandheads,discharge,2025-11-21,12.5,27.4,0.0,1016.4,,6.75,0,0
Sagar & Sandheads,discharge,2025-11-22,10.4,24.1,0.0,1015.4,,5.62,0,0
Sagar & Sandheads,discharge,2025-11-23,9.9,24.1,0.0,1015.7,,5.35,0,0
Sagar & Sandheads,discharge,2025-11-24,17.4,34.6,0.0,1016.3,,9.4,0,0
Sagar & Sandheads,discharge,2025-11-25,16.6,32.8,0.0,1015.3,,8.96,0,0
Sagar & Sandheads,discharge,2025-11-26,15.7,29.9,0.0,1016.4,,8.48,0,0
Sagar & Sandheads,discharge,2025-11-27,14.0,28.4,0.0,1015.9,,7.56,0,0
Sagar & Sandheads,discharge,2025-11-28,11.9,26.6,0.0,1014.6,,6.43,0,0
Sagar & Sandheads,discharge,2025-11-29,10.9,25.6,0.0,1013.5,,5.89,0,0
Sagar & Sandheads,discharge,2025-11-30,12.4,27.4,0.0,1013.8,,6.7,0,0
Sagar & Sandheads,discharge,2025-12-01,15.0,28.4,0.0,1013.7,,8.1,0,0
Sagar & Sandheads,discharge,2025-12-02,14.5,30.2,0.0,1013.9,,7.83,0,0
Sagar & Sandheads,discharge,2025-12-03,12.7,27.4,0.0,1015.7,,6.86,0,0
Sagar & Sandheads,discharge,2025-12-04,17.6,35.3,0.0,1016.7,,9.5,0,0
Sagar & Sandheads,discharge,2025-12-05,20.3,39.2,0.0,1017.3,,10.96,0,0
Sagar & Sandheads,discharge,2025-12-06,17.3,34.6,0.0,1017.2,,9.34,0,0
Sagar & Sandheads,discharge,2025-12-07,14.4,28.8,0.0,1016.7,,7.78,0,0
Sagar & Sandheads,discharge,2025-12-08,11.9,27.0,0.0,1015.7,,6.43,0,0
Sagar & Sandheads,discharge,2025-12-09,13.9,29.9,0.0,1015.6,,7.51,0,0
Sagar & Sandheads,discharge,2025-12-10,13.7,29.9,0.0,1016.1,,7.4,0,0
Sagar & Sandheads,discharge,2025-12-11,11.0,25.6,0.0,1015.0,,5.94,0,0
Sagar & Sandheads,discharge,2025-12-12,10.9,25.2,0.0,1014.6,,5.89,0,0
Sagar & Sandheads,discharge,2025-12-13,13.0,28.1,0.0,1015.2,,7.02,0,0
Sagar & Sandheads,discharge,2025-12-14,13.7,28.8,0.0,1015.7,,7.4,0,0
Sagar & Sandheads,discharge,2025-12-15,12.8,27.4,0.0,1015.7,,6.91,0,0
Sagar & Sandheads,discharge,2025-12-16,12.5,27.7,0.0,1015.5,,6.75,0,0
Sagar & Sandheads,discharge,2025-12-17,14.1,25.6,0.0,1016.0,,7.61,0,0
Sagar & Sandheads,discharge,2025-12-18,14.1,29.9,0.0,1015.2,,7.61,0,0
Sagar & Sandheads,discharge,2025-12-19,13.0,28.4,0.0,1013.6,,7.02,0,0
Sagar & Sandheads,discharge,2025-12-20,17.6,35.3,0.0,1014.1,,9.5,0,0
Sagar & Sandheads,discharge,2025-12-21,15.5,32.0,0.0,1015.6,,8.37,0,0
Sagar & Sandheads,discharge,2025-12-22,16.8,32.4,0.0,1014.4,,9.07,0,0
Sagar & Sandheads,discharge,2025-12-23,12.7,27.7,0.0,1013.8,,6.86,0,0
Sagar & Sandheads,discharge,2025-12-24,15.0,27.4,0.0,1014.4,,8.1,0,0
Sagar & Sandheads,discharge,2025-12-25,16.9,34.2,0.0,1015.8,,9.13,0,0
Sagar & Sandheads,discharge,2025-12-26,15.2,30.6,0.0,1015.1,,8.21,0,0
Sagar & Sandheads,discharge,2025-12-27,13.9,28.1,0.0,1015.4,,7.51,0,0
Sagar & Sandheads,discharge,2025-12-28,16.6,31.3,0.0,1016.0,,8.96,0,0
Sagar & Sandheads,discharge,2025-12-29,13.5,29.2,0.0,1015.9,,7.29,0,0
Sagar & Sandheads,discharge,2025-12-30,15.5,29.5,0.0,1014.6,,8.37,0,0
Sagar & Sandheads,discharge,2025-12-31,16.0,32.4,0.0,1013.1,,8.64,0,0
Sagar & Sandheads,discharge,2026-01-01,12.1,27.0,0.0,1014.0,,6.53,0,0
Sagar & Sandheads,discharge,2026-01-02,9.3,23.0,0.0,1015.8,,5.02,0,0
Sagar & Sandheads,discharge,2026-01-03,14.1,29.9,0.0,1016.9,,7.61,0,0
Sagar & Sandheads,discharge,2026-01-04,15.4,31.7,0.0,1018.1,,8.32,0,0
Sagar & Sandheads,discharge,2026-01-05,18.1,34.9,0.0,1018.9,,9.77,0,0
Sagar & Sandheads,discharge,2026-01-06,19.0,37.8,0.0,1019.3,,10.26,0,0
Sagar & Sandheads,discharge,2026-01-07,17.1,32.4,0.0,1019.3,,9.23,0,0
Sagar & Sandheads,discharge,2026-01-08,19.5,35.3,0.0,1019.3,,10.53,0,0
Sagar & Sandheads,discharge,2026-01-09,18.0,31.7,0.0,1017.7,,9.72,0,0
Sagar & Sandheads,discharge,2026-01-10,16.4,32.0,0.0,1017.6,,8.86,0,0
Sagar & Sandheads,discharge,2026-01-11,18.8,34.9,0.0,1018.6,,10.15,0,0
Sagar & Sandheads,discharge,2026-01-12,19.5,37.4,0.0,1019.1,,10.53,0,0
Sagar & Sandheads,discharge,2026-01-13,17.7,33.5,0.0,1016.7,,9.56,0,0
Sagar & Sandheads,discharge,2026-01-14,14.2,29.2,0.0,1015.2,,7.67,0,0
Sagar & Sandheads,discharge,2026-01-15,15.8,31.7,0.0,1014.9,,8.53,0,0
Sagar & Sandheads,discharge,2026-01-16,14.6,27.0,0.0,1014.6,,7.88,0,0
Sagar & Sandheads,discharge,2026-01-17,13.1,26.6,0.0,1012.9,,7.07,0,0
Sagar & Sandheads,discharge,2026-01-18,12.2,25.9,0.0,1012.5,,6.59,0,0
Sagar & Sandheads,discharge,2026-01-19,10.1,22.7,0.0,1013.5,,5.45,0,0
Sagar & Sandheads,discharge,2026-01-20,12.7,23.0,0.0,1014.4,,6.86,0,0
Sagar & Sandheads,discharge,2026-01-21,13.6,28.8,0.0,1015.7,,7.34,0,0
Sagar & Sandheads,discharge,2026-01-22,14.8,30.2,0.0,1016.7,,7.99,0,0
Sagar & Sandheads,discharge,2026-01-23,10.3,23.0,0.0,1018.2,,5.56,0,0
Sagar & Sandheads,discharge,2026-01-24,12.8,24.1,0.0,1017.4,,6.91,0,0
Sagar & Sandheads,discharge,2026-01-25,11.8,23.0,0.0,1016.5,,6.37,0,0
Sagar & Sandheads,discharge,2026-01-26,11.4,26.3,0.0,1018.1,,6.16,0,0
Sagar & Sandheads,discharge,2026-01-27,13.6,24.8,0.0,1017.8,,7.34,0,0
Sagar & Sandheads,discharge,2026-01-28,13.4,23.4,0.0,1016.2,,7.24,0,0
Sagar & Sandheads,discharge,2026-01-29,13.2,25.2,0.0,1016.4,,7.13,0,0
Sagar & Sandheads,discharge,2026-01-30,15.6,31.0,0.0,1017.6,,8.42,0,0
Sagar & Sandheads,discharge,2026-01-31,14.5,26.3,0.0,1017.6,,7.83,0,0
Sagar & Sandheads,discharge,2026-02-01,14.8,29.5,0.0,1017.7,,7.99,0,0
Sagar & Sandheads,discharge,2026-02-02,13.4,29.5,0.0,1017.0,,7.24,0,0
Sagar & Sandheads,discharge,2026-02-03,13.0,28.8,0.0,1017.9,,7.02,0,0
Sagar & Sandheads,discharge,2026-02-04,16.6,33.5,0.0,1017.5,,8.96,0,0
Sagar & Sandheads,discharge,2026-02-05,17.1,34.6,0.0,1017.5,,9.23,0,0
Sagar & Sandheads,discharge,2026-02-06,19.5,37.8,0.0,1016.4,,10.53,0,0
Sagar & Sandheads,discharge,2026-02-07,16.8,34.6,0.0,1015.1,,9.07,0,0
Sagar & Sandheads,discharge,2026-02-08,11.8,27.0,0.0,1014.5,,6.37,0,0
Sagar & Sandheads,discharge,2026-02-09,15.1,29.2,0.0,1014.6,,8.15,0,0
Sagar & Sandheads,discharge,2026-02-10,15.0,26.3,0.0,1016.1,,8.1,0,0
Sagar & Sandheads,discharge,2026-02-11,16.7,32.8,0.0,1016.9,,9.02,0,0
Sagar & Sandheads,discharge,2026-02-12,10.7,23.4,0.0,1015.6,,5.78,0,0
Sagar & Sandheads,discharge,2026-02-13,15.2,29.2,0.0,1014.6,,8.21,0,0
Sagar & Sandheads,discharge,2026-02-14,14.9,27.4,0.0,1013.3,,8.05,0,0
Sagar & Sandheads,discharge,2026-02-15,15.3,31.0,0.0,1013.3,,8.26,0,0
Sagar & Sandheads,discharge,2026-02-16,12.4,27.7,0.0,1013.5,,6.7,0,0
Sagar & Sandheads,discharge,2026-02-17,17.1,34.9,0.0,1013.2,,9.23,0,0
Sagar & Sandheads,discharge,2026-02-18,14.4,29.9,0.0,1013.5,,7.78,0,0
Sagar & Sandheads,discharge,2026-02-19,13.1,28.4,0.0,1015.0,,7.07,0,0
Sagar & Sandheads,discharge,2026-02-20,11.8,26.3,0.0,1014.4,,6.37,0,0
Sagar & Sandheads,discharge,2026-02-21,12.2,28.8,0.0,1011.0,,6.59,0,0
Sagar & Sandheads,discharge,2026-02-22,17.5,32.8,0.0,1009.5,,9.45,0,0
Sagar & Sandheads,discharge,2026-02-23,16.4,47.9,0.9,1009.8,,8.86,0,0
Sagar & Sandheads,discharge,2026-02-24,17.9,29.5,1.3,1011.1,,9.67,0,0
Sagar & Sandheads,discharge,2026-02-25,10.3,23.8,0.2,1011.4,,5.56,0,0
Sagar & Sandheads,discharge,2026-02-26,15.0,28.4,0.0,1009.8,,8.1,0,0
Sagar & Sandheads,discharge,2026-02-27,15.8,34.9,0.0,1008.2,,8.53,0,0
Sagar & Sandheads,discharge,2026-02-28,18.1,34.2,0.0,1008.0,,9.77,0,0
Sagar & Sandheads,discharge,2026-03-01,19.2,37.8,0.0,1008.4,,10.37,0,0
Sagar & Sandheads,discharge,2026-03-02,20.2,38.2,0.0,1009.7,,10.91,0,0
Sagar & Sandheads,discharge,2026-03-03,13.7,26.6,0.0,1011.3,,7.4,0,0
Sagar & Sandheads,discharge,2026-03-04,17.1,32.4,0.0,1010.6,,9.23,0,0
Sagar & Sandheads,discharge,2026-03-05,16.4,29.9,0.0,1008.8,,8.86,0,0
Sagar & Sandheads,discharge,2026-03-06,15.9,33.1,0.1,1010.0,,8.59,0,0
Sagar & Sandheads,discharge,2026-03-07,17.0,34.2,0.3,1011.7,,9.18,0,0
Sagar & Sandheads,discharge,2026-03-08,16.1,33.1,0.2,1012.1,,8.69,0,0
Sagar & Sandheads,discharge,2026-03-09,19.5,38.5,0.5,1013.2,,10.53,0,0
Sagar & Sandheads,discharge,2026-03-10,14.6,30.2,1.0,1013.7,,7.88,0,0
Sagar & Sandheads,discharge,2026-03-11,17.6,35.6,0.7,1011.1,,9.5,0,0
Sagar & Sandheads,discharge,2026-03-12,19.2,35.3,0.2,1008.9,,10.37,0,0
Sagar & Sandheads,discharge,2026-03-13,26.0,48.2,0.0,1008.7,,14.04,0,0
Sagar & Sandheads,discharge,2026-03-14,31.0,53.6,1.1,1010.8,,16.74,0,0
Sagar & Sandheads,discharge,2026-03-15,36.8,65.2,0.0,1010.6,,19.87,0,0
Sagar & Sandheads,discharge,2026-03-16,36.1,58.3,0.0,1009.4,,19.49,0,0
Sagar & Sandheads,discharge,2026-03-17,31.6,53.6,0.0,1010.1,,17.06,0,0
Sagar & Sandheads,discharge,2026-03-18,27.6,46.1,0.4,1011.0,,14.9,0,0
Sagar & Sandheads,discharge,2026-03-19,27.4,50.0,20.7,1011.0,,14.79,0,0
Sagar & Sandheads,discharge,2026-03-20,24.0,39.2,19.4,1010.2,,12.96,0,0
Sagar & Sandheads,discharge,2026-03-21,19.9,38.9,13.9,1011.7,,10.75,0,0
Sagar & Sandheads,discharge,2026-03-22,15.0,27.7,0.0,1012.2,,8.1,0,0
Sagar & Sandheads,discharge,2026-03-23,16.0,30.2,1.4,1011.8,,8.64,0,0
Sagar & Sandheads,discharge,2026-03-24,24.1,39.6,0.0,1009.8,,13.01,0,0
Sagar & Sandheads,discharge,2026-03-25,21.5,39.6,5.0,1010.3,,11.61,0,0
Sagar & Sandheads,discharge,2026-03-26,16.1,29.9,1.1,1010.3,,8.69,0,0
Sagar & Sandheads,discharge,2026-03-27,26.0,48.6,5.5,1007.8,,14.04,0,0
Sagar & Sandheads,discharge,2026-03-28,18.6,32.4,0.8,1006.7,,10.04,0,0
Sagar & Sandheads,discharge,2026-03-29,24.6,45.4,2.5,1007.6,,13.28,0,0
Sagar & Sandheads,discharge,2026-03-30,23.5,41.0,0.3,1008.3,,12.69,0,0
Sagar & Sandheads,discharge,2026-03-31,18.6,34.6,0.4,1009.5,,10.04,0,0
Sagar & Sandheads,discharge,2026-04-01,23.0,37.8,0.0,1009.5,,12.42,0,0
Sagar & Sandheads,discharge,2026-04-02,25.5,47.9,0.0,1009.2,,13.77,0,0
Sagar & Sandheads,discharge,2026-04-03,19.1,36.4,0.0,1008.0,,10.31,0,0
Sagar & Sandheads,discharge,2026-04-04,18.3,32.0,0.0,1006.6,,9.88,0,0
Sagar & Sandheads,discharge,2026-04-05,32.7,61.6,3.8,1007.9,,17.66,0,0
Sagar & Sandheads,discharge,2026-04-06,20.9,39.6,9.6,1009.4,,11.29,0,0
Sagar & Sandheads,discharge,2026-04-07,32.5,55.8,3.4,1009.4,,17.55,0,0
Sagar & Sandheads,discharge,2026-04-08,19.9,40.0,6.9,1009.4,,10.75,0,0
Sagar & Sandheads,discharge,2026-04-09,18.5,42.5,16.6,1010.5,,9.99,0,0
Sagar & Sandheads,discharge,2026-04-10,14.2,29.5,0.0,1010.7,,7.67,0,0
Sagar & Sandheads,discharge,2026-04-11,19.7,32.0,0.1,1009.2,,10.64,0,0
Sagar & Sandheads,discharge,2026-04-12,30.4,49.7,0.0,1007.4,,16.41,0,0
Sagar & Sandheads,discharge,2026-04-13,27.6,49.0,0.0,1007.8,,14.9,0,0
Sagar & Sandheads,discharge,2026-04-14,22.2,37.4,0.0,1007.4,,11.99,0,0
Sagar & Sandheads,discharge,2026-04-15,26.0,45.0,0.0,1006.1,,14.04,0,0
Sagar & Sandheads,discharge,2026-04-16,28.3,50.8,5.0,1007.2,,15.28,0,0
Sagar & Sandheads,discharge,2026-04-17,21.4,39.6,0.7,1008.2,,11.56,0,0
Sagar & Sandheads,discharge,2026-04-18,23.9,38.9,0.2,1007.2,,12.9,0,0
Sagar & Sandheads,discharge,2026-04-19,27.2,48.6,0.3,1005.9,,14.69,0,0
Sagar & Sandheads,discharge,2026-04-20,27.7,46.4,0.0,1004.7,,14.96,0,0
Sagar & Sandheads,discharge,2026-04-21,24.9,41.0,0.0,1004.2,,13.44,0,0
Sagar & Sandheads,discharge,2026-04-22,18.2,35.3,0.0,1004.8,,9.83,0,0
Sagar & Sandheads,discharge,2026-04-23,22.7,40.3,0.0,1005.1,,12.26,0,0
Sagar & Sandheads,discharge,2026-04-24,23.1,39.6,0.0,1006.6,,12.47,0,0
Sagar & Sandheads,discharge,2026-04-25,29.3,52.6,0.0,1007.3,,15.82,0,0
Sagar & Sandheads,discharge,2026-04-26,33.4,55.8,0.3,1005.7,,18.03,0,0
Sagar & Sandheads,discharge,2026-04-27,36.6,63.0,0.6,1003.1,,19.76,0,0
Sagar & Sandheads,discharge,2026-04-28,38.1,66.2,5.4,1003.5,,20.57,0,0
Sagar & Sandheads,discharge,2026-04-29,37.0,64.8,2.1,1005.5,,19.98,0,0
Sagar & Sandheads,discharge,2026-04-30,39.7,64.4,17.1,1007.2,,21.44,0,0
Sagar & Sandheads,discharge,2026-05-01,25.5,47.9,8.5,1005.4,,13.77,0,0
Sagar & Sandheads,discharge,2026-05-02,29.0,54.7,1.4,1003.9,,15.66,0,0
Sagar & Sandheads,discharge,2026-05-03,24.7,44.6,8.5,1006.3,,13.34,0,0
Sagar & Sandheads,discharge,2026-05-04,28.1,54.0,9.5,1008.7,,15.17,0,0
Sagar & Sandheads,discharge,2026-05-05,20.2,36.4,0.2,1009.0,,10.91,0,0
Sagar & Sandheads,discharge,2026-05-06,19.5,36.7,0.2,1007.3,,10.53,0,0
Sagar & Sandheads,discharge,2026-05-07,17.1,46.4,3.0,1009.2,,9.23,0,0
Sagar & Sandheads,discharge,2026-05-08,19.1,32.0,1.1,1009.4,,10.31,0,0
Sagar & Sandheads,discharge,2026-05-09,14.9,25.2,2.7,1009.2,,8.05,0,0
Sagar & Sandheads,discharge,2026-05-10,20.2,33.5,3.1,1008.8,,10.91,0,0
Sagar & Sandheads,discharge,2026-05-11,17.9,30.2,0.8,1008.3,,9.67,0,0
Sagar & Sandheads,discharge,2026-05-12,20.0,37.8,0.3,1006.4,,10.8,0,0
Sagar & Sandheads,discharge,2026-05-13,28.0,46.4,5.3,1004.3,,15.12,0,0
Sagar & Sandheads,discharge,2026-05-14,25.9,46.1,0.3,1003.3,,13.98,0,0
Sagar & Sandheads,discharge,2026-05-15,29.8,49.3,0.0,1003.2,,16.09,0,0
Sagar & Sandheads,discharge,2026-05-16,28.3,47.9,0.0,1003.9,,15.28,0,0
Sagar & Sandheads,discharge,2026-05-17,31.4,52.9,0.0,1003.3,,16.95,0,0
Sagar & Sandheads,discharge,2026-05-18,27.5,51.5,0.1,1002.7,,14.85,0,0
Sagar & Sandheads,discharge,2026-05-19,28.4,49.3,3.5,1001.9,,15.33,0,0
Sagar & Sandheads,discharge,2026-05-20,20.6,37.1,0.4,1000.7,,11.12,0,0
Sagar & Sandheads,discharge,2026-05-21,22.8,40.3,0.0,1002.6,,12.31,0,0
Sagar & Sandheads,discharge,2026-05-22,25.8,46.4,1.1,1004.1,,13.93,0,0
Sagar & Sandheads,discharge,2026-05-23,29.3,53.3,0.3,1004.0,,15.82,0,0
Sagar & Sandheads,discharge,2026-05-24,29.2,50.0,0.0,1004.7,,15.77,0,0
Sagar & Sandheads,discharge,2026-05-25,32.8,56.5,0.5,1004.3,,17.71,0,0
Sagar & Sandheads,discharge,2026-05-26,32.4,56.5,1.7,1004.4,,17.49,0,0
Sagar & Sandheads,discharge,2026-05-27,29.2,51.5,3.5,1004.9,,15.77,0,0
Sagar & Sandheads,discharge,2026-05-28,21.7,39.2,0.0,1005.8,,11.72,0,0
Sagar & Sandheads,discharge,2026-05-29,24.1,45.0,1.7,1006.1,,13.01,0,0
Sagar & Sandheads,discharge,2026-05-30,13.6,29.9,1.4,1006.0,,7.34,0,0
Sagar & Sandheads,discharge,2026-05-31,20.4,39.6,0.8,1006.2,,11.02,0,0
Sagar & Sandheads,discharge,2026-06-01,14.8,31.7,0.7,1006.7,,7.99,0,0
Sagar & Sandheads,discharge,2026-06-02,20.9,34.9,0.6,1005.1,,11.29,0,0
Sagar & Sandheads,discharge,2026-06-03,22.0,37.4,0.0,1002.6,,11.88,0,0
Sagar & Sandheads,discharge,2026-06-04,24.1,41.8,0.0,1001.4,,13.01,0,0
Sagar & Sandheads,discharge,2026-06-05,21.5,40.0,2.5,1001.3,,11.61,0,0
Sagar & Sandheads,discharge,2026-06-06,18.8,36.7,7.5,1002.5,,10.15,0,0
Sagar & Sandheads,discharge,2026-06-07,26.3,45.4,21.5,1002.6,,14.2,0,0
Sagar & Sandheads,discharge,2026-06-08,24.0,44.6,1.8,1000.7,,12.96,0,0
Sagar & Sandheads,discharge,2026-06-09,24.0,43.6,1.3,1000.4,,12.96,0,0
Sagar & Sandheads,discharge,2026-06-10,28.3,46.1,4.7,1001.7,,15.28,0,0
Sagar & Sandheads,discharge,2026-06-11,18.5,33.8,20.9,1003.7,,9.99,0,0
Sagar & Sandheads,discharge,2026-06-12,15.3,29.2,8.4,1005.2,,8.26,0,0
Sagar & Sandheads,discharge,2026-06-13,23.2,41.4,18.9,1003.9,,12.53,0,0
Sagar & Sandheads,discharge,2026-06-14,25.3,45.4,14.9,1002.9,,13.66,0,0
Sagar & Sandheads,discharge,2026-06-15,19.2,36.4,4.4,1003.1,,10.37,0,0
Sagar & Sandheads,discharge,2026-06-16,21.9,38.2,4.2,1004.4,,11.83,0,0
Sagar & Sandheads,discharge,2026-06-17,27.5,45.4,0.8,1004.2,,14.85,0,0
Sagar & Sandheads,discharge,2026-06-18,26.9,48.2,9.3,1004.1,,14.52,0,0
Sagar & Sandheads,discharge,2026-06-19,27.9,50.0,1.9,1004.6,,15.06,0,0
Sagar & Sandheads,discharge,2026-06-20,31.7,52.9,5.8,1004.1,,17.12,0,0
Sagar & Sandheads,discharge,2026-06-21,24.3,43.6,12.0,1003.7,,13.12,0,0
Sagar & Sandheads,discharge,2026-06-22,26.7,48.6,10.6,1003.4,,14.42,0,0
Sagar & Sandheads,discharge,2026-06-23,24.4,46.1,4.3,1001.5,,13.17,0,0
Sagar & Sandheads,discharge,2026-06-24,22.3,37.1,9.1,1002.3,,12.04,0,0
Sagar & Sandheads,discharge,2026-06-25,18.3,33.8,13.7,1003.5,,9.88,0,0
Sagar & Sandheads,discharge,2026-06-26,17.7,32.8,5.5,1004.3,,9.56,0,0
Sagar & Sandheads,discharge,2026-06-27,24.3,41.0,7.2,1003.2,,13.12,0,0
Sagar & Sandheads,discharge,2026-06-28,29.0,51.5,6.9,1002.0,,15.66,0,0
Sagar & Sandheads,discharge,2026-06-29,21.7,40.7,10.6,1001.1,,11.72,0,0
Sagar & Sandheads,discharge,2026-06-30,18.4,45.4,29.1,1001.4,,9.94,0,0
Sagar & Sandheads,discharge,2026-07-01,17.8,31.0,12.2,1000.4,,9.61,0,0
Sagar & Sandheads,discharge,2026-07-02,20.4,35.6,5.4,999.5,,11.02,0,0
Sagar & Sandheads,discharge,2026-07-03,28.5,51.8,7.6,997.6,,15.39,0,0
Sagar & Sandheads,discharge,2026-07-04,31.3,58.7,13.6,993.8,,16.9,0,0
Sagar & Sandheads,discharge,2026-07-05,34.9,57.6,25.0,993.7,,18.84,0,0
Sagar & Sandheads,discharge,2026-07-06,44.7,78.5,24.1,998.4,,24.14,1,0
Sagar & Sandheads,discharge,2026-07-07,46.1,76.3,36.6,1001.8,,24.89,1,0
Sagar & Sandheads,discharge,2026-07-08,38.8,68.0,1.6,1002.0,,20.95,0,0
Sagar & Sandheads,discharge,2026-07-09,37.1,62.6,27.5,1002.4,,20.03,0,0
Sagar & Sandheads,discharge,2026-07-10,32.7,55.8,19.3,1001.6,,17.66,0,0
Sagar & Sandheads,discharge,2026-07-11,25.5,44.6,10.1,999.6,,13.77,0,0
Sagar & Sandheads,discharge,2026-07-12,31.9,52.2,4.5,998.6,,17.22,0,0
Sagar & Sandheads,discharge,2026-07-13,20.7,34.9,26.1,999.5,,11.18,0,0
Sagar & Sandheads,discharge,2026-07-14,15.5,36.0,7.3,999.7,,8.37,0,0
Sagar & Sandheads,discharge,2026-07-15,17.8,33.5,7.5,999.3,,9.61,0,0
Sagar & Sandheads,discharge,2026-07-16,29.9,53.3,7.9,999.4,,16.14,0,0
Sagar & Sandheads,discharge,2026-07-17,34.7,58.3,16.2,1001.2,,18.74,0,0
Sagar & Sandheads,discharge,2026-07-18,29.5,52.2,5.2,1002.2,,15.93,0,0
Sagar & Sandheads,discharge,2026-07-19,23.7,44.3,7.2,1003.2,,12.8,0,0
Sagar & Sandheads,discharge,2026-07-20,22.8,40.7,26.8,1003.1,,12.31,0,0
Sagar & Sandheads,discharge,2026-07-21,20.0,34.9,44.9,1002.7,,10.8,0,0
Sagar & Sandheads,discharge,2026-07-22,27.7,48.2,33.7,1003.6,,14.96,0,0
Sagar & Sandheads,discharge,2026-07-23,31.4,54.4,40.9,1003.3,,16.95,0,0
Sagar & Sandheads,discharge,2026-07-24,26.3,48.2,70.4,1001.4,,14.2,0,0
Sagar & Sandheads,discharge,2026-07-25,20.1,32.4,21.8,999.4,,10.85,0,0
Sagar & Sandheads,discharge,2026-07-26,26.0,51.1,21.2,996.7,,14.04,0,0
Sagar & Sandheads,discharge,2026-07-27,30.9,54.0,43.5,993.3,,16.68,0,0
Sagar & Sandheads,discharge,2026-07-28,40.5,69.8,15.4,996.3,,21.87,1,0
Sagar & Sandheads,discharge,2026-07-29,30.2,49.7,19.4,998.4,,16.31,0,0
Sagar & Sandheads,discharge,2026-07-30,30.0,56.2,3.7,1000.4,,16.2,0,0
Sagar & Sandheads,discharge,2026-07-31,25.9,46.8,20.6,1002.2,,13.98,0,0
Sagar & Sandheads,discharge,2026-08-01,25.3,45.7,4.4,1002.0,,13.66,0,0
Sagar & Sandheads,discharge,2026-08-02,21.4,42.8,2.9,1002.2,,11.56,0,0
Sagar & Sandheads,discharge,2026-08-03,22.3,40.0,10.6,1003.2,,12.04,0,0
Sagar & Sandheads,discharge,2026-08-04,21.5,37.1,6.2,1003.0,,11.61,0,0
Sagar & Sandheads,discharge,2026-08-05,22.5,40.0,32.9,1001.7,,12.15,0,0
Sagar & Sandheads,discharge,2026-08-06,13.7,25.6,19.2,1000.9,,7.4,0,0
Sagar & Sandheads,discharge,2026-08-07,16.8,31.0,26.2,1000.0,,9.07,0,0
Sagar & Sandheads,discharge,2026-08-08,24.2,43.9,9.3,1001.7,,13.07,0,0
Sagar & Sandheads,discharge,2026-08-09,18.4,36.7,10.5,1002.1,,9.94,0,0
Sagar & Sandheads,discharge,2026-08-10,10.9,24.1,30.0,1000.9,,5.89,0,0
Sagar & Sandheads,discharge,2026-08-11,12.4,26.6,27.1,1000.2,,6.7,0,0
Sagar & Sandheads,discharge,2026-08-12,29.5,49.7,122.7,1000.4,,15.93,0,0
Sagar & Sandheads,discharge,2026-08-13,29.3,51.1,46.5,999.5,,15.82,0,0
Sagar & Sandheads,discharge,2026-08-14,23.6,43.2,44.3,1000.6,,12.74,0,0
Sagar & Sandheads,discharge,2026-08-15,20.9,38.5,22.5,999.5,,11.29,0,0
Sagar & Sandheads,discharge,2026-08-16,30.3,50.0,44.2,997.6,,16.36,0,0
Sagar & Sandheads,discharge,2026-08-17,38.7,65.9,43.3,1000.6,,20.9,0,0
Sagar & Sandheads,discharge,2026-08-18,36.0,67.7,7.3,1002.3,,19.44,0,0
Sagar & Sandheads,discharge,2026-08-19,26.0,42.1,2.4,1003.8,,14.04,0,0
Sagar & Sandheads,discharge,2026-08-20,14.6,29.2,3.0,1003.0,,7.88,0,0
Sagar & Sandheads,discharge,2026-08-21,17.0,28.1,2.0,1001.7,,9.18,0,0
Sagar & Sandheads,discharge,2026-08-22,18.2,33.8,8.9,1000.9,,9.83,0,0
Sagar & Sandheads,discharge,2026-08-23,17.1,35.6,9.7,1000.3,,9.23,0,0
Sagar & Sandheads,discharge,2026-08-24,30.8,51.5,17.3,1001.7,,16.63,0,0
Sagar & Sandheads,discharge,2026-08-25,26.5,49.0,7.5,1002.8,,14.31,0,0
Sagar & Sandheads,discharge,2026-08-26,18.9,33.5,9.1,1002.2,,10.21,0,0
Sagar & Sandheads,discharge,2026-08-27,14.7,26.3,4.4,1001.2,,7.94,0,0
Sagar & Sandheads,discharge,2026-08-28,15.0,32.4,20.8,1000.6,,8.1,0,0
Sagar & Sandheads,discharge,2026-08-29,16.5,26.6,26.5,999.3,,8.91,0,0
Sagar & Sandheads,discharge,2026-08-30,19.1,32.8,21.1,997.8,,10.31,0,0
Sagar & Sandheads,discharge,2026-08-31,29.7,55.1,33.2,998.4,,16.04,0,0
Sagar & Sandheads,discharge,2026-09-01,25.0,43.6,20.5,1002.2,,13.5,0,0
Sagar & Sandheads,discharge,2026-09-02,20.2,36.0,7.3,1003.9,,10.91,0,0
Sagar & Sandheads,discharge,2026-09-03,21.7,39.6,1.5,1004.3,,11.72,0,0
Sagar & Sandheads,discharge,2026-09-04,22.4,41.4,1.4,1006.6,,12.1,0,0
Sagar & Sandheads,discharge,2026-09-05,19.0,34.2,1.4,1007.5,,10.26,0,0
Sagar & Sandheads,discharge,2026-09-06,21.2,34.6,1.5,1007.6,,11.45,0,0
Sagar & Sandheads,discharge,2026-09-07,14.4,28.8,4.3,1006.3,,7.78,0,0
Sagar & Sandheads,discharge,2026-09-08,13.4,31.0,5.8,1005.3,,7.24,0,0
Sagar & Sandheads,discharge,2026-09-09,12.3,24.1,27.8,1004.7,,6.64,0,0
Sagar & Sandheads,discharge,2026-09-10,25.8,46.8,10.8,1004.8,,13.93,0,0
Sagar & Sandheads,discharge,2026-09-11,34.0,58.7,24.6,1007.3,,18.36,0,0
Sagar & Sandheads,discharge,2026-09-12,25.6,45.7,6.1,1009.8,,13.82,0,0
Sagar & Sandheads,discharge,2026-09-13,16.2,32.4,8.5,1011.5,,8.75,0,0
Sagar & Sandheads,discharge,2026-09-14,11.7,25.9,3.3,1010.6,,6.32,0,0
Sagar & Sandheads,discharge,2026-09-15,13.9,25.6,0.0,1009.6,,7.51,0,0
Sagar & Sandheads,discharge,2026-09-16,16.9,33.1,0.3,1008.5,,9.13,0,0
Sagar & Sandheads,discharge,2026-09-17,14.8,31.0,2.1,1007.8,,7.99,0,0
Sagar & Sandheads,discharge,2026-09-18,9.6,20.9,4.8,1008.1,,5.18,0,0
Sagar & Sandheads,discharge,2026-09-19,15.2,29.9,3.7,1009.3,,8.21,0,0
Sagar & Sandheads,discharge,2026-09-20,18.8,37.1,7.3,1009.9,,10.15,0,0
Sagar & Sandheads,discharge,2026-09-21,27.5,49.3,4.1,1006.9,,14.85,0,0
Sagar & Sandheads,discharge,2026-09-22,31.8,55.4,32.2,1004.4,,17.17,0,0
Sagar & Sandheads,discharge,2026-09-23,35.5,60.1,43.6,1004.3,,19.17,0,0
Sagar & Sandheads,discharge,2026-09-24,41.1,73.1,38.3,1004.1,,22.19,1,0
Sagar & Sandheads,discharge,2026-09-25,43.2,78.8,29.9,1005.4,,23.33,1,0
Sagar & Sandheads,discharge,2026-09-26,33.7,58.3,8.8,1007.0,,18.2,0,0
Sagar & Sandheads,discharge,2026-09-27,12.8,27.4,0.4,1006.5,,6.91,0,0
Sagar & Sandheads,discharge,2026-09-28,13.1,25.9,0.2,1007.6,,7.07,0,0
Sagar & Sandheads,discharge,2026-09-29,21.1,35.3,0.2,1008.8,,11.39,0,0
Sagar & Sandheads,discharge,2026-09-30,15.5,35.6,0.7,1009.8,,8.37,0,0
Vanino,origin,2025-09-01,17.3,38.5,0.2,1007.1,,9.34,0,0
Vanino,origin,2025-09-02,14.4,29.9,9.7,1006.7,,7.78,0,0
Vanino,origin,2025-09-03,16.7,36.4,1.2,1011.9,,9.02,0,0
Vanino,origin,2025-09-04,17.3,35.6,0.0,1009.3,,9.34,0,0
Vanino,origin,2025-09-05,15.9,36.0,3.2,1007.2,,8.59,0,0
Vanino,origin,2025-09-06,16.8,37.8,5.9,1005.7,,9.07,0,0
Vanino,origin,2025-09-07,15.9,36.0,0.5,1003.6,,8.59,0,0
Vanino,origin,2025-09-08,15.2,36.0,3.4,1006.6,,8.21,0,0
Vanino,origin,2025-09-09,13.9,25.9,0.3,1008.4,,7.51,0,0
Vanino,origin,2025-09-10,18.0,44.6,3.8,1013.9,,9.72,0,0
Vanino,origin,2025-09-11,11.9,29.9,0.3,1018.0,,6.43,0,0
Vanino,origin,2025-09-12,24.6,50.0,10.8,1013.0,,13.28,0,0
Vanino,origin,2025-09-13,15.1,29.5,0.1,1007.0,,8.15,0,0
Vanino,origin,2025-09-14,15.8,33.8,0.0,1006.3,,8.53,0,0
Vanino,origin,2025-09-15,25.7,50.8,0.1,999.5,,13.88,0,0
Vanino,origin,2025-09-16,21.5,49.3,1.5,1000.4,,11.61,0,0
Vanino,origin,2025-09-17,20.7,42.8,3.5,1003.5,,11.18,0,0
Vanino,origin,2025-09-18,29.4,61.6,0.0,1011.9,,15.87,0,0
Vanino,origin,2025-09-19,15.3,32.8,0.0,1016.9,,8.26,0,0
Vanino,origin,2025-09-20,15.0,28.4,0.5,1016.1,,8.1,0,0
Vanino,origin,2025-09-21,18.3,34.9,1.1,1014.9,,9.88,0,0
Vanino,origin,2025-09-22,15.7,34.9,0.1,1017.1,,8.48,0,0
Vanino,origin,2025-09-23,14.8,31.0,0.0,1019.4,,7.99,0,0
Vanino,origin,2025-09-24,28.6,49.3,5.6,1014.5,,15.44,0,0
Vanino,origin,2025-09-25,31.5,60.5,5.8,1005.2,,17.01,0,0
Vanino,origin,2025-09-26,22.6,48.2,0.0,1006.0,,12.2,0,0
Vanino,origin,2025-09-27,26.3,56.9,0.0,1003.2,,14.2,0,0
Vanino,origin,2025-09-28,31.7,63.4,0.3,1003.5,,17.12,0,0
Vanino,origin,2025-09-29,13.7,26.3,0.0,1007.0,,7.4,0,0
Vanino,origin,2025-09-30,11.8,25.6,0.0,1006.7,,6.37,0,0
Vanino,origin,2025-10-01,22.0,50.8,13.9,1010.2,,11.88,0,0
Vanino,origin,2025-10-02,19.8,42.5,0.2,1016.6,,10.69,0,0
Vanino,origin,2025-10-03,25.7,53.6,0.0,1019.1,,13.88,0,0
Vanino,origin,2025-10-04,25.8,51.1,1.8,1005.7,,13.93,0,0
Vanino,origin,2025-10-05,26.0,56.2,0.0,1011.7,,14.04,0,0
Vanino,origin,2025-10-06,18.3,42.1,0.2,1021.6,,9.88,0,0
Vanino,origin,2025-10-07,17.9,40.0,1.7,1013.2,,9.67,0,0
Vanino,origin,2025-10-08,28.6,60.5,0.4,1014.7,,15.44,0,0
Vanino,origin,2025-10-09,16.6,34.6,0.5,1019.9,,8.96,0,0
Vanino,origin,2025-10-10,22.9,49.0,0.0,1020.8,,12.37,0,0
Vanino,origin,2025-10-11,19.0,38.5,0.1,1016.4,,10.26,0,0
Vanino,origin,2025-10-12,27.7,53.3,1.7,1013.3,,14.96,0,0
Vanino,origin,2025-10-13,12.3,40.0,0.0,1021.8,,6.64,0,0
Vanino,origin,2025-10-14,18.1,37.8,0.0,1021.1,,9.77,0,0
Vanino,origin,2025-10-15,18.1,39.6,0.0,1026.3,,9.77,0,0
Vanino,origin,2025-10-16,13.9,26.6,0.0,1026.0,,7.51,0,0
Vanino,origin,2025-10-17,14.8,33.1,0.9,1023.5,,7.99,0,0
Vanino,origin,2025-10-18,19.6,40.0,1.1,1019.1,,10.58,0,0
Vanino,origin,2025-10-19,22.9,49.3,0.0,1018.6,,12.37,0,0
Vanino,origin,2025-10-20,21.0,45.7,0.0,1019.7,,11.34,0,0
Vanino,origin,2025-10-21,13.2,31.7,0.0,1024.6,,7.13,0,0
Vanino,origin,2025-10-22,10.6,20.9,0.0,1029.1,,5.72,0,0
Vanino,origin,2025-10-23,15.7,29.9,0.0,1029.4,,8.48,0,0
Vanino,origin,2025-10-24,13.8,29.2,0.0,1024.4,,7.45,0,0
Vanino,origin,2025-10-25,13.7,27.4,0.0,1020.7,,7.4,0,0
Vanino,origin,2025-10-26,23.2,41.8,13.0,1015.4,,12.53,0,0
Vanino,origin,2025-10-27,28.9,58.0,39.3,996.7,,15.6,0,0
Vanino,origin,2025-10-28,30.2,64.4,0.5,1009.7,,16.31,0,0
Vanino,origin,2025-10-29,21.9,51.8,0.0,1021.4,,11.83,0,0
Vanino,origin,2025-10-30,24.4,50.8,0.0,1014.4,,13.17,0,0
Vanino,origin,2025-10-31,21.4,47.2,0.0,1018.6,,11.56,0,0
Vanino,origin,2025-11-01,25.3,51.8,0.0,1013.0,,13.66,0,0
Vanino,origin,2025-11-02,20.7,43.9,0.0,1016.9,,11.18,0,0
Vanino,origin,2025-11-03,17.2,37.4,0.0,1018.3,,9.29,0,0
Vanino,origin,2025-11-04,21.7,42.8,0.0,1012.6,,11.72,0,0
Vanino,origin,2025-11-05,19.1,37.8,0.0,1022.5,,10.31,0,0
Vanino,origin,2025-11-06,27.0,52.2,12.3,1016.0,,14.58,0,0
Vanino,origin,2025-11-07,27.2,56.2,0.0,1024.2,,14.69,0,0
Vanino,origin,2025-11-08,12.5,33.8,0.1,1019.2,,6.75,0,0
Vanino,origin,2025-11-09,21.2,40.0,1.5,1002.6,,11.45,0,0
Vanino,origin,2025-11-10,27.0,52.2,0.0,1002.4,,14.58,0,0
Vanino,origin,2025-11-11,26.3,57.2,0.0,1012.0,,14.2,0,0
Vanino,origin,2025-11-12,14.9,28.1,0.8,1007.9,,8.05,0,0
Vanino,origin,2025-11-13,20.3,38.9,0.4,1003.5,,10.96,0,0
Vanino,origin,2025-11-14,23.7,50.8,0.0,1015.6,,12.8,0,0
Vanino,origin,2025-11-15,13.1,27.7,0.0,1024.3,,7.07,0,0
Vanino,origin,2025-11-16,30.6,60.8,9.5,1015.4,,16.52,0,0
Vanino,origin,2025-11-17,36.4,70.9,2.8,1003.7,,19.65,0,0
Vanino,origin,2025-11-18,28.3,60.5,0.0,1008.8,,15.28,0,0
Vanino,origin,2025-11-19,14.3,27.0,0.0,1010.1,,7.72,0,0
Vanino,origin,2025-11-20,21.3,41.4,0.0,1003.7,,11.5,0,0
Vanino,origin,2025-11-21,25.9,49.7,0.0,1006.1,,13.98,0,0
Vanino,origin,2025-11-22,15.6,31.7,0.1,1010.5,,8.42,0,0
Vanino,origin,2025-11-23,10.5,20.9,0.3,1011.1,,5.67,0,0
Vanino,origin,2025-11-24,23.6,45.7,0.3,1014.8,,12.74,0,0
Vanino,origin,2025-11-25,15.1,33.1,0.0,1021.3,,8.15,0,0
Vanino,origin,2025-11-26,15.2,30.6,0.0,1024.1,,8.21,0,0
Vanino,origin,2025-11-27,23.7,45.7,6.8,1013.5,,12.8,0,0
Vanino,origin,2025-11-28,38.8,74.9,6.8,1002.8,,20.95,0,0
Vanino,origin,2025-11-29,35.7,72.0,0.0,1010.6,,19.28,0,0
Vanino,origin,2025-11-30,14.8,28.1,0.9,1009.6,,7.99,0,0
Vanino,origin,2025-12-01,28.7,55.8,0.0,1007.0,,15.5,0,0
Vanino,origin,2025-12-02,16.4,31.0,0.0,1007.4,,8.86,0,0
Vanino,origin,2025-12-03,28.1,55.1,0.0,1004.9,,15.17,0,0
Vanino,origin,2025-12-04,37.0,72.4,0.0,998.6,,19.98,0,0
Vanino,origin,2025-12-05,21.4,41.8,0.0,1000.6,,11.56,0,0
Vanino,origin,2025-12-06,13.1,29.9,0.3,1009.0,,7.07,0,0
Vanino,origin,2025-12-07,18.5,35.3,0.5,1009.1,,9.99,0,0
Vanino,origin,2025-12-08,24.9,46.4,0.0,1012.6,,13.44,0,0
Vanino,origin,2025-12-09,21.2,43.6,0.0,1013.5,,11.45,0,0
Vanino,origin,2025-12-10,15.1,28.4,0.0,1010.8,,8.15,0,0
Vanino,origin,2025-12-11,25.6,49.7,0.0,1013.8,,13.82,0,0
Vanino,origin,2025-12-12,26.2,50.8,0.0,1020.6,,14.15,0,0
Vanino,origin,2025-12-13,22.7,47.9,0.0,1018.4,,12.26,0,0
Vanino,origin,2025-12-14,22.0,45.4,0.0,1018.2,,11.88,0,0
Vanino,origin,2025-12-15,37.0,71.3,0.0,1011.0,,19.98,0,0
Vanino,origin,2025-12-16,44.2,86.0,1.0,999.4,,23.87,1,0
Vanino,origin,2025-12-17,24.2,46.8,0.0,1009.1,,13.07,0,0
Vanino,origin,2025-12-18,13.1,25.2,0.0,1020.7,,7.07,0,0
Vanino,origin,2025-12-19,12.3,25.6,2.5,1018.8,,6.64,0,0
Vanino,origin,2025-12-20,19.9,40.7,0.0,1012.1,,10.75,0,0
Vanino,origin,2025-12-21,17.3,33.1,0.0,1020.0,,9.34,0,0
Vanino,origin,2025-12-22,18.8,35.3,0.0,1028.0,,10.15,0,0
Vanino,origin,2025-12-23,11.3,21.6,2.1,1019.9,,6.1,0,0
Vanino,origin,2025-12-24,16.1,30.2,0.0,1015.2,,8.69,0,0
Vanino,origin,2025-12-25,22.5,43.9,0.0,1013.2,,12.15,0,0
Vanino,origin,2025-12-26,29.3,57.2,0.0,1006.2,,15.82,0,0
Vanino,origin,2025-12-27,16.9,35.3,0.0,1003.3,,9.13,0,0
Vanino,origin,2025-12-28,14.8,26.6,0.3,1010.4,,7.99,0,0
Vanino,origin,2025-12-29,13.3,26.6,0.2,1012.7,,7.18,0,0
Vanino,origin,2025-12-30,26.4,51.5,0.8,1011.8,,14.25,0,0
Vanino,origin,2025-12-31,36.5,70.9,10.9,1002.6,,19.71,0,0
Vanino,origin,2026-01-01,30.5,59.8,3.3,1006.3,,16.47,0,0
Vanino,origin,2026-01-02,25.8,49.0,0.0,1007.9,,13.93,0,0
Vanino,origin,2026-01-03,15.8,36.0,0.0,1008.5,,8.53,0,0
Vanino,origin,2026-01-04,19.6,36.7,0.0,1007.6,,10.58,0,0
Vanino,origin,2026-01-05,18.9,36.4,0.0,1010.3,,10.21,0,0
Vanino,origin,2026-01-06,15.3,32.8,0.0,1014.3,,8.26,0,0
Vanino,origin,2026-01-07,21.2,41.8,0.4,1012.5,,11.45,0,0
Vanino,origin,2026-01-08,24.4,47.2,0.0,1008.9,,13.17,0,0
Vanino,origin,2026-01-09,16.6,36.4,0.0,1010.3,,8.96,0,0
Vanino,origin,2026-01-10,24.9,47.2,0.0,1010.3,,13.44,0,0
Vanino,origin,2026-01-11,36.9,72.4,2.9,996.9,,19.92,0,0
Vanino,origin,2026-01-12,40.0,79.2,0.2,991.0,,21.6,1,0
Vanino,origin,2026-01-13,30.3,57.6,0.0,994.6,,16.36,0,0
Vanino,origin,2026-01-14,45.8,88.2,0.6,1003.1,,24.73,1,0
Vanino,origin,2026-01-15,47.3,95.0,1.6,1002.5,,25.54,1,0
Vanino,origin,2026-01-16,28.6,64.1,0.9,1009.1,,15.44,0,0
Vanino,origin,2026-01-17,21.6,42.5,0.0,1018.6,,11.66,0,0
Vanino,origin,2026-01-18,18.7,41.8,0.0,1022.5,,10.1,0,0
Vanino,origin,2026-01-19,28.8,56.2,0.9,1013.2,,15.55,0,0
Vanino,origin,2026-01-20,33.5,66.2,0.3,1007.9,,18.09,0,0
Vanino,origin,2026-01-21,29.1,61.6,0.0,1008.2,,15.71,0,0
Vanino,origin,2026-01-22,22.5,43.9,0.0,1011.7,,12.15,0,0
Vanino,origin,2026-01-23,18.9,38.2,0.0,1015.5,,10.21,0,0
Vanino,origin,2026-01-24,21.6,40.7,0.0,1015.8,,11.66,0,0
Vanino,origin,2026-01-25,20.6,39.2,0.0,1016.4,,11.12,0,0
Vanino,origin,2026-01-26,19.1,37.4,0.0,1015.6,,10.31,0,0
Vanino,origin,2026-01-27,17.9,34.2,0.6,1020.1,,9.67,0,0
Vanino,origin,2026-01-28,17.0,36.0,0.0,1018.9,,9.18,0,0
Vanino,origin,2026-01-29,25.2,47.5,1.6,1014.7,,13.61,0,0
Vanino,origin,2026-01-30,26.2,49.7,0.1,1014.2,,14.15,0,0
Vanino,origin,2026-01-31,24.2,51.8,0.0,1011.3,,13.07,0,0
Vanino,origin,2026-02-01,25.2,48.2,0.0,1012.6,,13.61,0,0
Vanino,origin,2026-02-02,22.9,46.4,0.4,1013.0,,12.37,0,0
Vanino,origin,2026-02-03,12.6,26.3,0.0,1009.7,,6.8,0,0
Vanino,origin,2026-02-04,14.2,27.4,0.0,1012.0,,7.67,0,0
Vanino,origin,2026-02-05,20.3,38.9,0.4,1012.6,,10.96,0,0
Vanino,origin,2026-02-06,27.9,56.2,4.1,1007.2,,15.06,0,0
Vanino,origin,2026-02-07,22.5,42.1,0.0,1012.0,,12.15,0,0
Vanino,origin,2026-02-08,23.7,45.7,0.0,1007.8,,12.8,0,0
Vanino,origin,2026-02-09,18.9,36.4,0.0,1011.1,,10.21,0,0
Vanino,origin,2026-02-10,14.5,32.4,0.0,1009.6,,7.83,0,0
Vanino,origin,2026-02-11,12.8,25.9,0.1,1007.1,,6.91,0,0
Vanino,origin,2026-02-12,13.8,27.7,0.1,1007.8,,7.45,0,0
Vanino,origin,2026-02-13,15.3,34.6,0.0,1012.6,,8.26,0,0
Vanino,origin,2026-02-14,14.5,31.0,0.5,1017.8,,7.83,0,0
Vanino,origin,2026-02-15,15.7,31.7,0.9,1014.9,,8.48,0,0
Vanino,origin,2026-02-16,12.5,27.7,0.1,1013.7,,6.75,0,0
Vanino,origin,2026-02-17,14.8,29.5,0.0,1010.5,,7.99,0,0
Vanino,origin,2026-02-18,20.4,42.1,0.2,1014.9,,11.02,0,0
Vanino,origin,2026-02-19,16.8,33.8,0.0,1016.4,,9.07,0,0
Vanino,origin,2026-02-20,10.7,23.0,0.0,1010.2,,5.78,0,0
Vanino,origin,2026-02-21,8.0,16.6,0.1,1008.8,,4.32,0,0
Vanino,origin,2026-02-22,30.2,56.2,6.0,1006.6,,16.31,0,0
Vanino,origin,2026-02-23,40.4,87.5,5.4,1003.6,,21.81,1,0
Vanino,origin,2026-02-24,15.7,33.1,0.0,1022.8,,8.48,0,0
Vanino,origin,2026-02-25,10.0,23.8,0.2,1029.9,,5.4,0,0
Vanino,origin,2026-02-26,24.1,51.1,0.2,1024.4,,13.01,0,0
Vanino,origin,2026-02-27,15.0,32.0,3.7,1026.3,,8.1,0,0
Vanino,origin,2026-02-28,31.0,59.8,9.2,1019.4,,16.74,0,0
Vanino,origin,2026-03-01,28.5,56.2,0.0,1023.4,,15.39,0,0
Vanino,origin,2026-03-02,21.0,43.6,0.0,1032.1,,11.34,0,0
Vanino,origin,2026-03-03,21.4,45.7,4.8,1035.9,,11.56,0,0
Vanino,origin,2026-03-04,20.4,41.8,3.1,1029.7,,11.02,0,0
Vanino,origin,2026-03-05,9.8,22.0,0.3,1025.7,,5.29,0,0
Vanino,origin,2026-03-06,10.6,22.7,0.0,1023.5,,5.72,0,0
Vanino,origin,2026-03-07,26.5,51.8,0.4,1019.2,,14.31,0,0
Vanino,origin,2026-03-08,30.4,62.6,1.0,1014.9,,16.41,0,0
Vanino,origin,2026-03-09,21.1,50.4,0.0,1018.6,,11.39,0,0
Vanino,origin,2026-03-10,16.1,34.2,0.0,1024.2,,8.69,0,0
Vanino,origin,2026-03-11,16.9,31.7,0.0,1032.2,,9.13,0,0
Vanino,origin,2026-03-12,18.2,38.5,0.0,1035.7,,9.83,0,0
Vanino,origin,2026-03-13,21.0,45.0,0.0,1031.7,,11.34,0,0
Vanino,origin,2026-03-14,10.4,23.4,3.8,1022.3,,5.62,0,0
Vanino,origin,2026-03-15,20.4,38.9,2.3,1015.4,,11.02,0,0
Vanino,origin,2026-03-16,18.1,36.7,0.4,1015.7,,9.77,0,0
Vanino,origin,2026-03-17,16.5,37.1,0.0,1015.9,,8.91,0,0
Vanino,origin,2026-03-18,14.3,30.2,0.0,1012.5,,7.72,0,0
Vanino,origin,2026-03-19,23.2,45.0,4.9,1006.5,,12.53,0,0
Vanino,origin,2026-03-20,16.7,34.9,0.0,1009.0,,9.02,0,0
Vanino,origin,2026-03-21,18.4,35.6,0.0,1012.8,,9.94,0,0
Vanino,origin,2026-03-22,17.4,33.5,0.0,1014.4,,9.4,0,0
Vanino,origin,2026-03-23,12.8,29.2,0.0,1015.3,,6.91,0,0
Vanino,origin,2026-03-24,16.0,28.1,0.3,1015.9,,8.64,0,0
Vanino,origin,2026-03-25,11.6,25.6,0.0,1016.3,,6.26,0,0
Vanino,origin,2026-03-26,16.7,34.9,0.0,1013.8,,9.02,0,0
Vanino,origin,2026-03-27,19.8,42.1,0.0,1012.7,,10.69,0,0
Vanino,origin,2026-03-28,12.3,29.9,0.4,1014.7,,6.64,0,0
Vanino,origin,2026-03-29,20.1,38.2,0.5,1017.0,,10.85,0,0
Vanino,origin,2026-03-30,21.0,40.7,6.7,1010.0,,11.34,0,0
Vanino,origin,2026-03-31,17.1,38.9,0.0,1013.2,,9.23,0,0
Vanino,origin,2026-04-01,14.0,31.7,0.0,1011.4,,7.56,0,0
Vanino,origin,2026-04-02,17.3,37.4,0.0,1010.3,,9.34,0,0
Vanino,origin,2026-04-03,22.4,48.2,4.6,1007.5,,12.1,0,0
Vanino,origin,2026-04-04,23.4,48.6,2.8,1005.7,,12.63,0,0
Vanino,origin,2026-04-05,22.2,48.6,0.0,1014.8,,11.99,0,0
Vanino,origin,2026-04-06,18.0,35.6,10.6,1008.5,,9.72,0,0
Vanino,origin,2026-04-07,17.0,36.4,0.0,999.3,,9.18,0,0
Vanino,origin,2026-04-08,24.6,46.1,0.0,996.3,,13.28,0,0
Vanino,origin,2026-04-09,44.4,92.9,0.0,999.8,,23.97,1,0
Vanino,origin,2026-04-10,20.6,42.8,0.0,1006.9,,11.12,0,0
Vanino,origin,2026-04-11,32.6,61.6,5.3,996.1,,17.6,0,0
Vanino,origin,2026-04-12,33.9,72.4,0.0,1004.2,,18.3,0,0
Vanino,origin,2026-04-13,19.9,44.3,0.0,1008.7,,10.75,0,0
Vanino,origin,2026-04-14,24.7,55.8,0.2,1012.9,,13.34,0,0
Vanino,origin,2026-04-15,19.9,39.2,0.0,1019.0,,10.75,0,0
Vanino,origin,2026-04-16,22.5,46.4,0.0,1014.4,,12.15,0,0
Vanino,origin,2026-04-17,15.8,33.8,7.6,1010.2,,8.53,0,0
Vanino,origin,2026-04-18,20.5,41.0,7.5,1008.8,,11.07,0,0
Vanino,origin,2026-04-19,18.5,40.0,1.6,1018.2,,9.99,0,0
Vanino,origin,2026-04-20,20.2,38.5,12.5,1008.4,,10.91,0,0
Vanino,origin,2026-04-21,20.8,39.6,29.0,991.4,,11.23,0,0
Vanino,origin,2026-04-22,11.5,24.1,0.5,1003.3,,6.21,0,0
Vanino,origin,2026-04-23,17.3,36.7,0.7,1016.3,,9.34,0,0
Vanino,origin,2026-04-24,15.5,34.2,0.3,1020.5,,8.37,0,0
Vanino,origin,2026-04-25,18.0,40.7,0.0,1013.0,,9.72,0,0
Vanino,origin,2026-04-26,18.9,41.0,0.0,1015.7,,10.21,0,0
Vanino,origin,2026-04-27,17.9,40.7,0.0,1014.5,,9.67,0,0
Vanino,origin,2026-04-28,14.6,35.6,0.0,1011.9,,7.88,0,0
Vanino,origin,2026-04-29,16.3,38.5,0.0,1012.8,,8.8,0,0
Vanino,origin,2026-04-30,21.2,39.6,0.3,1007.7,,11.45,0,0
Vanino,origin,2026-05-01,20.2,41.4,0.4,1001.8,,10.91,0,0
Vanino,origin,2026-05-02,32.0,67.7,0.0,1004.4,,17.28,0,0
Vanino,origin,2026-05-03,17.5,38.5,0.0,1007.2,,9.45,0,0
Vanino,origin,2026-05-04,14.4,34.9,0.0,1001.8,,7.78,0,0
Vanino,origin,2026-05-05,13.5,32.8,3.0,998.0,,7.29,0,0
Vanino,origin,2026-05-06,19.7,41.0,12.7,1005.5,,10.64,0,0
Vanino,origin,2026-05-07,22.9,50.4,1.0,1007.7,,12.37,0,0
Vanino,origin,2026-05-08,13.6,32.8,0.3,1008.0,,7.34,0,0
Vanino,origin,2026-05-09,18.6,37.8,7.4,1004.1,,10.04,0,0
Vanino,origin,2026-05-10,14.8,29.9,0.0,1006.1,,7.99,0,0
Vanino,origin,2026-05-11,26.5,66.2,8.1,1001.7,,14.31,0,0
Vanino,origin,2026-05-12,25.6,50.8,0.0,1005.7,,13.82,0,0
Vanino,origin,2026-05-13,25.8,56.5,0.0,1016.4,,13.93,0,0
Vanino,origin,2026-05-14,36.8,70.2,1.9,1010.1,,19.87,0,0
Vanino,origin,2026-05-15,16.3,37.8,5.0,1019.5,,8.8,0,0
Vanino,origin,2026-05-16,14.4,31.3,2.4,1018.5,,7.78,0,0
Vanino,origin,2026-05-17,31.5,59.4,0.7,1011.8,,17.01,0,0
Vanino,origin,2026-05-18,25.5,55.8,0.2,1014.7,,13.77,0,0
Vanino,origin,2026-05-19,17.4,39.2,0.0,1013.5,,9.4,0,0
Vanino,origin,2026-05-20,17.5,45.4,1.9,1014.7,,9.45,0,0
Vanino,origin,2026-05-21,17.3,40.7,0.0,1015.4,,9.34,0,0
Vanino,origin,2026-05-22,11.7,29.2,0.0,1016.0,,6.32,0,0
Vanino,origin,2026-05-23,20.7,39.2,0.0,1015.3,,11.18,0,0
Vanino,origin,2026-05-24,29.7,56.5,0.0,1010.6,,16.04,0,0
Vanino,origin,2026-05-25,23.8,48.2,0.0,1005.0,,12.85,0,0
Vanino,origin,2026-05-26,19.5,40.7,0.0,1003.7,,10.53,0,0
Vanino,origin,2026-05-27,13.7,31.0,0.0,1009.8,,7.4,0,0
Vanino,origin,2026-05-28,33.5,62.3,25.5,1002.3,,18.09,0,0
Vanino,origin,2026-05-29,37.1,68.4,20.2,984.9,,20.03,0,0
Vanino,origin,2026-05-30,30.8,63.4,0.4,992.1,,16.63,0,0
Vanino,origin,2026-05-31,18.9,40.3,1.3,1008.8,,10.21,0,0
Vanino,origin,2026-06-01,16.1,37.1,5.3,1008.9,,8.69,0,0
Vanino,origin,2026-06-02,14.1,34.2,1.8,1008.7,,7.61,0,0
Vanino,origin,2026-06-03,14.1,28.8,0.0,1011.5,,7.61,0,0
Vanino,origin,2026-06-04,18.8,39.2,1.9,1019.3,,10.15,0,0
Vanino,origin,2026-06-05,17.1,37.8,0.0,1025.5,,9.23,0,0
Vanino,origin,2026-06-06,15.2,34.6,0.0,1026.2,,8.21,0,0
Vanino,origin,2026-06-07,17.8,41.4,0.0,1020.6,,9.61,0,0
Vanino,origin,2026-06-08,16.7,38.5,0.0,1012.2,,9.02,0,0
Vanino,origin,2026-06-09,12.1,25.9,0.0,1004.6,,6.53,0,0
Vanino,origin,2026-06-10,17.8,39.2,0.0,1004.7,,9.61,0,0
Vanino,origin,2026-06-11,12.6,31.0,0.0,1004.6,,6.8,0,0
Vanino,origin,2026-06-12,12.3,31.7,0.2,1004.7,,6.64,0,0
Vanino,origin,2026-06-13,15.7,35.3,7.9,1011.8,,8.48,0,0
Vanino,origin,2026-06-14,15.5,35.3,0.0,1015.0,,8.37,0,0
Vanino,origin,2026-06-15,14.8,32.0,0.4,1014.5,,7.99,0,0
Vanino,origin,2026-06-16,11.4,28.1,0.0,1011.7,,6.16,0,0
Vanino,origin,2026-06-17,12.8,29.2,0.3,1010.8,,6.91,0,0
Vanino,origin,2026-06-18,8.7,22.7,0.7,1012.5,,4.7,0,0
Vanino,origin,2026-06-19,12.7,29.2,0.0,1017.2,,6.86,0,0
Vanino,origin,2026-06-20,15.8,34.9,0.0,1021.5,,8.53,0,0
Vanino,origin,2026-06-21,12.4,31.0,0.0,1015.9,,6.7,0,0
Vanino,origin,2026-06-22,15.7,37.1,0.0,1014.8,,8.48,0,0
Vanino,origin,2026-06-23,15.4,36.0,0.0,1009.8,,8.32,0,0
Vanino,origin,2026-06-24,13.4,32.0,8.4,1004.6,,7.24,0,0
Vanino,origin,2026-06-25,16.1,36.0,11.7,1006.0,,8.69,0,0
Vanino,origin,2026-06-26,14.3,30.2,1.9,1006.3,,7.72,0,0
Vanino,origin,2026-06-27,20.7,43.9,0.6,1008.5,,11.18,0,0
Vanino,origin,2026-06-28,21.3,44.3,0.0,1012.2,,11.5,0,0
Vanino,origin,2026-06-29,15.7,34.2,0.0,1011.1,,8.48,0,0
Vanino,origin,2026-06-30,19.5,41.8,3.0,1012.6,,10.53,0,0
Vanino,origin,2026-07-01,16.5,36.0,0.0,1013.5,,8.91,0,0
Vanino,origin,2026-07-02,13.0,30.6,0.0,1010.3,,7.02,0,0
Vanino,origin,2026-07-03,17.2,37.1,0.0,1006.6,,9.29,0,0
Vanino,origin,2026-07-04,10.8,27.0,1.6,1009.7,,5.83,0,0
Vanino,origin,2026-07-05,12.2,25.6,0.8,1013.3,,6.59,0,0
Vanino,origin,2026-07-06,16.1,33.8,0.1,1013.8,,8.69,0,0
Vanino,origin,2026-07-07,12.2,27.0,0.0,1014.3,,6.59,0,0
Vanino,origin,2026-07-08,10.4,24.1,0.0,1012.4,,5.62,0,0
Vanino,origin,2026-07-09,20.5,37.4,0.7,1010.0,,11.07,0,0
Vanino,origin,2026-07-10,20.0,41.4,0.2,1008.7,,10.8,0,0
Vanino,origin,2026-07-11,15.7,32.0,0.0,1006.2,,8.48,0,0
Vanino,origin,2026-07-12,13.8,29.9,0.0,1005.0,,7.45,0,0
Vanino,origin,2026-07-13,19.4,34.6,1.9,1002.5,,10.48,0,0
Vanino,origin,2026-07-14,14.0,32.0,0.0,1000.2,,7.56,0,0
Vanino,origin,2026-07-15,23.2,43.6,70.3,993.3,,12.53,0,0
Vanino,origin,2026-07-16,18.5,35.3,1.9,995.3,,9.99,0,0
Vanino,origin,2026-07-17,15.2,32.0,0.0,1002.8,,8.21,0,0
Vanino,origin,2026-07-18,16.2,32.0,0.1,1006.5,,8.75,0,0
Vanino,origin,2026-07-19,16.3,33.5,0.1,1005.6,,8.8,0,0
Vanino,origin,2026-07-20,13.6,29.5,3.3,1004.3,,7.34,0,0
Vanino,origin,2026-07-21,11.3,27.0,0.3,1006.4,,6.1,0,0
Vanino,origin,2026-07-22,16.3,33.1,0.0,1008.8,,8.8,0,0
Vanino,origin,2026-07-23,17.9,39.2,0.0,1014.1,,9.67,0,0
Vanino,origin,2026-07-24,15.8,36.0,0.0,1017.2,,8.53,0,0
Vanino,origin,2026-07-25,13.7,31.7,0.0,1016.5,,7.4,0,0
Vanino,origin,2026-07-26,12.3,28.8,0.0,1014.5,,6.64,0,0
Vanino,origin,2026-07-27,13.5,29.2,0.0,1013.2,,7.29,0,0
Vanino,origin,2026-07-28,14.8,33.1,0.0,1007.6,,7.99,0,0
Vanino,origin,2026-07-29,16.3,34.2,0.0,1006.6,,8.8,0,0
Vanino,origin,2026-07-30,13.3,27.7,0.1,1007.2,,7.18,0,0
Vanino,origin,2026-07-31,13.3,31.3,0.0,1006.7,,7.18,0,0
Vanino,origin,2026-08-01,10.3,26.3,0.0,1009.2,,5.56,0,0
Vanino,origin,2026-08-02,12.7,28.4,0.0,1011.6,,6.86,0,0
Vanino,origin,2026-08-03,21.9,42.8,0.1,1010.1,,11.83,0,0
Vanino,origin,2026-08-04,12.4,27.4,0.3,1004.3,,6.7,0,0
Vanino,origin,2026-08-05,13.6,34.2,1.6,1005.8,,7.34,0,0
Vanino,origin,2026-08-06,17.8,35.3,1.5,1003.9,,9.61,0,0
Vanino,origin,2026-08-07,21.6,47.9,9.0,1006.9,,11.66,0,0
Vanino,origin,2026-08-08,14.9,37.1,0.5,1012.0,,8.05,0,0
Vanino,origin,2026-08-09,19.1,39.6,0.0,1014.1,,10.31,0,0
Vanino,origin,2026-08-10,16.4,33.5,0.0,1014.9,,8.86,0,0
Vanino,origin,2026-08-11,19.2,37.1,0.0,1015.6,,10.37,0,0
Vanino,origin,2026-08-12,18.0,38.2,0.0,1011.4,,9.72,0,0
Vanino,origin,2026-08-13,23.4,42.5,0.0,1006.1,,12.63,0,0
Vanino,origin,2026-08-14,11.6,26.6,6.3,1008.1,,6.26,0,0
Vanino,origin,2026-08-15,11.4,27.0,4.2,1012.0,,6.16,0,0
Vanino,origin,2026-08-16,22.3,43.6,0.4,1009.8,,12.04,0,0
Vanino,origin,2026-08-17,18.1,36.4,2.8,1009.8,,9.77,0,0
Vanino,origin,2026-08-18,26.8,52.2,12.8,1010.5,,14.47,0,0
Vanino,origin,2026-08-19,26.9,61.2,13.3,1005.3,,14.52,0,0
Vanino,origin,2026-08-20,22.6,48.6,0.0,1013.2,,12.2,0,0
Vanino,origin,2026-08-21,18.1,36.7,2.3,1011.1,,9.77,0,0
Vanino,origin,2026-08-22,21.3,46.1,0.1,1016.1,,11.5,0,0
Vanino,origin,2026-08-23,19.0,34.9,17.2,1011.2,,10.26,0,0
Vanino,origin,2026-08-24,24.2,52.9,0.3,1010.8,,13.07,0,0
Vanino,origin,2026-08-25,18.0,33.5,3.3,1011.2,,9.72,0,0
Vanino,origin,2026-08-26,20.5,41.0,13.4,1010.5,,11.07,0,0
Vanino,origin,2026-08-27,14.8,34.2,1.2,1011.8,,7.99,0,0
Vanino,origin,2026-08-28,15.8,36.0,0.2,1014.0,,8.53,0,0
Vanino,origin,2026-08-29,11.4,28.1,0.0,1015.6,,6.16,0,0
Vanino,origin,2026-08-30,11.6,27.7,0.0,1017.6,,6.26,0,0
Vanino,origin,2026-08-31,14.5,34.6,0.0,1021.7,,7.83,0,0
Vanino,origin,2026-09-01,13.9,32.8,0.0,1020.5,,7.51,0,0
Vanino,origin,2026-09-02,17.4,39.2,0.2,1017.1,,9.4,0,0
Vanino,origin,2026-09-03,11.9,24.1,0.0,1014.9,,6.43,0,0
Vanino,origin,2026-09-04,21.4,40.0,0.0,1012.4,,11.56,0,0
Vanino,origin,2026-09-05,16.8,37.4,0.0,1015.2,,9.07,0,0
Vanino,origin,2026-09-06,17.8,34.6,0.0,1012.4,,9.61,0,0
Vanino,origin,2026-09-07,22.9,48.2,5.8,1004.7,,12.37,0,0
Vanino,origin,2026-09-08,20.2,41.8,4.3,1005.7,,10.91,0,0
Vanino,origin,2026-09-09,19.6,42.8,0.3,1006.6,,10.58,0,0
Vanino,origin,2026-09-10,22.0,47.2,0.4,1008.4,,11.88,0,0
Vanino,origin,2026-09-11,14.7,32.4,1.6,1010.0,,7.94,0,0
Vanino,origin,2026-09-12,13.7,32.0,1.4,1019.0,,7.4,0,0
Vanino,origin,2026-09-13,15.4,31.3,1.5,1009.6,,8.32,0,0
Vanino,origin,2026-09-14,24.3,47.9,1.0,1004.5,,13.12,0,0
Vanino,origin,2026-09-15,13.3,33.1,0.0,1010.7,,7.18,0,0
Vanino,origin,2026-09-16,17.9,34.6,0.0,1017.9,,9.67,0,0
Vanino,origin,2026-09-17,16.2,34.9,0.0,1024.9,,8.75,0,0
Vanino,origin,2026-09-18,18.9,38.2,0.0,1024.1,,10.21,0,0
Vanino,origin,2026-09-19,19.3,40.7,0.0,1019.6,,10.42,0,0
Vanino,origin,2026-09-20,15.7,34.6,0.0,1010.3,,8.48,0,0
Vanino,origin,2026-09-21,23.2,49.3,0.1,1012.1,,12.53,0,0
Vanino,origin,2026-09-22,19.0,41.8,0.0,1013.5,,10.26,0,0
Vanino,origin,2026-09-23,22.9,49.7,0.0,1010.3,,12.37,0,0
Vanino,origin,2026-09-24,20.0,43.9,0.0,1012.5,,10.8,0,0
Vanino,origin,2026-09-25,13.8,31.3,0.0,1012.0,,7.45,0,0
Vanino,origin,2026-09-26,16.6,35.3,0.0,1011.7,,8.96,0,0
Vanino,origin,2026-09-27,15.9,29.5,14.4,1011.6,,8.59,0,0
Vanino,origin,2026-09-28,26.2,50.4,14.4,1007.3,,14.15,0,0
Vanino,origin,2026-09-29,32.1,69.1,0.1,1010.8,,17.33,0,0
Vanino,origin,2026-09-30,44.9,83.9,16.1,1010.8,,24.24,1,0
Visakhapatnam,discharge,2025-09-01,11.1,24.8,8.6,1000.7,,5.99,0,0
Visakhapatnam,discharge,2025-09-02,8.1,25.2,19.9,1000.1,,4.37,0,0
Visakhapatnam,discharge,2025-09-03,11.0,25.6,12.8,1000.7,,5.94,0,0
Visakhapatnam,discharge,2025-09-04,15.7,38.2,0.5,1003.2,,8.48,0,0
Visakhapatnam,discharge,2025-09-05,16.1,38.5,2.9,1005.2,,8.69,0,0
Visakhapatnam,discharge,2025-09-06,13.0,31.7,1.0,1006.1,,7.02,0,0
Visakhapatnam,discharge,2025-09-07,11.6,29.2,13.9,1005.6,,6.26,0,0
Visakhapatnam,discharge,2025-09-08,6.9,24.8,14.2,1005.6,,3.73,0,0
Visakhapatnam,discharge,2025-09-09,9.2,28.4,13.1,1006.3,,4.97,0,0
Visakhapatnam,discharge,2025-09-10,8.8,28.1,9.1,1005.5,,4.75,0,0
Visakhapatnam,discharge,2025-09-11,9.3,25.6,9.2,1004.7,,5.02,0,0
Visakhapatnam,discharge,2025-09-12,13.1,29.2,17.6,1005.3,,7.07,0,0
Visakhapatnam,discharge,2025-09-13,10.1,26.3,4.5,1005.9,,5.45,0,0
Visakhapatnam,discharge,2025-09-14,15.6,38.2,1.2,1006.9,,8.42,0,0
Visakhapatnam,discharge,2025-09-15,16.8,41.8,5.9,1006.4,,9.07,0,0
Visakhapatnam,discharge,2025-09-16,13.5,34.6,4.6,1006.8,,7.29,0,0
Visakhapatnam,discharge,2025-09-17,13.3,32.4,0.5,1007.4,,7.18,0,0
Visakhapatnam,discharge,2025-09-18,12.6,30.2,0.6,1007.1,,6.8,0,0
Visakhapatnam,discharge,2025-09-19,8.8,24.8,2.2,1006.5,,4.75,0,0
Visakhapatnam,discharge,2025-09-20,9.8,24.8,16.3,1005.0,,5.29,0,0
Visakhapatnam,discharge,2025-09-21,8.4,25.9,11.6,1004.1,,4.54,0,0
Visakhapatnam,discharge,2025-09-22,10.1,24.1,14.1,1004.8,,5.45,0,0
Visakhapatnam,discharge,2025-09-23,11.3,29.5,13.4,1003.4,,6.1,0,0
Visakhapatnam,discharge,2025-09-24,12.5,29.5,0.3,1000.5,,6.75,0,0
Visakhapatnam,discharge,2025-09-25,12.3,31.7,15.0,1000.3,,6.64,0,0
Visakhapatnam,discharge,2025-09-26,11.4,24.5,26.7,1001.0,,6.16,0,0
Visakhapatnam,discharge,2025-09-27,18.7,41.8,3.8,1003.0,,10.1,0,0
Visakhapatnam,discharge,2025-09-28,15.7,37.8,0.0,1004.7,,8.48,0,0
Visakhapatnam,discharge,2025-09-29,8.9,25.9,9.4,1003.9,,4.81,0,0
Visakhapatnam,discharge,2025-09-30,8.8,29.5,10.4,1002.8,,4.75,0,0
Visakhapatnam,discharge,2025-10-01,18.8,46.8,44.0,1001.1,,10.15,0,0
Visakhapatnam,discharge,2025-10-02,19.6,43.6,34.4,1002.5,,10.58,0,0
Visakhapatnam,discharge,2025-10-03,17.5,41.8,0.4,1006.4,,9.45,0,0
Visakhapatnam,discharge,2025-10-04,18.8,47.5,2.1,1008.2,,10.15,0,0
Visakhapatnam,discharge,2025-10-05,13.2,31.7,6.8,1008.8,,7.13,0,0
Visakhapatnam,discharge,2025-10-06,13.3,31.7,6.9,1009.2,,7.18,0,0
Visakhapatnam,discharge,2025-10-07,7.7,25.9,9.5,1009.4,,4.16,0,0
Visakhapatnam,discharge,2025-10-08,12.5,31.0,9.5,1009.9,,6.75,0,0
Visakhapatnam,discharge,2025-10-09,8.8,27.0,13.7,1009.8,,4.75,0,0
Visakhapatnam,discharge,2025-10-10,8.0,25.2,5.6,1009.1,,4.32,0,0
Visakhapatnam,discharge,2025-10-11,8.9,23.8,10.6,1009.3,,4.81,0,0
Visakhapatnam,discharge,2025-10-12,15.1,36.0,10.0,1009.0,,8.15,0,0
Visakhapatnam,discharge,2025-10-13,14.7,32.4,13.3,1009.7,,7.94,0,0
Visakhapatnam,discharge,2025-10-14,14.8,35.3,0.5,1008.8,,7.99,0,0
Visakhapatnam,discharge,2025-10-15,19.9,45.7,0.1,1008.8,,10.75,0,0
Visakhapatnam,discharge,2025-10-16,16.3,37.4,0.0,1009.5,,8.8,0,0
Visakhapatnam,discharge,2025-10-17,17.5,40.7,0.0,1010.6,,9.45,0,0
Visakhapatnam,discharge,2025-10-18,14.7,35.6,24.6,1009.8,,7.94,0,0
Visakhapatnam,discharge,2025-10-19,9.9,25.2,20.7,1009.2,,5.35,0,0
Visakhapatnam,discharge,2025-10-20,16.3,37.8,1.4,1009.2,,8.8,0,0
Visakhapatnam,discharge,2025-10-21,21.8,50.8,10.7,1009.8,,11.77,0,0
Visakhapatnam,discharge,2025-10-22,19.1,45.4,11.4,1010.3,,10.31,0,0
Visakhapatnam,discharge,2025-10-23,16.4,38.5,24.1,1010.4,,8.86,0,0
Visakhapatnam,discharge,2025-10-24,14.3,37.1,5.4,1009.9,,7.72,0,0
Visakhapatnam,discharge,2025-10-25,13.5,32.4,0.3,1009.6,,7.29,0,0
Visakhapatnam,discharge,2025-10-26,16.3,41.0,1.6,1009.3,,8.8,0,0
Visakhapatnam,discharge,2025-10-27,27.0,53.6,27.3,1006.9,,14.58,0,0
Visakhapatnam,discharge,2025-10-28,30.6,76.0,28.5,1003.8,,16.52,0,0
Visakhapatnam,discharge,2025-10-29,29.2,62.6,6.6,1006.6,,15.77,0,0
Visakhapatnam,discharge,2025-10-30,19.0,43.9,4.4,1009.5,,10.26,0,0
Visakhapatnam,discharge,2025-10-31,15.5,37.4,0.0,1009.9,,8.37,0,0
Visakhapatnam,discharge,2025-11-01,7.7,20.2,0.0,1009.6,,4.16,0,0
Visakhapatnam,discharge,2025-11-02,12.5,25.6,0.2,1009.6,,6.75,0,0
Visakhapatnam,discharge,2025-11-03,9.9,27.4,4.7,1009.4,,5.35,0,0
Visakhapatnam,discharge,2025-11-04,9.9,27.7,1.4,1009.2,,5.35,0,0
Visakhapatnam,discharge,2025-11-05,8.7,27.0,2.5,1008.7,,4.7,0,0
Visakhapatnam,discharge,2025-11-06,8.8,27.4,0.5,1010.0,,4.75,0,0
Visakhapatnam,discharge,2025-11-07,12.2,30.6,0.0,1011.2,,6.59,0,0
Visakhapatnam,discharge,2025-11-08,11.1,28.1,0.0,1011.8,,5.99,0,0
Visakhapatnam,discharge,2025-11-09,12.3,29.5,0.0,1011.4,,6.64,0,0
Visakhapatnam,discharge,2025-11-10,11.3,29.2,0.0,1012.1,,6.1,0,0
Visakhapatnam,discharge,2025-11-11,9.9,27.7,0.0,1012.7,,5.35,0,0
Visakhapatnam,discharge,2025-11-12,13.2,30.6,0.0,1013.7,,7.13,0,0
Visakhapatnam,discharge,2025-11-13,13.7,31.3,0.0,1014.9,,7.4,0,0
Visakhapatnam,discharge,2025-11-14,11.9,28.8,0.0,1014.6,,6.43,0,0
Visakhapatnam,discharge,2025-11-15,12.6,32.0,0.0,1015.7,,6.8,0,0
Visakhapatnam,discharge,2025-11-16,15.3,36.7,0.0,1016.0,,8.26,0,0
Visakhapatnam,discharge,2025-11-17,16.8,40.0,0.0,1015.4,,9.07,0,0
Visakhapatnam,discharge,2025-11-18,14.6,34.6,0.0,1013.7,,7.88,0,0
Visakhapatnam,discharge,2025-11-19,13.0,32.0,0.0,1013.9,,7.02,0,0
Visakhapatnam,discharge,2025-11-20,15.5,37.8,0.2,1014.4,,8.37,0,0
Visakhapatnam,discharge,2025-11-21,18.0,42.8,0.2,1015.5,,9.72,0,0
Visakhapatnam,discharge,2025-11-22,13.3,33.5,0.1,1014.8,,7.18,0,0
Visakhapatnam,discharge,2025-11-23,13.0,35.6,0.3,1014.9,,7.02,0,0
Visakhapatnam,discharge,2025-11-24,16.0,36.7,0.0,1015.4,,8.64,0,0
Visakhapatnam,discharge,2025-11-25,15.1,35.3,0.0,1014.8,,8.15,0,0
Visakhapatnam,discharge,2025-11-26,15.7,38.9,0.0,1015.6,,8.48,0,0
Visakhapatnam,discharge,2025-11-27,17.0,39.6,0.0,1015.3,,9.18,0,0
Visakhapatnam,discharge,2025-11-28,12.7,32.4,0.0,1013.6,,6.86,0,0
Visakhapatnam,discharge,2025-11-29,18.4,42.5,1.1,1012.8,,9.94,0,0
Visakhapatnam,discharge,2025-11-30,18.5,43.2,22.2,1012.9,,9.99,0,0
Visakhapatnam,discharge,2025-12-01,17.7,42.5,4.2,1013.1,,9.56,0,0
Visakhapatnam,discharge,2025-12-02,14.9,35.3,4.5,1013.1,,8.05,0,0
Visakhapatnam,discharge,2025-12-03,15.2,36.7,0.0,1014.7,,8.21,0,0
Visakhapatnam,discharge,2025-12-04,16.7,37.8,0.0,1015.9,,9.02,0,0
Visakhapatnam,discharge,2025-12-05,17.1,38.9,0.0,1016.7,,9.23,0,0
Visakhapatnam,discharge,2025-12-06,13.1,31.0,0.0,1016.7,,7.07,0,0
Visakhapatnam,discharge,2025-12-07,12.2,31.0,0.0,1016.4,,6.59,0,0
Visakhapatnam,discharge,2025-12-08,12.6,31.3,0.0,1015.6,,6.8,0,0
Visakhapatnam,discharge,2025-12-09,13.1,32.0,0.0,1015.1,,7.07,0,0
Visakhapatnam,discharge,2025-12-10,15.4,38.2,0.0,1015.7,,8.32,0,0
Visakhapatnam,discharge,2025-12-11,11.9,31.0,0.0,1014.9,,6.43,0,0
Visakhapatnam,discharge,2025-12-12,12.3,30.2,0.0,1014.6,,6.64,0,0
Visakhapatnam,discharge,2025-12-13,13.6,32.8,0.0,1014.9,,7.34,0,0
Visakhapatnam,discharge,2025-12-14,13.2,32.4,0.0,1015.3,,7.13,0,0
Visakhapatnam,discharge,2025-12-15,12.3,30.2,0.0,1015.4,,6.64,0,0
Visakhapatnam,discharge,2025-12-16,12.1,31.0,0.0,1015.5,,6.53,0,0
Visakhapatnam,discharge,2025-12-17,10.1,25.9,0.0,1016.0,,5.45,0,0
Visakhapatnam,discharge,2025-12-18,10.6,28.8,0.0,1015.3,,5.72,0,0
Visakhapatnam,discharge,2025-12-19,11.5,27.0,0.0,1013.5,,6.21,0,0
Visakhapatnam,discharge,2025-12-20,12.1,28.4,0.0,1013.3,,6.53,0,0
Visakhapatnam,discharge,2025-12-21,13.7,32.8,0.0,1014.5,,7.4,0,0
Visakhapatnam,discharge,2025-12-22,13.0,34.2,0.0,1014.1,,7.02,0,0
Visakhapatnam,discharge,2025-12-23,12.2,32.4,0.0,1013.3,,6.59,0,0
Visakhapatnam,discharge,2025-12-24,12.8,32.4,0.0,1013.7,,6.91,0,0
Visakhapatnam,discharge,2025-12-25,14.3,36.7,0.0,1014.7,,7.72,0,0
Visakhapatnam,discharge,2025-12-26,13.8,33.8,0.0,1014.5,,7.45,0,0
Visakhapatnam,discharge,2025-12-27,11.5,30.2,0.0,1014.7,,6.21,0,0
Visakhapatnam,discharge,2025-12-28,12.2,31.0,0.0,1015.1,,6.59,0,0
Visakhapatnam,discharge,2025-12-29,12.9,32.4,0.0,1014.8,,6.97,0,0
Visakhapatnam,discharge,2025-12-30,12.5,33.5,0.0,1013.5,,6.75,0,0
Visakhapatnam,discharge,2025-12-31,14.5,36.7,0.0,1012.0,,7.83,0,0
Visakhapatnam,discharge,2026-01-01,11.0,28.8,0.4,1013.3,,5.94,0,0
Visakhapatnam,discharge,2026-01-02,12.9,33.8,0.0,1015.2,,6.97,0,0
Visakhapatnam,discharge,2026-01-03,13.8,33.8,0.0,1016.0,,7.45,0,0
Visakhapatnam,discharge,2026-01-04,12.7,32.0,0.0,1016.7,,6.86,0,0
Visakhapatnam,discharge,2026-01-05,13.8,34.6,0.0,1017.0,,7.45,0,0
Visakhapatnam,discharge,2026-01-06,16.6,38.5,0.0,1017.7,,8.96,0,0
Visakhapatnam,discharge,2026-01-07,16.1,37.4,0.0,1018.2,,8.69,0,0
Visakhapatnam,discharge,2026-01-08,18.6,43.6,0.0,1018.2,,10.04,0,0
Visakhapatnam,discharge,2026-01-09,15.9,38.5,0.0,1017.1,,8.59,0,0
Visakhapatnam,discharge,2026-01-10,15.1,36.0,0.0,1016.9,,8.15,0,0
Visakhapatnam,discharge,2026-01-11,15.2,40.0,0.1,1018.1,,8.21,0,0
Visakhapatnam,discharge,2026-01-12,19.5,47.5,0.0,1018.8,,10.53,0,0
Visakhapatnam,discharge,2026-01-13,12.3,32.4,0.0,1016.9,,6.64,0,0
Visakhapatnam,discharge,2026-01-14,11.5,30.6,0.0,1015.2,,6.21,0,0
Visakhapatnam,discharge,2026-01-15,12.0,31.7,0.0,1014.5,,6.48,0,0
Visakhapatnam,discharge,2026-01-16,13.0,33.5,0.0,1014.5,,7.02,0,0
Visakhapatnam,discharge,2026-01-17,11.1,29.9,0.0,1012.9,,5.99,0,0
Visakhapatnam,discharge,2026-01-18,12.0,33.1,0.0,1012.4,,6.48,0,0
Visakhapatnam,discharge,2026-01-19,11.6,32.8,0.0,1013.5,,6.26,0,0
Visakhapatnam,discharge,2026-01-20,15.0,36.7,0.0,1014.2,,8.1,0,0
Visakhapatnam,discharge,2026-01-21,13.9,35.6,0.0,1015.6,,7.51,0,0
Visakhapatnam,discharge,2026-01-22,13.5,34.6,0.1,1016.1,,7.29,0,0
Visakhapatnam,discharge,2026-01-23,17.8,43.2,0.0,1017.3,,9.61,0,0
Visakhapatnam,discharge,2026-01-24,18.0,43.9,0.1,1017.3,,9.72,0,0
Visakhapatnam,discharge,2026-01-25,15.8,41.0,0.0,1016.6,,8.53,0,0
Visakhapatnam,discharge,2026-01-26,16.8,40.3,0.0,1017.8,,9.07,0,0
Visakhapatnam,discharge,2026-01-27,13.9,36.7,0.0,1017.7,,7.51,0,0
Visakhapatnam,discharge,2026-01-28,13.3,34.9,0.0,1016.3,,7.18,0,0
Visakhapatnam,discharge,2026-01-29,12.2,31.3,0.0,1016.3,,6.59,0,0
Visakhapatnam,discharge,2026-01-30,14.1,36.4,0.0,1017.0,,7.61,0,0
Visakhapatnam,discharge,2026-01-31,15.4,38.5,0.0,1017.1,,8.32,0,0
Visakhapatnam,discharge,2026-02-01,15.3,39.2,0.0,1017.2,,8.26,0,0
Visakhapatnam,discharge,2026-02-02,15.9,41.0,0.0,1016.7,,8.59,0,0
Visakhapatnam,discharge,2026-02-03,15.7,39.6,0.0,1017.6,,8.48,0,0
Visakhapatnam,discharge,2026-02-04,19.3,47.2,0.0,1017.4,,10.42,0,0
Visakhapatnam,discharge,2026-02-05,18.5,45.0,0.0,1017.6,,9.99,0,0
Visakhapatnam,discharge,2026-02-06,14.2,37.1,0.0,1016.6,,7.67,0,0
Visakhapatnam,discharge,2026-02-07,12.9,34.6,0.0,1014.8,,6.97,0,0
Visakhapatnam,discharge,2026-02-08,13.9,36.4,0.0,1014.4,,7.51,0,0
Visakhapatnam,discharge,2026-02-09,14.6,35.6,0.0,1014.9,,7.88,0,0
Visakhapatnam,discharge,2026-02-10,13.0,34.6,0.0,1016.1,,7.02,0,0
Visakhapatnam,discharge,2026-02-11,15.0,38.5,0.0,1017.1,,8.1,0,0
Visakhapatnam,discharge,2026-02-12,14.1,36.7,0.0,1015.6,,7.61,0,0
Visakhapatnam,discharge,2026-02-13,14.8,38.2,0.0,1014.8,,7.99,0,0
Visakhapatnam,discharge,2026-02-14,12.7,34.6,0.0,1013.7,,6.86,0,0
Visakhapatnam,discharge,2026-02-15,13.9,37.8,0.0,1013.1,,7.51,0,0
Visakhapatnam,discharge,2026-02-16,13.7,36.7,0.0,1012.9,,7.4,0,0
Visakhapatnam,discharge,2026-02-17,17.2,42.1,0.0,1013.5,,9.29,0,0
Visakhapatnam,discharge,2026-02-18,13.8,36.7,0.0,1013.6,,7.45,0,0
Visakhapatnam,discharge,2026-02-19,15.3,38.5,0.0,1014.6,,8.26,0,0
Visakhapatnam,discharge,2026-02-20,16.9,42.5,0.0,1014.4,,9.13,0,0
Visakhapatnam,discharge,2026-02-21,13.9,37.4,0.0,1011.1,,7.51,0,0
Visakhapatnam,discharge,2026-02-22,14.2,37.4,1.6,1009.4,,7.67,0,0
Visakhapatnam,discharge,2026-02-23,11.9,33.5,0.5,1009.6,,6.43,0,0
Visakhapatnam,discharge,2026-02-24,12.9,31.7,1.0,1011.0,,6.97,0,0
Visakhapatnam,discharge,2026-02-25,13.9,36.4,12.0,1012.0,,7.51,0,0
Visakhapatnam,discharge,2026-02-26,10.9,25.6,0.2,1010.2,,5.89,0,0
Visakhapatnam,discharge,2026-02-27,14.3,36.7,0.2,1008.8,,7.72,0,0
Visakhapatnam,discharge,2026-02-28,17.2,42.8,0.8,1009.0,,9.29,0,0
Visakhapatnam,discharge,2026-03-01,17.5,44.3,0.0,1009.5,,9.45,0,0
Visakhapatnam,discharge,2026-03-02,19.7,47.5,0.0,1010.8,,10.64,0,0
Visakhapatnam,discharge,2026-03-03,14.5,37.1,0.0,1011.6,,7.83,0,0
Visakhapatnam,discharge,2026-03-04,16.6,41.4,0.0,1011.3,,8.96,0,0
Visakhapatnam,discharge,2026-03-05,14.7,39.2,0.0,1008.6,,7.94,0,0
Visakhapatnam,discharge,2026-03-06,15.9,41.0,0.0,1008.6,,8.59,0,0
Visakhapatnam,discharge,2026-03-07,18.8,45.4,0.3,1010.9,,10.15,0,0
Visakhapatnam,discharge,2026-03-08,15.5,39.6,0.3,1011.8,,8.37,0,0
Visakhapatnam,discharge,2026-03-09,15.5,40.3,1.2,1013.1,,8.37,0,0
Visakhapatnam,discharge,2026-03-10,14.6,38.9,0.0,1013.7,,7.88,0,0
Visakhapatnam,discharge,2026-03-11,15.8,41.0,0.0,1011.5,,8.53,0,0
Visakhapatnam,discharge,2026-03-12,15.7,39.6,0.0,1009.6,,8.48,0,0
Visakhapatnam,discharge,2026-03-13,18.4,45.7,0.0,1010.0,,9.94,0,0
Visakhapatnam,discharge,2026-03-14,19.1,47.2,0.0,1011.8,,10.31,0,0
Visakhapatnam,discharge,2026-03-15,19.0,47.5,0.0,1012.0,,10.26,0,0
Visakhapatnam,discharge,2026-03-16,18.7,47.5,0.0,1011.2,,10.1,0,0
Visakhapatnam,discharge,2026-03-17,16.1,41.4,0.0,1011.4,,8.69,0,0
Visakhapatnam,discharge,2026-03-18,13.4,36.0,0.7,1012.1,,7.24,0,0
Visakhapatnam,discharge,2026-03-19,15.5,38.2,3.2,1012.0,,8.37,0,0
Visakhapatnam,discharge,2026-03-20,16.2,41.4,1.0,1010.6,,8.75,0,0
Visakhapatnam,discharge,2026-03-21,14.1,38.5,4.5,1011.1,,7.61,0,0
Visakhapatnam,discharge,2026-03-22,14.8,38.9,2.0,1011.9,,7.99,0,0
Visakhapatnam,discharge,2026-03-23,14.2,38.5,0.8,1011.6,,7.67,0,0
Visakhapatnam,discharge,2026-03-24,15.7,41.8,0.5,1010.5,,8.48,0,0
Visakhapatnam,discharge,2026-03-25,16.2,42.5,0.0,1010.8,,8.75,0,0
Visakhapatnam,discharge,2026-03-26,12.9,34.9,0.1,1010.9,,6.97,0,0
Visakhapatnam,discharge,2026-03-27,17.4,43.9,0.0,1009.1,,9.4,0,0
Visakhapatnam,discharge,2026-03-28,18.4,45.0,0.0,1007.0,,9.94,0,0
Visakhapatnam,discharge,2026-03-29,16.9,43.6,0.0,1007.7,,9.13,0,0
Visakhapatnam,discharge,2026-03-30,17.7,44.6,0.0,1009.3,,9.56,0,0
Visakhapatnam,discharge,2026-03-31,11.9,33.8,1.7,1010.4,,6.43,0,0
Visakhapatnam,discharge,2026-04-01,13.7,36.4,0.0,1010.7,,7.4,0,0
Visakhapatnam,discharge,2026-04-02,16.8,43.6,0.0,1010.9,,9.07,0,0
Visakhapatnam,discharge,2026-04-03,16.2,41.0,0.0,1009.7,,8.75,0,0
Visakhapatnam,discharge,2026-04-04,15.6,41.0,0.0,1008.3,,8.42,0,0
Visakhapatnam,discharge,2026-04-05,16.2,41.4,0.5,1008.2,,8.75,0,0
Visakhapatnam,discharge,2026-04-06,16.7,42.5,6.4,1009.7,,9.02,0,0
Visakhapatnam,discharge,2026-04-07,15.6,42.8,0.9,1009.0,,8.42,0,0
Visakhapatnam,discharge,2026-04-08,19.2,46.4,2.4,1008.8,,10.37,0,0
Visakhapatnam,discharge,2026-04-09,20.2,47.9,0.4,1009.7,,10.91,0,0
Visakhapatnam,discharge,2026-04-10,16.5,40.0,2.9,1010.6,,8.91,0,0
Visakhapatnam,discharge,2026-04-11,16.1,41.0,0.0,1009.8,,8.69,0,0
Visakhapatnam,discharge,2026-04-12,19.8,48.2,0.0,1008.7,,10.69,0,0
Visakhapatnam,discharge,2026-04-13,20.2,50.8,0.0,1009.2,,10.91,0,0
Visakhapatnam,discharge,2026-04-14,18.9,46.8,0.0,1008.3,,10.21,0,0
Visakhapatnam,discharge,2026-04-15,21.2,51.8,0.0,1006.9,,11.45,0,0
Visakhapatnam,discharge,2026-04-16,20.0,49.0,0.0,1007.5,,10.8,0,0
Visakhapatnam,discharge,2026-04-17,19.6,49.3,0.0,1008.1,,10.58,0,0
Visakhapatnam,discharge,2026-04-18,18.2,46.1,0.0,1008.0,,9.83,0,0
Visakhapatnam,discharge,2026-04-19,18.6,46.8,0.0,1007.7,,10.04,0,0
Visakhapatnam,discharge,2026-04-20,20.7,50.4,0.0,1007.1,,11.18,0,0
Visakhapatnam,discharge,2026-04-21,21.6,52.9,0.0,1006.9,,11.66,0,0
Visakhapatnam,discharge,2026-04-22,17.2,45.0,0.0,1006.4,,9.29,0,0
Visakhapatnam,discharge,2026-04-23,15.0,37.4,0.0,1006.2,,8.1,0,0
Visakhapatnam,discharge,2026-04-24,16.7,42.5,0.0,1006.8,,9.02,0,0
Visakhapatnam,discharge,2026-04-25,16.7,42.8,0.0,1008.0,,9.02,0,0
Visakhapatnam,discharge,2026-04-26,19.7,47.5,0.0,1006.9,,10.64,0,0
Visakhapatnam,discharge,2026-04-27,23.1,55.1,0.0,1005.7,,12.47,0,0
Visakhapatnam,discharge,2026-04-28,24.1,57.2,0.0,1006.0,,13.01,0,0
Visakhapatnam,discharge,2026-04-29,22.9,54.4,0.0,1006.3,,12.37,0,0
Visakhapatnam,discharge,2026-04-30,23.0,55.8,0.1,1007.1,,12.42,0,0
Visakhapatnam,discharge,2026-05-01,21.5,51.8,18.6,1006.8,,11.61,0,0
Visakhapatnam,discharge,2026-05-02,24.3,55.4,1.3,1005.5,,13.12,0,0
Visakhapatnam,discharge,2026-05-03,15.2,47.5,0.5,1006.4,,8.21,0,0
Visakhapatnam,discharge,2026-05-04,13.0,32.4,2.8,1007.4,,7.02,0,0
Visakhapatnam,discharge,2026-05-05,14.3,37.4,2.3,1008.7,,7.72,0,0
Visakhapatnam,discharge,2026-05-06,14.1,36.7,0.8,1007.8,,7.61,0,0
Visakhapatnam,discharge,2026-05-07,13.2,35.3,4.4,1008.5,,7.13,0,0
Visakhapatnam,discharge,2026-05-08,12.6,37.4,1.4,1009.2,,6.8,0,0
Visakhapatnam,discharge,2026-05-09,12.3,33.8,0.6,1008.9,,6.64,0,0
Visakhapatnam,discharge,2026-05-10,14.4,36.4,0.3,1007.8,,7.78,0,0
Visakhapatnam,discharge,2026-05-11,13.4,34.9,0.1,1007.5,,7.24,0,0
Visakhapatnam,discharge,2026-05-12,15.9,41.8,0.0,1006.0,,8.59,0,0
Visakhapatnam,discharge,2026-05-13,15.1,40.0,0.1,1004.3,,8.15,0,0
Visakhapatnam,discharge,2026-05-14,17.9,45.4,0.0,1003.7,,9.67,0,0
Visakhapatnam,discharge,2026-05-15,13.9,34.9,0.0,1003.7,,7.51,0,0
Visakhapatnam,discharge,2026-05-16,14.7,39.6,0.0,1004.6,,7.94,0,0
Visakhapatnam,discharge,2026-05-17,16.5,43.2,0.0,1004.8,,8.91,0,0
Visakhapatnam,discharge,2026-05-18,19.7,47.9,0.0,1004.6,,10.64,0,0
Visakhapatnam,discharge,2026-05-19,19.1,49.3,0.0,1003.4,,10.31,0,0
Visakhapatnam,discharge,2026-05-20,13.2,35.6,0.4,1002.0,,7.13,0,0
Visakhapatnam,discharge,2026-05-21,15.0,37.1,1.1,1002.0,,8.1,0,0
Visakhapatnam,discharge,2026-05-22,16.2,45.0,0.1,1003.4,,8.75,0,0
Visakhapatnam,discharge,2026-05-23,12.4,32.0,0.2,1003.3,,6.7,0,0
Visakhapatnam,discharge,2026-05-24,11.2,32.8,0.0,1004.0,,6.05,0,0
Visakhapatnam,discharge,2026-05-25,12.2,33.8,0.0,1004.7,,6.59,0,0
Visakhapatnam,discharge,2026-05-26,15.2,40.7,0.0,1004.3,,8.21,0,0
Visakhapatnam,discharge,2026-05-27,16.0,40.7,0.0,1004.6,,8.64,0,0
Visakhapatnam,discharge,2026-05-28,15.2,39.6,0.0,1005.3,,8.21,0,0
Visakhapatnam,discharge,2026-05-29,11.8,33.5,0.5,1004.3,,6.37,0,0
Visakhapatnam,discharge,2026-05-30,15.3,38.5,0.0,1005.1,,8.26,0,0
Visakhapatnam,discharge,2026-05-31,15.7,41.0,0.0,1006.3,,8.48,0,0
Visakhapatnam,discharge,2026-06-01,11.8,31.3,0.1,1006.8,,6.37,0,0
Visakhapatnam,discharge,2026-06-02,13.4,36.7,3.2,1005.8,,7.24,0,0
Visakhapatnam,discharge,2026-06-03,17.8,44.6,0.3,1003.6,,9.61,0,0
Visakhapatnam,discharge,2026-06-04,15.0,41.0,2.8,1002.5,,8.1,0,0
Visakhapatnam,discharge,2026-06-05,14.1,42.1,2.6,1001.6,,7.61,0,0
Visakhapatnam,discharge,2026-06-06,14.1,35.6,1.3,1002.8,,7.61,0,0
Visakhapatnam,discharge,2026-06-07,21.8,46.8,0.2,1003.3,,11.77,0,0
Visakhapatnam,discharge,2026-06-08,17.4,40.7,0.0,1002.5,,9.4,0,0
Visakhapatnam,discharge,2026-06-09,14.0,36.7,0.3,1001.7,,7.56,0,0
Visakhapatnam,discharge,2026-06-10,13.8,28.1,1.2,1001.7,,7.45,0,0
Visakhapatnam,discharge,2026-06-11,13.1,31.3,0.6,1002.8,,7.07,0,0
Visakhapatnam,discharge,2026-06-12,16.0,41.0,20.4,1005.0,,8.64,0,0
Visakhapatnam,discharge,2026-06-13,17.7,43.6,0.3,1004.7,,9.56,0,0
Visakhapatnam,discharge,2026-06-14,16.1,41.0,4.2,1003.3,,8.69,0,0
Visakhapatnam,discharge,2026-06-15,12.8,36.0,1.6,1003.5,,6.91,0,0
Visakhapatnam,discharge,2026-06-16,11.0,32.0,0.2,1004.4,,5.94,0,0
Visakhapatnam,discharge,2026-06-17,16.3,40.7,10.6,1005.6,,8.8,0,0
Visakhapatnam,discharge,2026-06-18,12.8,28.4,5.8,1005.5,,6.91,0,0
Visakhapatnam,discharge,2026-06-19,11.7,30.6,10.9,1005.6,,6.32,0,0
Visakhapatnam,discharge,2026-06-20,15.1,36.4,13.8,1005.7,,8.15,0,0
Visakhapatnam,discharge,2026-06-21,16.3,39.2,3.6,1005.7,,8.8,0,0
Visakhapatnam,discharge,2026-06-22,17.5,46.8,3.0,1005.5,,9.45,0,0
Visakhapatnam,discharge,2026-06-23,14.2,32.0,21.4,1004.2,,7.67,0,0
Visakhapatnam,discharge,2026-06-24,17.8,41.4,0.2,1003.4,,9.61,0,0
Visakhapatnam,discharge,2026-06-25,10.6,30.2,6.8,1003.4,,5.72,0,0
Visakhapatnam,discharge,2026-06-26,12.2,34.2,4.3,1004.0,,6.59,0,0
Visakhapatnam,discharge,2026-06-27,12.2,31.3,7.4,1003.6,,6.59,0,0
Visakhapatnam,discharge,2026-06-28,20.9,46.1,4.8,1003.6,,11.29,0,0
Visakhapatnam,discharge,2026-06-29,21.7,50.8,0.7,1002.9,,11.72,0,0
Visakhapatnam,discharge,2026-06-30,16.4,37.4,4.9,1002.0,,8.86,0,0
Visakhapatnam,discharge,2026-07-01,17.8,38.9,1.4,1001.1,,9.61,0,0
Visakhapatnam,discharge,2026-07-02,17.7,38.9,11.3,1000.8,,9.56,0,0
Visakhapatnam,discharge,2026-07-03,25.5,56.9,27.9,1000.4,,13.77,0,0
Visakhapatnam,discharge,2026-07-04,27.9,61.9,19.4,998.0,,15.06,0,0
Visakhapatnam,discharge,2026-07-05,28.8,64.8,1.0,998.9,,15.55,0,0
Visakhapatnam,discharge,2026-07-06,26.5,59.0,0.1,1001.0,,14.31,0,0
Visakhapatnam,discharge,2026-07-07,26.1,60.1,0.5,1003.1,,14.09,0,0
Visakhapatnam,discharge,2026-07-08,21.0,50.4,0.8,1003.5,,11.34,0,0
Visakhapatnam,discharge,2026-07-09,19.0,46.1,3.8,1004.4,,10.26,0,0
Visakhapatnam,discharge,2026-07-10,17.9,45.0,3.2,1005.0,,9.67,0,0
Visakhapatnam,discharge,2026-07-11,14.6,37.8,1.2,1002.8,,7.88,0,0
Visakhapatnam,discharge,2026-07-12,14.2,41.8,0.4,1001.0,,7.67,0,0
Visakhapatnam,discharge,2026-07-13,14.0,32.4,2.9,1001.2,,7.56,0,0
Visakhapatnam,discharge,2026-07-14,11.0,26.3,0.0,1001.4,,5.94,0,0
Visakhapatnam,discharge,2026-07-15,13.5,36.7,1.4,1002.6,,7.29,0,0
Visakhapatnam,discharge,2026-07-16,14.8,34.9,0.9,1003.3,,7.99,0,0
Visakhapatnam,discharge,2026-07-17,18.6,43.2,4.3,1003.8,,10.04,0,0
Visakhapatnam,discharge,2026-07-18,16.5,39.6,3.1,1003.5,,8.91,0,0
Visakhapatnam,discharge,2026-07-19,14.7,35.3,7.4,1003.5,,7.94,0,0
Visakhapatnam,discharge,2026-07-20,15.9,41.8,25.9,1003.9,,8.59,0,0
Visakhapatnam,discharge,2026-07-21,17.0,39.6,12.5,1003.8,,9.18,0,0
Visakhapatnam,discharge,2026-07-22,22.4,54.4,0.2,1005.1,,12.1,0,0
Visakhapatnam,discharge,2026-07-23,19.2,48.2,4.6,1004.9,,10.37,0,0
Visakhapatnam,discharge,2026-07-24,16.2,43.2,10.5,1003.5,,8.75,0,0
Visakhapatnam,discharge,2026-07-25,17.2,40.7,1.3,1001.9,,9.29,0,0
Visakhapatnam,discharge,2026-07-26,16.8,41.8,3.5,1000.9,,9.07,0,0
Visakhapatnam,discharge,2026-07-27,24.5,51.5,7.8,1000.2,,13.23,0,0
Visakhapatnam,discharge,2026-07-28,23.9,51.1,9.7,999.2,,12.9,0,0
Visakhapatnam,discharge,2026-07-29,23.2,49.7,9.7,997.5,,12.53,0,0
Visakhapatnam,discharge,2026-07-30,26.3,61.2,1.8,998.3,,14.2,0,0
Visakhapatnam,discharge,2026-07-31,20.2,47.9,1.0,1001.4,,10.91,0,0
Visakhapatnam,discharge,2026-08-01,15.5,37.1,4.4,1003.0,,8.37,0,0
Visakhapatnam,discharge,2026-08-02,14.0,36.0,8.9,1003.2,,7.56,0,0
Visakhapatnam,discharge,2026-08-03,9.0,28.1,7.5,1003.8,,4.86,0,0
Visakhapatnam,discharge,2026-08-04,12.5,29.9,17.2,1003.6,,6.75,0,0
Visakhapatnam,discharge,2026-08-05,10.3,32.4,1.8,1002.0,,5.56,0,0
Visakhapatnam,discharge,2026-08-06,12.3,26.6,18.7,1001.9,,6.64,0,0
Visakhapatnam,discharge,2026-08-07,12.1,27.7,15.5,1000.8,,6.53,0,0
Visakhapatnam,discharge,2026-08-08,11.8,25.6,5.4,1001.1,,6.37,0,0
Visakhapatnam,discharge,2026-08-09,13.7,35.3,13.6,1002.6,,7.4,0,0
Visakhapatnam,discharge,2026-08-10,15.3,36.7,16.9,1002.8,,8.26,0,0
Visakhapatnam,discharge,2026-08-11,16.2,34.9,1.5,1002.3,,8.75,0,0
Visakhapatnam,discharge,2026-08-12,16.0,40.0,0.8,1003.5,,8.64,0,0
Visakhapatnam,discharge,2026-08-13,16.2,41.4,6.7,1003.8,,8.75,0,0
Visakhapatnam,discharge,2026-08-14,14.1,39.2,2.7,1003.1,,7.61,0,0
Visakhapatnam,discharge,2026-08-15,19.2,40.7,6.4,1002.9,,10.37,0,0
Visakhapatnam,discharge,2026-08-16,18.7,50.8,0.6,1003.3,,10.1,0,0
Visakhapatnam,discharge,2026-08-17,18.9,47.5,4.5,1005.3,,10.21,0,0
Visakhapatnam,discharge,2026-08-18,15.0,43.2,0.9,1005.4,,8.1,0,0
Visakhapatnam,discharge,2026-08-19,16.9,41.4,2.8,1004.8,,9.13,0,0
Visakhapatnam,discharge,2026-08-20,13.7,34.9,2.9,1004.2,,7.4,0,0
Visakhapatnam,discharge,2026-08-21,16.2,37.8,11.7,1003.2,,8.75,0,0
Visakhapatnam,discharge,2026-08-22,15.5,33.5,14.8,1003.4,,8.37,0,0
Visakhapatnam,discharge,2026-08-23,17.9,40.0,7.8,1003.0,,9.67,0,0
Visakhapatnam,discharge,2026-08-24,17.1,37.8,17.2,1002.9,,9.23,0,0
Visakhapatnam,discharge,2026-08-25,21.7,48.2,6.5,1004.2,,11.72,0,0
Visakhapatnam,discharge,2026-08-26,15.5,38.5,8.8,1004.1,,8.37,0,0
Visakhapatnam,discharge,2026-08-27,18.9,46.4,4.7,1003.9,,10.21,0,0
Visakhapatnam,discharge,2026-08-28,14.6,36.7,5.1,1003.7,,7.88,0,0
Visakhapatnam,discharge,2026-08-29,16.8,42.8,2.4,1002.8,,9.07,0,0
Visakhapatnam,discharge,2026-08-30,17.2,41.4,0.1,1003.3,,9.29,0,0
Visakhapatnam,discharge,2026-08-31,16.5,38.5,2.2,1003.3,,8.91,0,0
Visakhapatnam,discharge,2026-09-01,13.0,35.6,0.1,1004.9,,7.02,0,0
Visakhapatnam,discharge,2026-09-02,17.7,45.7,8.3,1005.7,,9.56,0,0
Visakhapatnam,discharge,2026-09-03,19.2,43.9,4.8,1005.9,,10.37,0,0
Visakhapatnam,discharge,2026-09-04,20.6,46.1,3.1,1007.5,,11.12,0,0
Visakhapatnam,discharge,2026-09-05,17.7,42.1,1.9,1008.5,,9.56,0,0
Visakhapatnam,discharge,2026-09-06,19.6,46.8,2.4,1008.8,,10.58,0,0
Visakhapatnam,discharge,2026-09-07,19.8,46.1,0.5,1007.6,,10.69,0,0
Visakhapatnam,discharge,2026-09-08,12.6,32.8,3.2,1006.7,,6.8,0,0
Visakhapatnam,discharge,2026-09-09,8.0,22.0,2.9,1005.5,,4.32,0,0
Visakhapatnam,discharge,2026-09-10,13.9,30.2,43.3,1004.6,,7.51,0,0
Visakhapatnam,discharge,2026-09-11,17.2,36.0,19.8,1004.3,,9.29,0,0
Visakhapatnam,discharge,2026-09-12,14.7,33.1,10.0,1008.1,,7.94,0,0
Visakhapatnam,discharge,2026-09-13,7.1,23.8,4.6,1011.0,,3.83,0,0
Visakhapatnam,discharge,2026-09-14,10.8,27.7,5.8,1011.3,,5.83,0,0
Visakhapatnam,discharge,2026-09-15,10.5,27.0,3.5,1010.3,,5.67,0,0
Visakhapatnam,discharge,2026-09-16,8.7,23.4,1.5,1009.4,,4.7,0,0
Visakhapatnam,discharge,2026-09-17,8.2,22.7,1.6,1008.4,,4.43,0,0
Visakhapatnam,discharge,2026-09-18,8.4,23.0,1.1,1007.9,,4.54,0,0
Visakhapatnam,discharge,2026-09-19,8.5,24.8,6.7,1008.9,,4.59,0,0
Visakhapatnam,discharge,2026-09-20,11.6,31.7,1.7,1008.7,,6.26,0,0
Visakhapatnam,discharge,2026-09-21,13.2,24.1,20.7,1006.0,,7.13,0,0
Visakhapatnam,discharge,2026-09-22,14.9,40.3,126.5,1000.7,,8.05,0,0
Visakhapatnam,discharge,2026-09-23,22.3,46.1,53.8,995.2,,12.04,0,0
Visakhapatnam,discharge,2026-09-24,34.9,70.9,80.0,994.7,,18.84,0,0
Visakhapatnam,discharge,2026-09-25,31.9,70.2,15.3,1001.2,,17.22,0,0
Visakhapatnam,discharge,2026-09-26,16.2,33.1,0.0,1005.8,,8.75,0,0
Visakhapatnam,discharge,2026-09-27,8.4,22.7,0.7,1007.3,,4.54,0,0
Visakhapatnam,discharge,2026-09-28,10.4,24.5,1.8,1008.8,,5.62,0,0
Visakhapatnam,discharge,2026-09-29,8.9,22.0,0.2,1010.3,,4.81,0,0
Visakhapatnam,discharge,2026-09-30,10.3,24.8,0.6,1011.0,,5.56,0,0
Xingang,origin,2025-09-01,7.8,20.2,0.0,1007.1,,4.21,0,0
Xingang,origin,2025-09-02,11.9,28.8,0.0,1010.0,,6.43,0,0
Xingang,origin,2025-09-03,12.2,29.9,0.2,1010.6,,6.59,0,0
Xingang,origin,2025-09-04,10.8,26.3,0.5,1010.4,,5.83,0,0
Xingang,origin,2025-09-05,18.1,40.0,8.1,1008.2,,9.77,0,0
Xingang,origin,2025-09-06,15.7,34.9,0.0,1007.7,,8.48,0,0
Xingang,origin,2025-09-07,14.6,32.8,0.1,1007.9,,7.88,0,0
Xingang,origin,2025-09-08,11.5,27.4,0.0,1010.9,,6.21,0,0
Xingang,origin,2025-09-09,14.9,34.2,5.9,1011.4,,8.05,0,0
Xingang,origin,2025-09-10,14.1,33.1,0.0,1013.9,,7.61,0,0
Xingang,origin,2025-09-11,17.5,40.3,0.2,1013.7,,9.45,0,0
Xingang,origin,2025-09-12,11.2,29.2,0.0,1010.8,,6.05,0,0
Xingang,origin,2025-09-13,21.1,44.3,0.8,1007.5,,11.39,0,0
Xingang,origin,2025-09-14,20.4,48.2,0.0,1010.4,,11.02,0,0
Xingang,origin,2025-09-15,15.1,36.0,0.9,1012.0,,8.15,0,0
Xingang,origin,2025-09-16,23.1,48.6,0.8,1015.4,,12.47,0,0
Xingang,origin,2025-09-17,17.8,40.0,0.0,1019.4,,9.61,0,0
Xingang,origin,2025-09-18,15.9,38.5,0.0,1020.0,,8.59,0,0
Xingang,origin,2025-09-19,16.2,33.1,0.0,1014.6,,8.75,0,0
Xingang,origin,2025-09-20,14.3,33.8,0.0,1017.1,,7.72,0,0
Xingang,origin,2025-09-21,14.1,32.8,0.2,1021.5,,7.61,0,0
Xingang,origin,2025-09-22,13.3,26.3,0.0,1020.5,,7.18,0,0
Xingang,origin,2025-09-23,14.6,27.0,7.0,1014.6,,7.88,0,0
Xingang,origin,2025-09-24,18.6,40.7,0.0,1013.1,,10.04,0,0
Xingang,origin,2025-09-25,12.4,27.7,0.0,1019.4,,6.7,0,0
Xingang,origin,2025-09-26,7.7,21.2,0.0,1020.4,,4.16,0,0
Xingang,origin,2025-09-27,11.8,21.2,2.2,1015.1,,6.37,0,0
Xingang,origin,2025-09-28,8.3,27.0,0.0,1013.2,,4.48,0,0
Xingang,origin,2025-09-29,13.7,29.9,0.0,1012.1,,7.4,0,0
Xingang,origin,2025-09-30,16.1,36.4,0.4,1008.9,,8.69,0,0
Xingang,origin,2025-10-01,13.1,30.6,0.0,1012.1,,7.07,0,0
Xingang,origin,2025-10-02,17.1,38.2,0.0,1016.8,,9.23,0,0
Xingang,origin,2025-10-03,10.4,26.3,0.0,1016.9,,5.62,0,0
Xingang,origin,2025-10-04,23.8,45.7,0.0,1015.4,,12.85,0,0
Xingang,origin,2025-10-05,26.9,51.8,1.4,1018.4,,14.52,0,0
Xingang,origin,2025-10-06,26.2,51.5,0.0,1019.5,,14.15,0,0
Xingang,origin,2025-10-07,27.3,54.4,0.0,1020.3,,14.74,0,0
Xingang,origin,2025-10-08,28.8,58.0,9.4,1025.2,,15.55,0,0
Xingang,origin,2025-10-09,26.4,52.6,15.8,1023.3,,14.25,0,0
Xingang,origin,2025-10-10,20.4,43.6,10.0,1018.9,,11.02,0,0
Xingang,origin,2025-10-11,23.8,45.7,0.0,1016.9,,12.85,0,0
Xingang,origin,2025-10-12,23.5,48.2,0.0,1019.3,,12.69,0,0
Xingang,origin,2025-10-13,9.4,17.3,0.0,1017.8,,5.08,0,0
Xingang,origin,2025-10-14,13.6,31.3,0.0,1020.2,,7.34,0,0
Xingang,origin,2025-10-15,26.3,50.4,0.0,1022.8,,14.2,0,0
Xingang,origin,2025-10-16,23.6,50.4,0.1,1026.8,,12.74,0,0
Xingang,origin,2025-10-17,26.4,50.0,1.1,1029.6,,14.25,0,0
Xingang,origin,2025-10-18,23.0,48.2,0.0,1032.4,,12.42,0,0
Xingang,origin,2025-10-19,15.9,34.9,0.0,1036.5,,8.59,0,0
Xingang,origin,2025-10-20,12.8,25.2,0.0,1037.8,,6.91,0,0
Xingang,origin,2025-10-21,15.3,34.2,0.0,1036.8,,8.26,0,0
Xingang,origin,2025-10-22,14.6,27.0,0.0,1035.6,,7.88,0,0
Xingang,origin,2025-10-23,15.9,36.7,0.0,1035.3,,8.59,0,0
Xingang,origin,2025-10-24,13.9,31.7,0.0,1028.2,,7.51,0,0
Xingang,origin,2025-10-25,17.1,36.4,0.0,1022.4,,9.23,0,0
Xingang,origin,2025-10-26,16.3,32.0,0.0,1025.2,,8.8,0,0
Xingang,origin,2025-10-27,12.4,29.5,0.0,1024.7,,6.7,0,0
Xingang,origin,2025-10-28,13.2,29.2,0.0,1023.8,,7.13,0,0
Xingang,origin,2025-10-29,24.1,51.5,3.9,1021.7,,13.01,0,0
Xingang,origin,2025-10-30,22.0,44.3,0.5,1024.1,,11.88,0,0
Xingang,origin,2025-10-31,14.1,32.0,0.0,1018.0,,7.61,0,0
Xingang,origin,2025-11-01,31.8,64.1,0.0,1020.1,,17.17,0,0
Xingang,origin,2025-11-02,15.1,34.6,0.0,1029.8,,8.15,0,0
Xingang,origin,2025-11-03,24.8,52.6,0.1,1024.8,,13.39,0,0
Xingang,origin,2025-11-04,11.5,27.0,0.0,1023.2,,6.21,0,0
Xingang,origin,2025-11-05,17.3,37.1,0.0,1023.4,,9.34,0,0
Xingang,origin,2025-11-06,22.0,47.2,0.0,1028.3,,11.88,0,0
Xingang,origin,2025-11-07,24.3,52.2,2.2,1027.2,,13.12,0,0
Xingang,origin,2025-11-08,21.0,43.9,0.0,1021.2,,11.34,0,0
Xingang,origin,2025-11-09,17.3,38.2,0.0,1022.4,,9.34,0,0
Xingang,origin,2025-11-10,17.4,38.2,0.0,1021.0,,9.4,0,0
Xingang,origin,2025-11-11,14.9,31.7,0.0,1023.5,,8.05,0,0
Xingang,origin,2025-11-12,20.9,46.4,0.0,1021.3,,11.29,0,0
Xingang,origin,2025-11-13,9.9,25.2,0.0,1022.5,,5.35,0,0
Xingang,origin,2025-11-14,14.8,33.8,0.0,1020.4,,7.99,0,0
Xingang,origin,2025-11-15,15.8,31.7,0.0,1021.2,,8.53,0,0
Xingang,origin,2025-11-16,19.3,42.1,0.0,1034.1,,10.42,0,0
Xingang,origin,2025-11-17,15.0,35.3,0.0,1034.9,,8.1,0,0
Xingang,origin,2025-11-18,15.2,27.4,0.0,1029.1,,8.21,0,0
Xingang,origin,2025-11-19,21.9,46.4,0.0,1023.5,,11.83,0,0
Xingang,origin,2025-11-20,19.7,41.8,0.0,1025.8,,10.64,0,0
Xingang,origin,2025-11-21,10.0,22.3,0.0,1023.6,,5.4,0,0
Xingang,origin,2025-11-22,16.6,37.1,0.0,1018.5,,8.96,0,0
Xingang,origin,2025-11-23,14.0,31.7,0.0,1015.9,,7.56,0,0
Xingang,origin,2025-11-24,23.8,48.6,1.5,1021.6,,12.85,0,0
Xingang,origin,2025-11-25,17.5,35.3,0.0,1022.4,,9.45,0,0
Xingang,origin,2025-11-26,23.6,48.2,0.2,1018.9,,12.74,0,0
Xingang,origin,2025-11-27,13.5,27.0,0.0,1020.7,,7.29,0,0
Xingang,origin,2025-11-28,12.5,25.2,0.0,1012.0,,6.75,0,0
Xingang,origin,2025-11-29,16.6,31.0,0.0,1012.7,,8.96,0,0
Xingang,origin,2025-11-30,18.3,36.7,0.0,1020.0,,9.88,0,0
Xingang,origin,2025-12-01,16.6,33.5,0.0,1027.6,,8.96,0,0
Xingang,origin,2025-12-02,13.3,29.9,0.0,1031.0,,7.18,0,0
Xingang,origin,2025-12-03,17.7,34.9,0.0,1027.2,,9.56,0,0
Xingang,origin,2025-12-04,17.7,31.3,0.0,1028.4,,9.56,0,0
Xingang,origin,2025-12-05,23.0,49.0,0.0,1018.9,,12.42,0,0
Xingang,origin,2025-12-06,17.4,39.2,0.0,1015.5,,9.4,0,0
Xingang,origin,2025-12-07,24.0,50.8,0.0,1026.0,,12.96,0,0
Xingang,origin,2025-12-08,17.1,33.8,0.0,1028.7,,9.23,0,0
Xingang,origin,2025-12-09,13.2,29.2,0.0,1024.8,,7.13,0,0
Xingang,origin,2025-12-10,25.6,49.7,0.0,1023.3,,13.82,0,0
Xingang,origin,2025-12-11,22.5,48.6,0.0,1038.5,,12.15,0,0
Xingang,origin,2025-12-12,13.1,24.8,1.2,1034.4,,7.07,0,0
Xingang,origin,2025-12-13,9.2,17.3,0.1,1025.4,,4.97,0,0
Xingang,origin,2025-12-14,16.1,29.2,0.0,1021.9,,8.69,0,0
Xingang,origin,2025-12-15,20.3,38.2,0.0,1020.7,,10.96,0,0
Xingang,origin,2025-12-16,23.0,48.2,0.0,1028.6,,12.42,0,0
Xingang,origin,2025-12-17,14.7,27.7,0.0,1027.1,,7.94,0,0
Xingang,origin,2025-12-18,16.7,34.9,0.0,1016.8,,9.02,0,0
Xingang,origin,2025-12-19,16.7,31.7,0.0,1018.1,,9.02,0,0
Xingang,origin,2025-12-20,18.0,39.6,0.0,1030.6,,9.72,0,0
Xingang,origin,2025-12-21,11.9,28.8,0.0,1032.2,,6.43,0,0
Xingang,origin,2025-12-22,21.3,45.0,1.6,1024.5,,11.5,0,0
Xingang,origin,2025-12-23,19.9,42.1,0.1,1024.8,,10.75,0,0
Xingang,origin,2025-12-24,17.6,36.4,0.0,1027.5,,9.5,0,0
Xingang,origin,2025-12-25,12.6,25.2,0.0,1031.8,,6.8,0,0
Xingang,origin,2025-12-26,12.5,28.4,0.0,1025.7,,6.75,0,0
Xingang,origin,2025-12-27,13.6,25.2,0.0,1021.6,,7.34,0,0
Xingang,origin,2025-12-28,18.9,41.4,0.0,1016.9,,10.21,0,0
Xingang,origin,2025-12-29,15.3,34.2,0.0,1024.9,,8.26,0,0
Xingang,origin,2025-12-30,17.1,38.2,0.0,1032.3,,9.23,0,0
Xingang,origin,2025-12-31,15.9,37.8,0.0,1033.7,,8.59,0,0
Xingang,origin,2026-01-01,16.4,36.7,0.0,1035.8,,8.86,0,0
Xingang,origin,2026-01-02,16.8,35.6,0.0,1029.4,,9.07,0,0
Xingang,origin,2026-01-03,8.5,22.0,0.0,1027.6,,4.59,0,0
Xingang,origin,2026-01-04,14.6,33.1,0.0,1028.9,,7.88,0,0
Xingang,origin,2026-01-05,19.7,37.4,0.0,1026.3,,10.64,0,0
Xingang,origin,2026-01-06,21.2,46.1,0.0,1021.9,,11.45,0,0
Xingang,origin,2026-01-07,15.2,34.9,0.0,1029.6,,8.21,0,0
Xingang,origin,2026-01-08,25.7,49.0,0.0,1021.7,,13.88,0,0
Xingang,origin,2026-01-09,19.0,45.0,0.0,1010.8,,10.26,0,0
Xingang,origin,2026-01-10,17.4,34.6,0.0,1025.2,,9.4,0,0
Xingang,origin,2026-01-11,25.6,50.8,0.0,1023.2,,13.82,0,0
Xingang,origin,2026-01-12,18.3,40.3,0.0,1015.3,,9.88,0,0
Xingang,origin,2026-01-13,13.5,32.8,0.0,1021.4,,7.29,0,0
Xingang,origin,2026-01-14,15.3,28.4,0.3,1013.4,,8.26,0,0
Xingang,origin,2026-01-15,27.5,55.1,0.0,1019.3,,14.85,0,0
Xingang,origin,2026-01-16,24.7,48.2,0.0,1028.7,,13.34,0,0
Xingang,origin,2026-01-17,21.2,44.6,0.0,1029.9,,11.45,0,0
Xingang,origin,2026-01-18,21.5,45.7,0.0,1034.0,,11.61,0,0
Xingang,origin,2026-01-19,10.9,21.6,0.0,1038.4,,5.89,0,0
Xingang,origin,2026-01-20,11.8,27.7,0.0,1036.7,,6.37,0,0
Xingang,origin,2026-01-21,14.3,33.5,0.0,1034.6,,7.72,0,0
Xingang,origin,2026-01-22,12.2,29.5,0.0,1028.7,,6.59,0,0
Xingang,origin,2026-01-23,12.6,29.9,0.0,1028.0,,6.8,0,0
Xingang,origin,2026-01-24,15.3,34.2,0.0,1031.6,,8.26,0,0
Xingang,origin,2026-01-25,13.8,33.1,0.0,1034.4,,7.45,0,0
Xingang,origin,2026-01-26,18.8,43.6,0.0,1028.7,,10.15,0,0
Xingang,origin,2026-01-27,18.6,35.6,0.0,1031.9,,10.04,0,0
Xingang,origin,2026-01-28,17.4,38.2,0.0,1033.9,,9.4,0,0
Xingang,origin,2026-01-29,12.2,29.5,0.0,1037.8,,6.59,0,0
Xingang,origin,2026-01-30,15.2,28.8,0.0,1033.9,,8.21,0,0
Xingang,origin,2026-01-31,16.9,39.2,0.0,1029.9,,9.13,0,0
Xingang,origin,2026-02-01,13.2,30.2,0.0,1028.7,,7.13,0,0
Xingang,origin,2026-02-02,19.4,36.4,0.0,1029.1,,10.48,0,0
Xingang,origin,2026-02-03,23.8,51.1,0.0,1020.7,,12.85,0,0
Xingang,origin,2026-02-04,24.8,45.4,0.0,1017.6,,13.39,0,0
Xingang,origin,2026-02-05,25.9,55.8,0.0,1032.4,,13.98,0,0
Xingang,origin,2026-02-06,16.7,37.4,0.0,1034.6,,9.02,0,0
Xingang,origin,2026-02-07,15.4,36.4,0.0,1034.1,,8.32,0,0
Xingang,origin,2026-02-08,21.8,41.0,0.0,1028.6,,11.77,0,0
Xingang,origin,2026-02-09,21.9,48.2,0.0,1018.9,,11.83,0,0
Xingang,origin,2026-02-10,15.4,34.2,0.0,1021.1,,8.32,0,0
Xingang,origin,2026-02-11,21.2,46.8,0.0,1020.9,,11.45,0,0
Xingang,origin,2026-02-12,9.0,24.5,0.0,1016.4,,4.86,0,0
Xingang,origin,2026-02-13,18.1,32.8,0.0,1012.7,,9.77,0,0
Xingang,origin,2026-02-14,19.6,40.7,0.0,1019.0,,10.58,0,0
Xingang,origin,2026-02-15,15.7,36.7,0.0,1032.7,,8.48,0,0
Xingang,origin,2026-02-16,16.4,38.5,0.0,1028.2,,8.86,0,0
Xingang,origin,2026-02-17,22.3,50.0,0.0,1021.7,,12.04,0,0
Xingang,origin,2026-02-18,18.7,37.8,0.0,1025.0,,10.1,0,0
Xingang,origin,2026-02-19,18.4,40.7,0.0,1014.2,,9.94,0,0
Xingang,origin,2026-02-20,14.6,32.0,0.0,1004.2,,7.88,0,0
Xingang,origin,2026-02-21,25.2,56.2,0.0,1000.6,,13.61,0,0
Xingang,origin,2026-02-22,26.3,57.6,0.0,1020.0,,14.2,0,0
Xingang,origin,2026-02-23,21.0,46.1,0.0,1025.3,,11.34,0,0
Xingang,origin,2026-02-24,15.0,34.2,0.0,1024.1,,8.1,0,0
Xingang,origin,2026-02-25,28.6,56.5,3.2,1021.1,,15.44,0,0
Xingang,origin,2026-02-26,26.7,56.5,1.2,1023.2,,14.42,0,0
Xingang,origin,2026-02-27,24.2,48.6,0.0,1023.6,,13.07,0,0
Xingang,origin,2026-02-28,24.1,51.5,0.0,1026.3,,13.01,0,0
Xingang,origin,2026-03-01,20.7,40.3,0.2,1027.2,,11.18,0,0
Xingang,origin,2026-03-02,20.8,44.6,0.8,1026.5,,11.23,0,0
Xingang,origin,2026-03-03,21.0,45.0,0.0,1028.5,,11.34,0,0
Xingang,origin,2026-03-04,19.0,43.6,2.9,1029.0,,10.26,0,0
Xingang,origin,2026-03-05,19.2,41.0,0.5,1028.4,,10.37,0,0
Xingang,origin,2026-03-06,13.2,31.7,0.0,1032.4,,7.13,0,0
Xingang,origin,2026-03-07,14.2,33.8,0.0,1030.3,,7.67,0,0
Xingang,origin,2026-03-08,20.0,38.2,0.0,1030.2,,10.8,0,0
Xingang,origin,2026-03-09,17.4,41.4,0.0,1031.3,,9.4,0,0
Xingang,origin,2026-03-10,19.2,44.3,1.5,1022.2,,10.37,0,0
Xingang,origin,2026-03-11,20.2,45.0,0.0,1030.1,,10.91,0,0
Xingang,origin,2026-03-12,12.4,31.0,0.0,1031.1,,6.7,0,0
Xingang,origin,2026-03-13,21.0,41.4,0.9,1027.8,,11.34,0,0
Xingang,origin,2026-03-14,20.2,43.6,0.0,1032.3,,10.91,0,0
Xingang,origin,2026-03-15,18.0,34.2,0.0,1027.5,,9.72,0,0
Xingang,origin,2026-03-16,16.5,36.4,0.0,1023.7,,8.91,0,0
Xingang,origin,2026-03-17,25.6,56.9,7.2,1019.0,,13.82,0,0
Xingang,origin,2026-03-18,19.8,42.1,0.0,1020.8,,10.69,0,0
Xingang,origin,2026-03-19,20.2,44.3,0.0,1017.5,,10.91,0,0
Xingang,origin,2026-03-20,17.5,41.8,0.0,1023.2,,9.45,0,0
Xingang,origin,2026-03-21,23.6,46.8,5.7,1015.7,,12.74,0,0
Xingang,origin,2026-03-22,12.8,30.6,0.8,1020.6,,6.91,0,0
Xingang,origin,2026-03-23,12.4,30.2,0.0,1021.6,,6.7,0,0
Xingang,origin,2026-03-24,17.7,36.7,0.0,1012.5,,9.56,0,0
Xingang,origin,2026-03-25,17.7,36.0,0.0,1013.3,,9.56,0,0
Xingang,origin,2026-03-26,20.1,37.4,0.0,1014.8,,10.85,0,0
Xingang,origin,2026-03-27,15.8,37.8,0.0,1016.8,,8.53,0,0
Xingang,origin,2026-03-28,18.8,42.1,0.3,1013.2,,10.15,0,0
Xingang,origin,2026-03-29,27.0,59.4,1.2,1015.2,,14.58,0,0
Xingang,origin,2026-03-30,21.7,48.6,0.0,1017.0,,11.72,0,0
Xingang,origin,2026-03-31,26.7,51.5,0.0,1013.0,,14.42,0,0
Xingang,origin,2026-04-01,27.1,58.0,0.0,1016.6,,14.63,0,0
Xingang,origin,2026-04-02,18.2,42.8,0.0,1010.4,,9.83,0,0
Xingang,origin,2026-04-03,32.8,63.4,3.3,1006.1,,17.71,0,0
Xingang,origin,2026-04-04,18.4,43.2,0.0,1005.3,,9.94,0,0
Xingang,origin,2026-04-05,23.9,55.8,0.0,1007.1,,12.9,0,0
Xingang,origin,2026-04-06,25.6,52.6,0.7,1015.6,,13.82,0,0
Xingang,origin,2026-04-07,23.8,51.8,0.0,1017.8,,12.85,0,0
Xingang,origin,2026-04-08,26.7,55.1,2.4,1008.9,,14.42,0,0
Xingang,origin,2026-04-09,15.2,31.7,4.6,1003.0,,8.21,0,0
Xingang,origin,2026-04-10,20.7,44.3,0.0,1005.9,,11.18,0,0
Xingang,origin,2026-04-11,17.6,36.4,0.0,1012.9,,9.5,0,0
Xingang,origin,2026-04-12,28.5,58.0,0.0,1014.5,,15.39,0,0
Xingang,origin,2026-04-13,26.5,57.2,0.0,1017.4,,14.31,0,0
Xingang,origin,2026-04-14,13.4,33.8,4.4,1014.6,,7.24,0,0
Xingang,origin,2026-04-15,15.1,33.8,0.0,1014.3,,8.15,0,0
Xingang,origin,2026-04-16,11.7,25.2,2.5,1014.1,,6.32,0,0
Xingang,origin,2026-04-17,19.8,41.4,0.0,1012.6,,10.69,0,0
Xingang,origin,2026-04-18,12.1,30.2,0.0,1012.8,,6.53,0,0
Xingang,origin,2026-04-19,27.3,55.8,3.7,1012.8,,14.74,0,0
Xingang,origin,2026-04-20,25.6,54.7,0.0,1014.3,,13.82,0,0
Xingang,origin,2026-04-21,27.6,53.3,0.0,1011.7,,14.9,0,0
Xingang,origin,2026-04-22,22.5,51.8,0.0,1014.9,,12.15,0,0
Xingang,origin,2026-04-23,24.1,49.0,0.0,1011.5,,13.01,0,0
Xingang,origin,2026-04-24,27.0,56.2,0.2,1011.9,,14.58,0,0
Xingang,origin,2026-04-25,26.2,52.9,15.0,1010.6,,14.15,0,0
Xingang,origin,2026-04-26,22.0,48.6,5.5,1012.5,,11.88,0,0
Xingang,origin,2026-04-27,18.3,41.0,6.7,1015.7,,9.88,0,0
Xingang,origin,2026-04-28,16.0,37.1,0.1,1020.1,,8.64,0,0
Xingang,origin,2026-04-29,20.5,41.0,0.0,1016.1,,11.07,0,0
Xingang,origin,2026-04-30,25.5,49.3,0.0,1010.6,,13.77,0,0
Xingang,origin,2026-05-01,20.4,43.9,0.0,1010.7,,11.02,0,0
Xingang,origin,2026-05-02,27.3,51.1,8.4,1008.3,,14.74,0,0
Xingang,origin,2026-05-03,14.3,37.4,2.7,1010.5,,7.72,0,0
Xingang,origin,2026-05-04,24.6,53.3,0.0,1010.2,,13.28,0,0
Xingang,origin,2026-05-05,24.0,51.8,0.0,1005.9,,12.96,0,0
Xingang,origin,2026-05-06,22.1,43.9,10.2,1010.8,,11.93,0,0
Xingang,origin,2026-05-07,26.4,56.2,0.0,1016.1,,14.25,0,0
Xingang,origin,2026-05-08,19.4,44.3,1.4,1016.0,,10.48,0,0
Xingang,origin,2026-05-09,22.0,50.0,0.0,1008.6,,11.88,0,0
Xingang,origin,2026-05-10,20.2,46.1,0.0,1007.7,,10.91,0,0
Xingang,origin,2026-05-11,13.8,34.6,0.0,1010.1,,7.45,0,0
Xingang,origin,2026-05-12,16.3,40.3,0.0,1005.9,,8.8,0,0
Xingang,origin,2026-05-13,16.8,37.8,0.0,1006.4,,9.07,0,0
Xingang,origin,2026-05-14,14.5,32.8,0.0,1014.6,,7.83,0,0
Xingang,origin,2026-05-15,14.8,37.4,0.0,1019.4,,7.99,0,0
Xingang,origin,2026-05-16,12.5,33.1,0.2,1018.8,,6.75,0,0
Xingang,origin,2026-05-17,13.8,27.4,22.1,1012.9,,7.45,0,0
Xingang,origin,2026-05-18,18.6,37.4,25.3,1011.1,,10.04,0,0
Xingang,origin,2026-05-19,21.2,46.1,0.6,1011.7,,11.45,0,0
Xingang,origin,2026-05-20,18.6,37.4,2.5,1009.6,,10.04,0,0
Xingang,origin,2026-05-21,18.8,37.4,0.0,1009.9,,10.15,0,0
Xingang,origin,2026-05-22,13.0,32.0,26.3,1007.5,,7.02,0,0
Xingang,origin,2026-05-23,22.0,47.2,0.0,1008.2,,11.88,0,0
Xingang,origin,2026-05-24,16.6,38.2,0.0,1010.7,,8.96,0,0
Xingang,origin,2026-05-25,17.6,34.9,7.9,1010.1,,9.5,0,0
Xingang,origin,2026-05-26,21.6,46.8,3.9,1008.3,,11.66,0,0
Xingang,origin,2026-05-27,14.6,33.5,0.3,1005.9,,7.88,0,0
Xingang,origin,2026-05-28,18.9,44.6,0.0,1010.2,,10.21,0,0
Xingang,origin,2026-05-29,19.8,38.9,0.0,1008.8,,10.69,0,0
Xingang,origin,2026-05-30,22.3,50.0,0.0,1004.0,,12.04,0,0
Xingang,origin,2026-05-31,25.9,54.7,0.0,1006.0,,13.98,0,0
Xingang,origin,2026-06-01,17.8,38.9,0.0,1006.0,,9.61,0,0
Xingang,origin,2026-06-02,23.4,50.8,1.0,1003.3,,12.63,0,0
Xingang,origin,2026-06-03,17.2,33.8,12.1,1004.5,,9.29,0,0
Xingang,origin,2026-06-04,14.9,37.8,3.5,1007.2,,8.05,0,0
Xingang,origin,2026-06-05,13.7,31.7,0.0,1010.1,,7.4,0,0
Xingang,origin,2026-06-06,21.7,40.0,38.6,1011.8,,11.72,0,0
Xingang,origin,2026-06-07,15.7,36.0,0.7,1010.1,,8.48,0,0
Xingang,origin,2026-06-08,14.9,33.8,0.5,1006.9,,8.05,0,0
Xingang,origin,2026-06-09,15.4,36.7,3.5,1009.1,,8.32,0,0
Xingang,origin,2026-06-10,13.1,34.2,0.4,1010.4,,7.07,0,0
Xingang,origin,2026-06-11,15.5,33.5,0.0,1009.6,,8.37,0,0
Xingang,origin,2026-06-12,18.7,38.5,0.5,1007.1,,10.1,0,0
Xingang,origin,2026-06-13,15.2,36.0,17.8,1006.3,,8.21,0,0
Xingang,origin,2026-06-14,11.4,31.3,1.5,1009.8,,6.16,0,0
Xingang,origin,2026-06-15,17.4,34.6,8.9,1011.7,,9.4,0,0
Xingang,origin,2026-06-16,20.2,42.8,5.8,1009.4,,10.91,0,0
Xingang,origin,2026-06-17,14.5,34.9,1.4,1008.3,,7.83,0,0
Xingang,origin,2026-06-18,12.9,31.0,0.1,1006.8,,6.97,0,0
Xingang,origin,2026-06-19,14.0,37.1,2.0,1003.9,,7.56,0,0
Xingang,origin,2026-06-20,13.4,34.6,2.4,1006.3,,7.24,0,0
Xingang,origin,2026-06-21,18.0,39.2,0.0,1009.9,,9.72,0,0
Xingang,origin,2026-06-22,20.3,41.4,0.0,1007.7,,10.96,0,0
Xingang,origin,2026-06-23,15.1,38.2,0.0,1009.0,,8.15,0,0
Xingang,origin,2026-06-24,13.7,38.2,9.3,1007.8,,7.4,0,0
Xingang,origin,2026-06-25,13.0,31.3,1.0,1007.8,,7.02,0,0
Xingang,origin,2026-06-26,13.2,32.0,0.0,1006.7,,7.13,0,0
Xingang,origin,2026-06-27,19.3,44.3,0.0,1004.0,,10.42,0,0
Xingang,origin,2026-06-28,13.2,32.0,0.0,1006.8,,7.13,0,0
Xingang,origin,2026-06-29,15.4,38.2,4.9,1009.5,,8.32,0,0
Xingang,origin,2026-06-30,18.7,41.4,26.5,1007.9,,10.1,0,0
Xingang,origin,2026-07-01,12.7,34.2,3.2,1006.8,,6.86,0,0
Xingang,origin,2026-07-02,18.1,39.6,0.5,1006.8,,9.77,0,0
Xingang,origin,2026-07-03,21.0,40.7,0.0,1002.4,,11.34,0,0
Xingang,origin,2026-07-04,24.1,51.8,0.6,999.1,,13.01,0,0
Xingang,origin,2026-07-05,13.7,33.5,2.2,999.2,,7.4,0,0
Xingang,origin,2026-07-06,17.5,40.0,5.2,999.6,,9.45,0,0
Xingang,origin,2026-07-07,12.5,34.9,1.5,999.6,,6.75,0,0
Xingang,origin,2026-07-08,23.2,50.8,4.0,1000.1,,12.53,0,0
Xingang,origin,2026-07-09,21.8,49.0,0.0,1001.7,,11.77,0,0
Xingang,origin,2026-07-10,18.1,45.7,53.6,1003.8,,9.77,0,0
Xingang,origin,2026-07-11,21.6,41.8,19.7,1004.2,,11.66,0,0
Xingang,origin,2026-07-12,21.0,45.7,34.4,1005.0,,11.34,0,0
Xingang,origin,2026-07-13,18.2,34.2,37.6,1001.3,,9.83,0,0
Xingang,origin,2026-07-14,20.3,45.4,0.0,998.8,,10.96,0,0
Xingang,origin,2026-07-15,16.1,34.9,0.0,999.6,,8.69,0,0
Xingang,origin,2026-07-16,15.2,33.1,0.0,1002.4,,8.21,0,0
Xingang,origin,2026-07-17,20.8,46.4,0.4,1001.7,,11.23,0,0
Xingang,origin,2026-07-18,16.3,31.7,4.2,1001.9,,8.8,0,0
Xingang,origin,2026-07-19,17.8,37.8,1.7,1003.6,,9.61,0,0
Xingang,origin,2026-07-20,16.0,40.3,2.2,1004.7,,8.64,0,0
Xingang,origin,2026-07-21,16.8,36.7,1.0,1004.4,,9.07,0,0
Xingang,origin,2026-07-22,11.9,32.8,6.7,1004.6,,6.43,0,0
Xingang,origin,2026-07-23,13.6,31.0,8.5,1004.7,,7.34,0,0
Xingang,origin,2026-07-24,10.0,26.6,1.2,1006.8,,5.4,0,0
Xingang,origin,2026-07-25,9.9,26.6,7.7,1007.3,,5.35,0,0
Xingang,origin,2026-07-26,11.2,27.4,4.1,1007.8,,6.05,0,0
Xingang,origin,2026-07-27,15.6,36.4,0.1,1010.2,,8.42,0,0
Xingang,origin,2026-07-28,17.1,37.1,0.0,1010.5,,9.23,0,0
Xingang,origin,2026-07-29,20.0,43.2,0.3,1007.2,,10.8,0,0
Xingang,origin,2026-07-30,20.4,44.6,1.1,1004.5,,11.02,0,0
Xingang,origin,2026-07-31,23.4,49.7,1.8,1001.5,,12.63,0,0
Xingang,origin,2026-08-01,20.7,46.8,3.1,1002.7,,11.18,0,0
Xingang,origin,2026-08-02,17.9,39.6,0.4,1005.6,,9.67,0,0
Xingang,origin,2026-08-03,19.1,46.1,0.0,1008.7,,10.31,0,0
Xingang,origin,2026-08-04,15.6,38.2,1.2,1009.6,,8.42,0,0
Xingang,origin,2026-08-05,17.1,39.6,0.0,1008.4,,9.23,0,0
Xingang,origin,2026-08-06,15.4,34.2,0.0,1006.3,,8.32,0,0
Xingang,origin,2026-08-07,29.9,61.6,0.0,1010.8,,16.14,0,0
Xingang,origin,2026-08-08,28.4,63.4,0.0,1012.1,,15.33,0,0
Xingang,origin,2026-08-09,20.2,45.0,0.0,1010.4,,10.91,0,0
Xingang,origin,2026-08-10,13.3,32.4,0.0,1008.6,,7.18,0,0
Xingang,origin,2026-08-11,16.2,39.6,2.5,1007.6,,8.75,0,0
Xingang,origin,2026-08-12,17.4,32.8,1.5,1007.3,,9.4,0,0
Xingang,origin,2026-08-13,13.8,30.6,1.5,1007.8,,7.45,0,0
Xingang,origin,2026-08-14,18.2,42.8,0.0,1006.8,,9.83,0,0
Xingang,origin,2026-08-15,15.4,36.4,0.0,1004.8,,8.32,0,0
Xingang,origin,2026-08-16,17.6,39.6,15.1,1005.0,,9.5,0,0
Xingang,origin,2026-08-17,8.6,30.6,2.1,1008.1,,4.64,0,0
Xingang,origin,2026-08-18,17.2,37.4,0.2,1010.7,,9.29,0,0
Xingang,origin,2026-08-19,18.3,41.8,0.1,1012.3,,9.88,0,0
Xingang,origin,2026-08-20,15.4,37.4,1.5,1011.2,,8.32,0,0
Xingang,origin,2026-08-21,15.7,36.7,1.0,1009.6,,8.48,0,0
Xingang,origin,2026-08-22,12.9,33.5,0.8,1009.3,,6.97,0,0
Xingang,origin,2026-08-23,18.4,36.7,6.1,1009.6,,9.94,0,0
Xingang,origin,2026-08-24,14.1,29.5,15.6,1009.5,,7.61,0,0
Xingang,origin,2026-08-25,16.2,34.9,2.9,1008.8,,8.75,0,0
Xingang,origin,2026-08-26,15.1,29.2,3.9,1009.5,,8.15,0,0
Xingang,origin,2026-08-27,16.6,30.2,1.3,1010.5,,8.96,0,0
Xingang,origin,2026-08-28,15.0,29.5,2.8,1010.0,,8.1,0,0
Xingang,origin,2026-08-29,15.9,34.6,0.0,1007.4,,8.59,0,0
Xingang,origin,2026-08-30,19.3,42.1,0.0,1008.7,,10.42,0,0
Xingang,origin,2026-08-31,21.5,48.6,0.4,1013.7,,11.61,0,0
Xingang,origin,2026-09-01,16.9,40.0,0.0,1016.3,,9.13,0,0
Xingang,origin,2026-09-02,21.3,49.3,0.0,1015.9,,11.5,0,0
Xingang,origin,2026-09-03,18.0,41.8,0.0,1015.8,,9.72,0,0
Xingang,origin,2026-09-04,12.2,32.0,0.0,1015.1,,6.59,0,0
Xingang,origin,2026-09-05,13.9,34.9,0.0,1015.2,,7.51,0,0
Xingang,origin,2026-09-06,14.6,36.4,0.0,1013.3,,7.88,0,0
Xingang,origin,2026-09-07,29.4,59.8,0.5,1015.1,,15.87,0,0
Xingang,origin,2026-09-08,25.7,55.1,0.0,1020.5,,13.88,0,0
Xingang,origin,2026-09-09,17.1,39.2,0.0,1022.2,,9.23,0,0
Xingang,origin,2026-09-10,17.4,42.5,0.0,1020.0,,9.4,0,0
Xingang,origin,2026-09-11,18.6,43.6,0.0,1019.1,,10.04,0,0
Xingang,origin,2026-09-12,27.2,58.3,0.0,1017.8,,14.69,0,0
Xingang,origin,2026-09-13,21.5,47.2,0.0,1020.6,,11.61,0,0
Xingang,origin,2026-09-14,21.9,49.0,0.0,1020.1,,11.83,0,0
Xingang,origin,2026-09-15,20.8,49.7,0.0,1015.8,,11.23,0,0
Xingang,origin,2026-09-16,16.3,38.5,0.0,1015.1,,8.8,0,0
Xingang,origin,2026-09-17,16.3,39.2,0.2,1019.1,,8.8,0,0
Xingang,origin,2026-09-18,12.8,32.4,1.0,1020.9,,6.91,0,0
Xingang,origin,2026-09-19,16.1,34.9,0.0,1019.7,,8.69,0,0
Xingang,origin,2026-09-20,21.9,46.8,0.0,1019.1,,11.83,0,0
Xingang,origin,2026-09-21,13.1,32.8,0.0,1017.4,,7.07,0,0
Xingang,origin,2026-09-22,22.3,48.6,0.0,1016.1,,12.04,0,0
Xingang,origin,2026-09-23,23.8,47.9,0.0,1016.3,,12.85,0,0
Xingang,origin,2026-09-24,23.5,50.0,1.9,1018.0,,12.69,0,0
Xingang,origin,2026-09-25,15.4,33.5,2.3,1012.8,,8.32,0,0
Xingang,origin,2026-09-26,12.7,28.4,16.1,1010.7,,6.86,0,0
Xingang,origin,2026-09-27,16.6,34.9,5.6,1010.9,,8.96,0,0
Xingang,origin,2026-09-28,11.7,27.7,0.0,1014.8,,6.32,0,0
Xingang,origin,2026-09-29,22.6,47.9,15.9,1012.1,,12.2,0,0
Xingang,origin,2026-09-30,15.1,34.6,0.0,1018.6,,8.15,0,0
