port,snapshot_date,vessels_in_lineup,queue_waiting,vessels_awaiting_berth,vessels_working,vessels_expected,cargo_tonnage,working_import,working_export,working_both,arrivals_next_7d,berths_total,berth_occupancy,queue_ratio,weather_wind_max_kt,weather_precip_mm,weather_gale_days,arrival,etcd,turnaround_days,vessel_class,dir_class,cargo_mt
CHENNAI,2026-08-10,11,0,0,1,10,85716.0,0.0,0.0,1.0,8,29.0,0.034482758620689655,0.0,,,,2026-08-04,2026-08-11,7.0,,both,
CHENNAI,2026-08-10,11,0,0,1,10,85716.0,0.0,0.0,1.0,8,29.0,0.034482758620689655,0.0,,,,2026-08-12,2026-08-14,2.0,,,13040.0
CHENNAI,2026-08-10,11,0,0,1,10,85716.0,0.0,0.0,1.0,8,29.0,0.034482758620689655,0.0,,,,2026-08-12,2026-08-14,2.0,,,600.0
CHENNAI,2026-08-10,11,0,0,1,10,85716.0,0.0,0.0,1.0,8,29.0,0.034482758620689655,0.0,,,,2026-08-13,2026-08-17,4.0,,,55000.0
CHENNAI,2026-08-10,11,0,0,1,10,85716.0,0.0,0.0,1.0,8,29.0,0.034482758620689655,0.0,,,,2026-08-13,2026-08-14,1.0,,,2462.0
CHENNAI,2026-08-10,11,0,0,1,10,85716.0,0.0,0.0,1.0,8,29.0,0.034482758620689655,0.0,,,,2026-08-14,2026-08-15,1.0,,,4500.0
CHENNAI,2026-08-10,11,0,0,1,10,85716.0,0.0,0.0,1.0,8,29.0,0.034482758620689655,0.0,,,,2026-08-14,2026-08-16,2.0,,both,
CHENNAI,2026-08-10,11,0,0,1,10,85716.0,0.0,0.0,1.0,8,29.0,0.034482758620689655,0.0,,,,2026-08-15,2026-08-16,1.0,,,110.0
CHENNAI,2026-08-10,11,0,0,1,10,85716.0,0.0,0.0,1.0,8,29.0,0.034482758620689655,0.0,,,,2026-08-16,2026-08-18,2.0,,,10000.0
CHENNAI,2026-08-10,11,0,0,1,10,85716.0,0.0,0.0,1.0,8,29.0,0.034482758620689655,0.0,,,,2026-08-20,2026-08-22,2.0,,,4.0
CHENNAI,2026-08-10,11,0,0,1,10,85716.0,0.0,0.0,1.0,8,29.0,0.034482758620689655,0.0,,,,2026-08-20,2026-08-22,2.0,,,
CHENNAI,2026-08-11,11,0,0,1,10,85716.0,0.0,0.0,1.0,8,29.0,0.034482758620689655,0.0,,,,2026-08-04,2026-08-11,7.0,,both,
CHENNAI,2026-08-11,11,0,0,1,10,85716.0,0.0,0.0,1.0,8,29.0,0.034482758620689655,0.0,,,,2026-08-12,2026-08-14,2.0,,,13040.0
CHENNAI,2026-08-11,11,0,0,1,10,85716.0,0.0,0.0,1.0,8,29.0,0.034482758620689655,0.0,,,,2026-08-12,2026-08-14,2.0,,,600.0
CHENNAI,2026-08-11,11,0,0,1,10,85716.0,0.0,0.0,1.0,8,29.0,0.034482758620689655,0.0,,,,2026-08-13,2026-08-17,4.0,,,55000.0
CHENNAI,2026-08-11,11,0,0,1,10,85716.0,0.0,0.0,1.0,8,29.0,0.034482758620689655,0.0,,,,2026-08-13,2026-08-14,1.0,,,2462.0
CHENNAI,2026-08-11,11,0,0,1,10,85716.0,0.0,0.0,1.0,8,29.0,0.034482758620689655,0.0,,,,2026-08-14,2026-08-15,1.0,,,4500.0
CHENNAI,2026-08-11,11,0,0,1,10,85716.0,0.0,0.0,1.0,8,29.0,0.034482758620689655,0.0,,,,2026-08-14,2026-08-16,2.0,,both,
CHENNAI,2026-08-11,11,0,0,1,10,85716.0,0.0,0.0,1.0,8,29.0,0.034482758620689655,0.0,,,,2026-08-15,2026-08-16,1.0,,,110.0
CHENNAI,2026-08-11,11,0,0,1,10,85716.0,0.0,0.0,1.0,8,29.0,0.034482758620689655,0.0,,,,2026-08-16,2026-08-18,2.0,,,10000.0
CHENNAI,2026-08-11,11,0,0,1,10,85716.0,0.0,0.0,1.0,8,29.0,0.034482758620689655,0.0,,,,2026-08-20,2026-08-22,2.0,,,4.0
CHENNAI,2026-08-11,11,0,0,1,10,85716.0,0.0,0.0,1.0,8,29.0,0.034482758620689655,0.0,,,,2026-08-20,2026-08-22,2.0,,,
CHENNAI,2026-08-12,15,0,0,1,14,113376.0,,,,12,29.0,0.034482758620689655,0.0,,,,2026-08-12,2026-08-14,2.0,,,13040.0
CHENNAI,2026-08-12,15,0,0,1,14,113376.0,,,,12,29.0,0.034482758620689655,0.0,,,,2026-08-12,2026-08-14,2.0,,,4228.0
CHENNAI,2026-08-12,15,0,0,1,14,113376.0,,,,12,29.0,0.034482758620689655,0.0,,,,2026-08-13,2026-08-14,1.0,,,4500.0
CHENNAI,2026-08-12,15,0,0,1,14,113376.0,,,,12,29.0,0.034482758620689655,0.0,,,,2026-08-13,2026-08-15,2.0,,,2462.0
CHENNAI,2026-08-12,15,0,0,1,14,113376.0,,,,12,29.0,0.034482758620689655,0.0,,,,2026-08-13,2026-08-16,3.0,,,54000.0
CHENNAI,2026-08-12,15,0,0,1,14,113376.0,,,,12,29.0,0.034482758620689655,0.0,,,,2026-08-14,2026-08-16,2.0,,,600.0
CHENNAI,2026-08-12,15,0,0,1,14,113376.0,,,,12,29.0,0.034482758620689655,0.0,,,,2026-08-15,2026-08-17,2.0,,both,
CHENNAI,2026-08-12,15,0,0,1,14,113376.0,,,,12,29.0,0.034482758620689655,0.0,,,,2026-08-15,2026-08-17,2.0,,,6000.0
CHENNAI,2026-08-12,15,0,0,1,14,113376.0,,,,12,29.0,0.034482758620689655,0.0,,,,2026-08-15,2026-08-16,1.0,,,110.0
CHENNAI,2026-08-12,15,0,0,1,14,113376.0,,,,12,29.0,0.034482758620689655,0.0,,,,2026-08-16,2026-08-17,1.0,,,8720.0
CHENNAI,2026-08-12,15,0,0,1,14,113376.0,,,,12,29.0,0.034482758620689655,0.0,,,,2026-08-16,2026-08-20,4.0,,,10000.0
CHENNAI,2026-08-12,15,0,0,1,14,113376.0,,,,12,29.0,0.034482758620689655,0.0,,,,2026-08-18,2026-08-20,2.0,,,8000.0
CHENNAI,2026-08-12,15,0,0,1,14,113376.0,,,,12,29.0,0.034482758620689655,0.0,,,,2026-08-20,2026-08-22,2.0,,,4.0
CHENNAI,2026-08-12,15,0,0,1,14,113376.0,,,,12,29.0,0.034482758620689655,0.0,,,,2026-08-20,2026-08-22,2.0,,,
CHENNAI,2026-08-12,15,0,0,1,14,113376.0,,,,12,29.0,0.034482758620689655,0.0,,,,2026-08-20,2026-08-22,2.0,,,1712.0
CHENNAI,2026-08-13,14,0,0,2,12,111664.0,,,,12,29.0,0.06896551724137931,0.0,,,,2026-08-12,2026-08-13,1.0,,,13040.0
CHENNAI,2026-08-13,14,0,0,2,12,111664.0,,,,12,29.0,0.06896551724137931,0.0,,,,2026-08-12,2026-08-13,1.0,,,4228.0
CHENNAI,2026-08-13,14,0,0,2,12,111664.0,,,,12,29.0,0.06896551724137931,0.0,,,,2026-08-13,2026-08-14,1.0,,,4500.0
CHENNAI,2026-08-13,14,0,0,2,12,111664.0,,,,12,29.0,0.06896551724137931,0.0,,,,2026-08-13,2026-08-15,2.0,,,2462.0
CHENNAI,2026-08-13,14,0,0,2,12,111664.0,,,,12,29.0,0.06896551724137931,0.0,,,,2026-08-14,2026-08-16,2.0,,,54000.0
CHENNAI,2026-08-13,14,0,0,2,12,111664.0,,,,12,29.0,0.06896551724137931,0.0,,,,2026-08-14,2026-08-16,2.0,,,600.0
CHENNAI,2026-08-13,14,0,0,2,12,111664.0,,,,12,29.0,0.06896551724137931,0.0,,,,2026-08-15,2026-08-17,2.0,,both,
CHENNAI,2026-08-13,14,0,0,2,12,111664.0,,,,12,29.0,0.06896551724137931,0.0,,,,2026-08-15,2026-08-17,2.0,,,6000.0
CHENNAI,2026-08-13,14,0,0,2,12,111664.0,,,,12,29.0,0.06896551724137931,0.0,,,,2026-08-15,2026-08-16,1.0,,,110.0
CHENNAI,2026-08-13,14,0,0,2,12,111664.0,,,,12,29.0,0.06896551724137931,0.0,,,,2026-08-16,2026-08-17,1.0,,,8720.0
CHENNAI,2026-08-13,14,0,0,2,12,111664.0,,,,12,29.0,0.06896551724137931,0.0,,,,2026-08-16,2026-08-20,4.0,,,10000.0
CHENNAI,2026-08-13,14,0,0,2,12,111664.0,,,,12,29.0,0.06896551724137931,0.0,,,,2026-08-18,2026-08-20,2.0,,,8000.0
CHENNAI,2026-08-13,14,0,0,2,12,111664.0,,,,12,29.0,0.06896551724137931,0.0,,,,2026-08-20,2026-08-22,2.0,,,4.0
CHENNAI,2026-08-13,14,0,0,2,12,111664.0,,,,12,29.0,0.06896551724137931,0.0,,,,2026-08-20,2026-08-22,2.0,,,
CHENNAI,2026-08-17,7,0,0,3,4,26834.0,0.0,0.0,1.0,5,29.0,0.10344827586206896,0.0,,,,2026-08-17,2026-08-18,1.0,,,110.0
CHENNAI,2026-08-17,7,0,0,3,4,26834.0,0.0,0.0,1.0,5,29.0,0.10344827586206896,0.0,,,,2026-08-16,2026-08-17,1.0,,,8720.0
CHENNAI,2026-08-17,7,0,0,3,4,26834.0,0.0,0.0,1.0,5,29.0,0.10344827586206896,0.0,,,,2026-08-15,2026-08-17,2.0,,both,
CHENNAI,2026-08-17,7,0,0,3,4,26834.0,0.0,0.0,1.0,5,29.0,0.10344827586206896,0.0,,,,2026-08-18,2026-08-20,2.0,,,8000.0
CHENNAI,2026-08-17,7,0,0,3,4,26834.0,0.0,0.0,1.0,5,29.0,0.10344827586206896,0.0,,,,2026-08-20,2026-08-22,2.0,,,
CHENNAI,2026-08-17,7,0,0,3,4,26834.0,0.0,0.0,1.0,5,29.0,0.10344827586206896,0.0,,,,2026-08-23,2026-08-28,5.0,,,10000.0
CHENNAI,2026-08-17,7,0,0,3,4,26834.0,0.0,0.0,1.0,5,29.0,0.10344827586206896,0.0,,,,2026-08-24,2026-08-26,2.0,,,4.0
CHENNAI,2026-08-18,7,2,2,1,4,53114.0,,,,4,29.0,0.034482758620689655,2.0,,,,2026-08-17,2026-08-18,1.0,,,110.0
CHENNAI,2026-08-18,7,2,2,1,4,53114.0,,,,4,29.0,0.034482758620689655,2.0,,,,2026-08-18,2026-08-20,2.0,,,8000.0
CHENNAI,2026-08-18,7,2,2,1,4,53114.0,,,,4,29.0,0.034482758620689655,2.0,,,,2026-08-20,2026-08-22,2.0,,,
CHENNAI,2026-08-18,7,2,2,1,4,53114.0,,,,4,29.0,0.034482758620689655,2.0,,,,2026-08-23,2026-08-28,5.0,,,10000.0
CHENNAI,2026-08-18,7,2,2,1,4,53114.0,,,,4,29.0,0.034482758620689655,2.0,,,,2026-08-24,2026-08-26,2.0,,,4.0
CHENNAI,2026-08-21,7,1,1,4,2,44166.0,,,,2,29.0,0.13793103448275862,0.25,,,,2026-08-20,2026-08-24,4.0,,,5395.0
CHENNAI,2026-08-21,7,1,1,4,2,44166.0,,,,2,29.0,0.13793103448275862,0.25,,,,2026-08-20,2026-08-22,2.0,,,
CHENNAI,2026-08-21,7,1,1,4,2,44166.0,,,,2,29.0,0.13793103448275862,0.25,,,,2026-08-19,2026-08-21,2.0,,,1673.0
CHENNAI,2026-08-21,7,1,1,4,2,44166.0,,,,2,29.0,0.13793103448275862,0.25,,,,2026-08-18,2026-08-21,3.0,,,8000.0
CHENNAI,2026-08-21,7,1,1,4,2,44166.0,,,,2,29.0,0.13793103448275862,0.25,,,,2026-08-12,2026-08-25,13.0,,,98.0
CHENNAI,2026-08-21,7,1,1,4,2,44166.0,,,,2,29.0,0.13793103448275862,0.25,,,,2026-08-27,2026-08-29,2.0,,,10000.0
CHENNAI,2026-08-21,7,1,1,4,2,44166.0,,,,2,29.0,0.13793103448275862,0.25,,,,2026-08-28,2026-08-30,2.0,,,19000.0
CHENNAI,2026-08-24,15,1,1,2,12,74919.0,,,,10,29.0,0.06896551724137931,0.5,,,,2026-08-20,2026-08-24,4.0,,,5395.0
CHENNAI,2026-08-24,15,1,1,2,12,74919.0,,,,10,29.0,0.06896551724137931,0.5,,,,2026-08-23,2026-08-26,3.0,,,15700.0
CHENNAI,2026-08-24,15,1,1,2,12,74919.0,,,,10,29.0,0.06896551724137931,0.5,,,,2026-08-12,2026-08-26,14.0,,,98.0
CHENNAI,2026-08-24,15,1,1,2,12,74919.0,,,,10,29.0,0.06896551724137931,0.5,,,,2026-08-24,2026-08-26,2.0,,,12000.0
CHENNAI,2026-08-24,15,1,1,2,12,74919.0,,,,10,29.0,0.06896551724137931,0.5,,,,2026-08-25,2026-08-26,1.0,,,2553.0
CHENNAI,2026-08-24,15,1,1,2,12,74919.0,,,,10,29.0,0.06896551724137931,0.5,,,,2026-08-25,2026-08-27,2.0,,,15000.0
CHENNAI,2026-08-24,15,1,1,2,12,74919.0,,,,10,29.0,0.06896551724137931,0.5,,,,2026-08-25,2026-08-27,2.0,,,12000.0
CHENNAI,2026-08-24,15,1,1,2,12,74919.0,,,,10,29.0,0.06896551724137931,0.5,,,,2026-08-26,2026-08-28,2.0,,both,
CHENNAI,2026-08-24,15,1,1,2,12,74919.0,,,,10,29.0,0.06896551724137931,0.5,,,,2026-08-27,2026-08-30,3.0,,both,
CHENNAI,2026-08-24,15,1,1,2,12,74919.0,,,,10,29.0,0.06896551724137931,0.5,,,,2026-08-28,2026-08-30,2.0,,,10000.0
CHENNAI,2026-08-24,15,1,1,2,12,74919.0,,,,10,29.0,0.06896551724137931,0.5,,,,2026-08-28,2026-08-30,2.0,,both,
CHENNAI,2026-08-24,15,1,1,2,12,74919.0,,,,10,29.0,0.06896551724137931,0.5,,,,2026-05-28,2026-08-31,95.0,,,110.0
CHENNAI,2026-08-24,15,1,1,2,12,74919.0,,,,10,29.0,0.06896551724137931,0.5,,,,2026-08-29,2026-08-30,1.0,,,2050.0
CHENNAI,2026-08-24,15,1,1,2,12,74919.0,,,,10,29.0,0.06896551724137931,0.5,,,,2026-08-29,2026-08-31,2.0,,,
CHENNAI,2026-08-24,15,1,1,2,12,74919.0,,,,10,29.0,0.06896551724137931,0.5,,,,2026-09-02,2026-09-04,2.0,,,13.0
CHENNAI,2026-08-25,15,1,1,3,11,61524.0,,,,12,29.0,0.10344827586206896,0.3333333333333333,,,,2026-08-23,2026-08-26,3.0,,,15700.0
CHENNAI,2026-08-25,15,1,1,3,11,61524.0,,,,12,29.0,0.10344827586206896,0.3333333333333333,,,,2026-08-25,2026-08-26,1.0,,,2553.0
CHENNAI,2026-08-25,15,1,1,3,11,61524.0,,,,12,29.0,0.10344827586206896,0.3333333333333333,,,,2026-08-12,2026-08-26,14.0,,,98.0
CHENNAI,2026-08-25,15,1,1,3,11,61524.0,,,,12,29.0,0.10344827586206896,0.3333333333333333,,,,2026-08-25,2026-08-27,2.0,,,15000.0
CHENNAI,2026-08-25,15,1,1,3,11,61524.0,,,,12,29.0,0.10344827586206896,0.3333333333333333,,,,2026-08-26,2026-08-28,2.0,,both,
CHENNAI,2026-08-25,15,1,1,3,11,61524.0,,,,12,29.0,0.10344827586206896,0.3333333333333333,,,,2026-08-26,2026-08-29,3.0,,,12000.0
CHENNAI,2026-08-25,15,1,1,3,11,61524.0,,,,12,29.0,0.10344827586206896,0.3333333333333333,,,,2026-08-28,2026-08-30,2.0,,both,
CHENNAI,2026-08-25,15,1,1,3,11,61524.0,,,,12,29.0,0.10344827586206896,0.3333333333333333,,,,2026-08-28,2026-09-02,5.0,,,10000.0
CHENNAI,2026-08-25,15,1,1,3,11,61524.0,,,,12,29.0,0.10344827586206896,0.3333333333333333,,,,2026-08-28,2026-08-30,2.0,,both,
CHENNAI,2026-08-25,15,1,1,3,11,61524.0,,,,12,29.0,0.10344827586206896,0.3333333333333333,,,,2026-08-29,2026-08-31,2.0,,,110.0
CHENNAI,2026-08-25,15,1,1,3,11,61524.0,,,,12,29.0,0.10344827586206896,0.3333333333333333,,,,2026-08-29,2026-08-30,1.0,,,2050.0
CHENNAI,2026-08-25,15,1,1,3,11,61524.0,,,,12,29.0,0.10344827586206896,0.3333333333333333,,,,2026-08-29,2026-08-30,1.0,,,
CHENNAI,2026-08-25,15,1,1,3,11,61524.0,,,,12,29.0,0.10344827586206896,0.3333333333333333,,,,2026-08-30,2026-08-31,1.0,,,4000.0
CHENNAI,2026-08-25,15,1,1,3,11,61524.0,,,,12,29.0,0.10344827586206896,0.3333333333333333,,,,2026-08-31,2026-09-03,3.0,,,
CHENNAI,2026-08-25,15,1,1,3,11,61524.0,,,,12,29.0,0.10344827586206896,0.3333333333333333,,,,2026-09-03,2026-09-05,2.0,,,13.0
CHENNAI,2026-08-26,14,1,1,4,9,58971.0,0.0,0.0,1.0,10,29.0,0.13793103448275862,0.25,,,,2026-08-26,2026-08-28,2.0,,both,
CHENNAI,2026-08-26,14,1,1,4,9,58971.0,0.0,0.0,1.0,10,29.0,0.13793103448275862,0.25,,,,2026-08-23,2026-08-26,3.0,,,15700.0
CHENNAI,2026-08-26,14,1,1,4,9,58971.0,0.0,0.0,1.0,10,29.0,0.13793103448275862,0.25,,,,2026-08-25,2026-08-27,2.0,,,15000.0
CHENNAI,2026-08-26,14,1,1,4,9,58971.0,0.0,0.0,1.0,10,29.0,0.13793103448275862,0.25,,,,2026-08-12,2026-08-26,14.0,,,98.0
CHENNAI,2026-08-26,14,1,1,4,9,58971.0,0.0,0.0,1.0,10,29.0,0.13793103448275862,0.25,,,,2026-08-26,2026-08-29,3.0,,,12000.0
CHENNAI,2026-08-26,14,1,1,4,9,58971.0,0.0,0.0,1.0,10,29.0,0.13793103448275862,0.25,,,,2026-08-28,2026-08-30,2.0,,both,
CHENNAI,2026-08-26,14,1,1,4,9,58971.0,0.0,0.0,1.0,10,29.0,0.13793103448275862,0.25,,,,2026-08-28,2026-09-02,5.0,,,10000.0
CHENNAI,2026-08-26,14,1,1,4,9,58971.0,0.0,0.0,1.0,10,29.0,0.13793103448275862,0.25,,,,2026-08-28,2026-08-30,2.0,,both,
CHENNAI,2026-08-26,14,1,1,4,9,58971.0,0.0,0.0,1.0,10,29.0,0.13793103448275862,0.25,,,,2026-08-29,2026-08-31,2.0,,,110.0
CHENNAI,2026-08-26,14,1,1,4,9,58971.0,0.0,0.0,1.0,10,29.0,0.13793103448275862,0.25,,,,2026-08-29,2026-08-30,1.0,,,2050.0
CHENNAI,2026-08-26,14,1,1,4,9,58971.0,0.0,0.0,1.0,10,29.0,0.13793103448275862,0.25,,,,2026-08-29,2026-08-30,1.0,,,
CHENNAI,2026-08-26,14,1,1,4,9,58971.0,0.0,0.0,1.0,10,29.0,0.13793103448275862,0.25,,,,2026-08-30,2026-08-31,1.0,,,4000.0
CHENNAI,2026-08-26,14,1,1,4,9,58971.0,0.0,0.0,1.0,10,29.0,0.13793103448275862,0.25,,,,2026-08-31,2026-09-03,3.0,,,
CHENNAI,2026-08-26,14,1,1,4,9,58971.0,0.0,0.0,1.0,10,29.0,0.13793103448275862,0.25,,,,2026-09-03,2026-09-05,2.0,,,13.0
CHENNAI,2026-08-27,12,1,1,2,9,43173.0,0.0,0.0,1.0,9,29.0,0.06896551724137931,0.5,,,,2026-08-26,2026-08-28,2.0,,both,
CHENNAI,2026-08-27,12,1,1,2,9,43173.0,0.0,0.0,1.0,9,29.0,0.06896551724137931,0.5,,,,2026-08-25,2026-08-27,2.0,,,15000.0
CHENNAI,2026-08-27,12,1,1,2,9,43173.0,0.0,0.0,1.0,9,29.0,0.06896551724137931,0.5,,,,2026-08-26,2026-08-29,3.0,,,12000.0
CHENNAI,2026-08-27,12,1,1,2,9,43173.0,0.0,0.0,1.0,9,29.0,0.06896551724137931,0.5,,,,2026-08-28,2026-08-30,2.0,,both,
CHENNAI,2026-08-27,12,1,1,2,9,43173.0,0.0,0.0,1.0,9,29.0,0.06896551724137931,0.5,,,,2026-08-28,2026-09-02,5.0,,,10000.0
CHENNAI,2026-08-27,12,1,1,2,9,43173.0,0.0,0.0,1.0,9,29.0,0.06896551724137931,0.5,,,,2026-08-28,2026-08-30,2.0,,both,
CHENNAI,2026-08-27,12,1,1,2,9,43173.0,0.0,0.0,1.0,9,29.0,0.06896551724137931,0.5,,,,2026-08-29,2026-08-31,2.0,,,110.0
CHENNAI,2026-08-27,12,1,1,2,9,43173.0,0.0,0.0,1.0,9,29.0,0.06896551724137931,0.5,,,,2026-08-29,2026-08-30,1.0,,,2050.0
CHENNAI,2026-08-27,12,1,1,2,9,43173.0,0.0,0.0,1.0,9,29.0,0.06896551724137931,0.5,,,,2026-08-29,2026-08-30,1.0,,,
CHENNAI,2026-08-27,12,1,1,2,9,43173.0,0.0,0.0,1.0,9,29.0,0.06896551724137931,0.5,,,,2026-08-30,2026-08-31,1.0,,,4000.0
CHENNAI,2026-08-27,12,1,1,2,9,43173.0,0.0,0.0,1.0,9,29.0,0.06896551724137931,0.5,,,,2026-08-31,2026-09-03,3.0,,,
CHENNAI,2026-08-27,12,1,1,2,9,43173.0,0.0,0.0,1.0,9,29.0,0.06896551724137931,0.5,,,,2026-09-03,2026-09-05,2.0,,,13.0
CHENNAI,2026-08-31,14,3,3,4,7,102484.0,,,,7,29.0,0.13793103448275862,0.75,,,,2026-08-30,2026-09-01,2.0,,,4000.0
CHENNAI,2026-08-31,14,3,3,4,7,102484.0,,,,7,29.0,0.13793103448275862,0.75,,,,2026-08-30,2026-08-31,1.0,,,2050.0
CHENNAI,2026-08-31,14,3,3,4,7,102484.0,,,,7,29.0,0.13793103448275862,0.75,,,,2026-08-29,2026-09-06,8.0,,,25000.0
CHENNAI,2026-08-31,14,3,3,4,7,102484.0,,,,7,29.0,0.13793103448275862,0.75,,,,2026-08-26,2026-09-01,6.0,,,12000.0
CHENNAI,2026-08-31,14,3,3,4,7,102484.0,,,,7,29.0,0.13793103448275862,0.75,,,,2026-08-29,2026-09-03,5.0,,both,
CHENNAI,2026-08-31,14,3,3,4,7,102484.0,,,,7,29.0,0.13793103448275862,0.75,,,,2026-08-30,2026-09-01,2.0,,,1200.0
CHENNAI,2026-08-31,14,3,3,4,7,102484.0,,,,7,29.0,0.13793103448275862,0.75,,,,2026-08-30,2026-09-04,5.0,,,8306.0
CHENNAI,2026-08-31,14,3,3,4,7,102484.0,,,,7,29.0,0.13793103448275862,0.75,,,,2026-09-01,2026-09-03,2.0,,,15055.0
CHENNAI,2026-08-31,14,3,3,4,7,102484.0,,,,7,29.0,0.13793103448275862,0.75,,,,2026-09-02,2026-09-04,2.0,,,11800.0
CHENNAI,2026-08-31,14,3,3,4,7,102484.0,,,,7,29.0,0.13793103448275862,0.75,,,,2026-09-02,2026-09-06,4.0,,,
CHENNAI,2026-08-31,14,3,3,4,7,102484.0,,,,7,29.0,0.13793103448275862,0.75,,,,2026-09-05,2026-09-06,1.0,,,13.0
CHENNAI,2026-08-31,14,3,3,4,7,102484.0,,,,7,29.0,0.13793103448275862,0.75,,,,2026-09-03,2026-09-05,2.0,,,10000.0
CHENNAI,2026-08-31,14,3,3,4,7,102484.0,,,,7,29.0,0.13793103448275862,0.75,,,,2026-09-05,2026-09-08,3.0,,,13060.0
CHENNAI,2026-08-31,14,3,3,4,7,102484.0,,,,7,29.0,0.13793103448275862,0.75,,,,2026-09-07,2026-09-09,2.0,,,
DHAMRA,2026-08-10,20,4,4,5,11,839460.0,2.0,3.0,0.0,10,14.0,0.35714285714285715,0.8,12.96,252.2,0.0,2026-08-01,2026-08-10,9.0,Panamax,export,
DHAMRA,2026-08-10,20,4,4,5,11,839460.0,2.0,3.0,0.0,10,14.0,0.35714285714285715,0.8,12.96,252.2,0.0,2026-08-05,2026-08-11,6.0,Panamax,export,
DHAMRA,2026-08-10,20,4,4,5,11,839460.0,2.0,3.0,0.0,10,14.0,0.35714285714285715,0.8,12.96,252.2,0.0,2026-08-02,2026-08-11,9.0,Handymax,export,
DHAMRA,2026-08-10,20,4,4,5,11,839460.0,2.0,3.0,0.0,10,14.0,0.35714285714285715,0.8,12.96,252.2,0.0,2026-08-01,2026-08-12,11.0,Handymax,import,
DHAMRA,2026-08-10,20,4,4,5,11,839460.0,2.0,3.0,0.0,10,14.0,0.35714285714285715,0.8,12.96,252.2,0.0,2026-07-31,2026-08-12,12.0,Handymax,import,
DHAMRA,2026-08-10,20,4,4,5,11,839460.0,2.0,3.0,0.0,10,14.0,0.35714285714285715,0.8,12.96,252.2,0.0,2026-08-08,2026-08-13,5.0,Panamax,import,45000.0
DHAMRA,2026-08-10,20,4,4,5,11,839460.0,2.0,3.0,0.0,10,14.0,0.35714285714285715,0.8,12.96,252.2,0.0,2026-08-09,2026-08-17,8.0,Panamax,export,75000.0
DHAMRA,2026-08-10,20,4,4,5,11,839460.0,2.0,3.0,0.0,10,14.0,0.35714285714285715,0.8,12.96,252.2,0.0,2026-08-09,2026-08-18,9.0,Capesize,import,105000.0
DHAMRA,2026-08-10,20,4,4,5,11,839460.0,2.0,3.0,0.0,10,14.0,0.35714285714285715,0.8,12.96,252.2,0.0,2026-08-10,2026-08-16,6.0,Handymax,export,40000.0
DHAMRA,2026-08-10,20,4,4,5,11,839460.0,2.0,3.0,0.0,10,14.0,0.35714285714285715,0.8,12.96,252.2,0.0,2026-08-10,2026-08-10,0.0,Panamax,import,45000.0
DHAMRA,2026-08-10,20,4,4,5,11,839460.0,2.0,3.0,0.0,10,14.0,0.35714285714285715,0.8,12.96,252.2,0.0,2026-08-10,2026-08-14,4.0,Panamax,export,76460.0
DHAMRA,2026-08-10,20,4,4,5,11,839460.0,2.0,3.0,0.0,10,14.0,0.35714285714285715,0.8,12.96,252.2,0.0,2026-08-10,2026-08-16,6.0,Panamax,import,45000.0
DHAMRA,2026-08-10,20,4,4,5,11,839460.0,2.0,3.0,0.0,10,14.0,0.35714285714285715,0.8,12.96,252.2,0.0,2026-08-10,2026-08-18,8.0,Handymax,export,55000.0
DHAMRA,2026-08-10,20,4,4,5,11,839460.0,2.0,3.0,0.0,10,14.0,0.35714285714285715,0.8,12.96,252.2,0.0,2026-08-11,2026-08-14,3.0,Handymax,export,55000.0
DHAMRA,2026-08-10,20,4,4,5,11,839460.0,2.0,3.0,0.0,10,14.0,0.35714285714285715,0.8,12.96,252.2,0.0,2026-08-12,2026-08-14,2.0,Panamax,import,75000.0
DHAMRA,2026-08-10,20,4,4,5,11,839460.0,2.0,3.0,0.0,10,14.0,0.35714285714285715,0.8,12.96,252.2,0.0,2026-08-13,2026-08-18,5.0,Handymax,export,32000.0
DHAMRA,2026-08-10,20,4,4,5,11,839460.0,2.0,3.0,0.0,10,14.0,0.35714285714285715,0.8,12.96,252.2,0.0,2026-08-13,2026-08-19,6.0,Panamax,import,45000.0
DHAMRA,2026-08-10,20,4,4,5,11,839460.0,2.0,3.0,0.0,10,14.0,0.35714285714285715,0.8,12.96,252.2,0.0,2026-08-15,2026-08-22,7.0,Handymax,export,30000.0
DHAMRA,2026-08-10,20,4,4,5,11,839460.0,2.0,3.0,0.0,10,14.0,0.35714285714285715,0.8,12.96,252.2,0.0,2026-08-20,2026-08-21,1.0,Panamax,import,38000.0
DHAMRA,2026-08-10,20,4,4,5,11,839460.0,2.0,3.0,0.0,10,14.0,0.35714285714285715,0.8,12.96,252.2,0.0,2026-08-21,2026-08-23,2.0,Panamax,import,78000.0
DHAMRA,2026-08-11,20,5,5,5,10,849460.0,3.0,2.0,0.0,8,14.0,0.35714285714285715,1.0,12.96,252.2,0.0,2026-08-05,2026-08-12,7.0,Panamax,export,
DHAMRA,2026-08-11,20,5,5,5,10,849460.0,3.0,2.0,0.0,8,14.0,0.35714285714285715,1.0,12.96,252.2,0.0,2026-08-08,2026-08-14,6.0,Panamax,import,
DHAMRA,2026-08-11,20,5,5,5,10,849460.0,3.0,2.0,0.0,8,14.0,0.35714285714285715,1.0,12.96,252.2,0.0,2026-08-02,2026-08-13,11.0,Handymax,export,
DHAMRA,2026-08-11,20,5,5,5,10,849460.0,3.0,2.0,0.0,8,14.0,0.35714285714285715,1.0,12.96,252.2,0.0,2026-08-01,2026-08-13,12.0,Handymax,import,
DHAMRA,2026-08-11,20,5,5,5,10,849460.0,3.0,2.0,0.0,8,14.0,0.35714285714285715,1.0,12.96,252.2,0.0,2026-07-31,2026-08-11,11.0,Handymax,import,
DHAMRA,2026-08-11,20,5,5,5,10,849460.0,3.0,2.0,0.0,8,14.0,0.35714285714285715,1.0,12.96,252.2,0.0,2026-08-09,2026-08-14,5.0,Panamax,export,75000.0
DHAMRA,2026-08-11,20,5,5,5,10,849460.0,3.0,2.0,0.0,8,14.0,0.35714285714285715,1.0,12.96,252.2,0.0,2026-08-09,2026-08-20,11.0,Capesize,import,105000.0
DHAMRA,2026-08-11,20,5,5,5,10,849460.0,3.0,2.0,0.0,8,14.0,0.35714285714285715,1.0,12.96,252.2,0.0,2026-08-10,2026-08-16,6.0,Handymax,export,40000.0
DHAMRA,2026-08-11,20,5,5,5,10,849460.0,3.0,2.0,0.0,8,14.0,0.35714285714285715,1.0,12.96,252.2,0.0,2026-08-10,2026-08-17,7.0,Panamax,export,76460.0
DHAMRA,2026-08-11,20,5,5,5,10,849460.0,3.0,2.0,0.0,8,14.0,0.35714285714285715,1.0,12.96,252.2,0.0,2026-08-10,2026-08-16,6.0,Panamax,import,45000.0
DHAMRA,2026-08-11,20,5,5,5,10,849460.0,3.0,2.0,0.0,8,14.0,0.35714285714285715,1.0,12.96,252.2,0.0,2026-08-11,2026-08-18,7.0,Handymax,export,55000.0
DHAMRA,2026-08-11,20,5,5,5,10,849460.0,3.0,2.0,0.0,8,14.0,0.35714285714285715,1.0,12.96,252.2,0.0,2026-08-12,2026-08-13,1.0,Panamax,import,45000.0
DHAMRA,2026-08-11,20,5,5,5,10,849460.0,3.0,2.0,0.0,8,14.0,0.35714285714285715,1.0,12.96,252.2,0.0,2026-08-12,2026-08-15,3.0,Handymax,export,55000.0
DHAMRA,2026-08-11,20,5,5,5,10,849460.0,3.0,2.0,0.0,8,14.0,0.35714285714285715,1.0,12.96,252.2,0.0,2026-08-12,2026-08-13,1.0,Panamax,import,75000.0
DHAMRA,2026-08-11,20,5,5,5,10,849460.0,3.0,2.0,0.0,8,14.0,0.35714285714285715,1.0,12.96,252.2,0.0,2026-08-13,2026-08-20,7.0,Panamax,import,45000.0
DHAMRA,2026-08-11,20,5,5,5,10,849460.0,3.0,2.0,0.0,8,14.0,0.35714285714285715,1.0,12.96,252.2,0.0,2026-08-13,2026-08-19,6.0,Handymax,export,32000.0
DHAMRA,2026-08-11,20,5,5,5,10,849460.0,3.0,2.0,0.0,8,14.0,0.35714285714285715,1.0,12.96,252.2,0.0,2026-08-15,2026-08-22,7.0,Handymax,export,30000.0
DHAMRA,2026-08-11,20,5,5,5,10,849460.0,3.0,2.0,0.0,8,14.0,0.35714285714285715,1.0,12.96,252.2,0.0,2026-08-15,2026-08-21,6.0,Handymax,export,55000.0
DHAMRA,2026-08-11,20,5,5,5,10,849460.0,3.0,2.0,0.0,8,14.0,0.35714285714285715,1.0,12.96,252.2,0.0,2026-08-20,2026-08-21,1.0,Panamax,import,38000.0
DHAMRA,2026-08-11,20,5,5,5,10,849460.0,3.0,2.0,0.0,8,14.0,0.35714285714285715,1.0,12.96,252.2,0.0,2026-08-21,2026-08-23,2.0,Panamax,import,78000.0
DHAMRA,2026-08-12,21,6,6,5,10,865460.0,3.0,2.0,0.0,8,14.0,0.35714285714285715,1.2,12.96,252.2,0.0,2026-08-09,2026-08-14,5.0,Panamax,export,
DHAMRA,2026-08-12,21,6,6,5,10,865460.0,3.0,2.0,0.0,8,14.0,0.35714285714285715,1.2,12.96,252.2,0.0,2026-08-08,2026-08-14,6.0,Panamax,import,
DHAMRA,2026-08-12,21,6,6,5,10,865460.0,3.0,2.0,0.0,8,14.0,0.35714285714285715,1.2,12.96,252.2,0.0,2026-08-02,2026-08-15,13.0,Handymax,export,
DHAMRA,2026-08-12,21,6,6,5,10,865460.0,3.0,2.0,0.0,8,14.0,0.35714285714285715,1.2,12.96,252.2,0.0,2026-08-01,2026-08-13,12.0,Handymax,import,
DHAMRA,2026-08-12,21,6,6,5,10,865460.0,3.0,2.0,0.0,8,14.0,0.35714285714285715,1.2,12.96,252.2,0.0,2026-07-31,2026-08-12,12.0,Handymax,import,
DHAMRA,2026-08-12,21,6,6,5,10,865460.0,3.0,2.0,0.0,8,14.0,0.35714285714285715,1.2,12.96,252.2,0.0,2026-08-09,2026-08-19,10.0,Capesize,import,105000.0
DHAMRA,2026-08-12,21,6,6,5,10,865460.0,3.0,2.0,0.0,8,14.0,0.35714285714285715,1.2,12.96,252.2,0.0,2026-08-10,2026-08-16,6.0,Handymax,export,40000.0
DHAMRA,2026-08-12,21,6,6,5,10,865460.0,3.0,2.0,0.0,8,14.0,0.35714285714285715,1.2,12.96,252.2,0.0,2026-08-10,2026-08-16,6.0,Panamax,export,76460.0
DHAMRA,2026-08-12,21,6,6,5,10,865460.0,3.0,2.0,0.0,8,14.0,0.35714285714285715,1.2,12.96,252.2,0.0,2026-08-10,2026-08-16,6.0,Panamax,import,45000.0
DHAMRA,2026-08-12,21,6,6,5,10,865460.0,3.0,2.0,0.0,8,14.0,0.35714285714285715,1.2,12.96,252.2,0.0,2026-08-11,2026-08-18,7.0,Handymax,export,55000.0
DHAMRA,2026-08-12,21,6,6,5,10,865460.0,3.0,2.0,0.0,8,14.0,0.35714285714285715,1.2,12.96,252.2,0.0,2026-08-11,2026-08-16,5.0,Handymax,export,55000.0
DHAMRA,2026-08-12,21,6,6,5,10,865460.0,3.0,2.0,0.0,8,14.0,0.35714285714285715,1.2,12.96,252.2,0.0,2026-08-12,2026-08-13,1.0,Panamax,import,45000.0
DHAMRA,2026-08-12,21,6,6,5,10,865460.0,3.0,2.0,0.0,8,14.0,0.35714285714285715,1.2,12.96,252.2,0.0,2026-08-13,2026-08-21,8.0,Panamax,export,75000.0
DHAMRA,2026-08-12,21,6,6,5,10,865460.0,3.0,2.0,0.0,8,14.0,0.35714285714285715,1.2,12.96,252.2,0.0,2026-08-13,2026-08-14,1.0,Panamax,import,45000.0
DHAMRA,2026-08-12,21,6,6,5,10,865460.0,3.0,2.0,0.0,8,14.0,0.35714285714285715,1.2,12.96,252.2,0.0,2026-08-13,2026-08-22,9.0,Panamax,import,45000.0
DHAMRA,2026-08-12,21,6,6,5,10,865460.0,3.0,2.0,0.0,8,14.0,0.35714285714285715,1.2,12.96,252.2,0.0,2026-08-13,2026-08-18,5.0,Handymax,export,32000.0
DHAMRA,2026-08-12,21,6,6,5,10,865460.0,3.0,2.0,0.0,8,14.0,0.35714285714285715,1.2,12.96,252.2,0.0,2026-08-14,2026-08-20,6.0,Handymax,export,46000.0
DHAMRA,2026-08-12,21,6,6,5,10,865460.0,3.0,2.0,0.0,8,14.0,0.35714285714285715,1.2,12.96,252.2,0.0,2026-08-15,2026-08-22,7.0,Handymax,export,30000.0
DHAMRA,2026-08-12,21,6,6,5,10,865460.0,3.0,2.0,0.0,8,14.0,0.35714285714285715,1.2,12.96,252.2,0.0,2026-08-15,2026-08-23,8.0,Handymax,export,55000.0
DHAMRA,2026-08-12,21,6,6,5,10,865460.0,3.0,2.0,0.0,8,14.0,0.35714285714285715,1.2,12.96,252.2,0.0,2026-08-21,2026-08-23,2.0,Panamax,import,78000.0
DHAMRA,2026-08-12,21,6,6,5,10,865460.0,3.0,2.0,0.0,8,14.0,0.35714285714285715,1.2,12.96,252.2,0.0,2026-08-23,2026-08-24,1.0,Panamax,import,38000.0
DHAMRA,2026-08-13,21,7,7,6,8,820460.0,4.0,2.0,0.0,7,14.0,0.42857142857142855,1.1666666666666667,12.96,252.2,0.0,2026-08-12,2026-08-15,3.0,Panamax,import,
DHAMRA,2026-08-13,21,7,7,6,8,820460.0,4.0,2.0,0.0,7,14.0,0.42857142857142855,1.1666666666666667,12.96,252.2,0.0,2026-08-09,2026-08-14,5.0,Panamax,export,
DHAMRA,2026-08-13,21,7,7,6,8,820460.0,4.0,2.0,0.0,7,14.0,0.42857142857142855,1.1666666666666667,12.96,252.2,0.0,2026-08-08,2026-08-14,6.0,Panamax,import,
DHAMRA,2026-08-13,21,7,7,6,8,820460.0,4.0,2.0,0.0,7,14.0,0.42857142857142855,1.1666666666666667,12.96,252.2,0.0,2026-08-02,2026-08-15,13.0,Handymax,export,
DHAMRA,2026-08-13,21,7,7,6,8,820460.0,4.0,2.0,0.0,7,14.0,0.42857142857142855,1.1666666666666667,12.96,252.2,0.0,2026-08-01,2026-08-13,12.0,Handymax,import,
DHAMRA,2026-08-13,21,7,7,6,8,820460.0,4.0,2.0,0.0,7,14.0,0.42857142857142855,1.1666666666666667,12.96,252.2,0.0,2026-07-31,2026-08-13,13.0,Handymax,import,
DHAMRA,2026-08-13,21,7,7,6,8,820460.0,4.0,2.0,0.0,7,14.0,0.42857142857142855,1.1666666666666667,12.96,252.2,0.0,2026-08-09,2026-08-19,10.0,Capesize,import,105000.0
DHAMRA,2026-08-13,21,7,7,6,8,820460.0,4.0,2.0,0.0,7,14.0,0.42857142857142855,1.1666666666666667,12.96,252.2,0.0,2026-08-10,2026-08-16,6.0,Handymax,export,40000.0
DHAMRA,2026-08-13,21,7,7,6,8,820460.0,4.0,2.0,0.0,7,14.0,0.42857142857142855,1.1666666666666667,12.96,252.2,0.0,2026-08-10,2026-08-16,6.0,Panamax,export,76460.0
DHAMRA,2026-08-13,21,7,7,6,8,820460.0,4.0,2.0,0.0,7,14.0,0.42857142857142855,1.1666666666666667,12.96,252.2,0.0,2026-08-10,2026-08-16,6.0,Panamax,import,45000.0
DHAMRA,2026-08-13,21,7,7,6,8,820460.0,4.0,2.0,0.0,7,14.0,0.42857142857142855,1.1666666666666667,12.96,252.2,0.0,2026-08-11,2026-08-18,7.0,Handymax,export,55000.0
DHAMRA,2026-08-13,21,7,7,6,8,820460.0,4.0,2.0,0.0,7,14.0,0.42857142857142855,1.1666666666666667,12.96,252.2,0.0,2026-08-11,2026-08-16,5.0,Handymax,export,55000.0
DHAMRA,2026-08-13,21,7,7,6,8,820460.0,4.0,2.0,0.0,7,14.0,0.42857142857142855,1.1666666666666667,12.96,252.2,0.0,2026-08-13,2026-08-21,8.0,Panamax,export,75000.0
DHAMRA,2026-08-13,21,7,7,6,8,820460.0,4.0,2.0,0.0,7,14.0,0.42857142857142855,1.1666666666666667,12.96,252.2,0.0,2026-08-13,2026-08-14,1.0,Panamax,import,45000.0
DHAMRA,2026-08-13,21,7,7,6,8,820460.0,4.0,2.0,0.0,7,14.0,0.42857142857142855,1.1666666666666667,12.96,252.2,0.0,2026-08-13,2026-08-22,9.0,Panamax,import,45000.0
DHAMRA,2026-08-13,21,7,7,6,8,820460.0,4.0,2.0,0.0,7,14.0,0.42857142857142855,1.1666666666666667,12.96,252.2,0.0,2026-08-13,2026-08-18,5.0,Handymax,export,32000.0
DHAMRA,2026-08-13,21,7,7,6,8,820460.0,4.0,2.0,0.0,7,14.0,0.42857142857142855,1.1666666666666667,12.96,252.2,0.0,2026-08-14,2026-08-20,6.0,Handymax,export,46000.0
DHAMRA,2026-08-13,21,7,7,6,8,820460.0,4.0,2.0,0.0,7,14.0,0.42857142857142855,1.1666666666666667,12.96,252.2,0.0,2026-08-15,2026-08-22,7.0,Handymax,export,30000.0
DHAMRA,2026-08-13,21,7,7,6,8,820460.0,4.0,2.0,0.0,7,14.0,0.42857142857142855,1.1666666666666667,12.96,252.2,0.0,2026-08-15,2026-08-23,8.0,Handymax,export,55000.0
DHAMRA,2026-08-13,21,7,7,6,8,820460.0,4.0,2.0,0.0,7,14.0,0.42857142857142855,1.1666666666666667,12.96,252.2,0.0,2026-08-21,2026-08-23,2.0,Panamax,import,78000.0
DHAMRA,2026-08-13,21,7,7,6,8,820460.0,4.0,2.0,0.0,7,14.0,0.42857142857142855,1.1666666666666667,12.96,252.2,0.0,2026-08-23,2026-08-24,1.0,Panamax,import,38000.0
DHAMRA,2026-08-17,21,8,8,5,8,913000.0,1.0,4.0,0.0,7,14.0,0.35714285714285715,1.6,13.39,127.7,0.0,2026-08-10,2026-08-18,8.0,Panamax,export,
DHAMRA,2026-08-17,21,8,8,5,8,913000.0,1.0,4.0,0.0,7,14.0,0.35714285714285715,1.6,13.39,127.7,0.0,2026-08-11,2026-08-19,8.0,Handymax,export,
DHAMRA,2026-08-17,21,8,8,5,8,913000.0,1.0,4.0,0.0,7,14.0,0.35714285714285715,1.6,13.39,127.7,0.0,2026-08-02,2026-08-18,16.0,Handymax,export,
DHAMRA,2026-08-17,21,8,8,5,8,913000.0,1.0,4.0,0.0,7,14.0,0.35714285714285715,1.6,13.39,127.7,0.0,2026-08-10,2026-08-18,8.0,Handymax,export,
DHAMRA,2026-08-17,21,8,8,5,8,913000.0,1.0,4.0,0.0,7,14.0,0.35714285714285715,1.6,13.39,127.7,0.0,2026-08-09,2026-08-20,11.0,Capesize,import,
DHAMRA,2026-08-17,21,8,8,5,8,913000.0,1.0,4.0,0.0,7,14.0,0.35714285714285715,1.6,13.39,127.7,0.0,2026-08-10,2026-08-23,13.0,Panamax,import,45000.0
DHAMRA,2026-08-17,21,8,8,5,8,913000.0,1.0,4.0,0.0,7,14.0,0.35714285714285715,1.6,13.39,127.7,0.0,2026-08-11,2026-08-20,9.0,Handymax,export,55000.0
DHAMRA,2026-08-17,21,8,8,5,8,913000.0,1.0,4.0,0.0,7,14.0,0.35714285714285715,1.6,13.39,127.7,0.0,2026-08-13,2026-08-22,9.0,Panamax,export,75000.0
DHAMRA,2026-08-17,21,8,8,5,8,913000.0,1.0,4.0,0.0,7,14.0,0.35714285714285715,1.6,13.39,127.7,0.0,2026-08-13,2026-08-21,8.0,Handymax,export,32000.0
DHAMRA,2026-08-17,21,8,8,5,8,913000.0,1.0,4.0,0.0,7,14.0,0.35714285714285715,1.6,13.39,127.7,0.0,2026-08-14,2026-08-22,8.0,Panamax,export,75000.0
DHAMRA,2026-08-17,21,8,8,5,8,913000.0,1.0,4.0,0.0,7,14.0,0.35714285714285715,1.6,13.39,127.7,0.0,2026-08-14,2026-08-22,8.0,Handymax,export,46000.0
DHAMRA,2026-08-17,21,8,8,5,8,913000.0,1.0,4.0,0.0,7,14.0,0.35714285714285715,1.6,13.39,127.7,0.0,2026-08-16,2026-08-26,10.0,Panamax,export,64000.0
DHAMRA,2026-08-17,21,8,8,5,8,913000.0,1.0,4.0,0.0,7,14.0,0.35714285714285715,1.6,13.39,127.7,0.0,2026-08-17,2026-08-18,1.0,Panamax,import,45000.0
DHAMRA,2026-08-17,21,8,8,5,8,913000.0,1.0,4.0,0.0,7,14.0,0.35714285714285715,1.6,13.39,127.7,0.0,2026-08-17,2026-08-25,8.0,Handymax,export,55000.0
DHAMRA,2026-08-17,21,8,8,5,8,913000.0,1.0,4.0,0.0,7,14.0,0.35714285714285715,1.6,13.39,127.7,0.0,2026-08-17,2026-08-18,1.0,Panamax,import,45000.0
DHAMRA,2026-08-17,21,8,8,5,8,913000.0,1.0,4.0,0.0,7,14.0,0.35714285714285715,1.6,13.39,127.7,0.0,2026-08-17,2026-08-30,13.0,Handymax,export,30000.0
DHAMRA,2026-08-17,21,8,8,5,8,913000.0,1.0,4.0,0.0,7,14.0,0.35714285714285715,1.6,13.39,127.7,0.0,2026-08-23,2026-08-25,2.0,Panamax,import,78000.0
DHAMRA,2026-08-17,21,8,8,5,8,913000.0,1.0,4.0,0.0,7,14.0,0.35714285714285715,1.6,13.39,127.7,0.0,2026-08-23,2026-08-24,1.0,Panamax,import,38000.0
DHAMRA,2026-08-17,21,8,8,5,8,913000.0,1.0,4.0,0.0,7,14.0,0.35714285714285715,1.6,13.39,127.7,0.0,2026-08-23,2026-08-28,5.0,Capesize,import,109000.0
DHAMRA,2026-08-17,21,8,8,5,8,913000.0,1.0,4.0,0.0,7,14.0,0.35714285714285715,1.6,13.39,127.7,0.0,2026-08-26,2026-08-28,2.0,Panamax,import,76000.0
DHAMRA,2026-08-18,21,8,8,5,8,913000.0,1.0,4.0,0.0,6,14.0,0.35714285714285715,1.6,13.39,127.7,0.0,2026-08-10,2026-08-18,8.0,Panamax,export,
DHAMRA,2026-08-18,21,8,8,5,8,913000.0,1.0,4.0,0.0,6,14.0,0.35714285714285715,1.6,13.39,127.7,0.0,2026-08-11,2026-08-19,8.0,Handymax,export,
DHAMRA,2026-08-18,21,8,8,5,8,913000.0,1.0,4.0,0.0,6,14.0,0.35714285714285715,1.6,13.39,127.7,0.0,2026-08-02,2026-08-18,16.0,Handymax,export,
DHAMRA,2026-08-18,21,8,8,5,8,913000.0,1.0,4.0,0.0,6,14.0,0.35714285714285715,1.6,13.39,127.7,0.0,2026-08-10,2026-08-18,8.0,Handymax,export,
DHAMRA,2026-08-18,21,8,8,5,8,913000.0,1.0,4.0,0.0,6,14.0,0.35714285714285715,1.6,13.39,127.7,0.0,2026-08-09,2026-08-20,11.0,Capesize,import,
DHAMRA,2026-08-18,21,8,8,5,8,913000.0,1.0,4.0,0.0,6,14.0,0.35714285714285715,1.6,13.39,127.7,0.0,2026-08-10,2026-08-23,13.0,Panamax,import,45000.0
DHAMRA,2026-08-18,21,8,8,5,8,913000.0,1.0,4.0,0.0,6,14.0,0.35714285714285715,1.6,13.39,127.7,0.0,2026-08-11,2026-08-20,9.0,Handymax,export,55000.0
DHAMRA,2026-08-18,21,8,8,5,8,913000.0,1.0,4.0,0.0,6,14.0,0.35714285714285715,1.6,13.39,127.7,0.0,2026-08-13,2026-08-22,9.0,Panamax,export,75000.0
DHAMRA,2026-08-18,21,8,8,5,8,913000.0,1.0,4.0,0.0,6,14.0,0.35714285714285715,1.6,13.39,127.7,0.0,2026-08-13,2026-08-21,8.0,Handymax,export,32000.0
DHAMRA,2026-08-18,21,8,8,5,8,913000.0,1.0,4.0,0.0,6,14.0,0.35714285714285715,1.6,13.39,127.7,0.0,2026-08-14,2026-08-22,8.0,Panamax,export,75000.0
DHAMRA,2026-08-18,21,8,8,5,8,913000.0,1.0,4.0,0.0,6,14.0,0.35714285714285715,1.6,13.39,127.7,0.0,2026-08-14,2026-08-22,8.0,Handymax,export,46000.0
DHAMRA,2026-08-18,21,8,8,5,8,913000.0,1.0,4.0,0.0,6,14.0,0.35714285714285715,1.6,13.39,127.7,0.0,2026-08-16,2026-08-26,10.0,Panamax,export,64000.0
DHAMRA,2026-08-18,21,8,8,5,8,913000.0,1.0,4.0,0.0,6,14.0,0.35714285714285715,1.6,13.39,127.7,0.0,2026-08-17,2026-08-18,1.0,Panamax,import,45000.0
DHAMRA,2026-08-18,21,8,8,5,8,913000.0,1.0,4.0,0.0,6,14.0,0.35714285714285715,1.6,13.39,127.7,0.0,2026-08-18,2026-08-25,7.0,Handymax,export,55000.0
DHAMRA,2026-08-18,21,8,8,5,8,913000.0,1.0,4.0,0.0,6,14.0,0.35714285714285715,1.6,13.39,127.7,0.0,2026-08-18,2026-08-18,0.0,Panamax,import,45000.0
DHAMRA,2026-08-18,21,8,8,5,8,913000.0,1.0,4.0,0.0,6,14.0,0.35714285714285715,1.6,13.39,127.7,0.0,2026-08-20,2026-08-30,10.0,Handymax,export,30000.0
DHAMRA,2026-08-18,21,8,8,5,8,913000.0,1.0,4.0,0.0,6,14.0,0.35714285714285715,1.6,13.39,127.7,0.0,2026-08-23,2026-08-25,2.0,Panamax,import,78000.0
DHAMRA,2026-08-18,21,8,8,5,8,913000.0,1.0,4.0,0.0,6,14.0,0.35714285714285715,1.6,13.39,127.7,0.0,2026-08-23,2026-08-24,1.0,Panamax,import,38000.0
DHAMRA,2026-08-18,21,8,8,5,8,913000.0,1.0,4.0,0.0,6,14.0,0.35714285714285715,1.6,13.39,127.7,0.0,2026-08-23,2026-08-28,5.0,Capesize,import,109000.0
DHAMRA,2026-08-18,21,8,8,5,8,913000.0,1.0,4.0,0.0,6,14.0,0.35714285714285715,1.6,13.39,127.7,0.0,2026-08-26,2026-08-28,2.0,Panamax,import,76000.0
DHAMRA,2026-08-21,21,4,4,5,12,1001123.0,1.0,4.0,0.0,12,14.0,0.35714285714285715,0.8,13.39,127.7,0.0,2026-08-13,2026-08-21,8.0,Panamax,export,
DHAMRA,2026-08-21,21,4,4,5,12,1001123.0,1.0,4.0,0.0,12,14.0,0.35714285714285715,0.8,13.39,127.7,0.0,2026-08-20,2026-08-24,4.0,Handymax,export,
DHAMRA,2026-08-21,21,4,4,5,12,1001123.0,1.0,4.0,0.0,12,14.0,0.35714285714285715,0.8,13.39,127.7,0.0,2026-08-13,2026-08-22,9.0,Handymax,export,
DHAMRA,2026-08-21,21,4,4,5,12,1001123.0,1.0,4.0,0.0,12,14.0,0.35714285714285715,0.8,13.39,127.7,0.0,2026-08-16,2026-08-23,7.0,Panamax,export,
DHAMRA,2026-08-21,21,4,4,5,12,1001123.0,1.0,4.0,0.0,12,14.0,0.35714285714285715,0.8,13.39,127.7,0.0,2026-08-10,2026-08-23,13.0,Panamax,import,
DHAMRA,2026-08-21,21,4,4,5,12,1001123.0,1.0,4.0,0.0,12,14.0,0.35714285714285715,0.8,13.39,127.7,0.0,2026-08-11,2026-08-23,12.0,Handymax,export,55000.0
DHAMRA,2026-08-21,21,4,4,5,12,1001123.0,1.0,4.0,0.0,12,14.0,0.35714285714285715,0.8,13.39,127.7,0.0,2026-08-14,2026-08-24,10.0,Handymax,export,46000.0
DHAMRA,2026-08-21,21,4,4,5,12,1001123.0,1.0,4.0,0.0,12,14.0,0.35714285714285715,0.8,13.39,127.7,0.0,2026-08-20,2026-08-26,6.0,Panamax,export,76000.0
DHAMRA,2026-08-21,21,4,4,5,12,1001123.0,1.0,4.0,0.0,12,14.0,0.35714285714285715,0.8,13.39,127.7,0.0,2026-08-20,2026-08-25,5.0,Handymax,export,30000.0
DHAMRA,2026-08-21,21,4,4,5,12,1001123.0,1.0,4.0,0.0,12,14.0,0.35714285714285715,0.8,13.39,127.7,0.0,2026-08-21,2026-08-27,6.0,Panamax,export,74600.0
DHAMRA,2026-08-21,21,4,4,5,12,1001123.0,1.0,4.0,0.0,12,14.0,0.35714285714285715,0.8,13.39,127.7,0.0,2026-08-22,2026-08-25,3.0,Handymax,export,55000.0
DHAMRA,2026-08-21,21,4,4,5,12,1001123.0,1.0,4.0,0.0,12,14.0,0.35714285714285715,0.8,13.39,127.7,0.0,2026-08-22,2026-08-24,2.0,Panamax,import,80000.0
DHAMRA,2026-08-21,21,4,4,5,12,1001123.0,1.0,4.0,0.0,12,14.0,0.35714285714285715,0.8,13.39,127.7,0.0,2026-08-23,2026-08-25,2.0,Panamax,import,78000.0
DHAMRA,2026-08-21,21,4,4,5,12,1001123.0,1.0,4.0,0.0,12,14.0,0.35714285714285715,0.8,13.39,127.7,0.0,2026-08-23,2026-08-26,3.0,Handymax,import,30000.0
DHAMRA,2026-08-21,21,4,4,5,12,1001123.0,1.0,4.0,0.0,12,14.0,0.35714285714285715,0.8,13.39,127.7,0.0,2026-08-23,2026-08-30,7.0,,import,
DHAMRA,2026-08-21,21,4,4,5,12,1001123.0,1.0,4.0,0.0,12,14.0,0.35714285714285715,0.8,13.39,127.7,0.0,2026-08-24,2026-08-26,2.0,Panamax,import,38000.0
DHAMRA,2026-08-21,21,4,4,5,12,1001123.0,1.0,4.0,0.0,12,14.0,0.35714285714285715,0.8,13.39,127.7,0.0,2026-08-25,2026-08-28,3.0,Capesize,import,109523.0
DHAMRA,2026-08-21,21,4,4,5,12,1001123.0,1.0,4.0,0.0,12,14.0,0.35714285714285715,0.8,13.39,127.7,0.0,2026-08-25,2026-08-26,1.0,Panamax,import,45000.0
DHAMRA,2026-08-21,21,4,4,5,12,1001123.0,1.0,4.0,0.0,12,14.0,0.35714285714285715,0.8,13.39,127.7,0.0,2026-08-25,2026-08-29,4.0,Capesize,import,163000.0
DHAMRA,2026-08-21,21,4,4,5,12,1001123.0,1.0,4.0,0.0,12,14.0,0.35714285714285715,0.8,13.39,127.7,0.0,2026-08-26,2026-08-30,4.0,Panamax,import,76000.0
DHAMRA,2026-08-21,21,4,4,5,12,1001123.0,1.0,4.0,0.0,12,14.0,0.35714285714285715,0.8,13.39,127.7,0.0,2026-08-27,2026-08-30,3.0,Panamax,import,45000.0
DHAMRA,2026-08-24,18,6,6,7,5,701522.0,2.0,5.0,0.0,5,14.0,0.5,0.8571428571428571,10.96,194.1,0.0,2026-08-22,2026-08-25,3.0,Panamax,import,
DHAMRA,2026-08-24,18,6,6,7,5,701522.0,2.0,5.0,0.0,5,14.0,0.5,0.8571428571428571,10.96,194.1,0.0,2026-08-22,2026-08-24,2.0,Panamax,import,
DHAMRA,2026-08-24,18,6,6,7,5,701522.0,2.0,5.0,0.0,5,14.0,0.5,0.8571428571428571,10.96,194.1,0.0,2026-08-21,2026-08-26,5.0,Panamax,export,
DHAMRA,2026-08-24,18,6,6,7,5,701522.0,2.0,5.0,0.0,5,14.0,0.5,0.8571428571428571,10.96,194.1,0.0,2026-08-21,2026-08-25,4.0,Handymax,export,
DHAMRA,2026-08-24,18,6,6,7,5,701522.0,2.0,5.0,0.0,5,14.0,0.5,0.8571428571428571,10.96,194.1,0.0,2026-08-20,2026-08-25,5.0,Handymax,export,
DHAMRA,2026-08-24,18,6,6,7,5,701522.0,2.0,5.0,0.0,5,14.0,0.5,0.8571428571428571,10.96,194.1,0.0,2026-08-16,2026-08-24,8.0,Panamax,export,
DHAMRA,2026-08-24,18,6,6,7,5,701522.0,2.0,5.0,0.0,5,14.0,0.5,0.8571428571428571,10.96,194.1,0.0,2026-08-20,2026-08-27,7.0,Panamax,export,
DHAMRA,2026-08-24,18,6,6,7,5,701522.0,2.0,5.0,0.0,5,14.0,0.5,0.8571428571428571,10.96,194.1,0.0,2026-08-11,2026-08-27,16.0,Handymax,export,55000.0
DHAMRA,2026-08-24,18,6,6,7,5,701522.0,2.0,5.0,0.0,5,14.0,0.5,0.8571428571428571,10.96,194.1,0.0,2026-08-21,2026-08-28,7.0,Handymax,import,30000.0
DHAMRA,2026-08-24,18,6,6,7,5,701522.0,2.0,5.0,0.0,5,14.0,0.5,0.8571428571428571,10.96,194.1,0.0,2026-08-22,2026-08-31,9.0,Handymax,import,30000.0
DHAMRA,2026-08-24,18,6,6,7,5,701522.0,2.0,5.0,0.0,5,14.0,0.5,0.8571428571428571,10.96,194.1,0.0,2026-08-23,2026-08-29,6.0,Handymax,export,55000.0
DHAMRA,2026-08-24,18,6,6,7,5,701522.0,2.0,5.0,0.0,5,14.0,0.5,0.8571428571428571,10.96,194.1,0.0,2026-08-23,2026-08-30,7.0,Handymax,import,54999.0
DHAMRA,2026-08-24,18,6,6,7,5,701522.0,2.0,5.0,0.0,5,14.0,0.5,0.8571428571428571,10.96,194.1,0.0,2026-08-23,2026-08-25,2.0,Panamax,import,38000.0
DHAMRA,2026-08-24,18,6,6,7,5,701522.0,2.0,5.0,0.0,5,14.0,0.5,0.8571428571428571,10.96,194.1,0.0,2026-08-24,2026-08-28,4.0,Capesize,import,109523.0
DHAMRA,2026-08-24,18,6,6,7,5,701522.0,2.0,5.0,0.0,5,14.0,0.5,0.8571428571428571,10.96,194.1,0.0,2026-08-25,2026-08-30,5.0,Panamax,import,45000.0
DHAMRA,2026-08-24,18,6,6,7,5,701522.0,2.0,5.0,0.0,5,14.0,0.5,0.8571428571428571,10.96,194.1,0.0,2026-08-25,2026-08-29,4.0,Capesize,import,163000.0
DHAMRA,2026-08-24,18,6,6,7,5,701522.0,2.0,5.0,0.0,5,14.0,0.5,0.8571428571428571,10.96,194.1,0.0,2026-08-26,2026-08-30,4.0,Panamax,import,76000.0
DHAMRA,2026-08-24,18,6,6,7,5,701522.0,2.0,5.0,0.0,5,14.0,0.5,0.8571428571428571,10.96,194.1,0.0,2026-08-27,2026-08-30,3.0,Panamax,import,45000.0
DHAMRA,2026-08-25,18,5,5,7,6,788521.0,2.0,5.0,0.0,6,14.0,0.5,0.7142857142857143,10.96,194.1,0.0,2026-08-22,2026-08-25,3.0,Panamax,import,
DHAMRA,2026-08-25,18,5,5,7,6,788521.0,2.0,5.0,0.0,6,14.0,0.5,0.7142857142857143,10.96,194.1,0.0,2026-08-23,2026-08-26,3.0,Panamax,import,
DHAMRA,2026-08-25,18,5,5,7,6,788521.0,2.0,5.0,0.0,6,14.0,0.5,0.7142857142857143,10.96,194.1,0.0,2026-08-21,2026-08-26,5.0,Panamax,export,
DHAMRA,2026-08-25,18,5,5,7,6,788521.0,2.0,5.0,0.0,6,14.0,0.5,0.7142857142857143,10.96,194.1,0.0,2026-08-21,2026-08-27,6.0,Handymax,export,
DHAMRA,2026-08-25,18,5,5,7,6,788521.0,2.0,5.0,0.0,6,14.0,0.5,0.7142857142857143,10.96,194.1,0.0,2026-08-20,2026-08-27,7.0,Handymax,export,
DHAMRA,2026-08-25,18,5,5,7,6,788521.0,2.0,5.0,0.0,6,14.0,0.5,0.7142857142857143,10.96,194.1,0.0,2026-08-23,2026-08-28,5.0,Handymax,export,
DHAMRA,2026-08-25,18,5,5,7,6,788521.0,2.0,5.0,0.0,6,14.0,0.5,0.7142857142857143,10.96,194.1,0.0,2026-08-20,2026-08-28,8.0,Panamax,export,
DHAMRA,2026-08-25,18,5,5,7,6,788521.0,2.0,5.0,0.0,6,14.0,0.5,0.7142857142857143,10.96,194.1,0.0,2026-08-11,2026-08-27,16.0,Handymax,export,55000.0
DHAMRA,2026-08-25,18,5,5,7,6,788521.0,2.0,5.0,0.0,6,14.0,0.5,0.7142857142857143,10.96,194.1,0.0,2026-08-21,2026-08-30,9.0,Handymax,import,30000.0
DHAMRA,2026-08-25,18,5,5,7,6,788521.0,2.0,5.0,0.0,6,14.0,0.5,0.7142857142857143,10.96,194.1,0.0,2026-08-22,2026-09-02,11.0,Handymax,import,30000.0
DHAMRA,2026-08-25,18,5,5,7,6,788521.0,2.0,5.0,0.0,6,14.0,0.5,0.7142857142857143,10.96,194.1,0.0,2026-08-23,2026-09-01,9.0,Handymax,import,54999.0
DHAMRA,2026-08-25,18,5,5,7,6,788521.0,2.0,5.0,0.0,6,14.0,0.5,0.7142857142857143,10.96,194.1,0.0,2026-08-24,2026-08-28,4.0,Capesize,import,109523.0
DHAMRA,2026-08-25,18,5,5,7,6,788521.0,2.0,5.0,0.0,6,14.0,0.5,0.7142857142857143,10.96,194.1,0.0,2026-08-25,2026-08-31,6.0,Panamax,import,45000.0
DHAMRA,2026-08-25,18,5,5,7,6,788521.0,2.0,5.0,0.0,6,14.0,0.5,0.7142857142857143,10.96,194.1,0.0,2026-08-25,2026-08-30,5.0,Capesize,import,163000.0
DHAMRA,2026-08-25,18,5,5,7,6,788521.0,2.0,5.0,0.0,6,14.0,0.5,0.7142857142857143,10.96,194.1,0.0,2026-08-26,2026-08-30,4.0,Panamax,import,76000.0
DHAMRA,2026-08-25,18,5,5,7,6,788521.0,2.0,5.0,0.0,6,14.0,0.5,0.7142857142857143,10.96,194.1,0.0,2026-08-26,2026-08-30,4.0,Panamax,export,74000.0
DHAMRA,2026-08-25,18,5,5,7,6,788521.0,2.0,5.0,0.0,6,14.0,0.5,0.7142857142857143,10.96,194.1,0.0,2026-08-27,2026-08-31,4.0,Panamax,import,45000.0
DHAMRA,2026-08-25,18,5,5,7,6,788521.0,2.0,5.0,0.0,6,14.0,0.5,0.7142857142857143,10.96,194.1,0.0,2026-08-31,2026-09-05,5.0,Panamax,export,105999.0
DHAMRA,2026-08-26,17,5,5,7,5,625521.0,2.0,5.0,0.0,4,14.0,0.5,0.7142857142857143,10.96,194.1,0.0,2026-08-25,2026-08-30,5.0,Capesize,import,
DHAMRA,2026-08-26,17,5,5,7,5,625521.0,2.0,5.0,0.0,4,14.0,0.5,0.7142857142857143,10.96,194.1,0.0,2026-08-23,2026-08-26,3.0,Panamax,import,
DHAMRA,2026-08-26,17,5,5,7,5,625521.0,2.0,5.0,0.0,4,14.0,0.5,0.7142857142857143,10.96,194.1,0.0,2026-08-21,2026-08-26,5.0,Panamax,export,
DHAMRA,2026-08-26,17,5,5,7,5,625521.0,2.0,5.0,0.0,4,14.0,0.5,0.7142857142857143,10.96,194.1,0.0,2026-08-21,2026-08-27,6.0,Handymax,export,
DHAMRA,2026-08-26,17,5,5,7,5,625521.0,2.0,5.0,0.0,4,14.0,0.5,0.7142857142857143,10.96,194.1,0.0,2026-08-20,2026-08-27,7.0,Handymax,export,
DHAMRA,2026-08-26,17,5,5,7,5,625521.0,2.0,5.0,0.0,4,14.0,0.5,0.7142857142857143,10.96,194.1,0.0,2026-08-23,2026-08-28,5.0,Handymax,export,
DHAMRA,2026-08-26,17,5,5,7,5,625521.0,2.0,5.0,0.0,4,14.0,0.5,0.7142857142857143,10.96,194.1,0.0,2026-08-20,2026-08-28,8.0,Panamax,export,
DHAMRA,2026-08-26,17,5,5,7,5,625521.0,2.0,5.0,0.0,4,14.0,0.5,0.7142857142857143,10.96,194.1,0.0,2026-08-11,2026-08-27,16.0,Handymax,export,55000.0
DHAMRA,2026-08-26,17,5,5,7,5,625521.0,2.0,5.0,0.0,4,14.0,0.5,0.7142857142857143,10.96,194.1,0.0,2026-08-21,2026-08-30,9.0,Handymax,import,30000.0
DHAMRA,2026-08-26,17,5,5,7,5,625521.0,2.0,5.0,0.0,4,14.0,0.5,0.7142857142857143,10.96,194.1,0.0,2026-08-22,2026-09-02,11.0,Handymax,import,30000.0
DHAMRA,2026-08-26,17,5,5,7,5,625521.0,2.0,5.0,0.0,4,14.0,0.5,0.7142857142857143,10.96,194.1,0.0,2026-08-23,2026-09-01,9.0,Handymax,import,54999.0
DHAMRA,2026-08-26,17,5,5,7,5,625521.0,2.0,5.0,0.0,4,14.0,0.5,0.7142857142857143,10.96,194.1,0.0,2026-08-24,2026-08-28,4.0,Capesize,import,109523.0
DHAMRA,2026-08-26,17,5,5,7,5,625521.0,2.0,5.0,0.0,4,14.0,0.5,0.7142857142857143,10.96,194.1,0.0,2026-08-25,2026-08-31,6.0,Panamax,import,45000.0
DHAMRA,2026-08-26,17,5,5,7,5,625521.0,2.0,5.0,0.0,4,14.0,0.5,0.7142857142857143,10.96,194.1,0.0,2026-08-26,2026-08-30,4.0,Panamax,import,76000.0
DHAMRA,2026-08-26,17,5,5,7,5,625521.0,2.0,5.0,0.0,4,14.0,0.5,0.7142857142857143,10.96,194.1,0.0,2026-08-26,2026-08-30,4.0,Panamax,export,74000.0
DHAMRA,2026-08-26,17,5,5,7,5,625521.0,2.0,5.0,0.0,4,14.0,0.5,0.7142857142857143,10.96,194.1,0.0,2026-08-27,2026-08-31,4.0,Panamax,import,45000.0
DHAMRA,2026-08-26,17,5,5,7,5,625521.0,2.0,5.0,0.0,4,14.0,0.5,0.7142857142857143,10.96,194.1,0.0,2026-08-31,2026-09-05,5.0,Panamax,export,105999.0
DHAMRA,2026-08-27,15,7,7,6,2,515998.0,2.0,4.0,0.0,2,14.0,0.42857142857142855,1.1666666666666667,10.96,194.1,0.0,2026-08-25,2026-08-30,5.0,Capesize,import,
DHAMRA,2026-08-27,15,7,7,6,2,515998.0,2.0,4.0,0.0,2,14.0,0.42857142857142855,1.1666666666666667,10.96,194.1,0.0,2026-08-24,2026-08-29,5.0,Capesize,import,
DHAMRA,2026-08-27,15,7,7,6,2,515998.0,2.0,4.0,0.0,2,14.0,0.42857142857142855,1.1666666666666667,10.96,194.1,0.0,2026-08-21,2026-08-27,6.0,Handymax,export,
DHAMRA,2026-08-27,15,7,7,6,2,515998.0,2.0,4.0,0.0,2,14.0,0.42857142857142855,1.1666666666666667,10.96,194.1,0.0,2026-08-20,2026-08-27,7.0,Handymax,export,
DHAMRA,2026-08-27,15,7,7,6,2,515998.0,2.0,4.0,0.0,2,14.0,0.42857142857142855,1.1666666666666667,10.96,194.1,0.0,2026-08-23,2026-08-28,5.0,Handymax,export,
DHAMRA,2026-08-27,15,7,7,6,2,515998.0,2.0,4.0,0.0,2,14.0,0.42857142857142855,1.1666666666666667,10.96,194.1,0.0,2026-08-20,2026-08-28,8.0,Panamax,export,
DHAMRA,2026-08-27,15,7,7,6,2,515998.0,2.0,4.0,0.0,2,14.0,0.42857142857142855,1.1666666666666667,10.96,194.1,0.0,2026-08-11,2026-08-28,17.0,Handymax,export,55000.0
DHAMRA,2026-08-27,15,7,7,6,2,515998.0,2.0,4.0,0.0,2,14.0,0.42857142857142855,1.1666666666666667,10.96,194.1,0.0,2026-08-21,2026-08-30,9.0,Handymax,import,30000.0
DHAMRA,2026-08-27,15,7,7,6,2,515998.0,2.0,4.0,0.0,2,14.0,0.42857142857142855,1.1666666666666667,10.96,194.1,0.0,2026-08-22,2026-09-02,11.0,Handymax,import,30000.0
DHAMRA,2026-08-27,15,7,7,6,2,515998.0,2.0,4.0,0.0,2,14.0,0.42857142857142855,1.1666666666666667,10.96,194.1,0.0,2026-08-23,2026-09-01,9.0,Handymax,import,54999.0
DHAMRA,2026-08-27,15,7,7,6,2,515998.0,2.0,4.0,0.0,2,14.0,0.42857142857142855,1.1666666666666667,10.96,194.1,0.0,2026-08-26,2026-08-31,5.0,Panamax,import,45000.0
DHAMRA,2026-08-27,15,7,7,6,2,515998.0,2.0,4.0,0.0,2,14.0,0.42857142857142855,1.1666666666666667,10.96,194.1,0.0,2026-08-26,2026-08-30,4.0,Panamax,import,76000.0
DHAMRA,2026-08-27,15,7,7,6,2,515998.0,2.0,4.0,0.0,2,14.0,0.42857142857142855,1.1666666666666667,10.96,194.1,0.0,2026-08-26,2026-08-30,4.0,Panamax,export,74000.0
DHAMRA,2026-08-27,15,7,7,6,2,515998.0,2.0,4.0,0.0,2,14.0,0.42857142857142855,1.1666666666666667,10.96,194.1,0.0,2026-08-28,2026-08-31,3.0,Panamax,import,45000.0
DHAMRA,2026-08-27,15,7,7,6,2,515998.0,2.0,4.0,0.0,2,14.0,0.42857142857142855,1.1666666666666667,10.96,194.1,0.0,2026-08-31,2026-09-05,5.0,Panamax,export,105999.0
DHAMRA,2026-08-31,13,1,1,7,5,560999.0,5.0,2.0,0.0,3,14.0,0.5,0.14285714285714285,11.77,68.3,0.0,2026-08-28,2026-08-31,3.0,Panamax,import,
DHAMRA,2026-08-31,13,1,1,7,5,560999.0,5.0,2.0,0.0,3,14.0,0.5,0.14285714285714285,11.77,68.3,0.0,2026-08-26,2026-08-31,5.0,Panamax,import,
DHAMRA,2026-08-31,13,1,1,7,5,560999.0,5.0,2.0,0.0,3,14.0,0.5,0.14285714285714285,11.77,68.3,0.0,2026-08-30,2026-09-01,2.0,Panamax,export,
DHAMRA,2026-08-31,13,1,1,7,5,560999.0,5.0,2.0,0.0,3,14.0,0.5,0.14285714285714285,11.77,68.3,0.0,2026-08-26,2026-09-02,7.0,Panamax,import,
DHAMRA,2026-08-31,13,1,1,7,5,560999.0,5.0,2.0,0.0,3,14.0,0.5,0.14285714285714285,11.77,68.3,0.0,2026-08-22,2026-09-01,10.0,Handymax,export,
DHAMRA,2026-08-31,13,1,1,7,5,560999.0,5.0,2.0,0.0,3,14.0,0.5,0.14285714285714285,11.77,68.3,0.0,2026-08-21,2026-09-03,13.0,Handymax,import,
DHAMRA,2026-08-31,13,1,1,7,5,560999.0,5.0,2.0,0.0,3,14.0,0.5,0.14285714285714285,11.77,68.3,0.0,2026-08-23,2026-09-02,10.0,Handymax,import,
DHAMRA,2026-08-31,13,1,1,7,5,560999.0,5.0,2.0,0.0,3,14.0,0.5,0.14285714285714285,11.77,68.3,0.0,2026-08-30,2026-09-09,10.0,Panamax,import,105999.0
DHAMRA,2026-08-31,13,1,1,7,5,560999.0,5.0,2.0,0.0,3,14.0,0.5,0.14285714285714285,11.77,68.3,0.0,2026-09-01,2026-09-03,2.0,Panamax,import,45000.0
DHAMRA,2026-08-31,13,1,1,7,5,560999.0,5.0,2.0,0.0,3,14.0,0.5,0.14285714285714285,11.77,68.3,0.0,2026-09-03,2026-09-07,4.0,Capesize,import,160000.0
DHAMRA,2026-08-31,13,1,1,7,5,560999.0,5.0,2.0,0.0,3,14.0,0.5,0.14285714285714285,11.77,68.3,0.0,2026-09-06,2026-09-07,1.0,Panamax,import,45000.0
DHAMRA,2026-08-31,13,1,1,7,5,560999.0,5.0,2.0,0.0,3,14.0,0.5,0.14285714285714285,11.77,68.3,0.0,2026-09-08,2026-09-12,4.0,Capesize,import,160000.0
DHAMRA,2026-08-31,13,1,1,7,5,560999.0,5.0,2.0,0.0,3,14.0,0.5,0.14285714285714285,11.77,68.3,0.0,2026-09-10,2026-09-13,3.0,Panamax,import,45000.0
ENNORE,2026-08-10,17,3,3,5,9,806863.0,,,,8,9.0,0.5555555555555556,0.6,,,,2026-08-08,2026-08-11,3.0,,,74268.0
ENNORE,2026-08-10,17,3,3,5,9,806863.0,,,,8,9.0,0.5555555555555556,0.6,,,,2026-08-09,2026-08-11,2.0,,,75230.0
ENNORE,2026-08-10,17,3,3,5,9,806863.0,,,,8,9.0,0.5555555555555556,0.6,,,,2026-08-09,2026-08-10,1.0,,,23000.0
ENNORE,2026-08-10,17,3,3,5,9,806863.0,,,,8,9.0,0.5555555555555556,0.6,,,,2026-08-08,2026-08-12,4.0,,,82000.0
ENNORE,2026-08-10,17,3,3,5,9,806863.0,,,,8,9.0,0.5555555555555556,0.6,,,,2026-08-06,2026-08-11,5.0,,,77000.0
ENNORE,2026-08-10,17,3,3,5,9,806863.0,,,,8,9.0,0.5555555555555556,0.6,,,,2026-07-20,2026-08-14,25.0,,,11500.0
ENNORE,2026-08-10,17,3,3,5,9,806863.0,,,,8,9.0,0.5555555555555556,0.6,,,,2026-08-09,2026-08-11,2.0,,,15000.0
ENNORE,2026-08-10,17,3,3,5,9,806863.0,,,,8,9.0,0.5555555555555556,0.6,,,,2026-08-09,2026-08-12,3.0,,,19000.0
ENNORE,2026-08-10,17,3,3,5,9,806863.0,,,,8,9.0,0.5555555555555556,0.6,,,,2026-08-11,2026-08-13,2.0,,,59400.0
ENNORE,2026-08-10,17,3,3,5,9,806863.0,,,,8,9.0,0.5555555555555556,0.6,,,,2026-08-11,2026-08-12,1.0,,,600.0
ENNORE,2026-08-10,17,3,3,5,9,806863.0,,,,8,9.0,0.5555555555555556,0.6,,,,2026-08-11,2026-08-14,3.0,,,76410.0
ENNORE,2026-08-10,17,3,3,5,9,806863.0,,,,8,9.0,0.5555555555555556,0.6,,,,2026-08-14,2026-08-18,4.0,,,75702.0
ENNORE,2026-08-10,17,3,3,5,9,806863.0,,,,8,9.0,0.5555555555555556,0.6,,,,2026-08-14,2026-08-15,1.0,,,18000.0
ENNORE,2026-08-10,17,3,3,5,9,806863.0,,,,8,9.0,0.5555555555555556,0.6,,,,2026-08-14,2026-08-17,3.0,,,54000.0
ENNORE,2026-08-10,17,3,3,5,9,806863.0,,,,8,9.0,0.5555555555555556,0.6,,,,2026-08-15,2026-08-23,8.0,,,103901.0
ENNORE,2026-08-10,17,3,3,5,9,806863.0,,,,8,9.0,0.5555555555555556,0.6,,,,2026-08-14,2026-08-19,5.0,,,40952.0
ENNORE,2026-08-10,17,3,3,5,9,806863.0,,,,8,9.0,0.5555555555555556,0.6,,,,2026-08-24,2026-08-25,1.0,,,900.0
ENNORE,2026-08-11,14,1,1,5,8,691863.0,,,,8,9.0,0.5555555555555556,0.2,,,,2026-08-08,2026-08-11,3.0,,,74268.0
ENNORE,2026-08-11,14,1,1,5,8,691863.0,,,,8,9.0,0.5555555555555556,0.2,,,,2026-08-09,2026-08-11,2.0,,,75230.0
ENNORE,2026-08-11,14,1,1,5,8,691863.0,,,,8,9.0,0.5555555555555556,0.2,,,,2026-08-09,2026-08-12,3.0,,,19000.0
ENNORE,2026-08-11,14,1,1,5,8,691863.0,,,,8,9.0,0.5555555555555556,0.2,,,,2026-08-08,2026-08-12,4.0,,,82000.0
ENNORE,2026-08-11,14,1,1,5,8,691863.0,,,,8,9.0,0.5555555555555556,0.2,,,,2026-07-20,2026-08-14,25.0,,,11500.0
ENNORE,2026-08-11,14,1,1,5,8,691863.0,,,,8,9.0,0.5555555555555556,0.2,,,,2026-08-11,2026-08-13,2.0,,,59400.0
ENNORE,2026-08-11,14,1,1,5,8,691863.0,,,,8,9.0,0.5555555555555556,0.2,,,,2026-08-11,2026-08-12,1.0,,,600.0
ENNORE,2026-08-11,14,1,1,5,8,691863.0,,,,8,9.0,0.5555555555555556,0.2,,,,2026-08-11,2026-08-14,3.0,,,76410.0
ENNORE,2026-08-11,14,1,1,5,8,691863.0,,,,8,9.0,0.5555555555555556,0.2,,,,2026-08-14,2026-08-18,4.0,,,75702.0
ENNORE,2026-08-11,14,1,1,5,8,691863.0,,,,8,9.0,0.5555555555555556,0.2,,,,2026-08-14,2026-08-15,1.0,,,18000.0
ENNORE,2026-08-11,14,1,1,5,8,691863.0,,,,8,9.0,0.5555555555555556,0.2,,,,2026-08-14,2026-08-17,3.0,,,54000.0
ENNORE,2026-08-11,14,1,1,5,8,691863.0,,,,8,9.0,0.5555555555555556,0.2,,,,2026-08-15,2026-08-23,8.0,,,103901.0
ENNORE,2026-08-11,14,1,1,5,8,691863.0,,,,8,9.0,0.5555555555555556,0.2,,,,2026-08-14,2026-08-19,5.0,,,40952.0
ENNORE,2026-08-11,14,1,1,5,8,691863.0,,,,8,9.0,0.5555555555555556,0.2,,,,2026-08-24,2026-08-25,1.0,,,900.0
ENNORE,2026-08-12,18,1,1,4,13,908459.0,,,,13,9.0,0.4444444444444444,0.25,,,,2026-08-11,2026-08-13,2.0,,,75410.0
ENNORE,2026-08-12,18,1,1,4,13,908459.0,,,,13,9.0,0.4444444444444444,0.25,,,,2026-08-09,2026-08-12,3.0,,,19000.0
ENNORE,2026-08-12,18,1,1,4,13,908459.0,,,,13,9.0,0.4444444444444444,0.25,,,,2026-08-12,2026-08-13,1.0,,,62100.0
ENNORE,2026-08-12,18,1,1,4,13,908459.0,,,,13,9.0,0.4444444444444444,0.25,,,,2026-07-20,2026-08-14,25.0,,,11500.0
ENNORE,2026-08-12,18,1,1,4,13,908459.0,,,,13,9.0,0.4444444444444444,0.25,,,,2026-08-11,2026-08-14,3.0,,,59400.0
ENNORE,2026-08-12,18,1,1,4,13,908459.0,,,,13,9.0,0.4444444444444444,0.25,,,,2026-08-12,2026-08-13,1.0,,,600.0
ENNORE,2026-08-12,18,1,1,4,13,908459.0,,,,13,9.0,0.4444444444444444,0.25,,,,2026-08-13,2026-08-16,3.0,,,76410.0
ENNORE,2026-08-12,18,1,1,4,13,908459.0,,,,13,9.0,0.4444444444444444,0.25,,,,2026-08-14,2026-08-16,2.0,,,68500.0
ENNORE,2026-08-12,18,1,1,4,13,908459.0,,,,13,9.0,0.4444444444444444,0.25,,,,2026-08-14,2026-08-18,4.0,,,75702.0
ENNORE,2026-08-12,18,1,1,4,13,908459.0,,,,13,9.0,0.4444444444444444,0.25,,,,2026-08-14,2026-08-16,2.0,,,74500.0
ENNORE,2026-08-12,18,1,1,4,13,908459.0,,,,13,9.0,0.4444444444444444,0.25,,,,2026-08-14,2026-08-15,1.0,,,18000.0
ENNORE,2026-08-12,18,1,1,4,13,908459.0,,,,13,9.0,0.4444444444444444,0.25,,,,2026-08-14,2026-08-19,5.0,,,54000.0
ENNORE,2026-08-12,18,1,1,4,13,908459.0,,,,13,9.0,0.4444444444444444,0.25,,,,2026-08-14,2026-08-16,2.0,,,18000.0
ENNORE,2026-08-12,18,1,1,4,13,908459.0,,,,13,9.0,0.4444444444444444,0.25,,,,2026-08-15,2026-08-23,8.0,,,103901.0
ENNORE,2026-08-12,18,1,1,4,13,908459.0,,,,13,9.0,0.4444444444444444,0.25,,,,2026-08-14,2026-08-19,5.0,,,40952.0
ENNORE,2026-08-12,18,1,1,4,13,908459.0,,,,13,9.0,0.4444444444444444,0.25,,,,2026-08-16,2026-08-21,5.0,,,78547.0
ENNORE,2026-08-12,18,1,1,4,13,908459.0,,,,13,9.0,0.4444444444444444,0.25,,,,2026-08-18,2026-08-22,4.0,,,71037.0
ENNORE,2026-08-12,18,1,1,4,13,908459.0,,,,13,9.0,0.4444444444444444,0.25,,,,2026-08-24,2026-08-25,1.0,,,900.0
ENNORE,2026-08-13,22,0,0,5,17,966259.0,,,,14,9.0,0.5555555555555556,0.0,,,,2026-08-11,2026-08-14,3.0,,,75410.0
ENNORE,2026-08-13,22,0,0,5,17,966259.0,,,,14,9.0,0.5555555555555556,0.0,,,,2026-08-11,2026-08-13,2.0,,,19000.0
ENNORE,2026-08-13,22,0,0,5,17,966259.0,,,,14,9.0,0.5555555555555556,0.0,,,,2026-08-12,2026-08-13,1.0,,,62100.0
ENNORE,2026-08-13,22,0,0,5,17,966259.0,,,,14,9.0,0.5555555555555556,0.0,,,,2026-08-11,2026-08-14,3.0,,,59400.0
ENNORE,2026-08-13,22,0,0,5,17,966259.0,,,,14,9.0,0.5555555555555556,0.0,,,,2026-07-20,2026-08-16,27.0,,,11500.0
ENNORE,2026-08-13,22,0,0,5,17,966259.0,,,,14,9.0,0.5555555555555556,0.0,,,,2026-08-13,2026-08-16,3.0,,,76410.0
ENNORE,2026-08-13,22,0,0,5,17,966259.0,,,,14,9.0,0.5555555555555556,0.0,,,,2026-08-14,2026-08-15,1.0,,,13000.0
ENNORE,2026-08-13,22,0,0,5,17,966259.0,,,,14,9.0,0.5555555555555556,0.0,,,,2026-08-14,2026-08-16,2.0,,,75702.0
ENNORE,2026-08-13,22,0,0,5,17,966259.0,,,,14,9.0,0.5555555555555556,0.0,,,,2026-08-14,2026-08-15,1.0,,,18000.0
ENNORE,2026-08-13,22,0,0,5,17,966259.0,,,,14,9.0,0.5555555555555556,0.0,,,,2026-08-15,2026-08-20,5.0,,,54000.0
ENNORE,2026-08-13,22,0,0,5,17,966259.0,,,,14,9.0,0.5555555555555556,0.0,,,,2026-08-14,2026-08-16,2.0,,,18000.0
ENNORE,2026-08-13,22,0,0,5,17,966259.0,,,,14,9.0,0.5555555555555556,0.0,,,,2026-08-14,2026-08-18,4.0,,,68500.0
ENNORE,2026-08-13,22,0,0,5,17,966259.0,,,,14,9.0,0.5555555555555556,0.0,,,,2026-08-14,2026-08-16,2.0,,,74500.0
ENNORE,2026-08-13,22,0,0,5,17,966259.0,,,,14,9.0,0.5555555555555556,0.0,,,,2026-08-15,2026-08-23,8.0,,,103901.0
ENNORE,2026-08-13,22,0,0,5,17,966259.0,,,,14,9.0,0.5555555555555556,0.0,,,,2026-08-15,2026-08-19,4.0,,,40952.0
ENNORE,2026-08-13,22,0,0,5,17,966259.0,,,,14,9.0,0.5555555555555556,0.0,,,,2026-08-16,2026-08-25,9.0,,,78547.0
ENNORE,2026-08-13,22,0,0,5,17,966259.0,,,,14,9.0,0.5555555555555556,0.0,,,,2026-08-17,2026-08-25,8.0,,,21000.0
ENNORE,2026-08-13,22,0,0,5,17,966259.0,,,,14,9.0,0.5555555555555556,0.0,,,,2026-08-18,2026-08-20,2.0,,,23000.0
ENNORE,2026-08-13,22,0,0,5,17,966259.0,,,,14,9.0,0.5555555555555556,0.0,,,,2026-08-18,2026-08-23,5.0,,,71037.0
ENNORE,2026-08-13,22,0,0,5,17,966259.0,,,,14,9.0,0.5555555555555556,0.0,,,,2026-08-24,2026-08-25,1.0,,,900.0
ENNORE,2026-08-13,22,0,0,5,17,966259.0,,,,14,9.0,0.5555555555555556,0.0,,,,2026-08-25,2026-08-26,1.0,,,800.0
ENNORE,2026-08-13,22,0,0,5,17,966259.0,,,,14,9.0,0.5555555555555556,0.0,,,,2026-08-28,2026-08-29,1.0,,,600.0
ENNORE,2026-08-17,16,5,5,4,7,725959.0,,,,5,9.0,0.4444444444444444,1.25,,,,2026-08-13,2026-08-17,4.0,,,76410.0
ENNORE,2026-08-17,16,5,5,4,7,725959.0,,,,5,9.0,0.4444444444444444,1.25,,,,2026-08-15,2026-08-18,3.0,,,74500.0
ENNORE,2026-08-17,16,5,5,4,7,725959.0,,,,5,9.0,0.4444444444444444,1.25,,,,2026-08-16,2026-08-18,2.0,,,10.0
ENNORE,2026-08-17,16,5,5,4,7,725959.0,,,,5,9.0,0.4444444444444444,1.25,,,,2026-08-14,2026-08-17,3.0,,,75702.0
ENNORE,2026-08-17,16,5,5,4,7,725959.0,,,,5,9.0,0.4444444444444444,1.25,,,,2026-08-15,2026-08-20,5.0,,,54000.0
ENNORE,2026-08-17,16,5,5,4,7,725959.0,,,,5,9.0,0.4444444444444444,1.25,,,,2026-08-15,2026-08-23,8.0,,,68500.0
ENNORE,2026-08-17,16,5,5,4,7,725959.0,,,,5,9.0,0.4444444444444444,1.25,,,,2026-08-15,2026-08-21,6.0,,,103901.0
ENNORE,2026-08-17,16,5,5,4,7,725959.0,,,,5,9.0,0.4444444444444444,1.25,,,,2026-08-15,2026-08-23,8.0,,,40952.0
ENNORE,2026-08-17,16,5,5,4,7,725959.0,,,,5,9.0,0.4444444444444444,1.25,,,,2026-08-16,2026-08-25,9.0,,,78547.0
ENNORE,2026-08-17,16,5,5,4,7,725959.0,,,,5,9.0,0.4444444444444444,1.25,,,,2026-08-18,2026-08-23,5.0,,,71037.0
ENNORE,2026-08-17,16,5,5,4,7,725959.0,,,,5,9.0,0.4444444444444444,1.25,,,,2026-08-18,2026-08-20,2.0,,,23000.0
ENNORE,2026-08-17,16,5,5,4,7,725959.0,,,,5,9.0,0.4444444444444444,1.25,,,,2026-08-19,2026-08-20,1.0,,,55000.0
ENNORE,2026-08-17,16,5,5,4,7,725959.0,,,,5,9.0,0.4444444444444444,1.25,,,,2026-08-20,2026-08-21,1.0,,,2100.0
ENNORE,2026-08-17,16,5,5,4,7,725959.0,,,,5,9.0,0.4444444444444444,1.25,,,,2026-08-24,2026-08-25,1.0,,,900.0
ENNORE,2026-08-17,16,5,5,4,7,725959.0,,,,5,9.0,0.4444444444444444,1.25,,,,2026-08-28,2026-08-29,1.0,,,600.0
ENNORE,2026-08-17,16,5,5,4,7,725959.0,,,,5,9.0,0.4444444444444444,1.25,,,,2026-08-31,2026-09-01,1.0,,,800.0
ENNORE,2026-08-18,14,3,3,4,7,573847.0,,,,5,9.0,0.4444444444444444,0.75,,,,2026-08-15,2026-08-18,3.0,,,74500.0
ENNORE,2026-08-18,14,3,3,4,7,573847.0,,,,5,9.0,0.4444444444444444,0.75,,,,2026-08-16,2026-08-18,2.0,,,10.0
ENNORE,2026-08-18,14,3,3,4,7,573847.0,,,,5,9.0,0.4444444444444444,0.75,,,,2026-08-15,2026-08-19,4.0,,,40952.0
ENNORE,2026-08-18,14,3,3,4,7,573847.0,,,,5,9.0,0.4444444444444444,0.75,,,,2026-08-15,2026-08-20,5.0,,,54000.0
ENNORE,2026-08-18,14,3,3,4,7,573847.0,,,,5,9.0,0.4444444444444444,0.75,,,,2026-08-15,2026-08-23,8.0,,,68500.0
ENNORE,2026-08-18,14,3,3,4,7,573847.0,,,,5,9.0,0.4444444444444444,0.75,,,,2026-08-15,2026-08-21,6.0,,,103901.0
ENNORE,2026-08-18,14,3,3,4,7,573847.0,,,,5,9.0,0.4444444444444444,0.75,,,,2026-08-16,2026-08-25,9.0,,,78547.0
ENNORE,2026-08-18,14,3,3,4,7,573847.0,,,,5,9.0,0.4444444444444444,0.75,,,,2026-08-18,2026-08-23,5.0,,,71037.0
ENNORE,2026-08-18,14,3,3,4,7,573847.0,,,,5,9.0,0.4444444444444444,0.75,,,,2026-08-18,2026-08-20,2.0,,,23000.0
ENNORE,2026-08-18,14,3,3,4,7,573847.0,,,,5,9.0,0.4444444444444444,0.75,,,,2026-08-19,2026-08-20,1.0,,,55000.0
ENNORE,2026-08-18,14,3,3,4,7,573847.0,,,,5,9.0,0.4444444444444444,0.75,,,,2026-08-20,2026-08-21,1.0,,,2100.0
ENNORE,2026-08-18,14,3,3,4,7,573847.0,,,,5,9.0,0.4444444444444444,0.75,,,,2026-08-24,2026-08-25,1.0,,,900.0
ENNORE,2026-08-18,14,3,3,4,7,573847.0,,,,5,9.0,0.4444444444444444,0.75,,,,2026-08-28,2026-08-29,1.0,,,600.0
ENNORE,2026-08-18,14,3,3,4,7,573847.0,,,,5,9.0,0.4444444444444444,0.75,,,,2026-08-31,2026-09-01,1.0,,,800.0
ENNORE,2026-08-21,14,5,5,5,4,631289.0,,,,2,9.0,0.5555555555555556,1.0,,,,2026-08-18,2026-08-22,4.0,,,75000.0
ENNORE,2026-08-21,14,5,5,5,4,631289.0,,,,2,9.0,0.5555555555555556,1.0,,,,2026-08-19,2026-08-22,3.0,,,75000.0
ENNORE,2026-08-21,14,5,5,5,4,631289.0,,,,2,9.0,0.5555555555555556,1.0,,,,2026-08-19,2026-08-21,2.0,,,19000.0
ENNORE,2026-08-21,14,5,5,5,4,631289.0,,,,2,9.0,0.5555555555555556,1.0,,,,2026-08-15,2026-08-20,5.0,,,40952.0
ENNORE,2026-08-21,14,5,5,5,4,631289.0,,,,2,9.0,0.5555555555555556,1.0,,,,2026-08-15,2026-08-22,7.0,,,54000.0
ENNORE,2026-08-21,14,5,5,5,4,631289.0,,,,2,9.0,0.5555555555555556,1.0,,,,2026-08-18,2026-08-25,7.0,,,71037.0
ENNORE,2026-08-21,14,5,5,5,4,631289.0,,,,2,9.0,0.5555555555555556,1.0,,,,2026-08-24,2026-08-25,1.0,,,900.0
ENNORE,2026-08-21,14,5,5,5,4,631289.0,,,,2,9.0,0.5555555555555556,1.0,,,,2026-08-28,2026-08-29,1.0,,,600.0
ENNORE,2026-08-21,14,5,5,5,4,631289.0,,,,2,9.0,0.5555555555555556,1.0,,,,2026-08-31,2026-09-01,1.0,,,800.0
ENNORE,2026-08-24,19,6,6,5,8,673437.0,,,,10,9.0,0.5555555555555556,1.2,,,,2026-08-19,2026-08-26,7.0,,,68500.0
ENNORE,2026-08-24,19,6,6,5,8,673437.0,,,,10,9.0,0.5555555555555556,1.2,,,,2026-08-23,2026-08-26,3.0,,,75000.0
ENNORE,2026-08-24,19,6,6,5,8,673437.0,,,,10,9.0,0.5555555555555556,1.2,,,,2026-08-24,2026-08-27,3.0,,,76000.0
ENNORE,2026-08-24,19,6,6,5,8,673437.0,,,,10,9.0,0.5555555555555556,1.2,,,,2026-08-20,2026-08-25,5.0,,,20800.0
ENNORE,2026-08-24,19,6,6,5,8,673437.0,,,,10,9.0,0.5555555555555556,1.2,,,,2026-08-18,2026-08-26,8.0,,,71037.0
ENNORE,2026-08-24,19,6,6,5,8,673437.0,,,,10,9.0,0.5555555555555556,1.2,,,,2026-08-24,2026-08-31,7.0,,,22000.0
ENNORE,2026-08-24,19,6,6,5,8,673437.0,,,,10,9.0,0.5555555555555556,1.2,,,,2026-08-24,2026-09-04,11.0,,,21000.0
ENNORE,2026-08-24,19,6,6,5,8,673437.0,,,,10,9.0,0.5555555555555556,1.2,,,,2026-08-24,2026-08-28,4.0,,,75000.0
ENNORE,2026-08-24,19,6,6,5,8,673437.0,,,,10,9.0,0.5555555555555556,1.2,,,,2026-08-24,2026-08-28,4.0,,,10000.0
ENNORE,2026-08-24,19,6,6,5,8,673437.0,,,,10,9.0,0.5555555555555556,1.2,,,,2026-08-25,2026-08-26,1.0,,,600.0
ENNORE,2026-08-24,19,6,6,5,8,673437.0,,,,10,9.0,0.5555555555555556,1.2,,,,2026-08-28,2026-08-29,1.0,,,2300.0
ENNORE,2026-08-24,19,6,6,5,8,673437.0,,,,10,9.0,0.5555555555555556,1.2,,,,2026-08-28,2026-08-30,2.0,,,800.0
ENNORE,2026-08-24,19,6,6,5,8,673437.0,,,,10,9.0,0.5555555555555556,1.2,,,,2026-08-29,2026-08-31,2.0,,,2100.0
ENNORE,2026-08-24,19,6,6,5,8,673437.0,,,,10,9.0,0.5555555555555556,1.2,,,,2026-08-31,2026-09-01,1.0,,,800.0
ENNORE,2026-08-24,19,6,6,5,8,673437.0,,,,10,9.0,0.5555555555555556,1.2,,,,2026-08-01,2026-08-02,1.0,,,2600.0
ENNORE,2026-08-24,19,6,6,5,8,673437.0,,,,10,9.0,0.5555555555555556,1.2,,,,2026-08-04,2026-08-05,1.0,,,1500.0
ENNORE,2026-08-25,22,6,6,5,11,767637.0,,,,9,9.0,0.5555555555555556,1.2,,,,2026-08-19,2026-08-26,7.0,,,68500.0
ENNORE,2026-08-25,22,6,6,5,11,767637.0,,,,9,9.0,0.5555555555555556,1.2,,,,2026-08-23,2026-08-25,2.0,,,75000.0
ENNORE,2026-08-25,22,6,6,5,11,767637.0,,,,9,9.0,0.5555555555555556,1.2,,,,2026-08-24,2026-08-27,3.0,,,76000.0
ENNORE,2026-08-25,22,6,6,5,11,767637.0,,,,9,9.0,0.5555555555555556,1.2,,,,2026-08-20,2026-08-25,5.0,,,20800.0
ENNORE,2026-08-25,22,6,6,5,11,767637.0,,,,9,9.0,0.5555555555555556,1.2,,,,2026-08-18,2026-08-26,8.0,,,71037.0
ENNORE,2026-08-25,22,6,6,5,11,767637.0,,,,9,9.0,0.5555555555555556,1.2,,,,2026-08-24,2026-08-31,7.0,,,22000.0
ENNORE,2026-08-25,22,6,6,5,11,767637.0,,,,9,9.0,0.5555555555555556,1.2,,,,2026-08-24,2026-09-04,11.0,,,21000.0
ENNORE,2026-08-25,22,6,6,5,11,767637.0,,,,9,9.0,0.5555555555555556,1.2,,,,2026-08-24,2026-08-28,4.0,,,75000.0
ENNORE,2026-08-25,22,6,6,5,11,767637.0,,,,9,9.0,0.5555555555555556,1.2,,,,2026-08-25,2026-08-27,2.0,,,35000.0
ENNORE,2026-08-25,22,6,6,5,11,767637.0,,,,9,9.0,0.5555555555555556,1.2,,,,2026-08-25,2026-08-26,1.0,,,600.0
ENNORE,2026-08-25,22,6,6,5,11,767637.0,,,,9,9.0,0.5555555555555556,1.2,,,,2026-08-25,2026-08-28,3.0,,,3200.0
ENNORE,2026-08-25,22,6,6,5,11,767637.0,,,,9,9.0,0.5555555555555556,1.2,,,,2026-08-27,2026-08-30,3.0,,,56000.0
ENNORE,2026-08-25,22,6,6,5,11,767637.0,,,,9,9.0,0.5555555555555556,1.2,,,,2026-08-28,2026-08-29,1.0,,,2300.0
ENNORE,2026-08-25,22,6,6,5,11,767637.0,,,,9,9.0,0.5555555555555556,1.2,,,,2026-08-28,2026-08-30,2.0,,,800.0
ENNORE,2026-08-25,22,6,6,5,11,767637.0,,,,9,9.0,0.5555555555555556,1.2,,,,2026-08-29,2026-08-31,2.0,,,2100.0
ENNORE,2026-08-25,22,6,6,5,11,767637.0,,,,9,9.0,0.5555555555555556,1.2,,,,2026-08-31,2026-09-01,1.0,,,800.0
ENNORE,2026-08-25,22,6,6,5,11,767637.0,,,,9,9.0,0.5555555555555556,1.2,,,,2026-08-31,2026-09-03,3.0,,,10000.0
ENNORE,2026-08-25,22,6,6,5,11,767637.0,,,,9,9.0,0.5555555555555556,1.2,,,,2026-08-01,2026-08-02,1.0,,,2600.0
ENNORE,2026-08-25,22,6,6,5,11,767637.0,,,,9,9.0,0.5555555555555556,1.2,,,,2026-08-04,2026-08-05,1.0,,,1500.0
ENNORE,2026-08-26,21,7,7,5,9,746837.0,,,,7,9.0,0.5555555555555556,1.4,,,,2026-08-19,2026-08-26,7.0,,,68500.0
ENNORE,2026-08-26,21,7,7,5,9,746837.0,,,,7,9.0,0.5555555555555556,1.4,,,,2026-08-23,2026-08-25,2.0,,,75000.0
ENNORE,2026-08-26,21,7,7,5,9,746837.0,,,,7,9.0,0.5555555555555556,1.4,,,,2026-08-24,2026-08-27,3.0,,,76000.0
ENNORE,2026-08-26,21,7,7,5,9,746837.0,,,,7,9.0,0.5555555555555556,1.4,,,,2026-08-25,2026-08-27,2.0,,,35000.0
ENNORE,2026-08-26,21,7,7,5,9,746837.0,,,,7,9.0,0.5555555555555556,1.4,,,,2026-08-18,2026-08-26,8.0,,,71037.0
ENNORE,2026-08-26,21,7,7,5,9,746837.0,,,,7,9.0,0.5555555555555556,1.4,,,,2026-08-24,2026-08-31,7.0,,,22000.0
ENNORE,2026-08-26,21,7,7,5,9,746837.0,,,,7,9.0,0.5555555555555556,1.4,,,,2026-08-24,2026-09-04,11.0,,,21000.0
ENNORE,2026-08-26,21,7,7,5,9,746837.0,,,,7,9.0,0.5555555555555556,1.4,,,,2026-08-24,2026-08-28,4.0,,,75000.0
ENNORE,2026-08-26,21,7,7,5,9,746837.0,,,,7,9.0,0.5555555555555556,1.4,,,,2026-08-25,2026-08-27,2.0,,,600.0
ENNORE,2026-08-26,21,7,7,5,9,746837.0,,,,7,9.0,0.5555555555555556,1.4,,,,2026-08-26,2026-08-28,2.0,,,3200.0
ENNORE,2026-08-26,21,7,7,5,9,746837.0,,,,7,9.0,0.5555555555555556,1.4,,,,2026-08-27,2026-08-30,3.0,,,56000.0
ENNORE,2026-08-26,21,7,7,5,9,746837.0,,,,7,9.0,0.5555555555555556,1.4,,,,2026-08-28,2026-08-29,1.0,,,2300.0
ENNORE,2026-08-26,21,7,7,5,9,746837.0,,,,7,9.0,0.5555555555555556,1.4,,,,2026-08-28,2026-08-30,2.0,,,800.0
ENNORE,2026-08-26,21,7,7,5,9,746837.0,,,,7,9.0,0.5555555555555556,1.4,,,,2026-08-29,2026-08-31,2.0,,,2100.0
ENNORE,2026-08-26,21,7,7,5,9,746837.0,,,,7,9.0,0.5555555555555556,1.4,,,,2026-08-31,2026-09-01,1.0,,,800.0
ENNORE,2026-08-26,21,7,7,5,9,746837.0,,,,7,9.0,0.5555555555555556,1.4,,,,2026-08-31,2026-09-03,3.0,,,10000.0
ENNORE,2026-08-26,21,7,7,5,9,746837.0,,,,7,9.0,0.5555555555555556,1.4,,,,2026-08-01,2026-08-02,1.0,,,2600.0
ENNORE,2026-08-26,21,7,7,5,9,746837.0,,,,7,9.0,0.5555555555555556,1.4,,,,2026-08-04,2026-08-05,1.0,,,1500.0
ENNORE,2026-08-27,19,6,6,6,7,551848.0,,,,6,9.0,0.6666666666666666,1.0,,,,2026-08-24,2026-08-29,5.0,,,75000.0
ENNORE,2026-08-27,19,6,6,6,7,551848.0,,,,6,9.0,0.6666666666666666,1.0,,,,2026-08-24,2026-08-27,3.0,,,76000.0
ENNORE,2026-08-27,19,6,6,6,7,551848.0,,,,6,9.0,0.6666666666666666,1.0,,,,2026-08-26,2026-08-28,2.0,,,17000.0
ENNORE,2026-08-27,19,6,6,6,7,551848.0,,,,6,9.0,0.6666666666666666,1.0,,,,2026-08-19,2026-08-28,9.0,,,68500.0
ENNORE,2026-08-27,19,6,6,6,7,551848.0,,,,6,9.0,0.6666666666666666,1.0,,,,2026-08-15,2026-08-27,12.0,,,10000.0
ENNORE,2026-08-27,19,6,6,6,7,551848.0,,,,6,9.0,0.6666666666666666,1.0,,,,2026-08-27,2026-08-30,3.0,,,56000.0
ENNORE,2026-08-27,19,6,6,6,7,551848.0,,,,6,9.0,0.6666666666666666,1.0,,,,2026-08-24,2026-08-31,7.0,,,22000.0
ENNORE,2026-08-27,19,6,6,6,7,551848.0,,,,6,9.0,0.6666666666666666,1.0,,,,2026-08-24,2026-09-04,11.0,,,21000.0
ENNORE,2026-08-27,19,6,6,6,7,551848.0,,,,6,9.0,0.6666666666666666,1.0,,,,2026-08-25,2026-08-28,3.0,,,600.0
ENNORE,2026-08-27,19,6,6,6,7,551848.0,,,,6,9.0,0.6666666666666666,1.0,,,,2026-08-26,2026-08-28,2.0,,,3200.0
ENNORE,2026-08-27,19,6,6,6,7,551848.0,,,,6,9.0,0.6666666666666666,1.0,,,,2026-08-28,2026-08-29,1.0,,,2300.0
ENNORE,2026-08-27,19,6,6,6,7,551848.0,,,,6,9.0,0.6666666666666666,1.0,,,,2026-08-28,2026-08-30,2.0,,,800.0
ENNORE,2026-08-27,19,6,6,6,7,551848.0,,,,6,9.0,0.6666666666666666,1.0,,,,2026-08-29,2026-08-31,2.0,,,2100.0
ENNORE,2026-08-27,19,6,6,6,7,551848.0,,,,6,9.0,0.6666666666666666,1.0,,,,2026-08-31,2026-09-01,1.0,,,800.0
ENNORE,2026-08-27,19,6,6,6,7,551848.0,,,,6,9.0,0.6666666666666666,1.0,,,,2026-08-31,2026-09-03,3.0,,,10000.0
ENNORE,2026-08-27,19,6,6,6,7,551848.0,,,,6,9.0,0.6666666666666666,1.0,,,,2026-08-01,2026-08-02,1.0,,,2600.0
ENNORE,2026-08-27,19,6,6,6,7,551848.0,,,,6,9.0,0.6666666666666666,1.0,,,,2026-08-04,2026-08-05,1.0,,,1500.0
ENNORE,2026-08-31,13,3,3,4,6,388904.0,,,,5,9.0,0.4444444444444444,0.75,,,,2026-08-30,2026-09-01,2.0,,,74500.0
ENNORE,2026-08-31,13,3,3,4,6,388904.0,,,,5,9.0,0.4444444444444444,0.75,,,,2026-08-29,2026-09-02,4.0,,,74600.0
ENNORE,2026-08-31,13,3,3,4,6,388904.0,,,,5,9.0,0.4444444444444444,0.75,,,,2026-08-28,2026-09-01,4.0,,,2100.0
ENNORE,2026-08-31,13,3,3,4,6,388904.0,,,,5,9.0,0.4444444444444444,0.75,,,,2026-08-15,2026-09-03,19.0,,,103901.0
ENNORE,2026-08-31,13,3,3,4,6,388904.0,,,,5,9.0,0.4444444444444444,0.75,,,,2026-08-17,2026-09-06,20.0,,,78547.0
ENNORE,2026-08-31,13,3,3,4,6,388904.0,,,,5,9.0,0.4444444444444444,0.75,,,,2026-08-24,2026-09-04,11.0,,,21000.0
ENNORE,2026-08-31,13,3,3,4,6,388904.0,,,,5,9.0,0.4444444444444444,0.75,,,,2026-08-31,2026-09-01,1.0,,,800.0
ENNORE,2026-08-31,13,3,3,4,6,388904.0,,,,5,9.0,0.4444444444444444,0.75,,,,2026-09-02,2026-09-05,3.0,,,10000.0
ENNORE,2026-08-31,13,3,3,4,6,388904.0,,,,5,9.0,0.4444444444444444,0.75,,,,2026-08-31,2026-09-01,1.0,,,16756.0
ENNORE,2026-08-31,13,3,3,4,6,388904.0,,,,5,9.0,0.4444444444444444,0.75,,,,2026-09-05,2026-09-07,2.0,,,2600.0
ENNORE,2026-08-31,13,3,3,4,6,388904.0,,,,5,9.0,0.4444444444444444,0.75,,,,2026-09-06,2026-09-09,3.0,,,1500.0
ENNORE,2026-08-31,13,3,3,4,6,388904.0,,,,5,9.0,0.4444444444444444,0.75,,,,2026-09-13,2026-09-14,1.0,,,1900.0
ENNORE,2026-08-31,13,3,3,4,6,388904.0,,,,5,9.0,0.4444444444444444,0.75,,,,2026-09-17,2026-09-18,1.0,,,700.0
GANGAVARAM,2026-08-10,11,1,1,7,3,704119.0,,,,3,17.0,0.4117647058823529,0.14285714285714285,13.34,18.9,0.0,2026-07-08,2026-08-11,34.0,,,56570.0
GANGAVARAM,2026-08-10,11,1,1,7,3,704119.0,,,,3,17.0,0.4117647058823529,0.14285714285714285,13.34,18.9,0.0,2026-07-08,2026-08-12,35.0,,,77750.0
GANGAVARAM,2026-08-10,11,1,1,7,3,704119.0,,,,3,17.0,0.4117647058823529,0.14285714285714285,13.34,18.9,0.0,2026-07-08,2026-07-10,2.0,,,54275.0
GANGAVARAM,2026-08-10,11,1,1,7,3,704119.0,,,,3,17.0,0.4117647058823529,0.14285714285714285,13.34,18.9,0.0,2026-08-05,2026-08-10,5.0,,,56545.0
GANGAVARAM,2026-08-10,11,1,1,7,3,704119.0,,,,3,17.0,0.4117647058823529,0.14285714285714285,13.34,18.9,0.0,2026-08-06,2026-08-13,7.0,,,169274.0
GANGAVARAM,2026-08-10,11,1,1,7,3,704119.0,,,,3,17.0,0.4117647058823529,0.14285714285714285,13.34,18.9,0.0,2026-07-31,2026-08-15,15.0,,,26250.0
GANGAVARAM,2026-08-10,11,1,1,7,3,704119.0,,,,3,17.0,0.4117647058823529,0.14285714285714285,13.34,18.9,0.0,2026-08-07,2026-08-09,2.0,,,46255.0
GANGAVARAM,2026-08-10,11,1,1,7,3,704119.0,,,,3,17.0,0.4117647058823529,0.14285714285714285,13.34,18.9,0.0,2026-08-07,2026-08-12,5.0,,,55000.0
GANGAVARAM,2026-08-10,11,1,1,7,3,704119.0,,,,3,17.0,0.4117647058823529,0.14285714285714285,13.34,18.9,0.0,2026-08-11,2026-08-18,7.0,,,40000.0
GANGAVARAM,2026-08-11,12,1,1,6,5,767969.0,,,,7,17.0,0.35294117647058826,0.16666666666666666,13.34,18.9,0.0,2026-07-08,2026-08-11,34.0,,,56570.0
GANGAVARAM,2026-08-11,12,1,1,6,5,767969.0,,,,7,17.0,0.35294117647058826,0.16666666666666666,13.34,18.9,0.0,2026-07-08,2026-08-12,35.0,,,77750.0
GANGAVARAM,2026-08-11,12,1,1,6,5,767969.0,,,,7,17.0,0.35294117647058826,0.16666666666666666,13.34,18.9,0.0,2026-08-10,2026-08-12,2.0,,,52625.0
GANGAVARAM,2026-08-11,12,1,1,6,5,767969.0,,,,7,17.0,0.35294117647058826,0.16666666666666666,13.34,18.9,0.0,2026-08-06,2026-08-13,7.0,,,169274.0
GANGAVARAM,2026-08-11,12,1,1,6,5,767969.0,,,,7,17.0,0.35294117647058826,0.16666666666666666,13.34,18.9,0.0,2026-07-31,2026-08-14,14.0,,,26250.0
GANGAVARAM,2026-08-11,12,1,1,6,5,767969.0,,,,7,17.0,0.35294117647058826,0.16666666666666666,13.34,18.9,0.0,2026-08-11,2026-08-14,3.0,,,75000.0
GANGAVARAM,2026-08-11,12,1,1,6,5,767969.0,,,,7,17.0,0.35294117647058826,0.16666666666666666,13.34,18.9,0.0,2026-08-11,2026-08-14,3.0,,,55000.0
GANGAVARAM,2026-08-11,12,1,1,6,5,767969.0,,,,7,17.0,0.35294117647058826,0.16666666666666666,13.34,18.9,0.0,2026-08-12,2026-08-18,6.0,,,40000.0
GANGAVARAM,2026-08-11,12,1,1,6,5,767969.0,,,,7,17.0,0.35294117647058826,0.16666666666666666,13.34,18.9,0.0,2026-08-12,2026-08-15,3.0,,,75000.0
GANGAVARAM,2026-08-11,12,1,1,6,5,767969.0,,,,7,17.0,0.35294117647058826,0.16666666666666666,13.34,18.9,0.0,2026-08-12,2026-08-14,2.0,,,47200.0
GANGAVARAM,2026-08-11,12,1,1,6,5,767969.0,,,,7,17.0,0.35294117647058826,0.16666666666666666,13.34,18.9,0.0,2026-08-12,2026-08-13,1.0,,,46800.0
GANGAVARAM,2026-08-11,12,1,1,6,5,767969.0,,,,7,17.0,0.35294117647058826,0.16666666666666666,13.34,18.9,0.0,2026-08-14,2026-08-15,1.0,,,46500.0
GANGAVARAM,2026-08-12,12,1,1,6,5,728451.0,,,,6,17.0,0.35294117647058826,0.16666666666666666,13.34,18.9,0.0,2026-07-31,2026-08-13,13.0,,,26250.0
GANGAVARAM,2026-08-12,12,1,1,6,5,728451.0,,,,6,17.0,0.35294117647058826,0.16666666666666666,13.34,18.9,0.0,2026-07-08,2026-08-13,36.0,,,77750.0
GANGAVARAM,2026-08-12,12,1,1,6,5,728451.0,,,,6,17.0,0.35294117647058826,0.16666666666666666,13.34,18.9,0.0,2026-08-10,2026-08-12,2.0,,,52625.0
GANGAVARAM,2026-08-12,12,1,1,6,5,728451.0,,,,6,17.0,0.35294117647058826,0.16666666666666666,13.34,18.9,0.0,2026-08-06,2026-08-12,6.0,,,169274.0
GANGAVARAM,2026-08-12,12,1,1,6,5,728451.0,,,,6,17.0,0.35294117647058826,0.16666666666666666,13.34,18.9,0.0,2026-08-11,2026-08-13,2.0,,,67000.0
GANGAVARAM,2026-08-12,12,1,1,6,5,728451.0,,,,6,17.0,0.35294117647058826,0.16666666666666666,13.34,18.9,0.0,2026-08-12,2026-08-19,7.0,,,40000.0
GANGAVARAM,2026-08-12,12,1,1,6,5,728451.0,,,,6,17.0,0.35294117647058826,0.16666666666666666,13.34,18.9,0.0,2026-08-11,2026-08-14,3.0,,,55000.0
GANGAVARAM,2026-08-12,12,1,1,6,5,728451.0,,,,6,17.0,0.35294117647058826,0.16666666666666666,13.34,18.9,0.0,2026-08-12,2026-08-15,3.0,,,75000.0
GANGAVARAM,2026-08-12,12,1,1,6,5,728451.0,,,,6,17.0,0.35294117647058826,0.16666666666666666,13.34,18.9,0.0,2026-08-12,2026-08-14,2.0,,,47200.0
GANGAVARAM,2026-08-12,12,1,1,6,5,728451.0,,,,6,17.0,0.35294117647058826,0.16666666666666666,13.34,18.9,0.0,2026-08-12,2026-08-13,1.0,,,46800.0
GANGAVARAM,2026-08-12,12,1,1,6,5,728451.0,,,,6,17.0,0.35294117647058826,0.16666666666666666,13.34,18.9,0.0,2026-08-14,2026-08-15,1.0,,,46500.0
GANGAVARAM,2026-08-13,10,1,1,6,3,487082.74,,,,3,17.0,0.35294117647058826,0.16666666666666666,13.34,18.9,0.0,2026-07-31,2026-08-14,14.0,,,26250.0
GANGAVARAM,2026-08-13,10,1,1,6,3,487082.74,,,,3,17.0,0.35294117647058826,0.16666666666666666,13.34,18.9,0.0,2026-08-12,2026-08-16,4.0,,,78710.0
GANGAVARAM,2026-08-13,10,1,1,6,3,487082.74,,,,3,17.0,0.35294117647058826,0.16666666666666666,13.34,18.9,0.0,2026-08-11,2026-08-15,4.0,,,54850.0
GANGAVARAM,2026-08-13,10,1,1,6,3,487082.74,,,,3,17.0,0.35294117647058826,0.16666666666666666,13.34,18.9,0.0,2026-08-12,2026-08-14,2.0,,,47200.0
GANGAVARAM,2026-08-13,10,1,1,6,3,487082.74,,,,3,17.0,0.35294117647058826,0.16666666666666666,13.34,18.9,0.0,2026-08-11,2026-08-13,2.0,,,67000.0
GANGAVARAM,2026-08-13,10,1,1,6,3,487082.74,,,,3,17.0,0.35294117647058826,0.16666666666666666,13.34,18.9,0.0,2026-08-12,2026-08-25,13.0,,,39720.74
GANGAVARAM,2026-08-13,10,1,1,6,3,487082.74,,,,3,17.0,0.35294117647058826,0.16666666666666666,13.34,18.9,0.0,2026-08-12,2026-08-15,3.0,,,46800.0
GANGAVARAM,2026-08-13,10,1,1,6,3,487082.74,,,,3,17.0,0.35294117647058826,0.16666666666666666,13.34,18.9,0.0,2026-08-14,2026-08-15,1.0,,,46500.0
GANGAVARAM,2026-08-13,10,1,1,6,3,487082.74,,,,3,17.0,0.35294117647058826,0.16666666666666666,13.34,18.9,0.0,2026-08-15,2026-08-17,2.0,,,55000.0
GANGAVARAM,2026-08-17,4,0,0,1,3,222862.74,,,,3,17.0,0.058823529411764705,0.0,14.04,29.0,0.0,2026-08-12,2026-08-22,10.0,,,39720.74
GANGAVARAM,2026-08-17,4,0,0,1,3,222862.74,,,,3,17.0,0.058823529411764705,0.0,14.04,29.0,0.0,2026-08-17,2026-08-19,2.0,,,80090.0
GANGAVARAM,2026-08-17,4,0,0,1,3,222862.74,,,,3,17.0,0.058823529411764705,0.0,14.04,29.0,0.0,2026-08-17,2026-08-20,3.0,,,78000.0
GANGAVARAM,2026-08-17,4,0,0,1,3,222862.74,,,,3,17.0,0.058823529411764705,0.0,14.04,29.0,0.0,2026-08-17,2026-08-20,3.0,,,25052.0
GANGAVARAM,2026-08-18,9,0,0,4,5,501362.74,,,,7,17.0,0.23529411764705882,0.0,14.04,29.0,0.0,2026-08-18,2026-08-19,1.0,,,80090.0
GANGAVARAM,2026-08-18,9,0,0,4,5,501362.74,,,,7,17.0,0.23529411764705882,0.0,14.04,29.0,0.0,2026-08-18,2026-08-20,2.0,,,78000.0
GANGAVARAM,2026-08-18,9,0,0,4,5,501362.74,,,,7,17.0,0.23529411764705882,0.0,14.04,29.0,0.0,2026-08-17,2026-08-23,6.0,,,25052.0
GANGAVARAM,2026-08-18,9,0,0,4,5,501362.74,,,,7,17.0,0.23529411764705882,0.0,14.04,29.0,0.0,2026-08-12,2026-08-22,10.0,,,39720.74
GANGAVARAM,2026-08-18,9,0,0,4,5,501362.74,,,,7,17.0,0.23529411764705882,0.0,14.04,29.0,0.0,2026-08-18,2026-08-20,2.0,,,76000.0
GANGAVARAM,2026-08-18,9,0,0,4,5,501362.74,,,,7,17.0,0.23529411764705882,0.0,14.04,29.0,0.0,2026-08-18,2026-08-21,3.0,,,55000.0
GANGAVARAM,2026-08-18,9,0,0,4,5,501362.74,,,,7,17.0,0.23529411764705882,0.0,14.04,29.0,0.0,2026-08-19,2026-08-22,3.0,,,55000.0
GANGAVARAM,2026-08-18,9,0,0,4,5,501362.74,,,,7,17.0,0.23529411764705882,0.0,14.04,29.0,0.0,2026-08-20,2026-08-22,2.0,,,76000.0
GANGAVARAM,2026-08-21,11,1,1,3,7,538199.887,,,,8,17.0,0.17647058823529413,0.3333333333333333,14.04,29.0,0.0,2026-08-19,2026-08-21,2.0,,,54750.0
GANGAVARAM,2026-08-21,11,1,1,3,7,538199.887,,,,8,17.0,0.17647058823529413,0.3333333333333333,14.04,29.0,0.0,2026-08-20,2026-08-22,2.0,,,38332.0
GANGAVARAM,2026-08-21,11,1,1,3,7,538199.887,,,,8,17.0,0.17647058823529413,0.3333333333333333,14.04,29.0,0.0,2026-08-17,2026-08-23,6.0,,,25052.0
GANGAVARAM,2026-08-21,11,1,1,3,7,538199.887,,,,8,17.0,0.17647058823529413,0.3333333333333333,14.04,29.0,0.0,2026-08-21,2026-08-23,2.0,,,55000.0
GANGAVARAM,2026-08-21,11,1,1,3,7,538199.887,,,,8,17.0,0.17647058823529413,0.3333333333333333,14.04,29.0,0.0,2026-08-22,2026-08-26,4.0,,,16499.887
GANGAVARAM,2026-08-21,11,1,1,3,7,538199.887,,,,8,17.0,0.17647058823529413,0.3333333333333333,14.04,29.0,0.0,2026-08-23,2026-08-25,2.0,,,57166.0
GANGAVARAM,2026-08-21,11,1,1,3,7,538199.887,,,,8,17.0,0.17647058823529413,0.3333333333333333,14.04,29.0,0.0,2026-08-24,2026-08-26,2.0,,,55000.0
GANGAVARAM,2026-08-21,11,1,1,3,7,538199.887,,,,8,17.0,0.17647058823529413,0.3333333333333333,14.04,29.0,0.0,2026-08-26,2026-08-29,3.0,,,52500.0
GANGAVARAM,2026-08-24,9,0,0,3,6,517415.887,,,,7,17.0,0.17647058823529413,0.0,14.58,43.1,0.0,2026-08-24,2026-08-26,2.0,,,55000.0
GANGAVARAM,2026-08-24,9,0,0,3,6,517415.887,,,,7,17.0,0.17647058823529413,0.0,14.58,43.1,0.0,2026-08-23,2026-08-25,2.0,,,57166.0
GANGAVARAM,2026-08-24,9,0,0,3,6,517415.887,,,,7,17.0,0.17647058823529413,0.0,14.58,43.1,0.0,2026-08-22,2026-08-26,4.0,,,16499.887
GANGAVARAM,2026-08-24,9,0,0,3,6,517415.887,,,,7,17.0,0.17647058823529413,0.0,14.58,43.1,0.0,2026-08-24,2026-08-27,3.0,,,77100.0
GANGAVARAM,2026-08-24,9,0,0,3,6,517415.887,,,,7,17.0,0.17647058823529413,0.0,14.58,43.1,0.0,2026-08-25,2026-08-27,2.0,,,45000.0
GANGAVARAM,2026-08-24,9,0,0,3,6,517415.887,,,,7,17.0,0.17647058823529413,0.0,14.58,43.1,0.0,2026-08-25,2026-08-29,4.0,,,63900.0
GANGAVARAM,2026-08-24,9,0,0,3,6,517415.887,,,,7,17.0,0.17647058823529413,0.0,14.58,43.1,0.0,2026-08-26,2026-08-29,3.0,,,52500.0
GANGAVARAM,2026-08-24,9,0,0,3,6,517415.887,,,,7,17.0,0.17647058823529413,0.0,14.58,43.1,0.0,2026-08-27,2026-08-29,2.0,,,75000.0
GANGAVARAM,2026-08-25,10,0,0,4,6,589613.887,,,,6,17.0,0.23529411764705882,0.0,14.58,43.1,0.0,2026-08-24,2026-08-27,3.0,,,77100.0
GANGAVARAM,2026-08-25,10,0,0,4,6,589613.887,,,,6,17.0,0.23529411764705882,0.0,14.58,43.1,0.0,2026-08-24,2026-08-26,2.0,,,52200.0
GANGAVARAM,2026-08-25,10,0,0,4,6,589613.887,,,,6,17.0,0.23529411764705882,0.0,14.58,43.1,0.0,2026-08-25,2026-08-26,1.0,,,40300.0
GANGAVARAM,2026-08-25,10,0,0,4,6,589613.887,,,,6,17.0,0.23529411764705882,0.0,14.58,43.1,0.0,2026-08-22,2026-08-27,5.0,,,16499.887
GANGAVARAM,2026-08-25,10,0,0,4,6,589613.887,,,,6,17.0,0.23529411764705882,0.0,14.58,43.1,0.0,2026-08-26,2026-08-28,2.0,,,63900.0
GANGAVARAM,2026-08-25,10,0,0,4,6,589613.887,,,,6,17.0,0.23529411764705882,0.0,14.58,43.1,0.0,2026-08-26,2026-08-29,3.0,,,52500.0
GANGAVARAM,2026-08-25,10,0,0,4,6,589613.887,,,,6,17.0,0.23529411764705882,0.0,14.58,43.1,0.0,2026-08-27,2026-08-29,2.0,,,79261.0
GANGAVARAM,2026-08-25,10,0,0,4,6,589613.887,,,,6,17.0,0.23529411764705882,0.0,14.58,43.1,0.0,2026-09-04,2026-09-06,2.0,,,54853.0
GANGAVARAM,2026-08-26,13,0,0,4,9,717634.887,,,,7,17.0,0.23529411764705882,0.0,14.58,43.1,0.0,2026-08-24,2026-08-27,3.0,,,77100.0
GANGAVARAM,2026-08-26,13,0,0,4,9,717634.887,,,,7,17.0,0.23529411764705882,0.0,14.58,43.1,0.0,2026-08-24,2026-08-26,2.0,,,52200.0
GANGAVARAM,2026-08-26,13,0,0,4,9,717634.887,,,,7,17.0,0.23529411764705882,0.0,14.58,43.1,0.0,2026-08-25,2026-08-26,1.0,,,45300.0
GANGAVARAM,2026-08-26,13,0,0,4,9,717634.887,,,,7,17.0,0.23529411764705882,0.0,14.58,43.1,0.0,2026-08-22,2026-08-27,5.0,,,16499.887
GANGAVARAM,2026-08-26,13,0,0,4,9,717634.887,,,,7,17.0,0.23529411764705882,0.0,14.58,43.1,0.0,2026-08-26,2026-08-28,2.0,,,63900.0
GANGAVARAM,2026-08-26,13,0,0,4,9,717634.887,,,,7,17.0,0.23529411764705882,0.0,14.58,43.1,0.0,2026-08-26,2026-08-29,3.0,,,52500.0
GANGAVARAM,2026-08-26,13,0,0,4,9,717634.887,,,,7,17.0,0.23529411764705882,0.0,14.58,43.1,0.0,2026-08-27,2026-08-29,2.0,,,79261.0
GANGAVARAM,2026-08-26,13,0,0,4,9,717634.887,,,,7,17.0,0.23529411764705882,0.0,14.58,43.1,0.0,2026-08-28,2026-08-30,2.0,,,53021.0
GANGAVARAM,2026-08-26,13,0,0,4,9,717634.887,,,,7,17.0,0.23529411764705882,0.0,14.58,43.1,0.0,2026-09-04,2026-09-06,2.0,,,54853.0
GANGAVARAM,2026-08-27,13,0,0,5,8,727634.887,,,,8,17.0,0.29411764705882354,0.0,14.58,43.1,0.0,2026-08-24,2026-08-27,3.0,,,77100.0
GANGAVARAM,2026-08-27,13,0,0,5,8,727634.887,,,,8,17.0,0.29411764705882354,0.0,14.58,43.1,0.0,2026-08-27,2026-08-29,2.0,,,79261.0
GANGAVARAM,2026-08-27,13,0,0,5,8,727634.887,,,,8,17.0,0.29411764705882354,0.0,14.58,43.1,0.0,2026-08-26,2026-08-28,2.0,,,63900.0
GANGAVARAM,2026-08-27,13,0,0,5,8,727634.887,,,,8,17.0,0.29411764705882354,0.0,14.58,43.1,0.0,2026-08-26,2026-08-31,5.0,,,52500.0
GANGAVARAM,2026-08-27,13,0,0,5,8,727634.887,,,,8,17.0,0.29411764705882354,0.0,14.58,43.1,0.0,2026-08-22,2026-08-27,5.0,,,16499.887
GANGAVARAM,2026-08-27,13,0,0,5,8,727634.887,,,,8,17.0,0.29411764705882354,0.0,14.58,43.1,0.0,2026-08-29,2026-08-31,2.0,,,53021.0
GANGAVARAM,2026-08-27,13,0,0,5,8,727634.887,,,,8,17.0,0.29411764705882354,0.0,14.58,43.1,0.0,2026-08-29,2026-08-31,2.0,,,76000.0
GANGAVARAM,2026-08-27,13,0,0,5,8,727634.887,,,,8,17.0,0.29411764705882354,0.0,14.58,43.1,0.0,2026-08-29,2026-09-04,6.0,,,31500.0
GANGAVARAM,2026-08-27,13,0,0,5,8,727634.887,,,,8,17.0,0.29411764705882354,0.0,14.58,43.1,0.0,2026-09-04,2026-09-06,2.0,,,54853.0
GANGAVARAM,2026-08-31,15,0,0,8,7,826032.733,,,,7,17.0,0.47058823529411764,0.0,14.31,13.4,0.0,2026-08-29,2026-09-13,15.0,,,50000.0
GANGAVARAM,2026-08-31,15,0,0,8,7,826032.733,,,,7,17.0,0.47058823529411764,0.0,14.31,13.4,0.0,2026-08-28,2026-09-02,5.0,,,56750.0
GANGAVARAM,2026-08-31,15,0,0,8,7,826032.733,,,,7,17.0,0.47058823529411764,0.0,14.31,13.4,0.0,2026-08-30,2026-09-01,2.0,,,75250.0
GANGAVARAM,2026-08-31,15,0,0,8,7,826032.733,,,,7,17.0,0.47058823529411764,0.0,14.31,13.4,0.0,2026-08-29,2026-08-31,2.0,,,55000.0
GANGAVARAM,2026-08-31,15,0,0,8,7,826032.733,,,,7,17.0,0.47058823529411764,0.0,14.31,13.4,0.0,2026-08-31,2026-09-02,2.0,,,77750.0
GANGAVARAM,2026-08-31,15,0,0,8,7,826032.733,,,,7,17.0,0.47058823529411764,0.0,14.31,13.4,0.0,2026-08-29,2026-09-02,4.0,,,78205.733
GANGAVARAM,2026-08-31,15,0,0,8,7,826032.733,,,,7,17.0,0.47058823529411764,0.0,14.31,13.4,0.0,2026-08-29,2026-09-07,9.0,,,31500.0
GANGAVARAM,2026-08-31,15,0,0,8,7,826032.733,,,,7,17.0,0.47058823529411764,0.0,14.31,13.4,0.0,2026-08-26,2026-08-31,5.0,,,52500.0
GANGAVARAM,2026-08-31,15,0,0,8,7,826032.733,,,,7,17.0,0.47058823529411764,0.0,14.31,13.4,0.0,2026-08-31,2026-09-02,2.0,,,45000.0
GANGAVARAM,2026-08-31,15,0,0,8,7,826032.733,,,,7,17.0,0.47058823529411764,0.0,14.31,13.4,0.0,2026-09-02,2026-09-04,2.0,,,55000.0
GANGAVARAM,2026-08-31,15,0,0,8,7,826032.733,,,,7,17.0,0.47058823529411764,0.0,14.31,13.4,0.0,2026-09-01,2026-09-03,2.0,,,20000.0
GANGAVARAM,2026-08-31,15,0,0,8,7,826032.733,,,,7,17.0,0.47058823529411764,0.0,14.31,13.4,0.0,2026-09-04,2026-09-06,2.0,,,54853.0
GOPALPUR,2026-08-10,4,0,0,1,3,169622.0,,,,2,3.0,0.3333333333333333,0.0,11.23,80.1,0.0,2026-08-08,2026-08-10,2.0,,,22791.0
GOPALPUR,2026-08-10,4,0,0,1,3,169622.0,,,,2,3.0,0.3333333333333333,0.0,11.23,80.1,0.0,2026-08-13,2026-08-15,2.0,,,22322.0
GOPALPUR,2026-08-10,4,0,0,1,3,169622.0,,,,2,3.0,0.3333333333333333,0.0,11.23,80.1,0.0,2026-08-15,2026-08-17,2.0,,,50000.0
GOPALPUR,2026-08-10,4,0,0,1,3,169622.0,,,,2,3.0,0.3333333333333333,0.0,11.23,80.1,0.0,2026-08-19,2026-08-22,3.0,,,74509.0
GOPALPUR,2026-08-11,3,0,0,0,3,146831.0,,,,2,3.0,0.0,0.0,11.23,80.1,0.0,2026-08-14,2026-08-16,2.0,,,22322.0
GOPALPUR,2026-08-11,3,0,0,0,3,146831.0,,,,2,3.0,0.0,0.0,11.23,80.1,0.0,2026-08-16,2026-08-19,3.0,,,50000.0
GOPALPUR,2026-08-11,3,0,0,0,3,146831.0,,,,2,3.0,0.0,0.0,11.23,80.1,0.0,2026-08-19,2026-08-22,3.0,,,74509.0
GOPALPUR,2026-08-12,3,0,0,0,3,146831.0,,,,3,3.0,0.0,0.0,11.23,80.1,0.0,2026-08-14,2026-08-16,2.0,,,22322.0
GOPALPUR,2026-08-12,3,0,0,0,3,146831.0,,,,3,3.0,0.0,0.0,11.23,80.1,0.0,2026-08-16,2026-08-19,3.0,,,50000.0
GOPALPUR,2026-08-12,3,0,0,0,3,146831.0,,,,3,3.0,0.0,0.0,11.23,80.1,0.0,2026-08-19,2026-08-22,3.0,,,74509.0
GOPALPUR,2026-08-13,4,0,0,0,4,225250.0,,,,4,3.0,0.0,0.0,11.23,80.1,0.0,2026-08-14,2026-08-16,2.0,,,22322.0
GOPALPUR,2026-08-13,4,0,0,0,4,225250.0,,,,4,3.0,0.0,0.0,11.23,80.1,0.0,2026-08-17,2026-08-20,3.0,,,50000.0
GOPALPUR,2026-08-13,4,0,0,0,4,225250.0,,,,4,3.0,0.0,0.0,11.23,80.1,0.0,2026-08-19,2026-08-22,3.0,,,74509.0
GOPALPUR,2026-08-13,4,0,0,0,4,225250.0,,,,4,3.0,0.0,0.0,11.23,80.1,0.0,2026-08-19,2026-08-23,4.0,,,78419.0
GOPALPUR,2026-08-17,3,1,1,0,2,192928.0,,,,3,3.0,0.0,0.0,10.1,121.0,0.0,2026-08-17,2026-08-20,3.0,,,40000.0
GOPALPUR,2026-08-17,3,1,1,0,2,192928.0,,,,3,3.0,0.0,0.0,10.1,121.0,0.0,2026-08-19,2026-08-23,4.0,,,78419.0
GOPALPUR,2026-08-17,3,1,1,0,2,192928.0,,,,3,3.0,0.0,0.0,10.1,121.0,0.0,2026-08-19,2026-08-23,4.0,,,74509.0
GOPALPUR,2026-08-18,4,0,0,1,3,247808.0,,,,3,3.0,0.3333333333333333,0.0,10.1,121.0,0.0,2026-08-17,2026-08-20,3.0,,,40000.0
GOPALPUR,2026-08-18,4,0,0,1,3,247808.0,,,,3,3.0,0.3333333333333333,0.0,10.1,121.0,0.0,2026-08-19,2026-08-22,3.0,,,54880.0
GOPALPUR,2026-08-18,4,0,0,1,3,247808.0,,,,3,3.0,0.3333333333333333,0.0,10.1,121.0,0.0,2026-08-19,2026-08-23,4.0,,,78419.0
GOPALPUR,2026-08-18,4,0,0,1,3,247808.0,,,,3,3.0,0.3333333333333333,0.0,10.1,121.0,0.0,2026-08-19,2026-08-23,4.0,,,74509.0
GOPALPUR,2026-08-21,3,1,1,2,0,207808.0,,,,0,3.0,0.6666666666666666,0.5,10.1,121.0,0.0,2026-08-19,2026-08-23,4.0,,,78419.0
GOPALPUR,2026-08-21,3,1,1,2,0,207808.0,,,,0,3.0,0.6666666666666666,0.5,10.1,121.0,0.0,2026-08-19,2026-08-25,6.0,,,74509.0
GOPALPUR,2026-08-21,3,1,1,2,0,207808.0,,,,0,3.0,0.6666666666666666,0.5,10.1,121.0,0.0,2026-08-20,2026-08-26,6.0,,,54880.0
GOPALPUR,2026-08-24,3,1,1,2,0,207808.0,,,,0,3.0,0.6666666666666666,0.5,10.69,66.8,0.0,2026-08-19,2026-08-24,5.0,,,78419.0
GOPALPUR,2026-08-24,3,1,1,2,0,207808.0,,,,0,3.0,0.6666666666666666,0.5,10.69,66.8,0.0,2026-08-19,2026-08-26,7.0,,,74509.0
GOPALPUR,2026-08-24,3,1,1,2,0,207808.0,,,,0,3.0,0.6666666666666666,0.5,10.69,66.8,0.0,2026-08-20,2026-08-27,7.0,,,54880.0
GOPALPUR,2026-08-25,2,1,1,1,0,129389.0,,,,0,3.0,0.3333333333333333,1.0,10.69,66.8,0.0,2026-08-19,2026-08-26,7.0,,,74509.0
GOPALPUR,2026-08-25,2,1,1,1,0,129389.0,,,,0,3.0,0.3333333333333333,1.0,10.69,66.8,0.0,2026-08-20,2026-08-28,8.0,,,54880.0
GOPALPUR,2026-08-26,2,0,0,2,0,129389.0,,,,0,3.0,0.6666666666666666,0.0,10.69,66.8,0.0,2026-08-19,2026-08-27,8.0,,,74509.0
GOPALPUR,2026-08-26,2,0,0,2,0,129389.0,,,,0,3.0,0.6666666666666666,0.0,10.69,66.8,0.0,2026-08-20,2026-08-28,8.0,,,54880.0
GOPALPUR,2026-08-27,2,0,0,2,0,129389.0,,,,0,3.0,0.6666666666666666,0.0,10.69,66.8,0.0,2026-08-19,2026-08-27,8.0,,,74509.0
GOPALPUR,2026-08-27,2,0,0,2,0,129389.0,,,,0,3.0,0.6666666666666666,0.0,10.69,66.8,0.0,2026-08-20,2026-08-29,9.0,,,54880.0
GOPALPUR,2026-08-31,2,0,0,1,1,129880.0,,,,1,3.0,0.3333333333333333,0.0,11.34,25.6,0.0,2026-08-20,2026-08-31,11.0,,,54880.0
GOPALPUR,2026-08-31,2,0,0,1,1,129880.0,,,,1,3.0,0.3333333333333333,0.0,11.34,25.6,0.0,2026-08-31,2026-09-04,4.0,,,75000.0
HALDIA,2026-08-10,18,2,5,6,7,512462.0,5.0,1.0,0.0,11,19.0,0.3157894736842105,0.3333333333333333,12.2,267.3,0.0,2025-10-22,2025-10-24,2.0,,import,32000.0
HALDIA,2026-08-10,18,2,5,6,7,512462.0,5.0,1.0,0.0,11,19.0,0.3157894736842105,0.3333333333333333,12.2,267.3,0.0,2026-08-09,2026-08-12,3.0,,import,23270.0
HALDIA,2026-08-10,18,2,5,6,7,512462.0,5.0,1.0,0.0,11,19.0,0.3157894736842105,0.3333333333333333,12.2,267.3,0.0,2026-08-09,2026-08-10,1.0,,export,23050.0
HALDIA,2026-08-10,18,2,5,6,7,512462.0,5.0,1.0,0.0,11,19.0,0.3157894736842105,0.3333333333333333,12.2,267.3,0.0,2026-08-06,2026-08-10,4.0,,import,35000.0
HALDIA,2026-08-10,18,2,5,6,7,512462.0,5.0,1.0,0.0,11,19.0,0.3157894736842105,0.3333333333333333,12.2,267.3,0.0,2026-07-28,2026-08-14,17.0,,import,20000.0
HALDIA,2026-08-10,18,2,5,6,7,512462.0,5.0,1.0,0.0,11,19.0,0.3157894736842105,0.3333333333333333,12.2,267.3,0.0,2026-08-08,2026-08-11,3.0,,import,35183.0
HALDIA,2026-08-10,18,2,5,6,7,512462.0,5.0,1.0,0.0,11,19.0,0.3157894736842105,0.3333333333333333,12.2,267.3,0.0,2026-08-09,2026-08-12,3.0,,import,30000.0
HALDIA,2026-08-10,18,2,5,6,7,512462.0,5.0,1.0,0.0,11,19.0,0.3157894736842105,0.3333333333333333,12.2,267.3,0.0,2026-08-11,2026-08-13,2.0,,import,35000.0
HALDIA,2026-08-10,18,2,5,6,7,512462.0,5.0,1.0,0.0,11,19.0,0.3157894736842105,0.3333333333333333,12.2,267.3,0.0,2026-08-10,2026-08-13,3.0,,import,30000.0
HALDIA,2026-08-10,18,2,5,6,7,512462.0,5.0,1.0,0.0,11,19.0,0.3157894736842105,0.3333333333333333,12.2,267.3,0.0,2026-08-11,2026-08-14,3.0,,import,32000.0
HALDIA,2026-08-10,18,2,5,6,7,512462.0,5.0,1.0,0.0,11,19.0,0.3157894736842105,0.3333333333333333,12.2,267.3,0.0,2026-08-11,2026-08-14,3.0,,import,33000.0
HALDIA,2026-08-10,18,2,5,6,7,512462.0,5.0,1.0,0.0,11,19.0,0.3157894736842105,0.3333333333333333,12.2,267.3,0.0,2026-08-11,2026-08-14,3.0,,import,30610.0
HALDIA,2026-08-10,18,2,5,6,7,512462.0,5.0,1.0,0.0,11,19.0,0.3157894736842105,0.3333333333333333,12.2,267.3,0.0,2026-08-13,2026-08-16,3.0,,import,21050.0
HALDIA,2026-08-10,18,2,5,6,7,512462.0,5.0,1.0,0.0,11,19.0,0.3157894736842105,0.3333333333333333,12.2,267.3,0.0,2026-08-13,2026-08-16,3.0,,import,30000.0
HALDIA,2026-08-10,18,2,5,6,7,512462.0,5.0,1.0,0.0,11,19.0,0.3157894736842105,0.3333333333333333,12.2,267.3,0.0,2026-08-14,2026-08-18,4.0,,import,30000.0
HALDIA,2026-08-10,18,2,5,6,7,512462.0,5.0,1.0,0.0,11,19.0,0.3157894736842105,0.3333333333333333,12.2,267.3,0.0,2026-08-15,2026-08-22,7.0,,import,28000.0
HALDIA,2026-08-10,18,2,5,6,7,512462.0,5.0,1.0,0.0,11,19.0,0.3157894736842105,0.3333333333333333,12.2,267.3,0.0,2026-08-15,2026-08-20,5.0,,import,26639.0
HALDIA,2026-08-10,18,2,5,6,7,512462.0,5.0,1.0,0.0,11,19.0,0.3157894736842105,0.3333333333333333,12.2,267.3,0.0,2026-08-17,2026-08-20,3.0,,import,17660.0
HALDIA,2026-08-11,19,5,5,4,10,527672.0,4.0,0.0,0.0,13,19.0,0.21052631578947367,1.25,12.2,267.3,0.0,2025-10-22,2025-10-24,2.0,,import,32000.0
HALDIA,2026-08-11,19,5,5,4,10,527672.0,4.0,0.0,0.0,13,19.0,0.21052631578947367,1.25,12.2,267.3,0.0,2026-08-09,2026-08-12,3.0,,import,30000.0
HALDIA,2026-08-11,19,5,5,4,10,527672.0,4.0,0.0,0.0,13,19.0,0.21052631578947367,1.25,12.2,267.3,0.0,2026-07-28,2026-08-14,17.0,,import,20000.0
HALDIA,2026-08-11,19,5,5,4,10,527672.0,4.0,0.0,0.0,13,19.0,0.21052631578947367,1.25,12.2,267.3,0.0,2026-08-08,2026-08-11,3.0,,import,35183.0
HALDIA,2026-08-11,19,5,5,4,10,527672.0,4.0,0.0,0.0,13,19.0,0.21052631578947367,1.25,12.2,267.3,0.0,2026-08-10,2026-08-13,3.0,,import,30000.0
HALDIA,2026-08-11,19,5,5,4,10,527672.0,4.0,0.0,0.0,13,19.0,0.21052631578947367,1.25,12.2,267.3,0.0,2026-08-11,2026-08-13,2.0,,import,35000.0
HALDIA,2026-08-11,19,5,5,4,10,527672.0,4.0,0.0,0.0,13,19.0,0.21052631578947367,1.25,12.2,267.3,0.0,2026-08-11,2026-08-14,3.0,,import,30610.0
HALDIA,2026-08-11,19,5,5,4,10,527672.0,4.0,0.0,0.0,13,19.0,0.21052631578947367,1.25,12.2,267.3,0.0,2026-08-11,2026-08-14,3.0,,import,33000.0
HALDIA,2026-08-11,19,5,5,4,10,527672.0,4.0,0.0,0.0,13,19.0,0.21052631578947367,1.25,12.2,267.3,0.0,2026-08-11,2026-08-14,3.0,,import,32000.0
HALDIA,2026-08-11,19,5,5,4,10,527672.0,4.0,0.0,0.0,13,19.0,0.21052631578947367,1.25,12.2,267.3,0.0,2026-08-12,2026-08-16,4.0,,import,21050.0
HALDIA,2026-08-11,19,5,5,4,10,527672.0,4.0,0.0,0.0,13,19.0,0.21052631578947367,1.25,12.2,267.3,0.0,2026-08-14,2026-08-22,8.0,,import,28000.0
HALDIA,2026-08-11,19,5,5,4,10,527672.0,4.0,0.0,0.0,13,19.0,0.21052631578947367,1.25,12.2,267.3,0.0,2026-08-14,2026-08-18,4.0,,import,30000.0
HALDIA,2026-08-11,19,5,5,4,10,527672.0,4.0,0.0,0.0,13,19.0,0.21052631578947367,1.25,12.2,267.3,0.0,2026-08-14,2026-08-18,4.0,,import,34200.0
HALDIA,2026-08-11,19,5,5,4,10,527672.0,4.0,0.0,0.0,13,19.0,0.21052631578947367,1.25,12.2,267.3,0.0,2026-08-15,2026-08-19,4.0,,import,30000.0
HALDIA,2026-08-11,19,5,5,4,10,527672.0,4.0,0.0,0.0,13,19.0,0.21052631578947367,1.25,12.2,267.3,0.0,2026-08-17,2026-08-20,3.0,,import,17660.0
HALDIA,2026-08-11,19,5,5,4,10,527672.0,4.0,0.0,0.0,13,19.0,0.21052631578947367,1.25,12.2,267.3,0.0,2026-08-18,2026-08-21,3.0,,import,33000.0
HALDIA,2026-08-11,19,5,5,4,10,527672.0,4.0,0.0,0.0,13,19.0,0.21052631578947367,1.25,12.2,267.3,0.0,2026-08-18,2026-08-21,3.0,,import,18600.0
HALDIA,2026-08-12,19,1,1,7,11,530499.0,7.0,0.0,0.0,10,19.0,0.3684210526315789,0.14285714285714285,12.2,267.3,0.0,2025-10-22,2025-10-24,2.0,,import,32000.0
HALDIA,2026-08-12,19,1,1,7,11,530499.0,7.0,0.0,0.0,10,19.0,0.3684210526315789,0.14285714285714285,12.2,267.3,0.0,2026-08-11,2026-08-13,2.0,,import,35000.0
HALDIA,2026-08-12,19,1,1,7,11,530499.0,7.0,0.0,0.0,10,19.0,0.3684210526315789,0.14285714285714285,12.2,267.3,0.0,2026-08-10,2026-08-13,3.0,,import,30000.0
HALDIA,2026-08-12,19,1,1,7,11,530499.0,7.0,0.0,0.0,10,19.0,0.3684210526315789,0.14285714285714285,12.2,267.3,0.0,2026-07-28,2026-08-14,17.0,,import,20000.0
HALDIA,2026-08-12,19,1,1,7,11,530499.0,7.0,0.0,0.0,10,19.0,0.3684210526315789,0.14285714285714285,12.2,267.3,0.0,2026-08-11,2026-08-14,3.0,,import,30610.0
HALDIA,2026-08-12,19,1,1,7,11,530499.0,7.0,0.0,0.0,10,19.0,0.3684210526315789,0.14285714285714285,12.2,267.3,0.0,2026-08-11,2026-08-14,3.0,,import,32000.0
HALDIA,2026-08-12,19,1,1,7,11,530499.0,7.0,0.0,0.0,10,19.0,0.3684210526315789,0.14285714285714285,12.2,267.3,0.0,2026-08-11,2026-08-14,3.0,,import,33000.0
HALDIA,2026-08-12,19,1,1,7,11,530499.0,7.0,0.0,0.0,10,19.0,0.3684210526315789,0.14285714285714285,12.2,267.3,0.0,2026-08-12,2026-08-15,3.0,,import,21050.0
HALDIA,2026-08-12,19,1,1,7,11,530499.0,7.0,0.0,0.0,10,19.0,0.3684210526315789,0.14285714285714285,12.2,267.3,0.0,2026-08-11,2026-08-22,11.0,,import,10730.0
HALDIA,2026-08-12,19,1,1,7,11,530499.0,7.0,0.0,0.0,10,19.0,0.3684210526315789,0.14285714285714285,12.2,267.3,0.0,2026-08-14,2026-08-20,6.0,,import,28000.0
HALDIA,2026-08-12,19,1,1,7,11,530499.0,7.0,0.0,0.0,10,19.0,0.3684210526315789,0.14285714285714285,12.2,267.3,0.0,2026-08-14,2026-08-17,3.0,,import,33000.0
HALDIA,2026-08-12,19,1,1,7,11,530499.0,7.0,0.0,0.0,10,19.0,0.3684210526315789,0.14285714285714285,12.2,267.3,0.0,2026-08-15,2026-08-18,3.0,,import,34200.0
HALDIA,2026-08-12,19,1,1,7,11,530499.0,7.0,0.0,0.0,10,19.0,0.3684210526315789,0.14285714285714285,12.2,267.3,0.0,2026-08-16,2026-08-19,3.0,,import,33000.0
HALDIA,2026-08-12,19,1,1,7,11,530499.0,7.0,0.0,0.0,10,19.0,0.3684210526315789,0.14285714285714285,12.2,267.3,0.0,2026-08-16,2026-08-20,4.0,,import,32010.0
HALDIA,2026-08-12,19,1,1,7,11,530499.0,7.0,0.0,0.0,10,19.0,0.3684210526315789,0.14285714285714285,12.2,267.3,0.0,2026-08-17,2026-08-20,3.0,,import,34000.0
HALDIA,2026-08-12,19,1,1,7,11,530499.0,7.0,0.0,0.0,10,19.0,0.3684210526315789,0.14285714285714285,12.2,267.3,0.0,2026-08-17,2026-08-20,3.0,,import,17660.0
HALDIA,2026-08-12,19,1,1,7,11,530499.0,7.0,0.0,0.0,10,19.0,0.3684210526315789,0.14285714285714285,12.2,267.3,0.0,2026-08-18,2026-08-21,3.0,,import,33000.0
HALDIA,2026-08-12,19,1,1,7,11,530499.0,7.0,0.0,0.0,10,19.0,0.3684210526315789,0.14285714285714285,12.2,267.3,0.0,2026-08-18,2026-08-21,3.0,,import,18600.0
HALDIA,2026-08-13,26,2,2,7,17,746053.0,7.0,0.0,0.0,16,19.0,0.3684210526315789,0.2857142857142857,12.2,267.3,0.0,2025-10-22,2025-10-24,2.0,,import,32000.0
HALDIA,2026-08-13,26,2,2,7,17,746053.0,7.0,0.0,0.0,16,19.0,0.3684210526315789,0.2857142857142857,12.2,267.3,0.0,2026-08-11,2026-08-13,2.0,,import,35000.0
HALDIA,2026-08-13,26,2,2,7,17,746053.0,7.0,0.0,0.0,16,19.0,0.3684210526315789,0.2857142857142857,12.2,267.3,0.0,2026-08-10,2026-08-13,3.0,,import,30000.0
HALDIA,2026-08-13,26,2,2,7,17,746053.0,7.0,0.0,0.0,16,19.0,0.3684210526315789,0.2857142857142857,12.2,267.3,0.0,2026-08-11,2026-08-14,3.0,,import,32000.0
HALDIA,2026-08-13,26,2,2,7,17,746053.0,7.0,0.0,0.0,16,19.0,0.3684210526315789,0.2857142857142857,12.2,267.3,0.0,2026-07-28,2026-08-17,20.0,,import,20000.0
HALDIA,2026-08-13,26,2,2,7,17,746053.0,7.0,0.0,0.0,16,19.0,0.3684210526315789,0.2857142857142857,12.2,267.3,0.0,2026-08-11,2026-08-14,3.0,,import,30610.0
HALDIA,2026-08-13,26,2,2,7,17,746053.0,7.0,0.0,0.0,16,19.0,0.3684210526315789,0.2857142857142857,12.2,267.3,0.0,2026-08-11,2026-08-14,3.0,,import,33000.0
HALDIA,2026-08-13,26,2,2,7,17,746053.0,7.0,0.0,0.0,16,19.0,0.3684210526315789,0.2857142857142857,12.2,267.3,0.0,2026-08-12,2026-08-15,3.0,,import,21050.0
HALDIA,2026-08-13,26,2,2,7,17,746053.0,7.0,0.0,0.0,16,19.0,0.3684210526315789,0.2857142857142857,12.2,267.3,0.0,2026-08-11,2026-08-16,5.0,,import,10730.0
HALDIA,2026-08-13,26,2,2,7,17,746053.0,7.0,0.0,0.0,16,19.0,0.3684210526315789,0.2857142857142857,12.2,267.3,0.0,2026-08-14,2026-08-17,3.0,,import,30000.0
HALDIA,2026-08-13,26,2,2,7,17,746053.0,7.0,0.0,0.0,16,19.0,0.3684210526315789,0.2857142857142857,12.2,267.3,0.0,2026-08-14,2026-08-20,6.0,,import,28000.0
HALDIA,2026-08-13,26,2,2,7,17,746053.0,7.0,0.0,0.0,16,19.0,0.3684210526315789,0.2857142857142857,12.2,267.3,0.0,2026-08-15,2026-08-18,3.0,,import,33000.0
HALDIA,2026-08-13,26,2,2,7,17,746053.0,7.0,0.0,0.0,16,19.0,0.3684210526315789,0.2857142857142857,12.2,267.3,0.0,2026-08-15,2026-08-18,3.0,,import,34200.0
HALDIA,2026-08-13,26,2,2,7,17,746053.0,7.0,0.0,0.0,16,19.0,0.3684210526315789,0.2857142857142857,12.2,267.3,0.0,2026-08-17,2026-08-20,3.0,,import,32010.0
HALDIA,2026-08-13,26,2,2,7,17,746053.0,7.0,0.0,0.0,16,19.0,0.3684210526315789,0.2857142857142857,12.2,267.3,0.0,2026-08-17,2026-08-20,3.0,,import,17660.0
HALDIA,2026-08-13,26,2,2,7,17,746053.0,7.0,0.0,0.0,16,19.0,0.3684210526315789,0.2857142857142857,12.2,267.3,0.0,2026-08-17,2026-08-20,3.0,,import,28648.0
HALDIA,2026-08-13,26,2,2,7,17,746053.0,7.0,0.0,0.0,16,19.0,0.3684210526315789,0.2857142857142857,12.2,267.3,0.0,2026-08-18,2026-08-21,3.0,,import,33000.0
HALDIA,2026-08-13,26,2,2,7,17,746053.0,7.0,0.0,0.0,16,19.0,0.3684210526315789,0.2857142857142857,12.2,267.3,0.0,2026-08-18,2026-08-21,3.0,,import,30000.0
HALDIA,2026-08-13,26,2,2,7,17,746053.0,7.0,0.0,0.0,16,19.0,0.3684210526315789,0.2857142857142857,12.2,267.3,0.0,2026-08-18,2026-08-21,3.0,,import,34000.0
HALDIA,2026-08-13,26,2,2,7,17,746053.0,7.0,0.0,0.0,16,19.0,0.3684210526315789,0.2857142857142857,12.2,267.3,0.0,2026-08-18,2026-08-22,4.0,,import,33000.0
HALDIA,2026-08-13,26,2,2,7,17,746053.0,7.0,0.0,0.0,16,19.0,0.3684210526315789,0.2857142857142857,12.2,267.3,0.0,2026-08-18,2026-08-23,5.0,,import,33000.0
HALDIA,2026-08-13,26,2,2,7,17,746053.0,7.0,0.0,0.0,16,19.0,0.3684210526315789,0.2857142857142857,12.2,267.3,0.0,2026-08-18,2026-08-27,9.0,,import,18600.0
HALDIA,2026-08-13,26,2,2,7,17,746053.0,7.0,0.0,0.0,16,19.0,0.3684210526315789,0.2857142857142857,12.2,267.3,0.0,2026-08-19,2026-08-24,5.0,,import,31906.0
HALDIA,2026-08-13,26,2,2,7,17,746053.0,7.0,0.0,0.0,16,19.0,0.3684210526315789,0.2857142857142857,12.2,267.3,0.0,2026-08-20,2026-08-27,7.0,,import,35000.0
HALDIA,2026-08-13,26,2,2,7,17,746053.0,7.0,0.0,0.0,16,19.0,0.3684210526315789,0.2857142857142857,12.2,267.3,0.0,2026-08-23,2026-08-26,3.0,,import,23000.0
HALDIA,2026-08-17,27,2,2,6,19,738027.0,5.0,1.0,0.0,20,19.0,0.3157894736842105,0.3333333333333333,16.04,84.3,0.0,2025-10-22,2025-10-24,2.0,,import,32000.0
HALDIA,2026-08-17,27,2,2,6,19,738027.0,5.0,1.0,0.0,20,19.0,0.3157894736842105,0.3333333333333333,16.04,84.3,0.0,2026-07-28,2026-08-20,23.0,,import,20000.0
HALDIA,2026-08-17,27,2,2,6,19,738027.0,5.0,1.0,0.0,20,19.0,0.3157894736842105,0.3333333333333333,16.04,84.3,0.0,2026-08-11,2026-08-20,9.0,,export,10730.0
HALDIA,2026-08-17,27,2,2,6,19,738027.0,5.0,1.0,0.0,20,19.0,0.3157894736842105,0.3333333333333333,16.04,84.3,0.0,2026-08-14,2026-08-18,4.0,,import,30000.0
HALDIA,2026-08-17,27,2,2,6,19,738027.0,5.0,1.0,0.0,20,19.0,0.3157894736842105,0.3333333333333333,16.04,84.3,0.0,2026-08-14,2026-08-20,6.0,,import,28000.0
HALDIA,2026-08-17,27,2,2,6,19,738027.0,5.0,1.0,0.0,20,19.0,0.3157894736842105,0.3333333333333333,16.04,84.3,0.0,2026-08-17,2026-08-19,2.0,,import,33000.0
HALDIA,2026-08-17,27,2,2,6,19,738027.0,5.0,1.0,0.0,20,19.0,0.3157894736842105,0.3333333333333333,16.04,84.3,0.0,2026-08-16,2026-08-21,5.0,,import,33000.0
HALDIA,2026-08-17,27,2,2,6,19,738027.0,5.0,1.0,0.0,20,19.0,0.3157894736842105,0.3333333333333333,16.04,84.3,0.0,2026-08-15,2026-08-20,5.0,,import,34200.0
HALDIA,2026-08-17,27,2,2,6,19,738027.0,5.0,1.0,0.0,20,19.0,0.3157894736842105,0.3333333333333333,16.04,84.3,0.0,2026-08-17,2026-08-20,3.0,,import,32010.0
HALDIA,2026-08-17,27,2,2,6,19,738027.0,5.0,1.0,0.0,20,19.0,0.3157894736842105,0.3333333333333333,16.04,84.3,0.0,2026-08-17,2026-08-27,10.0,,import,18600.0
HALDIA,2026-08-17,27,2,2,6,19,738027.0,5.0,1.0,0.0,20,19.0,0.3157894736842105,0.3333333333333333,16.04,84.3,0.0,2026-08-17,2026-08-22,5.0,,import,33000.0
HALDIA,2026-08-17,27,2,2,6,19,738027.0,5.0,1.0,0.0,20,19.0,0.3157894736842105,0.3333333333333333,16.04,84.3,0.0,2026-08-18,2026-08-22,4.0,,import,26800.0
HALDIA,2026-08-17,27,2,2,6,19,738027.0,5.0,1.0,0.0,20,19.0,0.3157894736842105,0.3333333333333333,16.04,84.3,0.0,2026-08-18,2026-08-23,5.0,,import,16824.0
HALDIA,2026-08-17,27,2,2,6,19,738027.0,5.0,1.0,0.0,20,19.0,0.3157894736842105,0.3333333333333333,16.04,84.3,0.0,2026-08-19,2026-08-23,4.0,,import,34000.0
HALDIA,2026-08-17,27,2,2,6,19,738027.0,5.0,1.0,0.0,20,19.0,0.3157894736842105,0.3333333333333333,16.04,84.3,0.0,2026-08-19,2026-08-24,5.0,,import,33000.0
HALDIA,2026-08-17,27,2,2,6,19,738027.0,5.0,1.0,0.0,20,19.0,0.3157894736842105,0.3333333333333333,16.04,84.3,0.0,2026-08-20,2026-08-24,4.0,,import,31906.0
HALDIA,2026-08-17,27,2,2,6,19,738027.0,5.0,1.0,0.0,20,19.0,0.3157894736842105,0.3333333333333333,16.04,84.3,0.0,2026-08-20,2026-08-22,2.0,,import,34000.0
HALDIA,2026-08-17,27,2,2,6,19,738027.0,5.0,1.0,0.0,20,19.0,0.3157894736842105,0.3333333333333333,16.04,84.3,0.0,2026-08-20,2026-08-23,3.0,,import,28648.0
HALDIA,2026-08-17,27,2,2,6,19,738027.0,5.0,1.0,0.0,20,19.0,0.3157894736842105,0.3333333333333333,16.04,84.3,0.0,2026-08-20,2026-08-23,3.0,,import,34679.0
HALDIA,2026-08-17,27,2,2,6,19,738027.0,5.0,1.0,0.0,20,19.0,0.3157894736842105,0.3333333333333333,16.04,84.3,0.0,2026-08-20,2026-08-27,7.0,,import,33000.0
HALDIA,2026-08-17,27,2,2,6,19,738027.0,5.0,1.0,0.0,20,19.0,0.3157894736842105,0.3333333333333333,16.04,84.3,0.0,2026-08-20,2026-08-27,7.0,,import,17660.0
HALDIA,2026-08-17,27,2,2,6,19,738027.0,5.0,1.0,0.0,20,19.0,0.3157894736842105,0.3333333333333333,16.04,84.3,0.0,2026-08-23,2026-08-27,4.0,,import,33000.0
HALDIA,2026-08-17,27,2,2,6,19,738027.0,5.0,1.0,0.0,20,19.0,0.3157894736842105,0.3333333333333333,16.04,84.3,0.0,2026-08-23,2026-08-27,4.0,,import,17970.0
HALDIA,2026-08-17,27,2,2,6,19,738027.0,5.0,1.0,0.0,20,19.0,0.3157894736842105,0.3333333333333333,16.04,84.3,0.0,2026-08-24,2026-08-29,5.0,,import,35000.0
HALDIA,2026-08-17,27,2,2,6,19,738027.0,5.0,1.0,0.0,20,19.0,0.3157894736842105,0.3333333333333333,16.04,84.3,0.0,2026-08-24,2026-08-29,5.0,,import,23000.0
HALDIA,2026-08-18,27,4,6,6,15,767666.0,5.0,1.0,0.0,17,19.0,0.3157894736842105,0.6666666666666666,16.04,84.3,0.0,2025-10-22,2025-10-24,2.0,,import,32000.0
HALDIA,2026-08-18,27,4,6,6,15,767666.0,5.0,1.0,0.0,17,19.0,0.3157894736842105,0.6666666666666666,16.04,84.3,0.0,2026-08-11,2026-08-20,9.0,,export,10730.0
HALDIA,2026-08-18,27,4,6,6,15,767666.0,5.0,1.0,0.0,17,19.0,0.3157894736842105,0.6666666666666666,16.04,84.3,0.0,2026-08-14,2026-08-19,5.0,,import,28000.0
HALDIA,2026-08-18,27,4,6,6,15,767666.0,5.0,1.0,0.0,17,19.0,0.3157894736842105,0.6666666666666666,16.04,84.3,0.0,2026-08-17,2026-08-19,2.0,,import,33000.0
HALDIA,2026-08-18,27,4,6,6,15,767666.0,5.0,1.0,0.0,17,19.0,0.3157894736842105,0.6666666666666666,16.04,84.3,0.0,2026-08-15,2026-08-20,5.0,,import,34200.0
HALDIA,2026-08-18,27,4,6,6,15,767666.0,5.0,1.0,0.0,17,19.0,0.3157894736842105,0.6666666666666666,16.04,84.3,0.0,2026-07-28,2026-08-21,24.0,,import,20000.0
HALDIA,2026-08-18,27,4,6,6,15,767666.0,5.0,1.0,0.0,17,19.0,0.3157894736842105,0.6666666666666666,16.04,84.3,0.0,2026-08-17,2026-08-21,4.0,,import,32010.0
HALDIA,2026-08-18,27,4,6,6,15,767666.0,5.0,1.0,0.0,17,19.0,0.3157894736842105,0.6666666666666666,16.04,84.3,0.0,2026-08-16,2026-08-20,4.0,,import,33000.0
HALDIA,2026-08-18,27,4,6,6,15,767666.0,5.0,1.0,0.0,17,19.0,0.3157894736842105,0.6666666666666666,16.04,84.3,0.0,2026-08-17,2026-08-22,5.0,,import,18600.0
HALDIA,2026-08-18,27,4,6,6,15,767666.0,5.0,1.0,0.0,17,19.0,0.3157894736842105,0.6666666666666666,16.04,84.3,0.0,2026-08-17,2026-08-22,5.0,,import,33000.0
HALDIA,2026-08-18,27,4,6,6,15,767666.0,5.0,1.0,0.0,17,19.0,0.3157894736842105,0.6666666666666666,16.04,84.3,0.0,2026-08-19,2026-08-21,2.0,,import,34000.0
HALDIA,2026-08-18,27,4,6,6,15,767666.0,5.0,1.0,0.0,17,19.0,0.3157894736842105,0.6666666666666666,16.04,84.3,0.0,2026-08-19,2026-08-21,2.0,,import,32000.0
HALDIA,2026-08-18,27,4,6,6,15,767666.0,5.0,1.0,0.0,17,19.0,0.3157894736842105,0.6666666666666666,16.04,84.3,0.0,2026-08-18,2026-08-24,6.0,,import,26800.0
HALDIA,2026-08-18,27,4,6,6,15,767666.0,5.0,1.0,0.0,17,19.0,0.3157894736842105,0.6666666666666666,16.04,84.3,0.0,2026-08-18,2026-08-31,13.0,,import,16824.0
HALDIA,2026-08-18,27,4,6,6,15,767666.0,5.0,1.0,0.0,17,19.0,0.3157894736842105,0.6666666666666666,16.04,84.3,0.0,2026-08-19,2026-08-24,5.0,,import,32906.0
HALDIA,2026-08-18,27,4,6,6,15,767666.0,5.0,1.0,0.0,17,19.0,0.3157894736842105,0.6666666666666666,16.04,84.3,0.0,2026-08-19,2026-08-21,2.0,,import,33000.0
HALDIA,2026-08-18,27,4,6,6,15,767666.0,5.0,1.0,0.0,17,19.0,0.3157894736842105,0.6666666666666666,16.04,84.3,0.0,2026-08-20,2026-08-21,1.0,,import,33000.0
HALDIA,2026-08-18,27,4,6,6,15,767666.0,5.0,1.0,0.0,17,19.0,0.3157894736842105,0.6666666666666666,16.04,84.3,0.0,2026-08-20,2026-08-26,6.0,,import,17660.0
HALDIA,2026-08-18,27,4,6,6,15,767666.0,5.0,1.0,0.0,17,19.0,0.3157894736842105,0.6666666666666666,16.04,84.3,0.0,2026-08-20,2026-08-26,6.0,,import,28648.0
HALDIA,2026-08-18,27,4,6,6,15,767666.0,5.0,1.0,0.0,17,19.0,0.3157894736842105,0.6666666666666666,16.04,84.3,0.0,2026-08-21,2026-08-24,3.0,,import,34000.0
HALDIA,2026-08-18,27,4,6,6,15,767666.0,5.0,1.0,0.0,17,19.0,0.3157894736842105,0.6666666666666666,16.04,84.3,0.0,2026-08-21,2026-08-30,9.0,,import,34679.0
HALDIA,2026-08-18,27,4,6,6,15,767666.0,5.0,1.0,0.0,17,19.0,0.3157894736842105,0.6666666666666666,16.04,84.3,0.0,2026-08-21,2026-08-27,6.0,,import,34000.0
HALDIA,2026-08-18,27,4,6,6,15,767666.0,5.0,1.0,0.0,17,19.0,0.3157894736842105,0.6666666666666666,16.04,84.3,0.0,2026-08-23,2026-08-24,1.0,,import,33000.0
HALDIA,2026-08-18,27,4,6,6,15,767666.0,5.0,1.0,0.0,17,19.0,0.3157894736842105,0.6666666666666666,16.04,84.3,0.0,2026-08-23,2026-08-27,4.0,,import,17970.0
HALDIA,2026-08-18,27,4,6,6,15,767666.0,5.0,1.0,0.0,17,19.0,0.3157894736842105,0.6666666666666666,16.04,84.3,0.0,2026-08-24,2026-08-27,3.0,,import,35000.0
HALDIA,2026-08-18,27,4,6,6,15,767666.0,5.0,1.0,0.0,17,19.0,0.3157894736842105,0.6666666666666666,16.04,84.3,0.0,2026-08-24,2026-08-28,4.0,,import,23000.0
HALDIA,2026-08-18,27,4,6,6,15,767666.0,5.0,1.0,0.0,17,19.0,0.3157894736842105,0.6666666666666666,16.04,84.3,0.0,2026-08-25,2026-08-31,6.0,,import,26639.0
HALDIA,2026-08-21,25,4,4,8,13,691524.0,8.0,0.0,0.0,14,19.0,0.42105263157894735,0.5,16.04,84.3,0.0,2025-10-22,2025-10-24,2.0,,import,32000.0
HALDIA,2026-08-21,25,4,4,8,13,691524.0,8.0,0.0,0.0,14,19.0,0.42105263157894735,0.5,16.04,84.3,0.0,2026-08-19,2026-08-22,3.0,,import,33000.0
HALDIA,2026-08-21,25,4,4,8,13,691524.0,8.0,0.0,0.0,14,19.0,0.42105263157894735,0.5,16.04,84.3,0.0,2026-08-16,2026-08-21,5.0,,import,33000.0
HALDIA,2026-08-21,25,4,4,8,13,691524.0,8.0,0.0,0.0,14,19.0,0.42105263157894735,0.5,16.04,84.3,0.0,2026-08-17,2026-08-21,4.0,,import,18600.0
HALDIA,2026-08-21,25,4,4,8,13,691524.0,8.0,0.0,0.0,14,19.0,0.42105263157894735,0.5,16.04,84.3,0.0,2026-08-19,2026-08-22,3.0,,import,34000.0
HALDIA,2026-08-21,25,4,4,8,13,691524.0,8.0,0.0,0.0,14,19.0,0.42105263157894735,0.5,16.04,84.3,0.0,2026-08-18,2026-08-23,5.0,,import,26800.0
HALDIA,2026-08-21,25,4,4,8,13,691524.0,8.0,0.0,0.0,14,19.0,0.42105263157894735,0.5,16.04,84.3,0.0,2026-08-21,2026-08-23,2.0,,import,33000.0
HALDIA,2026-08-21,25,4,4,8,13,691524.0,8.0,0.0,0.0,14,19.0,0.42105263157894735,0.5,16.04,84.3,0.0,2026-08-21,2026-08-23,2.0,,import,26000.0
HALDIA,2026-08-21,25,4,4,8,13,691524.0,8.0,0.0,0.0,14,19.0,0.42105263157894735,0.5,16.04,84.3,0.0,2026-08-19,2026-08-24,5.0,,import,31000.0
HALDIA,2026-08-21,25,4,4,8,13,691524.0,8.0,0.0,0.0,14,19.0,0.42105263157894735,0.5,16.04,84.3,0.0,2026-08-20,2026-08-23,3.0,,import,17660.0
HALDIA,2026-08-21,25,4,4,8,13,691524.0,8.0,0.0,0.0,14,19.0,0.42105263157894735,0.5,16.04,84.3,0.0,2026-08-20,2026-08-26,6.0,,import,28648.0
HALDIA,2026-08-21,25,4,4,8,13,691524.0,8.0,0.0,0.0,14,19.0,0.42105263157894735,0.5,16.04,84.3,0.0,2026-08-19,2026-08-31,12.0,,import,16824.0
HALDIA,2026-08-21,25,4,4,8,13,691524.0,8.0,0.0,0.0,14,19.0,0.42105263157894735,0.5,16.04,84.3,0.0,2026-08-21,2026-08-24,3.0,,import,34679.0
HALDIA,2026-08-21,25,4,4,8,13,691524.0,8.0,0.0,0.0,14,19.0,0.42105263157894735,0.5,16.04,84.3,0.0,2026-08-22,2026-08-27,5.0,,import,18700.0
HALDIA,2026-08-21,25,4,4,8,13,691524.0,8.0,0.0,0.0,14,19.0,0.42105263157894735,0.5,16.04,84.3,0.0,2026-08-22,2026-08-27,5.0,,import,35000.0
HALDIA,2026-08-21,25,4,4,8,13,691524.0,8.0,0.0,0.0,14,19.0,0.42105263157894735,0.5,16.04,84.3,0.0,2026-08-22,2026-08-28,6.0,,import,29000.0
HALDIA,2026-08-21,25,4,4,8,13,691524.0,8.0,0.0,0.0,14,19.0,0.42105263157894735,0.5,16.04,84.3,0.0,2026-08-23,2026-08-26,3.0,,import,33000.0
HALDIA,2026-08-21,25,4,4,8,13,691524.0,8.0,0.0,0.0,14,19.0,0.42105263157894735,0.5,16.04,84.3,0.0,2026-08-23,2026-08-27,4.0,,import,36000.0
HALDIA,2026-08-21,25,4,4,8,13,691524.0,8.0,0.0,0.0,14,19.0,0.42105263157894735,0.5,16.04,84.3,0.0,2026-08-23,2026-08-27,4.0,,import,34000.0
HALDIA,2026-08-21,25,4,4,8,13,691524.0,8.0,0.0,0.0,14,19.0,0.42105263157894735,0.5,16.04,84.3,0.0,2026-08-23,2026-08-27,4.0,,import,34000.0
HALDIA,2026-08-21,25,4,4,8,13,691524.0,8.0,0.0,0.0,14,19.0,0.42105263157894735,0.5,16.04,84.3,0.0,2026-08-24,2026-08-28,4.0,,import,34000.0
HALDIA,2026-08-21,25,4,4,8,13,691524.0,8.0,0.0,0.0,14,19.0,0.42105263157894735,0.5,16.04,84.3,0.0,2026-08-24,2026-08-28,4.0,,import,17970.0
HALDIA,2026-08-21,25,4,4,8,13,691524.0,8.0,0.0,0.0,14,19.0,0.42105263157894735,0.5,16.04,84.3,0.0,2026-08-25,2026-08-29,4.0,,import,23000.0
HALDIA,2026-08-21,25,4,4,8,13,691524.0,8.0,0.0,0.0,14,19.0,0.42105263157894735,0.5,16.04,84.3,0.0,2026-08-26,2026-08-29,3.0,,import,31643.0
HALDIA,2026-08-21,25,4,4,8,13,691524.0,8.0,0.0,0.0,14,19.0,0.42105263157894735,0.5,16.04,84.3,0.0,2026-08-30,2026-09-02,3.0,,import,
HALDIA,2026-08-24,17,4,5,5,7,430785.0,5.0,0.0,0.0,8,19.0,0.2631578947368421,0.8,12.63,117.1,0.0,2025-10-22,2025-10-24,2.0,,import,32000.0
HALDIA,2026-08-24,17,4,5,5,7,430785.0,5.0,0.0,0.0,8,19.0,0.2631578947368421,0.8,12.63,117.1,0.0,2026-08-22,2026-08-25,3.0,,import,34000.0
HALDIA,2026-08-24,17,4,5,5,7,430785.0,5.0,0.0,0.0,8,19.0,0.2631578947368421,0.8,12.63,117.1,0.0,2026-08-19,2026-08-24,5.0,,import,31000.0
HALDIA,2026-08-24,17,4,5,5,7,430785.0,5.0,0.0,0.0,8,19.0,0.2631578947368421,0.8,12.63,117.1,0.0,2026-08-22,2026-08-25,3.0,,import,29000.0
HALDIA,2026-08-24,17,4,5,5,7,430785.0,5.0,0.0,0.0,8,19.0,0.2631578947368421,0.8,12.63,117.1,0.0,2026-08-20,2026-08-25,5.0,,import,28648.0
HALDIA,2026-08-24,17,4,5,5,7,430785.0,5.0,0.0,0.0,8,19.0,0.2631578947368421,0.8,12.63,117.1,0.0,2026-08-19,2026-08-26,7.0,,import,16824.0
HALDIA,2026-08-24,17,4,5,5,7,430785.0,5.0,0.0,0.0,8,19.0,0.2631578947368421,0.8,12.63,117.1,0.0,2026-08-22,2026-08-28,6.0,,import,18700.0
HALDIA,2026-08-24,17,4,5,5,7,430785.0,5.0,0.0,0.0,8,19.0,0.2631578947368421,0.8,12.63,117.1,0.0,2026-08-23,2026-08-29,6.0,,import,36000.0
HALDIA,2026-08-24,17,4,5,5,7,430785.0,5.0,0.0,0.0,8,19.0,0.2631578947368421,0.8,12.63,117.1,0.0,2026-08-23,2026-08-26,3.0,,import,33000.0
HALDIA,2026-08-24,17,4,5,5,7,430785.0,5.0,0.0,0.0,8,19.0,0.2631578947368421,0.8,12.63,117.1,0.0,2026-08-26,2026-08-27,1.0,,import,23000.0
HALDIA,2026-08-24,17,4,5,5,7,430785.0,5.0,0.0,0.0,8,19.0,0.2631578947368421,0.8,12.63,117.1,0.0,2026-08-25,2026-08-28,3.0,,export,30000.0
HALDIA,2026-08-24,17,4,5,5,7,430785.0,5.0,0.0,0.0,8,19.0,0.2631578947368421,0.8,12.63,117.1,0.0,2026-08-25,2026-08-28,3.0,,import,34000.0
HALDIA,2026-08-24,17,4,5,5,7,430785.0,5.0,0.0,0.0,8,19.0,0.2631578947368421,0.8,12.63,117.1,0.0,2026-08-26,2026-08-30,4.0,,import,17970.0
HALDIA,2026-08-24,17,4,5,5,7,430785.0,5.0,0.0,0.0,8,19.0,0.2631578947368421,0.8,12.63,117.1,0.0,2026-08-26,2026-08-30,4.0,,import,31643.0
HALDIA,2026-08-24,17,4,5,5,7,430785.0,5.0,0.0,0.0,8,19.0,0.2631578947368421,0.8,12.63,117.1,0.0,2026-08-28,2026-08-31,3.0,,import,
HALDIA,2026-08-24,17,4,5,5,7,430785.0,5.0,0.0,0.0,8,19.0,0.2631578947368421,0.8,12.63,117.1,0.0,2026-08-30,2026-09-02,3.0,,import,
HALDIA,2026-08-24,17,4,5,5,7,430785.0,5.0,0.0,0.0,8,19.0,0.2631578947368421,0.8,12.63,117.1,0.0,2026-08-31,2026-09-02,2.0,,import,35000.0
HALDIA,2026-08-25,21,4,4,6,11,551988.0,6.0,0.0,0.0,11,19.0,0.3157894736842105,0.6666666666666666,12.63,117.1,0.0,2025-10-22,2025-10-24,2.0,,import,32000.0
HALDIA,2026-08-25,21,4,4,6,11,551988.0,6.0,0.0,0.0,11,19.0,0.3157894736842105,0.6666666666666666,12.63,117.1,0.0,2026-08-22,2026-08-26,4.0,,import,34000.0
HALDIA,2026-08-25,21,4,4,6,11,551988.0,6.0,0.0,0.0,11,19.0,0.3157894736842105,0.6666666666666666,12.63,117.1,0.0,2026-08-23,2026-08-26,3.0,,import,36152.0
HALDIA,2026-08-25,21,4,4,6,11,551988.0,6.0,0.0,0.0,11,19.0,0.3157894736842105,0.6666666666666666,12.63,117.1,0.0,2026-08-23,2026-08-26,3.0,,import,35680.0
HALDIA,2026-08-25,21,4,4,6,11,551988.0,6.0,0.0,0.0,11,19.0,0.3157894736842105,0.6666666666666666,12.63,117.1,0.0,2026-08-24,2026-08-26,2.0,,import,23000.0
HALDIA,2026-08-25,21,4,4,6,11,551988.0,6.0,0.0,0.0,11,19.0,0.3157894736842105,0.6666666666666666,12.63,117.1,0.0,2026-08-22,2026-08-28,6.0,,import,29000.0
HALDIA,2026-08-25,21,4,4,6,11,551988.0,6.0,0.0,0.0,11,19.0,0.3157894736842105,0.6666666666666666,12.63,117.1,0.0,2026-08-24,2026-08-28,4.0,,import,33000.0
HALDIA,2026-08-25,21,4,4,6,11,551988.0,6.0,0.0,0.0,11,19.0,0.3157894736842105,0.6666666666666666,12.63,117.1,0.0,2026-08-22,2026-08-28,6.0,,import,18700.0
HALDIA,2026-08-25,21,4,4,6,11,551988.0,6.0,0.0,0.0,11,19.0,0.3157894736842105,0.6666666666666666,12.63,117.1,0.0,2026-08-19,2026-08-31,12.0,,import,16824.0
HALDIA,2026-08-25,21,4,4,6,11,551988.0,6.0,0.0,0.0,11,19.0,0.3157894736842105,0.6666666666666666,12.63,117.1,0.0,2026-08-23,2026-08-28,5.0,,import,36000.0
HALDIA,2026-08-25,21,4,4,6,11,551988.0,6.0,0.0,0.0,11,19.0,0.3157894736842105,0.6666666666666666,12.63,117.1,0.0,2026-08-26,2026-08-28,2.0,,export,30000.0
HALDIA,2026-08-25,21,4,4,6,11,551988.0,6.0,0.0,0.0,11,19.0,0.3157894736842105,0.6666666666666666,12.63,117.1,0.0,2026-08-26,2026-08-30,4.0,,import,17970.0
HALDIA,2026-08-25,21,4,4,6,11,551988.0,6.0,0.0,0.0,11,19.0,0.3157894736842105,0.6666666666666666,12.63,117.1,0.0,2026-08-26,2026-08-30,4.0,,import,34000.0
HALDIA,2026-08-25,21,4,4,6,11,551988.0,6.0,0.0,0.0,11,19.0,0.3157894736842105,0.6666666666666666,12.63,117.1,0.0,2026-08-26,2026-08-30,4.0,,import,31643.0
HALDIA,2026-08-25,21,4,4,6,11,551988.0,6.0,0.0,0.0,11,19.0,0.3157894736842105,0.6666666666666666,12.63,117.1,0.0,2026-08-26,2026-08-31,5.0,,import,30000.0
HALDIA,2026-08-25,21,4,4,6,11,551988.0,6.0,0.0,0.0,11,19.0,0.3157894736842105,0.6666666666666666,12.63,117.1,0.0,2026-08-27,2026-08-31,4.0,,import,29019.0
HALDIA,2026-08-25,21,4,4,6,11,551988.0,6.0,0.0,0.0,11,19.0,0.3157894736842105,0.6666666666666666,12.63,117.1,0.0,2026-08-28,2026-08-31,3.0,,import,
HALDIA,2026-08-25,21,4,4,6,11,551988.0,6.0,0.0,0.0,11,19.0,0.3157894736842105,0.6666666666666666,12.63,117.1,0.0,2026-08-29,2026-09-02,4.0,,import,20000.0
HALDIA,2026-08-25,21,4,4,6,11,551988.0,6.0,0.0,0.0,11,19.0,0.3157894736842105,0.6666666666666666,12.63,117.1,0.0,2026-08-30,2026-09-04,5.0,,import,
HALDIA,2026-08-25,21,4,4,6,11,551988.0,6.0,0.0,0.0,11,19.0,0.3157894736842105,0.6666666666666666,12.63,117.1,0.0,2026-08-30,2026-09-03,4.0,,import,30000.0
HALDIA,2026-08-25,21,4,4,6,11,551988.0,6.0,0.0,0.0,11,19.0,0.3157894736842105,0.6666666666666666,12.63,117.1,0.0,2026-08-31,2026-09-03,3.0,,import,35000.0
HALDIA,2026-08-26,22,3,3,6,13,606931.0,6.0,0.0,0.0,14,19.0,0.3157894736842105,0.5,12.63,117.1,0.0,2025-10-22,2025-10-24,2.0,,import,32000.0
HALDIA,2026-08-26,22,3,3,6,13,606931.0,6.0,0.0,0.0,14,19.0,0.3157894736842105,0.5,12.63,117.1,0.0,2026-08-24,2026-08-28,4.0,,import,33000.0
HALDIA,2026-08-26,22,3,3,6,13,606931.0,6.0,0.0,0.0,14,19.0,0.3157894736842105,0.5,12.63,117.1,0.0,2026-08-22,2026-08-28,6.0,,import,29000.0
HALDIA,2026-08-26,22,3,3,6,13,606931.0,6.0,0.0,0.0,14,19.0,0.3157894736842105,0.5,12.63,117.1,0.0,2026-08-22,2026-08-26,4.0,,import,18700.0
HALDIA,2026-08-26,22,3,3,6,13,606931.0,6.0,0.0,0.0,14,19.0,0.3157894736842105,0.5,12.63,117.1,0.0,2026-08-24,2026-08-26,2.0,,import,23000.0
HALDIA,2026-08-26,22,3,3,6,13,606931.0,6.0,0.0,0.0,14,19.0,0.3157894736842105,0.5,12.63,117.1,0.0,2026-08-23,2026-08-26,3.0,,import,35680.0
HALDIA,2026-08-26,22,3,3,6,13,606931.0,6.0,0.0,0.0,14,19.0,0.3157894736842105,0.5,12.63,117.1,0.0,2026-08-26,2026-08-29,3.0,,import,34000.0
HALDIA,2026-08-26,22,3,3,6,13,606931.0,6.0,0.0,0.0,14,19.0,0.3157894736842105,0.5,12.63,117.1,0.0,2026-08-19,2026-08-31,12.0,,import,16824.0
HALDIA,2026-08-26,22,3,3,6,13,606931.0,6.0,0.0,0.0,14,19.0,0.3157894736842105,0.5,12.63,117.1,0.0,2026-08-23,2026-08-28,5.0,,import,36000.0
HALDIA,2026-08-26,22,3,3,6,13,606931.0,6.0,0.0,0.0,14,19.0,0.3157894736842105,0.5,12.63,117.1,0.0,2026-08-26,2026-08-28,2.0,,export,30000.0
HALDIA,2026-08-26,22,3,3,6,13,606931.0,6.0,0.0,0.0,14,19.0,0.3157894736842105,0.5,12.63,117.1,0.0,2026-08-26,2026-08-30,4.0,,import,17970.0
HALDIA,2026-08-26,22,3,3,6,13,606931.0,6.0,0.0,0.0,14,19.0,0.3157894736842105,0.5,12.63,117.1,0.0,2026-08-26,2026-08-31,5.0,,,30000.0
HALDIA,2026-08-26,22,3,3,6,13,606931.0,6.0,0.0,0.0,14,19.0,0.3157894736842105,0.5,12.63,117.1,0.0,2026-08-27,2026-08-29,2.0,,import,31643.0
HALDIA,2026-08-26,22,3,3,6,13,606931.0,6.0,0.0,0.0,14,19.0,0.3157894736842105,0.5,12.63,117.1,0.0,2026-08-27,2026-08-31,4.0,,import,29019.0
HALDIA,2026-08-26,22,3,3,6,13,606931.0,6.0,0.0,0.0,14,19.0,0.3157894736842105,0.5,12.63,117.1,0.0,2026-08-27,2026-08-31,4.0,,import,33000.0
HALDIA,2026-08-26,22,3,3,6,13,606931.0,6.0,0.0,0.0,14,19.0,0.3157894736842105,0.5,12.63,117.1,0.0,2026-08-28,2026-09-02,5.0,,import,33000.0
HALDIA,2026-08-26,22,3,3,6,13,606931.0,6.0,0.0,0.0,14,19.0,0.3157894736842105,0.5,12.63,117.1,0.0,2026-08-29,2026-09-02,4.0,,import,20000.0
HALDIA,2026-08-26,22,3,3,6,13,606931.0,6.0,0.0,0.0,14,19.0,0.3157894736842105,0.5,12.63,117.1,0.0,2026-08-30,2026-09-04,5.0,,import,
HALDIA,2026-08-26,22,3,3,6,13,606931.0,6.0,0.0,0.0,14,19.0,0.3157894736842105,0.5,12.63,117.1,0.0,2026-08-30,2026-09-03,4.0,,import,26095.0
HALDIA,2026-08-26,22,3,3,6,13,606931.0,6.0,0.0,0.0,14,19.0,0.3157894736842105,0.5,12.63,117.1,0.0,2026-08-30,2026-09-03,4.0,,import,30000.0
HALDIA,2026-08-26,22,3,3,6,13,606931.0,6.0,0.0,0.0,14,19.0,0.3157894736842105,0.5,12.63,117.1,0.0,2026-08-30,2026-09-04,5.0,,import,33000.0
HALDIA,2026-08-26,22,3,3,6,13,606931.0,6.0,0.0,0.0,14,19.0,0.3157894736842105,0.5,12.63,117.1,0.0,2026-08-31,2026-09-04,4.0,,import,35000.0
HALDIA,2026-08-27,20,3,3,6,11,553201.0,6.0,0.0,0.0,12,19.0,0.3157894736842105,0.5,12.63,117.1,0.0,2025-10-22,2025-10-24,2.0,,import,32000.0
HALDIA,2026-08-27,20,3,3,6,11,553201.0,6.0,0.0,0.0,12,19.0,0.3157894736842105,0.5,12.63,117.1,0.0,2026-08-24,2026-08-27,3.0,,import,33950.0
HALDIA,2026-08-27,20,3,3,6,11,553201.0,6.0,0.0,0.0,12,19.0,0.3157894736842105,0.5,12.63,117.1,0.0,2026-08-22,2026-08-28,6.0,,import,18700.0
HALDIA,2026-08-27,20,3,3,6,11,553201.0,6.0,0.0,0.0,12,19.0,0.3157894736842105,0.5,12.63,117.1,0.0,2026-08-26,2026-08-28,2.0,,import,34000.0
HALDIA,2026-08-27,20,3,3,6,11,553201.0,6.0,0.0,0.0,12,19.0,0.3157894736842105,0.5,12.63,117.1,0.0,2026-08-26,2026-08-29,3.0,,import,30000.0
HALDIA,2026-08-27,20,3,3,6,11,553201.0,6.0,0.0,0.0,12,19.0,0.3157894736842105,0.5,12.63,117.1,0.0,2026-08-22,2026-08-27,5.0,,import,29000.0
HALDIA,2026-08-27,20,3,3,6,11,553201.0,6.0,0.0,0.0,12,19.0,0.3157894736842105,0.5,12.63,117.1,0.0,2026-08-27,2026-08-29,2.0,,import,31643.0
HALDIA,2026-08-27,20,3,3,6,11,553201.0,6.0,0.0,0.0,12,19.0,0.3157894736842105,0.5,12.63,117.1,0.0,2026-08-19,2026-08-31,12.0,,import,16824.0
HALDIA,2026-08-27,20,3,3,6,11,553201.0,6.0,0.0,0.0,12,19.0,0.3157894736842105,0.5,12.63,117.1,0.0,2026-08-23,2026-08-30,7.0,,import,36000.0
HALDIA,2026-08-27,20,3,3,6,11,553201.0,6.0,0.0,0.0,12,19.0,0.3157894736842105,0.5,12.63,117.1,0.0,2026-08-27,2026-08-29,2.0,,import,17970.0
HALDIA,2026-08-27,20,3,3,6,11,553201.0,6.0,0.0,0.0,12,19.0,0.3157894736842105,0.5,12.63,117.1,0.0,2026-08-28,2026-08-31,3.0,,import,29019.0
HALDIA,2026-08-27,20,3,3,6,11,553201.0,6.0,0.0,0.0,12,19.0,0.3157894736842105,0.5,12.63,117.1,0.0,2026-08-28,2026-08-31,3.0,,import,33000.0
HALDIA,2026-08-27,20,3,3,6,11,553201.0,6.0,0.0,0.0,12,19.0,0.3157894736842105,0.5,12.63,117.1,0.0,2026-08-28,2026-08-30,2.0,,import,33000.0
HALDIA,2026-08-27,20,3,3,6,11,553201.0,6.0,0.0,0.0,12,19.0,0.3157894736842105,0.5,12.63,117.1,0.0,2026-08-29,2026-09-02,4.0,,import,20000.0
HALDIA,2026-08-27,20,3,3,6,11,553201.0,6.0,0.0,0.0,12,19.0,0.3157894736842105,0.5,12.63,117.1,0.0,2026-08-29,2026-09-02,4.0,,import,34000.0
HALDIA,2026-08-27,20,3,3,6,11,553201.0,6.0,0.0,0.0,12,19.0,0.3157894736842105,0.5,12.63,117.1,0.0,2026-08-30,2026-09-04,5.0,,import,
HALDIA,2026-08-27,20,3,3,6,11,553201.0,6.0,0.0,0.0,12,19.0,0.3157894736842105,0.5,12.63,117.1,0.0,2026-08-30,2026-09-04,5.0,,import,26095.0
HALDIA,2026-08-27,20,3,3,6,11,553201.0,6.0,0.0,0.0,12,19.0,0.3157894736842105,0.5,12.63,117.1,0.0,2026-08-30,2026-09-03,4.0,,import,30000.0
HALDIA,2026-08-27,20,3,3,6,11,553201.0,6.0,0.0,0.0,12,19.0,0.3157894736842105,0.5,12.63,117.1,0.0,2026-08-31,2026-09-03,3.0,,import,33000.0
HALDIA,2026-08-27,20,3,3,6,11,553201.0,6.0,0.0,0.0,12,19.0,0.3157894736842105,0.5,12.63,117.1,0.0,2026-09-01,2026-09-05,4.0,,import,35000.0
HALDIA,2026-08-31,16,2,3,3,10,357950.0,3.0,0.0,0.0,9,19.0,0.15789473684210525,0.6666666666666666,11.83,82.9,0.0,2025-10-22,2025-10-24,2.0,,import,32000.0
HALDIA,2026-08-31,16,2,3,3,10,357950.0,3.0,0.0,0.0,9,19.0,0.15789473684210525,0.6666666666666666,11.83,82.9,0.0,2026-08-30,2026-09-01,2.0,,import,20000.0
HALDIA,2026-08-31,16,2,3,3,10,357950.0,3.0,0.0,0.0,9,19.0,0.15789473684210525,0.6666666666666666,11.83,82.9,0.0,2026-08-19,2026-09-06,18.0,,import,16824.0
HALDIA,2026-08-31,16,2,3,3,10,357950.0,3.0,0.0,0.0,9,19.0,0.15789473684210525,0.6666666666666666,11.83,82.9,0.0,2026-08-31,2026-09-02,2.0,,import,26095.0
HALDIA,2026-08-31,16,2,3,3,10,357950.0,3.0,0.0,0.0,9,19.0,0.15789473684210525,0.6666666666666666,11.83,82.9,0.0,2026-08-01,2026-09-03,33.0,,import,35000.0
HALDIA,2026-08-31,16,2,3,3,10,357950.0,3.0,0.0,0.0,9,19.0,0.15789473684210525,0.6666666666666666,11.83,82.9,0.0,2026-09-01,2026-09-02,1.0,,import,33000.0
HALDIA,2026-08-31,16,2,3,3,10,357950.0,3.0,0.0,0.0,9,19.0,0.15789473684210525,0.6666666666666666,11.83,82.9,0.0,2026-08-31,2026-09-03,3.0,,import,
HALDIA,2026-08-31,16,2,3,3,10,357950.0,3.0,0.0,0.0,9,19.0,0.15789473684210525,0.6666666666666666,11.83,82.9,0.0,2026-09-02,2026-09-05,3.0,,import,33000.0
HALDIA,2026-08-31,16,2,3,3,10,357950.0,3.0,0.0,0.0,9,19.0,0.15789473684210525,0.6666666666666666,11.83,82.9,0.0,2026-09-02,2026-09-05,3.0,,import,34000.0
HALDIA,2026-08-31,16,2,3,3,10,357950.0,3.0,0.0,0.0,9,19.0,0.15789473684210525,0.6666666666666666,11.83,82.9,0.0,2026-09-02,2026-09-05,3.0,,import,33000.0
HALDIA,2026-08-31,16,2,3,3,10,357950.0,3.0,0.0,0.0,9,19.0,0.15789473684210525,0.6666666666666666,11.83,82.9,0.0,2026-09-05,2026-09-08,3.0,,import,27200.0
HALDIA,2026-08-31,16,2,3,3,10,357950.0,3.0,0.0,0.0,9,19.0,0.15789473684210525,0.6666666666666666,11.83,82.9,0.0,2026-09-06,2026-09-10,4.0,,import,515.0
HALDIA,2026-08-31,16,2,3,3,10,357950.0,3.0,0.0,0.0,9,19.0,0.15789473684210525,0.6666666666666666,11.83,82.9,0.0,2026-09-07,2026-09-10,3.0,,import,20920.0
HALDIA,2026-08-31,16,2,3,3,10,357950.0,3.0,0.0,0.0,9,19.0,0.15789473684210525,0.6666666666666666,11.83,82.9,0.0,2026-09-10,2026-09-12,2.0,,import,17496.0
HALDIA,2026-08-31,16,2,3,3,10,357950.0,3.0,0.0,0.0,9,19.0,0.15789473684210525,0.6666666666666666,11.83,82.9,0.0,2026-09-10,2026-09-13,3.0,,import,28900.0
HALDIA,2026-08-31,16,2,3,3,10,357950.0,3.0,0.0,0.0,9,19.0,0.15789473684210525,0.6666666666666666,11.83,82.9,0.0,2026-09-10,2026-09-13,3.0,,import,
KARAIKAL,2026-08-12,6,0,0,1,5,381270.0,1.0,0.0,0.0,6,4.0,0.25,0.0,,,,2026-08-12,2026-08-14,2.0,,import,54850.0
KARAIKAL,2026-08-12,6,0,0,1,5,381270.0,1.0,0.0,0.0,6,4.0,0.25,0.0,,,,2026-08-13,2026-08-15,2.0,,import,56570.0
KARAIKAL,2026-08-12,6,0,0,1,5,381270.0,1.0,0.0,0.0,6,4.0,0.25,0.0,,,,2026-08-13,2026-08-18,5.0,,import,75850.0
KARAIKAL,2026-08-12,6,0,0,1,5,381270.0,1.0,0.0,0.0,6,4.0,0.25,0.0,,,,2026-08-14,2026-08-16,2.0,,import,77000.0
KARAIKAL,2026-08-12,6,0,0,1,5,381270.0,1.0,0.0,0.0,6,4.0,0.25,0.0,,,,2026-08-14,2026-08-17,3.0,,import,75000.0
KARAIKAL,2026-08-12,6,0,0,1,5,381270.0,1.0,0.0,0.0,6,4.0,0.25,0.0,,,,2026-08-18,2026-08-20,2.0,,import,42000.0
KARAIKAL,2026-08-13,6,0,0,1,5,381270.0,1.0,0.0,0.0,5,4.0,0.25,0.0,,,,2026-08-12,2026-08-14,2.0,,import,54850.0
KARAIKAL,2026-08-13,6,0,0,1,5,381270.0,1.0,0.0,0.0,5,4.0,0.25,0.0,,,,2026-08-13,2026-08-15,2.0,,import,56570.0
KARAIKAL,2026-08-13,6,0,0,1,5,381270.0,1.0,0.0,0.0,5,4.0,0.25,0.0,,,,2026-08-14,2026-08-18,4.0,,import,75850.0
KARAIKAL,2026-08-13,6,0,0,1,5,381270.0,1.0,0.0,0.0,5,4.0,0.25,0.0,,,,2026-08-14,2026-08-16,2.0,,import,77000.0
KARAIKAL,2026-08-13,6,0,0,1,5,381270.0,1.0,0.0,0.0,5,4.0,0.25,0.0,,,,2026-08-14,2026-08-17,3.0,,import,75000.0
KARAIKAL,2026-08-13,6,0,0,1,5,381270.0,1.0,0.0,0.0,5,4.0,0.25,0.0,,,,2026-08-18,2026-08-20,2.0,,import,42000.0
KARAIKAL,2026-08-17,6,0,0,3,3,340917.0,3.0,0.0,0.0,3,4.0,0.75,0.0,,,,2026-08-14,2026-08-18,4.0,,import,77000.0
KARAIKAL,2026-08-17,6,0,0,3,3,340917.0,3.0,0.0,0.0,3,4.0,0.75,0.0,,,,2026-08-14,2026-08-18,4.0,,import,75000.0
KARAIKAL,2026-08-17,6,0,0,3,3,340917.0,3.0,0.0,0.0,3,4.0,0.75,0.0,,,,2026-08-14,2026-08-18,4.0,,import,56570.0
KARAIKAL,2026-08-17,6,0,0,3,3,340917.0,3.0,0.0,0.0,3,4.0,0.75,0.0,,,,2026-08-18,2026-08-20,2.0,,import,42000.0
KARAIKAL,2026-08-17,6,0,0,3,3,340917.0,3.0,0.0,0.0,3,4.0,0.75,0.0,,,,2026-08-18,2026-08-20,2.0,,import,80147.0
KARAIKAL,2026-08-17,6,0,0,3,3,340917.0,3.0,0.0,0.0,3,4.0,0.75,0.0,,,,2026-08-20,2026-08-22,2.0,,import,10200.0
KARAIKAL,2026-08-18,7,0,0,3,4,412231.0,3.0,0.0,0.0,4,4.0,0.75,0.0,,,,2026-08-14,2026-08-19,5.0,,import,77000.0
KARAIKAL,2026-08-18,7,0,0,3,4,412231.0,3.0,0.0,0.0,4,4.0,0.75,0.0,,,,2026-08-14,2026-08-18,4.0,,import,75000.0
KARAIKAL,2026-08-18,7,0,0,3,4,412231.0,3.0,0.0,0.0,4,4.0,0.75,0.0,,,,2026-08-14,2026-08-19,5.0,,import,56570.0
KARAIKAL,2026-08-18,7,0,0,3,4,412231.0,3.0,0.0,0.0,4,4.0,0.75,0.0,,,,2026-08-18,2026-08-22,4.0,,import,42000.0
KARAIKAL,2026-08-18,7,0,0,3,4,412231.0,3.0,0.0,0.0,4,4.0,0.75,0.0,,,,2026-08-18,2026-08-20,2.0,,import,80147.0
KARAIKAL,2026-08-18,7,0,0,3,4,412231.0,3.0,0.0,0.0,4,4.0,0.75,0.0,,,,2026-08-20,2026-08-22,2.0,,import,10200.0
KARAIKAL,2026-08-18,7,0,0,3,4,412231.0,3.0,0.0,0.0,4,4.0,0.75,0.0,,,,2026-08-21,2026-08-24,3.0,,import,71314.0
KARAIKAL,2026-08-21,5,0,0,3,2,280661.0,3.0,0.0,0.0,3,4.0,0.75,0.0,,,,2026-08-18,2026-08-22,4.0,,import,42000.0
KARAIKAL,2026-08-21,5,0,0,3,2,280661.0,3.0,0.0,0.0,3,4.0,0.75,0.0,,,,2026-08-21,2026-08-23,2.0,,import,10200.0
KARAIKAL,2026-08-21,5,0,0,3,2,280661.0,3.0,0.0,0.0,3,4.0,0.75,0.0,,,,2026-08-18,2026-08-21,3.0,,import,80147.0
KARAIKAL,2026-08-21,5,0,0,3,2,280661.0,3.0,0.0,0.0,3,4.0,0.75,0.0,,,,2026-08-21,2026-08-24,3.0,,import,71314.0
KARAIKAL,2026-08-21,5,0,0,3,2,280661.0,3.0,0.0,0.0,3,4.0,0.75,0.0,,,,2026-08-28,2026-08-30,2.0,,import,77000.0
KARAIKAL,2026-08-24,2,0,0,1,1,119000.0,1.0,0.0,0.0,1,4.0,0.25,0.0,,,,2026-08-18,2026-08-25,7.0,,import,42000.0
KARAIKAL,2026-08-24,2,0,0,1,1,119000.0,1.0,0.0,0.0,1,4.0,0.25,0.0,,,,2026-08-28,2026-08-30,2.0,,import,77000.0
KARAIKAL,2026-08-25,1,0,0,0,1,77000.0,,,,1,4.0,0.0,0.0,,,,2026-08-28,2026-08-30,2.0,,import,77000.0
KARAIKAL,2026-08-26,1,0,0,0,1,77000.0,,,,1,4.0,0.0,0.0,,,,2026-08-28,2026-08-30,2.0,,import,77000.0
KARAIKAL,2026-08-27,2,0,0,0,2,157027.0,,,,2,4.0,0.0,0.0,,,,2026-08-28,2026-08-31,3.0,,import,77000.0
KARAIKAL,2026-08-27,2,0,0,0,2,157027.0,,,,2,4.0,0.0,0.0,,,,2026-09-02,2026-09-05,3.0,,import,80027.0
KARAIKAL,2026-08-31,2,0,0,1,1,157027.0,1.0,0.0,0.0,1,4.0,0.25,0.0,,,,2026-08-28,2026-08-31,3.0,,import,77000.0
KARAIKAL,2026-08-31,2,0,0,1,1,157027.0,1.0,0.0,0.0,1,4.0,0.25,0.0,,,,2026-09-02,2026-09-05,3.0,,import,80027.0
KATTUPALLI,2026-08-12,2,0,0,1,1,90800.0,,,,1,1.0,1.0,0.0,,,,2026-08-09,2026-08-12,3.0,,,30300.0
KATTUPALLI,2026-08-12,2,0,0,1,1,90800.0,,,,1,1.0,1.0,0.0,,,,2026-08-16,2026-08-20,4.0,,,60500.0
KATTUPALLI,2026-08-13,1,0,0,0,1,60500.0,,,,1,1.0,0.0,0.0,,,,2026-08-16,2026-08-20,4.0,,,60500.0
KATTUPALLI,2026-08-17,2,0,0,0,2,116500.0,,,,2,1.0,0.0,0.0,,,,2026-08-17,2026-08-22,5.0,,,60500.0
KATTUPALLI,2026-08-17,2,0,0,0,2,116500.0,,,,2,1.0,0.0,0.0,,,,2026-08-22,2026-08-26,4.0,,,56000.0
KATTUPALLI,2026-08-18,2,0,0,1,1,116500.0,,,,1,1.0,1.0,0.0,,,,2026-08-17,2026-08-22,5.0,,,60500.0
KATTUPALLI,2026-08-18,2,0,0,1,1,116500.0,,,,1,1.0,1.0,0.0,,,,2026-08-22,2026-08-26,4.0,,,56000.0
KATTUPALLI,2026-08-21,2,0,0,1,1,116500.0,,,,1,1.0,1.0,0.0,,,,2026-08-17,2026-08-24,7.0,,,60500.0
KATTUPALLI,2026-08-21,2,0,0,1,1,116500.0,,,,1,1.0,1.0,0.0,,,,2026-08-22,2026-08-28,6.0,,,56000.0
KATTUPALLI,2026-08-24,3,0,0,1,2,131000.0,,,,1,1.0,1.0,0.0,,,,2026-08-17,2026-08-26,9.0,,,60500.0
KATTUPALLI,2026-08-24,3,0,0,1,2,131000.0,,,,1,1.0,1.0,0.0,,,,2026-08-27,2026-08-30,3.0,,,56000.0
KATTUPALLI,2026-08-24,3,0,0,1,2,131000.0,,,,1,1.0,1.0,0.0,,,,2026-09-02,2026-09-06,4.0,,,14500.0
KATTUPALLI,2026-08-25,2,0,0,1,1,75000.0,,,,0,1.0,1.0,0.0,,,,2026-08-17,2026-08-26,9.0,,,60500.0
KATTUPALLI,2026-08-25,2,0,0,1,1,75000.0,,,,0,1.0,1.0,0.0,,,,2026-09-02,2026-09-06,4.0,,,14500.0
KATTUPALLI,2026-08-26,1,0,0,0,1,14500.0,,,,1,1.0,0.0,0.0,,,,2026-09-02,2026-09-06,4.0,,,14500.0
KATTUPALLI,2026-08-27,1,0,0,0,1,14500.0,,,,1,1.0,0.0,0.0,,,,2026-09-02,2026-09-06,4.0,,,14500.0
KATTUPALLI,2026-08-31,1,0,0,0,1,14500.0,,,,1,1.0,0.0,0.0,,,,2026-09-04,2026-09-09,5.0,,,14500.0
KRISHNAPATNAM,2026-08-10,26,0,0,9,17,1464263.195,,,,12,14.0,0.6428571428571429,0.0,,,,2026-08-07,2026-08-11,4.0,,,27000.0
KRISHNAPATNAM,2026-08-10,26,0,0,9,17,1464263.195,,,,12,14.0,0.6428571428571429,0.0,,,,2026-08-03,2026-08-12,9.0,,,15528.647
KRISHNAPATNAM,2026-08-10,26,0,0,9,17,1464263.195,,,,12,14.0,0.6428571428571429,0.0,,,,2026-08-07,2026-08-11,4.0,,,76442.0
KRISHNAPATNAM,2026-08-10,26,0,0,9,17,1464263.195,,,,12,14.0,0.6428571428571429,0.0,,,,2026-08-09,2026-08-12,3.0,,,61500.0
KRISHNAPATNAM,2026-08-10,26,0,0,9,17,1464263.195,,,,12,14.0,0.6428571428571429,0.0,,,,2026-08-07,2026-08-11,4.0,,,79000.0
KRISHNAPATNAM,2026-08-10,26,0,0,9,17,1464263.195,,,,12,14.0,0.6428571428571429,0.0,,,,2026-08-07,2026-08-13,6.0,,,188824.0
KRISHNAPATNAM,2026-08-10,26,0,0,9,17,1464263.195,,,,12,14.0,0.6428571428571429,0.0,,,,2026-08-07,2026-08-12,5.0,,,47000.0
KRISHNAPATNAM,2026-08-10,26,0,0,9,17,1464263.195,,,,12,14.0,0.6428571428571429,0.0,,,,2026-08-09,2026-08-10,1.0,,,27225.0
KRISHNAPATNAM,2026-08-10,26,0,0,9,17,1464263.195,,,,12,14.0,0.6428571428571429,0.0,,,,2026-08-09,2026-08-14,5.0,,,73035.0
KRISHNAPATNAM,2026-08-10,26,0,0,9,17,1464263.195,,,,12,14.0,0.6428571428571429,0.0,,,,2026-08-11,2026-08-15,4.0,,,54878.0
KRISHNAPATNAM,2026-08-10,26,0,0,9,17,1464263.195,,,,12,14.0,0.6428571428571429,0.0,,,,2026-08-11,2026-08-13,2.0,,,11808.0
KRISHNAPATNAM,2026-08-10,26,0,0,9,17,1464263.195,,,,12,14.0,0.6428571428571429,0.0,,,,2026-08-11,2026-08-14,3.0,,,15997.701
KRISHNAPATNAM,2026-08-10,26,0,0,9,17,1464263.195,,,,12,14.0,0.6428571428571429,0.0,,,,2026-08-12,2026-08-15,3.0,,,30530.0
KRISHNAPATNAM,2026-08-10,26,0,0,9,17,1464263.195,,,,12,14.0,0.6428571428571429,0.0,,,,2026-08-12,2026-08-14,2.0,,,10500.0
KRISHNAPATNAM,2026-08-10,26,0,0,9,17,1464263.195,,,,12,14.0,0.6428571428571429,0.0,,,,2026-08-13,2026-08-16,3.0,,,45500.0
KRISHNAPATNAM,2026-08-10,26,0,0,9,17,1464263.195,,,,12,14.0,0.6428571428571429,0.0,,,,2026-08-13,2026-08-15,2.0,,,67500.0
KRISHNAPATNAM,2026-08-10,26,0,0,9,17,1464263.195,,,,12,14.0,0.6428571428571429,0.0,,,,2026-08-13,2026-08-15,2.0,,,79000.0
KRISHNAPATNAM,2026-08-10,26,0,0,9,17,1464263.195,,,,12,14.0,0.6428571428571429,0.0,,,,2026-08-14,2026-08-18,4.0,,,34262.0
KRISHNAPATNAM,2026-08-10,26,0,0,9,17,1464263.195,,,,12,14.0,0.6428571428571429,0.0,,,,2026-08-15,2026-08-19,4.0,,,83680.0
KRISHNAPATNAM,2026-08-10,26,0,0,9,17,1464263.195,,,,12,14.0,0.6428571428571429,0.0,,,,2026-08-15,2026-08-20,5.0,,,156326.0
KRISHNAPATNAM,2026-08-10,26,0,0,9,17,1464263.195,,,,12,14.0,0.6428571428571429,0.0,,,,2026-08-16,2026-08-18,2.0,,,79927.0
KRISHNAPATNAM,2026-08-10,26,0,0,9,17,1464263.195,,,,12,14.0,0.6428571428571429,0.0,,,,2026-08-18,2026-08-21,3.0,,,31400.0
KRISHNAPATNAM,2026-08-10,26,0,0,9,17,1464263.195,,,,12,14.0,0.6428571428571429,0.0,,,,2026-08-19,2026-08-25,6.0,,,4098.847
KRISHNAPATNAM,2026-08-10,26,0,0,9,17,1464263.195,,,,12,14.0,0.6428571428571429,0.0,,,,2026-08-19,2026-08-22,3.0,,,76200.0
KRISHNAPATNAM,2026-08-10,26,0,0,9,17,1464263.195,,,,12,14.0,0.6428571428571429,0.0,,,,2026-08-20,2026-08-22,2.0,,,38230.0
KRISHNAPATNAM,2026-08-10,26,0,0,9,17,1464263.195,,,,12,14.0,0.6428571428571429,0.0,,,,2026-05-28,2026-05-31,3.0,,,48871.0
KRISHNAPATNAM,2026-08-11,30,0,0,10,20,1860656.195,,,,18,14.0,0.7142857142857143,0.0,,,,2026-08-07,2026-08-11,4.0,,,27000.0
KRISHNAPATNAM,2026-08-11,30,0,0,10,20,1860656.195,,,,18,14.0,0.7142857142857143,0.0,,,,2026-08-03,2026-08-12,9.0,,,15528.647
KRISHNAPATNAM,2026-08-11,30,0,0,10,20,1860656.195,,,,18,14.0,0.7142857142857143,0.0,,,,2026-08-11,2026-08-13,2.0,,,11808.0
KRISHNAPATNAM,2026-08-11,30,0,0,10,20,1860656.195,,,,18,14.0,0.7142857142857143,0.0,,,,2026-08-07,2026-08-11,4.0,,,76442.0
KRISHNAPATNAM,2026-08-11,30,0,0,10,20,1860656.195,,,,18,14.0,0.7142857142857143,0.0,,,,2026-08-09,2026-08-12,3.0,,,61500.0
KRISHNAPATNAM,2026-08-11,30,0,0,10,20,1860656.195,,,,18,14.0,0.7142857142857143,0.0,,,,2026-08-07,2026-08-12,5.0,,,79000.0
KRISHNAPATNAM,2026-08-11,30,0,0,10,20,1860656.195,,,,18,14.0,0.7142857142857143,0.0,,,,2026-08-07,2026-08-13,6.0,,,188824.0
KRISHNAPATNAM,2026-08-11,30,0,0,10,20,1860656.195,,,,18,14.0,0.7142857142857143,0.0,,,,2026-08-07,2026-08-13,6.0,,,47000.0
KRISHNAPATNAM,2026-08-11,30,0,0,10,20,1860656.195,,,,18,14.0,0.7142857142857143,0.0,,,,2026-08-11,2026-08-13,2.0,,,54878.0
KRISHNAPATNAM,2026-08-11,30,0,0,10,20,1860656.195,,,,18,14.0,0.7142857142857143,0.0,,,,2026-08-09,2026-08-14,5.0,,,73035.0
KRISHNAPATNAM,2026-08-11,30,0,0,10,20,1860656.195,,,,18,14.0,0.7142857142857143,0.0,,,,2026-08-11,2026-08-13,2.0,,,73658.0
KRISHNAPATNAM,2026-08-11,30,0,0,10,20,1860656.195,,,,18,14.0,0.7142857142857143,0.0,,,,2026-08-12,2026-08-16,4.0,,,30530.0
KRISHNAPATNAM,2026-08-11,30,0,0,10,20,1860656.195,,,,18,14.0,0.7142857142857143,0.0,,,,2026-08-12,2026-08-14,2.0,,,10500.0
KRISHNAPATNAM,2026-08-11,30,0,0,10,20,1860656.195,,,,18,14.0,0.7142857142857143,0.0,,,,2026-08-12,2026-08-16,4.0,,,15997.701
KRISHNAPATNAM,2026-08-11,30,0,0,10,20,1860656.195,,,,18,14.0,0.7142857142857143,0.0,,,,2026-08-13,2026-08-16,3.0,,,30500.0
KRISHNAPATNAM,2026-08-11,30,0,0,10,20,1860656.195,,,,18,14.0,0.7142857142857143,0.0,,,,2026-08-13,2026-08-15,2.0,,,67500.0
KRISHNAPATNAM,2026-08-11,30,0,0,10,20,1860656.195,,,,18,14.0,0.7142857142857143,0.0,,,,2026-08-13,2026-08-15,2.0,,,79000.0
KRISHNAPATNAM,2026-08-11,30,0,0,10,20,1860656.195,,,,18,14.0,0.7142857142857143,0.0,,,,2026-08-14,2026-08-18,4.0,,,34262.0
KRISHNAPATNAM,2026-08-11,30,0,0,10,20,1860656.195,,,,18,14.0,0.7142857142857143,0.0,,,,2026-08-14,2026-08-17,3.0,,,75000.0
KRISHNAPATNAM,2026-08-11,30,0,0,10,20,1860656.195,,,,18,14.0,0.7142857142857143,0.0,,,,2026-08-15,2026-08-17,2.0,,,75000.0
KRISHNAPATNAM,2026-08-11,30,0,0,10,20,1860656.195,,,,18,14.0,0.7142857142857143,0.0,,,,2026-08-15,2026-08-19,4.0,,,83680.0
KRISHNAPATNAM,2026-08-11,30,0,0,10,20,1860656.195,,,,18,14.0,0.7142857142857143,0.0,,,,2026-08-15,2026-08-20,5.0,,,156326.0
KRISHNAPATNAM,2026-08-11,30,0,0,10,20,1860656.195,,,,18,14.0,0.7142857142857143,0.0,,,,2026-08-16,2026-08-21,5.0,,,170000.0
KRISHNAPATNAM,2026-08-11,30,0,0,10,20,1860656.195,,,,18,14.0,0.7142857142857143,0.0,,,,2026-08-16,2026-08-18,2.0,,,74960.0
KRISHNAPATNAM,2026-08-11,30,0,0,10,20,1860656.195,,,,18,14.0,0.7142857142857143,0.0,,,,2026-08-16,2026-08-19,3.0,,,49927.0
KRISHNAPATNAM,2026-08-11,30,0,0,10,20,1860656.195,,,,18,14.0,0.7142857142857143,0.0,,,,2026-08-18,2026-08-21,3.0,,,31400.0
KRISHNAPATNAM,2026-08-11,30,0,0,10,20,1860656.195,,,,18,14.0,0.7142857142857143,0.0,,,,2026-08-19,2026-08-25,6.0,,,4098.847
KRISHNAPATNAM,2026-08-11,30,0,0,10,20,1860656.195,,,,18,14.0,0.7142857142857143,0.0,,,,2026-08-19,2026-08-23,4.0,,,76200.0
KRISHNAPATNAM,2026-08-11,30,0,0,10,20,1860656.195,,,,18,14.0,0.7142857142857143,0.0,,,,2026-08-20,2026-08-22,2.0,,,38230.0
KRISHNAPATNAM,2026-08-11,30,0,0,10,20,1860656.195,,,,18,14.0,0.7142857142857143,0.0,,,,2026-05-28,2026-05-31,3.0,,,48871.0
KRISHNAPATNAM,2026-08-12,32,0,0,8,24,1922076.798,,,,23,14.0,0.5714285714285714,0.0,,,,2026-08-12,2026-08-16,4.0,,,30530.0
KRISHNAPATNAM,2026-08-12,32,0,0,8,24,1922076.798,,,,23,14.0,0.5714285714285714,0.0,,,,2026-08-11,2026-08-13,2.0,,,11808.0
KRISHNAPATNAM,2026-08-12,32,0,0,8,24,1922076.798,,,,23,14.0,0.5714285714285714,0.0,,,,2026-08-12,2026-08-14,2.0,,,73658.0
KRISHNAPATNAM,2026-08-12,32,0,0,8,24,1922076.798,,,,23,14.0,0.5714285714285714,0.0,,,,2026-08-09,2026-08-12,3.0,,,61500.0
KRISHNAPATNAM,2026-08-12,32,0,0,8,24,1922076.798,,,,23,14.0,0.5714285714285714,0.0,,,,2026-08-07,2026-08-14,7.0,,,188824.0
KRISHNAPATNAM,2026-08-12,32,0,0,8,24,1922076.798,,,,23,14.0,0.5714285714285714,0.0,,,,2026-08-07,2026-08-14,7.0,,,47000.0
KRISHNAPATNAM,2026-08-12,32,0,0,8,24,1922076.798,,,,23,14.0,0.5714285714285714,0.0,,,,2026-08-11,2026-08-13,2.0,,,54878.0
KRISHNAPATNAM,2026-08-12,32,0,0,8,24,1922076.798,,,,23,14.0,0.5714285714285714,0.0,,,,2026-08-09,2026-08-14,5.0,,,73035.0
KRISHNAPATNAM,2026-08-12,32,0,0,8,24,1922076.798,,,,23,14.0,0.5714285714285714,0.0,,,,2026-08-12,2026-08-15,3.0,,,15997.701
KRISHNAPATNAM,2026-08-12,32,0,0,8,24,1922076.798,,,,23,14.0,0.5714285714285714,0.0,,,,2026-08-13,2026-08-15,2.0,,,14000.0
KRISHNAPATNAM,2026-08-12,32,0,0,8,24,1922076.798,,,,23,14.0,0.5714285714285714,0.0,,,,2026-08-13,2026-08-16,3.0,,,30500.0
KRISHNAPATNAM,2026-08-12,32,0,0,8,24,1922076.798,,,,23,14.0,0.5714285714285714,0.0,,,,2026-08-13,2026-08-15,2.0,,,67500.0
KRISHNAPATNAM,2026-08-12,32,0,0,8,24,1922076.798,,,,23,14.0,0.5714285714285714,0.0,,,,2026-08-13,2026-08-16,3.0,,,79000.0
KRISHNAPATNAM,2026-08-12,32,0,0,8,24,1922076.798,,,,23,14.0,0.5714285714285714,0.0,,,,2026-08-14,2026-08-16,2.0,,,75000.0
KRISHNAPATNAM,2026-08-12,32,0,0,8,24,1922076.798,,,,23,14.0,0.5714285714285714,0.0,,,,2026-08-14,2026-08-17,3.0,,,25000.0
KRISHNAPATNAM,2026-08-12,32,0,0,8,24,1922076.798,,,,23,14.0,0.5714285714285714,0.0,,,,2026-08-14,2026-08-18,4.0,,,34262.0
KRISHNAPATNAM,2026-08-12,32,0,0,8,24,1922076.798,,,,23,14.0,0.5714285714285714,0.0,,,,2026-08-14,2026-08-17,3.0,,,59611.0
KRISHNAPATNAM,2026-08-12,32,0,0,8,24,1922076.798,,,,23,14.0,0.5714285714285714,0.0,,,,2026-08-14,2026-08-17,3.0,,,75000.0
KRISHNAPATNAM,2026-08-12,32,0,0,8,24,1922076.798,,,,23,14.0,0.5714285714285714,0.0,,,,2026-08-15,2026-08-18,3.0,,,75000.0
KRISHNAPATNAM,2026-08-12,32,0,0,8,24,1922076.798,,,,23,14.0,0.5714285714285714,0.0,,,,2026-08-15,2026-08-19,4.0,,,83680.0
KRISHNAPATNAM,2026-08-12,32,0,0,8,24,1922076.798,,,,23,14.0,0.5714285714285714,0.0,,,,2026-08-15,2026-08-20,5.0,,,156326.0
KRISHNAPATNAM,2026-08-12,32,0,0,8,24,1922076.798,,,,23,14.0,0.5714285714285714,0.0,,,,2026-08-16,2026-08-21,5.0,,,170000.0
KRISHNAPATNAM,2026-08-12,32,0,0,8,24,1922076.798,,,,23,14.0,0.5714285714285714,0.0,,,,2026-08-16,2026-08-19,3.0,,,74960.0
KRISHNAPATNAM,2026-08-12,32,0,0,8,24,1922076.798,,,,23,14.0,0.5714285714285714,0.0,,,,2026-08-16,2026-08-18,2.0,,,8280.25
KRISHNAPATNAM,2026-08-12,32,0,0,8,24,1922076.798,,,,23,14.0,0.5714285714285714,0.0,,,,2026-08-17,2026-08-21,4.0,,,31400.0
KRISHNAPATNAM,2026-08-12,32,0,0,8,24,1922076.798,,,,23,14.0,0.5714285714285714,0.0,,,,2026-08-17,2026-08-19,2.0,,,49927.0
KRISHNAPATNAM,2026-08-12,32,0,0,8,24,1922076.798,,,,23,14.0,0.5714285714285714,0.0,,,,2026-08-19,2026-08-21,2.0,,,11000.0
KRISHNAPATNAM,2026-08-12,32,0,0,8,24,1922076.798,,,,23,14.0,0.5714285714285714,0.0,,,,2026-08-19,2026-08-25,6.0,,,4098.847
KRISHNAPATNAM,2026-08-12,32,0,0,8,24,1922076.798,,,,23,14.0,0.5714285714285714,0.0,,,,2026-08-19,2026-08-23,4.0,,,76200.0
KRISHNAPATNAM,2026-08-12,32,0,0,8,24,1922076.798,,,,23,14.0,0.5714285714285714,0.0,,,,2026-08-20,2026-08-22,2.0,,,38230.0
KRISHNAPATNAM,2026-08-12,32,0,0,8,24,1922076.798,,,,23,14.0,0.5714285714285714,0.0,,,,2026-08-20,2026-08-24,4.0,,,77000.0
KRISHNAPATNAM,2026-08-12,32,0,0,8,24,1922076.798,,,,23,14.0,0.5714285714285714,0.0,,,,2026-05-28,2026-05-31,3.0,,,48871.0
KRISHNAPATNAM,2026-08-13,33,0,0,8,25,1934654.798,,,,24,14.0,0.5714285714285714,0.0,,,,2026-08-12,2026-08-15,3.0,,,15997.701
KRISHNAPATNAM,2026-08-13,33,0,0,8,25,1934654.798,,,,24,14.0,0.5714285714285714,0.0,,,,2026-08-12,2026-08-16,4.0,,,30530.0
KRISHNAPATNAM,2026-08-13,33,0,0,8,25,1934654.798,,,,24,14.0,0.5714285714285714,0.0,,,,2026-08-11,2026-08-14,3.0,,,11808.0
KRISHNAPATNAM,2026-08-13,33,0,0,8,25,1934654.798,,,,24,14.0,0.5714285714285714,0.0,,,,2026-08-12,2026-08-14,2.0,,,73658.0
KRISHNAPATNAM,2026-08-13,33,0,0,8,25,1934654.798,,,,24,14.0,0.5714285714285714,0.0,,,,2026-08-09,2026-08-14,5.0,,,73035.0
KRISHNAPATNAM,2026-08-13,33,0,0,8,25,1934654.798,,,,24,14.0,0.5714285714285714,0.0,,,,2026-08-07,2026-08-13,6.0,,,188824.0
KRISHNAPATNAM,2026-08-13,33,0,0,8,25,1934654.798,,,,24,14.0,0.5714285714285714,0.0,,,,2026-08-07,2026-08-14,7.0,,,47000.0
KRISHNAPATNAM,2026-08-13,33,0,0,8,25,1934654.798,,,,24,14.0,0.5714285714285714,0.0,,,,2026-08-11,2026-08-13,2.0,,,54878.0
KRISHNAPATNAM,2026-08-13,33,0,0,8,25,1934654.798,,,,24,14.0,0.5714285714285714,0.0,,,,2026-08-13,2026-08-15,2.0,,,14800.0
KRISHNAPATNAM,2026-08-13,33,0,0,8,25,1934654.798,,,,24,14.0,0.5714285714285714,0.0,,,,2026-08-13,2026-08-16,3.0,,,45500.0
KRISHNAPATNAM,2026-08-13,33,0,0,8,25,1934654.798,,,,24,14.0,0.5714285714285714,0.0,,,,2026-08-13,2026-08-15,2.0,,,67500.0
KRISHNAPATNAM,2026-08-13,33,0,0,8,25,1934654.798,,,,24,14.0,0.5714285714285714,0.0,,,,2026-08-14,2026-08-16,2.0,,,79000.0
KRISHNAPATNAM,2026-08-13,33,0,0,8,25,1934654.798,,,,24,14.0,0.5714285714285714,0.0,,,,2026-08-14,2026-08-17,3.0,,,25000.0
KRISHNAPATNAM,2026-08-13,33,0,0,8,25,1934654.798,,,,24,14.0,0.5714285714285714,0.0,,,,2026-08-14,2026-08-18,4.0,,,54262.0
KRISHNAPATNAM,2026-08-13,33,0,0,8,25,1934654.798,,,,24,14.0,0.5714285714285714,0.0,,,,2026-08-14,2026-08-16,2.0,,,59611.0
KRISHNAPATNAM,2026-08-13,33,0,0,8,25,1934654.798,,,,24,14.0,0.5714285714285714,0.0,,,,2026-08-14,2026-08-17,3.0,,,75000.0
KRISHNAPATNAM,2026-08-13,33,0,0,8,25,1934654.798,,,,24,14.0,0.5714285714285714,0.0,,,,2026-08-15,2026-08-19,4.0,,,83680.0
KRISHNAPATNAM,2026-08-13,33,0,0,8,25,1934654.798,,,,24,14.0,0.5714285714285714,0.0,,,,2026-08-15,2026-08-18,3.0,,,75000.0
KRISHNAPATNAM,2026-08-13,33,0,0,8,25,1934654.798,,,,24,14.0,0.5714285714285714,0.0,,,,2026-08-15,2026-08-20,5.0,,,156326.0
KRISHNAPATNAM,2026-08-13,33,0,0,8,25,1934654.798,,,,24,14.0,0.5714285714285714,0.0,,,,2026-08-16,2026-08-18,2.0,,,79053.0
KRISHNAPATNAM,2026-08-13,33,0,0,8,25,1934654.798,,,,24,14.0,0.5714285714285714,0.0,,,,2026-08-16,2026-08-21,5.0,,,163952.0
KRISHNAPATNAM,2026-08-13,33,0,0,8,25,1934654.798,,,,24,14.0,0.5714285714285714,0.0,,,,2026-08-16,2026-08-19,3.0,,,74960.0
KRISHNAPATNAM,2026-08-13,33,0,0,8,25,1934654.798,,,,24,14.0,0.5714285714285714,0.0,,,,2026-08-16,2026-08-18,2.0,,,8280.25
KRISHNAPATNAM,2026-08-13,33,0,0,8,25,1934654.798,,,,24,14.0,0.5714285714285714,0.0,,,,2026-08-17,2026-08-20,3.0,,,13500.0
KRISHNAPATNAM,2026-08-13,33,0,0,8,25,1934654.798,,,,24,14.0,0.5714285714285714,0.0,,,,2026-08-17,2026-08-21,4.0,,,31400.0
KRISHNAPATNAM,2026-08-13,33,0,0,8,25,1934654.798,,,,24,14.0,0.5714285714285714,0.0,,,,2026-08-17,2026-08-20,3.0,,,30000.0
KRISHNAPATNAM,2026-08-13,33,0,0,8,25,1934654.798,,,,24,14.0,0.5714285714285714,0.0,,,,2026-08-18,2026-08-21,3.0,,,46700.0
KRISHNAPATNAM,2026-08-13,33,0,0,8,25,1934654.798,,,,24,14.0,0.5714285714285714,0.0,,,,2026-08-18,2026-08-23,5.0,,,76200.0
KRISHNAPATNAM,2026-08-13,33,0,0,8,25,1934654.798,,,,24,14.0,0.5714285714285714,0.0,,,,2026-08-19,2026-08-21,2.0,,,11000.0
KRISHNAPATNAM,2026-08-13,33,0,0,8,25,1934654.798,,,,24,14.0,0.5714285714285714,0.0,,,,2026-08-19,2026-08-27,8.0,,,4098.847
KRISHNAPATNAM,2026-08-13,33,0,0,8,25,1934654.798,,,,24,14.0,0.5714285714285714,0.0,,,,2026-08-20,2026-08-22,2.0,,,38230.0
KRISHNAPATNAM,2026-08-13,33,0,0,8,25,1934654.798,,,,24,14.0,0.5714285714285714,0.0,,,,2026-08-20,2026-08-24,4.0,,,77000.0
KRISHNAPATNAM,2026-08-13,33,0,0,8,25,1934654.798,,,,24,14.0,0.5714285714285714,0.0,,,,2026-05-28,2026-05-31,3.0,,,48871.0
KRISHNAPATNAM,2026-08-17,28,2,2,11,15,1568435.067,,,,16,14.0,0.7857142857142857,0.18181818181818182,,,,2026-08-16,2026-08-18,2.0,,,8280.25
KRISHNAPATNAM,2026-08-17,28,2,2,11,15,1568435.067,,,,16,14.0,0.7857142857142857,0.18181818181818182,,,,2026-08-16,2026-08-19,3.0,,,34262.0
KRISHNAPATNAM,2026-08-17,28,2,2,11,15,1568435.067,,,,16,14.0,0.7857142857142857,0.18181818181818182,,,,2026-08-14,2026-08-17,3.0,,,25000.0
KRISHNAPATNAM,2026-08-17,28,2,2,11,15,1568435.067,,,,16,14.0,0.7857142857142857,0.18181818181818182,,,,2026-08-14,2026-08-19,5.0,,,83680.0
KRISHNAPATNAM,2026-08-17,28,2,2,11,15,1568435.067,,,,16,14.0,0.7857142857142857,0.18181818181818182,,,,2026-08-14,2026-08-17,3.0,,,79000.0
KRISHNAPATNAM,2026-08-17,28,2,2,11,15,1568435.067,,,,16,14.0,0.7857142857142857,0.18181818181818182,,,,2026-08-15,2026-08-17,2.0,,,59611.0
KRISHNAPATNAM,2026-08-17,28,2,2,11,15,1568435.067,,,,16,14.0,0.7857142857142857,0.18181818181818182,,,,2026-08-15,2026-08-19,4.0,,,156326.0
KRISHNAPATNAM,2026-08-17,28,2,2,11,15,1568435.067,,,,16,14.0,0.7857142857142857,0.18181818181818182,,,,2026-08-16,2026-08-20,4.0,,,170000.0
KRISHNAPATNAM,2026-08-17,28,2,2,11,15,1568435.067,,,,16,14.0,0.7857142857142857,0.18181818181818182,,,,2026-08-17,2026-08-21,4.0,,,31400.0
KRISHNAPATNAM,2026-08-17,28,2,2,11,15,1568435.067,,,,16,14.0,0.7857142857142857,0.18181818181818182,,,,2026-08-16,2026-08-19,3.0,,,74960.0
KRISHNAPATNAM,2026-08-17,28,2,2,11,15,1568435.067,,,,16,14.0,0.7857142857142857,0.18181818181818182,,,,2026-08-15,2026-08-20,5.0,,,75000.0
KRISHNAPATNAM,2026-08-17,28,2,2,11,15,1568435.067,,,,16,14.0,0.7857142857142857,0.18181818181818182,,,,2026-08-16,2026-08-19,3.0,,,75000.0
KRISHNAPATNAM,2026-08-17,28,2,2,11,15,1568435.067,,,,16,14.0,0.7857142857142857,0.18181818181818182,,,,2026-08-17,2026-08-21,4.0,,,13500.0
KRISHNAPATNAM,2026-08-17,28,2,2,11,15,1568435.067,,,,16,14.0,0.7857142857142857,0.18181818181818182,,,,2026-08-17,2026-08-21,4.0,,,30000.0
KRISHNAPATNAM,2026-08-17,28,2,2,11,15,1568435.067,,,,16,14.0,0.7857142857142857,0.18181818181818182,,,,2026-08-18,2026-08-21,3.0,,,79053.0
KRISHNAPATNAM,2026-08-17,28,2,2,11,15,1568435.067,,,,16,14.0,0.7857142857142857,0.18181818181818182,,,,2026-08-18,2026-08-23,5.0,,,44900.0
KRISHNAPATNAM,2026-08-17,28,2,2,11,15,1568435.067,,,,16,14.0,0.7857142857142857,0.18181818181818182,,,,2026-08-18,2026-08-21,3.0,,,46700.0
KRISHNAPATNAM,2026-08-17,28,2,2,11,15,1568435.067,,,,16,14.0,0.7857142857142857,0.18181818181818182,,,,2026-08-18,2026-08-25,7.0,,,76200.0
KRISHNAPATNAM,2026-08-17,28,2,2,11,15,1568435.067,,,,16,14.0,0.7857142857142857,0.18181818181818182,,,,2026-08-18,2026-08-22,4.0,,,40432.0
KRISHNAPATNAM,2026-08-17,28,2,2,11,15,1568435.067,,,,16,14.0,0.7857142857142857,0.18181818181818182,,,,2026-08-19,2026-08-21,2.0,,,11000.0
KRISHNAPATNAM,2026-08-17,28,2,2,11,15,1568435.067,,,,16,14.0,0.7857142857142857,0.18181818181818182,,,,2026-08-19,2026-08-21,2.0,,,21000.0
KRISHNAPATNAM,2026-08-17,28,2,2,11,15,1568435.067,,,,16,14.0,0.7857142857142857,0.18181818181818182,,,,2026-08-19,2026-08-22,3.0,,,51408.0
KRISHNAPATNAM,2026-08-17,28,2,2,11,15,1568435.067,,,,16,14.0,0.7857142857142857,0.18181818181818182,,,,2026-08-19,2026-08-28,9.0,,,4098.847
KRISHNAPATNAM,2026-08-17,28,2,2,11,15,1568435.067,,,,16,14.0,0.7857142857142857,0.18181818181818182,,,,2026-08-20,2026-08-25,5.0,,,38230.0
KRISHNAPATNAM,2026-08-17,28,2,2,11,15,1568435.067,,,,16,14.0,0.7857142857142857,0.18181818181818182,,,,2026-08-20,2026-08-24,4.0,,,77000.0
KRISHNAPATNAM,2026-08-17,28,2,2,11,15,1568435.067,,,,16,14.0,0.7857142857142857,0.18181818181818182,,,,2026-08-21,2026-08-24,3.0,,,38498.97
KRISHNAPATNAM,2026-08-17,28,2,2,11,15,1568435.067,,,,16,14.0,0.7857142857142857,0.18181818181818182,,,,2026-08-23,2026-08-26,3.0,,,75024.0
KRISHNAPATNAM,2026-08-17,28,2,2,11,15,1568435.067,,,,16,14.0,0.7857142857142857,0.18181818181818182,,,,2026-05-28,2026-05-31,3.0,,,48871.0
KRISHNAPATNAM,2026-08-18,29,1,1,11,17,1569845.236,,,,17,14.0,0.7857142857142857,0.09090909090909091,,,,2026-08-16,2026-08-20,4.0,,,34262.0
KRISHNAPATNAM,2026-08-18,29,1,1,11,17,1569845.236,,,,17,14.0,0.7857142857142857,0.09090909090909091,,,,2026-08-14,2026-08-18,4.0,,,25000.0
KRISHNAPATNAM,2026-08-18,29,1,1,11,17,1569845.236,,,,17,14.0,0.7857142857142857,0.09090909090909091,,,,2026-08-14,2026-08-19,5.0,,,83680.0
KRISHNAPATNAM,2026-08-18,29,1,1,11,17,1569845.236,,,,17,14.0,0.7857142857142857,0.09090909090909091,,,,2026-08-16,2026-08-20,4.0,,,75000.0
KRISHNAPATNAM,2026-08-18,29,1,1,11,17,1569845.236,,,,17,14.0,0.7857142857142857,0.09090909090909091,,,,2026-08-16,2026-08-20,4.0,,,74960.0
KRISHNAPATNAM,2026-08-18,29,1,1,11,17,1569845.236,,,,17,14.0,0.7857142857142857,0.09090909090909091,,,,2026-08-15,2026-08-20,5.0,,,156326.0
KRISHNAPATNAM,2026-08-18,29,1,1,11,17,1569845.236,,,,17,14.0,0.7857142857142857,0.09090909090909091,,,,2026-08-16,2026-08-20,4.0,,,170000.0
KRISHNAPATNAM,2026-08-18,29,1,1,11,17,1569845.236,,,,17,14.0,0.7857142857142857,0.09090909090909091,,,,2026-08-17,2026-08-20,3.0,,,31400.0
KRISHNAPATNAM,2026-08-18,29,1,1,11,17,1569845.236,,,,17,14.0,0.7857142857142857,0.09090909090909091,,,,2026-08-18,2026-08-20,2.0,,,44900.0
KRISHNAPATNAM,2026-08-18,29,1,1,11,17,1569845.236,,,,17,14.0,0.7857142857142857,0.09090909090909091,,,,2026-08-15,2026-08-20,5.0,,,75000.0
KRISHNAPATNAM,2026-08-18,29,1,1,11,17,1569845.236,,,,17,14.0,0.7857142857142857,0.09090909090909091,,,,2026-08-17,2026-08-19,2.0,,,13500.0
KRISHNAPATNAM,2026-08-18,29,1,1,11,17,1569845.236,,,,17,14.0,0.7857142857142857,0.09090909090909091,,,,2026-08-17,2026-08-22,5.0,,,30000.0
KRISHNAPATNAM,2026-08-18,29,1,1,11,17,1569845.236,,,,17,14.0,0.7857142857142857,0.09090909090909091,,,,2026-08-18,2026-08-23,5.0,,,76200.0
KRISHNAPATNAM,2026-08-18,29,1,1,11,17,1569845.236,,,,17,14.0,0.7857142857142857,0.09090909090909091,,,,2026-08-18,2026-08-21,3.0,,,46700.0
KRISHNAPATNAM,2026-08-18,29,1,1,11,17,1569845.236,,,,17,14.0,0.7857142857142857,0.09090909090909091,,,,2026-08-19,2026-08-22,3.0,,,75000.0
KRISHNAPATNAM,2026-08-18,29,1,1,11,17,1569845.236,,,,17,14.0,0.7857142857142857,0.09090909090909091,,,,2026-08-19,2026-08-21,2.0,,,11000.0
KRISHNAPATNAM,2026-08-18,29,1,1,11,17,1569845.236,,,,17,14.0,0.7857142857142857,0.09090909090909091,,,,2026-08-19,2026-08-22,3.0,,,46700.0
KRISHNAPATNAM,2026-08-18,29,1,1,11,17,1569845.236,,,,17,14.0,0.7857142857142857,0.09090909090909091,,,,2026-08-19,2026-08-22,3.0,,,21000.0
KRISHNAPATNAM,2026-08-18,29,1,1,11,17,1569845.236,,,,17,14.0,0.7857142857142857,0.09090909090909091,,,,2026-08-19,2026-08-22,3.0,,,40432.0
KRISHNAPATNAM,2026-08-18,29,1,1,11,17,1569845.236,,,,17,14.0,0.7857142857142857,0.09090909090909091,,,,2026-08-19,2026-08-25,6.0,,,61367.0
KRISHNAPATNAM,2026-08-18,29,1,1,11,17,1569845.236,,,,17,14.0,0.7857142857142857,0.09090909090909091,,,,2026-08-20,2026-08-30,10.0,,,4098.847
KRISHNAPATNAM,2026-08-18,29,1,1,11,17,1569845.236,,,,17,14.0,0.7857142857142857,0.09090909090909091,,,,2026-08-20,2026-08-23,3.0,,,38230.0
KRISHNAPATNAM,2026-08-18,29,1,1,11,17,1569845.236,,,,17,14.0,0.7857142857142857,0.09090909090909091,,,,2026-08-20,2026-08-22,2.0,,,73700.0
KRISHNAPATNAM,2026-08-18,29,1,1,11,17,1569845.236,,,,17,14.0,0.7857142857142857,0.09090909090909091,,,,2026-08-20,2026-08-25,5.0,,,77000.0
KRISHNAPATNAM,2026-08-18,29,1,1,11,17,1569845.236,,,,17,14.0,0.7857142857142857,0.09090909090909091,,,,2026-08-21,2026-08-24,3.0,,,12000.0
KRISHNAPATNAM,2026-08-18,29,1,1,11,17,1569845.236,,,,17,14.0,0.7857142857142857,0.09090909090909091,,,,2026-08-21,2026-08-22,1.0,,,38498.97
KRISHNAPATNAM,2026-08-18,29,1,1,11,17,1569845.236,,,,17,14.0,0.7857142857142857,0.09090909090909091,,,,2026-08-24,2026-08-26,2.0,,,75024.0
KRISHNAPATNAM,2026-08-18,29,1,1,11,17,1569845.236,,,,17,14.0,0.7857142857142857,0.09090909090909091,,,,2026-08-24,2026-08-26,2.0,,,9995.419
KRISHNAPATNAM,2026-08-18,29,1,1,11,17,1569845.236,,,,17,14.0,0.7857142857142857,0.09090909090909091,,,,2026-05-28,2026-05-31,3.0,,,48871.0
KRISHNAPATNAM,2026-08-21,33,6,6,11,16,1883992.943,,,,19,14.0,0.7857142857142857,0.5454545454545454,,,,2026-08-21,2026-08-22,1.0,,,37859.964
KRISHNAPATNAM,2026-08-21,33,6,6,11,16,1883992.943,,,,19,14.0,0.7857142857142857,0.5454545454545454,,,,2026-08-16,2026-08-22,6.0,,,34262.0
KRISHNAPATNAM,2026-08-21,33,6,6,11,16,1883992.943,,,,19,14.0,0.7857142857142857,0.5454545454545454,,,,2026-08-19,2026-08-21,2.0,,,56200.0
KRISHNAPATNAM,2026-08-21,33,6,6,11,16,1883992.943,,,,19,14.0,0.7857142857142857,0.5454545454545454,,,,2026-08-17,2026-08-21,4.0,,,30000.0
KRISHNAPATNAM,2026-08-21,33,6,6,11,16,1883992.943,,,,19,14.0,0.7857142857142857,0.5454545454545454,,,,2026-08-19,2026-08-23,4.0,,,75000.0
KRISHNAPATNAM,2026-08-21,33,6,6,11,16,1883992.943,,,,19,14.0,0.7857142857142857,0.5454545454545454,,,,2026-08-19,2026-08-23,4.0,,,61367.0
KRISHNAPATNAM,2026-08-21,33,6,6,11,16,1883992.943,,,,19,14.0,0.7857142857142857,0.5454545454545454,,,,2026-08-20,2026-08-24,4.0,,,77000.0
KRISHNAPATNAM,2026-08-21,33,6,6,11,16,1883992.943,,,,19,14.0,0.7857142857142857,0.5454545454545454,,,,2026-08-17,2026-08-21,4.0,,,31400.0
KRISHNAPATNAM,2026-08-21,33,6,6,11,16,1883992.943,,,,19,14.0,0.7857142857142857,0.5454545454545454,,,,2026-08-18,2026-08-23,5.0,,,76200.0
KRISHNAPATNAM,2026-08-21,33,6,6,11,16,1883992.943,,,,19,14.0,0.7857142857142857,0.5454545454545454,,,,2026-08-18,2026-08-23,5.0,,,46700.0
KRISHNAPATNAM,2026-08-21,33,6,6,11,16,1883992.943,,,,19,14.0,0.7857142857142857,0.5454545454545454,,,,2026-08-19,2026-08-23,4.0,,,46700.0
KRISHNAPATNAM,2026-08-21,33,6,6,11,16,1883992.943,,,,19,14.0,0.7857142857142857,0.5454545454545454,,,,2026-08-19,2026-08-27,8.0,,,4098.847
KRISHNAPATNAM,2026-08-21,33,6,6,11,16,1883992.943,,,,19,14.0,0.7857142857142857,0.5454545454545454,,,,2026-08-20,2026-08-25,5.0,,,73700.0
KRISHNAPATNAM,2026-08-21,33,6,6,11,16,1883992.943,,,,19,14.0,0.7857142857142857,0.5454545454545454,,,,2026-08-20,2026-08-23,3.0,,,38230.0
KRISHNAPATNAM,2026-08-21,33,6,6,11,16,1883992.943,,,,19,14.0,0.7857142857142857,0.5454545454545454,,,,2026-08-21,2026-08-24,3.0,,,40432.0
KRISHNAPATNAM,2026-08-21,33,6,6,11,16,1883992.943,,,,19,14.0,0.7857142857142857,0.5454545454545454,,,,2026-08-21,2026-08-25,4.0,,,73100.0
KRISHNAPATNAM,2026-08-21,33,6,6,11,16,1883992.943,,,,19,14.0,0.7857142857142857,0.5454545454545454,,,,2026-08-21,2026-08-26,5.0,,,38498.97
KRISHNAPATNAM,2026-08-21,33,6,6,11,16,1883992.943,,,,19,14.0,0.7857142857142857,0.5454545454545454,,,,2026-08-21,2026-08-25,4.0,,,77070.0
KRISHNAPATNAM,2026-08-21,33,6,6,11,16,1883992.943,,,,19,14.0,0.7857142857142857,0.5454545454545454,,,,2026-08-21,2026-08-23,2.0,,,21000.0
KRISHNAPATNAM,2026-08-21,33,6,6,11,16,1883992.943,,,,19,14.0,0.7857142857142857,0.5454545454545454,,,,2026-08-22,2026-08-26,4.0,,,12000.0
KRISHNAPATNAM,2026-08-21,33,6,6,11,16,1883992.943,,,,19,14.0,0.7857142857142857,0.5454545454545454,,,,2026-08-22,2026-08-26,4.0,,,62250.0
KRISHNAPATNAM,2026-08-21,33,6,6,11,16,1883992.943,,,,19,14.0,0.7857142857142857,0.5454545454545454,,,,2026-08-22,2026-08-24,2.0,,,9930.743
KRISHNAPATNAM,2026-08-21,33,6,6,11,16,1883992.943,,,,19,14.0,0.7857142857142857,0.5454545454545454,,,,2026-08-23,2026-08-27,4.0,,,49500.0
KRISHNAPATNAM,2026-08-21,33,6,6,11,16,1883992.943,,,,19,14.0,0.7857142857142857,0.5454545454545454,,,,2026-08-23,2026-08-25,2.0,,,54950.0
KRISHNAPATNAM,2026-08-21,33,6,6,11,16,1883992.943,,,,19,14.0,0.7857142857142857,0.5454545454545454,,,,2026-08-23,2026-08-27,4.0,,,77770.0
KRISHNAPATNAM,2026-08-21,33,6,6,11,16,1883992.943,,,,19,14.0,0.7857142857142857,0.5454545454545454,,,,2026-08-24,2026-08-27,3.0,,,70000.0
KRISHNAPATNAM,2026-08-21,33,6,6,11,16,1883992.943,,,,19,14.0,0.7857142857142857,0.5454545454545454,,,,2026-08-24,2026-08-28,4.0,,,75024.0
KRISHNAPATNAM,2026-08-21,33,6,6,11,16,1883992.943,,,,19,14.0,0.7857142857142857,0.5454545454545454,,,,2026-08-24,2026-08-27,3.0,,,35100.0
KRISHNAPATNAM,2026-08-21,33,6,6,11,16,1883992.943,,,,19,14.0,0.7857142857142857,0.5454545454545454,,,,2026-08-25,2026-08-26,1.0,,,9995.419
KRISHNAPATNAM,2026-08-21,33,6,6,11,16,1883992.943,,,,19,14.0,0.7857142857142857,0.5454545454545454,,,,2026-08-25,2026-08-27,2.0,,,78750.0
KRISHNAPATNAM,2026-08-21,33,6,6,11,16,1883992.943,,,,19,14.0,0.7857142857142857,0.5454545454545454,,,,2026-08-26,2026-09-02,7.0,,,165905.0
KRISHNAPATNAM,2026-08-21,33,6,6,11,16,1883992.943,,,,19,14.0,0.7857142857142857,0.5454545454545454,,,,2026-08-26,2026-09-02,7.0,,,195128.0
KRISHNAPATNAM,2026-08-21,33,6,6,11,16,1883992.943,,,,19,14.0,0.7857142857142857,0.5454545454545454,,,,2026-05-28,2026-05-31,3.0,,,48871.0
KRISHNAPATNAM,2026-08-24,34,4,4,11,19,1960249.506,,,,17,14.0,0.7857142857142857,0.36363636363636365,,,,2026-08-22,2026-08-24,2.0,,,12000.0
KRISHNAPATNAM,2026-08-24,34,4,4,11,19,1960249.506,,,,17,14.0,0.7857142857142857,0.36363636363636365,,,,2026-08-21,2026-08-25,4.0,,,38498.97
KRISHNAPATNAM,2026-08-24,34,4,4,11,19,1960249.506,,,,17,14.0,0.7857142857142857,0.36363636363636365,,,,2026-08-23,2026-08-25,2.0,,,9930.743
KRISHNAPATNAM,2026-08-24,34,4,4,11,19,1960249.506,,,,17,14.0,0.7857142857142857,0.36363636363636365,,,,2026-08-21,2026-08-24,3.0,,,40432.0
KRISHNAPATNAM,2026-08-24,34,4,4,11,19,1960249.506,,,,17,14.0,0.7857142857142857,0.36363636363636365,,,,2026-08-22,2026-08-25,3.0,,,62250.0
KRISHNAPATNAM,2026-08-24,34,4,4,11,19,1960249.506,,,,17,14.0,0.7857142857142857,0.36363636363636365,,,,2026-08-18,2026-08-24,6.0,,,46700.0
KRISHNAPATNAM,2026-08-24,34,4,4,11,19,1960249.506,,,,17,14.0,0.7857142857142857,0.36363636363636365,,,,2026-08-20,2026-08-24,4.0,,,38230.0
KRISHNAPATNAM,2026-08-24,34,4,4,11,19,1960249.506,,,,17,14.0,0.7857142857142857,0.36363636363636365,,,,2026-08-21,2026-08-27,6.0,,,73100.0
KRISHNAPATNAM,2026-08-24,34,4,4,11,19,1960249.506,,,,17,14.0,0.7857142857142857,0.36363636363636365,,,,2026-08-23,2026-08-28,5.0,,,49500.0
KRISHNAPATNAM,2026-08-24,34,4,4,11,19,1960249.506,,,,17,14.0,0.7857142857142857,0.36363636363636365,,,,2026-08-19,2026-09-05,17.0,,,4098.847
KRISHNAPATNAM,2026-08-24,34,4,4,11,19,1960249.506,,,,17,14.0,0.7857142857142857,0.36363636363636365,,,,2026-08-19,2026-08-25,6.0,,,46700.0
KRISHNAPATNAM,2026-08-24,34,4,4,11,19,1960249.506,,,,17,14.0,0.7857142857142857,0.36363636363636365,,,,2026-08-21,2026-08-27,6.0,,,77070.0
KRISHNAPATNAM,2026-08-24,34,4,4,11,19,1960249.506,,,,17,14.0,0.7857142857142857,0.36363636363636365,,,,2026-08-22,2026-08-26,4.0,,,75260.0
KRISHNAPATNAM,2026-08-24,34,4,4,11,19,1960249.506,,,,17,14.0,0.7857142857142857,0.36363636363636365,,,,2026-08-23,2026-08-26,3.0,,,77770.0
KRISHNAPATNAM,2026-08-24,34,4,4,11,19,1960249.506,,,,17,14.0,0.7857142857142857,0.36363636363636365,,,,2026-08-24,2026-08-29,5.0,,,35100.0
KRISHNAPATNAM,2026-08-24,34,4,4,11,19,1960249.506,,,,17,14.0,0.7857142857142857,0.36363636363636365,,,,2026-08-24,2026-08-26,2.0,,,37295.0
KRISHNAPATNAM,2026-08-24,34,4,4,11,19,1960249.506,,,,17,14.0,0.7857142857142857,0.36363636363636365,,,,2026-08-25,2026-08-30,5.0,,,75024.0
KRISHNAPATNAM,2026-08-24,34,4,4,11,19,1960249.506,,,,17,14.0,0.7857142857142857,0.36363636363636365,,,,2026-08-25,2026-08-27,2.0,,,9995.419
KRISHNAPATNAM,2026-08-24,34,4,4,11,19,1960249.506,,,,17,14.0,0.7857142857142857,0.36363636363636365,,,,2026-08-25,2026-08-28,3.0,,,21000.0
KRISHNAPATNAM,2026-08-24,34,4,4,11,19,1960249.506,,,,17,14.0,0.7857142857142857,0.36363636363636365,,,,2026-08-25,2026-08-28,3.0,,,54950.0
KRISHNAPATNAM,2026-08-24,34,4,4,11,19,1960249.506,,,,17,14.0,0.7857142857142857,0.36363636363636365,,,,2026-08-25,2026-08-28,3.0,,,79000.0
KRISHNAPATNAM,2026-08-24,34,4,4,11,19,1960249.506,,,,17,14.0,0.7857142857142857,0.36363636363636365,,,,2026-08-26,2026-08-28,2.0,,,78750.0
KRISHNAPATNAM,2026-08-24,34,4,4,11,19,1960249.506,,,,17,14.0,0.7857142857142857,0.36363636363636365,,,,2026-08-26,2026-08-30,4.0,,,73538.0
KRISHNAPATNAM,2026-08-24,34,4,4,11,19,1960249.506,,,,17,14.0,0.7857142857142857,0.36363636363636365,,,,2026-08-26,2026-09-03,8.0,,,195128.0
KRISHNAPATNAM,2026-08-24,34,4,4,11,19,1960249.506,,,,17,14.0,0.7857142857142857,0.36363636363636365,,,,2026-08-26,2026-09-02,7.0,,,50580.543
KRISHNAPATNAM,2026-08-24,34,4,4,11,19,1960249.506,,,,17,14.0,0.7857142857142857,0.36363636363636365,,,,2026-08-26,2026-09-04,9.0,,,165905.0
KRISHNAPATNAM,2026-08-24,34,4,4,11,19,1960249.506,,,,17,14.0,0.7857142857142857,0.36363636363636365,,,,2026-08-26,2026-08-30,4.0,,,14999.984
KRISHNAPATNAM,2026-08-24,34,4,4,11,19,1960249.506,,,,17,14.0,0.7857142857142857,0.36363636363636365,,,,2026-08-26,2026-08-30,4.0,,,75000.0
KRISHNAPATNAM,2026-08-24,34,4,4,11,19,1960249.506,,,,17,14.0,0.7857142857142857,0.36363636363636365,,,,2026-08-30,2026-09-05,6.0,,,25600.0
KRISHNAPATNAM,2026-08-24,34,4,4,11,19,1960249.506,,,,17,14.0,0.7857142857142857,0.36363636363636365,,,,2026-08-31,2026-09-04,4.0,,,73166.0
KRISHNAPATNAM,2026-08-24,34,4,4,11,19,1960249.506,,,,17,14.0,0.7857142857142857,0.36363636363636365,,,,2026-08-31,2026-09-02,2.0,,,70000.0
KRISHNAPATNAM,2026-08-24,34,4,4,11,19,1960249.506,,,,17,14.0,0.7857142857142857,0.36363636363636365,,,,2026-09-02,2026-09-04,2.0,,,42500.0
KRISHNAPATNAM,2026-08-24,34,4,4,11,19,1960249.506,,,,17,14.0,0.7857142857142857,0.36363636363636365,,,,2026-09-05,2026-09-09,4.0,,,82306.0
KRISHNAPATNAM,2026-08-24,34,4,4,11,19,1960249.506,,,,17,14.0,0.7857142857142857,0.36363636363636365,,,,2026-05-28,2026-05-31,3.0,,,48871.0
KRISHNAPATNAM,2026-08-25,30,2,2,11,17,1809391.506,,,,15,14.0,0.7857142857142857,0.18181818181818182,,,,2026-08-24,2026-08-29,5.0,,,35100.0
KRISHNAPATNAM,2026-08-25,30,2,2,11,17,1809391.506,,,,15,14.0,0.7857142857142857,0.18181818181818182,,,,2026-08-21,2026-08-25,4.0,,,38498.97
KRISHNAPATNAM,2026-08-25,30,2,2,11,17,1809391.506,,,,15,14.0,0.7857142857142857,0.18181818181818182,,,,2026-08-23,2026-08-25,2.0,,,9930.743
KRISHNAPATNAM,2026-08-25,30,2,2,11,17,1809391.506,,,,15,14.0,0.7857142857142857,0.18181818181818182,,,,2026-08-21,2026-08-28,7.0,,,77070.0
KRISHNAPATNAM,2026-08-25,30,2,2,11,17,1809391.506,,,,15,14.0,0.7857142857142857,0.18181818181818182,,,,2026-08-22,2026-08-26,4.0,,,62250.0
KRISHNAPATNAM,2026-08-25,30,2,2,11,17,1809391.506,,,,15,14.0,0.7857142857142857,0.18181818181818182,,,,2026-08-22,2026-08-27,5.0,,,75260.0
KRISHNAPATNAM,2026-08-25,30,2,2,11,17,1809391.506,,,,15,14.0,0.7857142857142857,0.18181818181818182,,,,2026-08-23,2026-08-26,3.0,,,77770.0
KRISHNAPATNAM,2026-08-25,30,2,2,11,17,1809391.506,,,,15,14.0,0.7857142857142857,0.18181818181818182,,,,2026-08-24,2026-08-27,3.0,,,37295.0
KRISHNAPATNAM,2026-08-25,30,2,2,11,17,1809391.506,,,,15,14.0,0.7857142857142857,0.18181818181818182,,,,2026-08-23,2026-08-28,5.0,,,49500.0
KRISHNAPATNAM,2026-08-25,30,2,2,11,17,1809391.506,,,,15,14.0,0.7857142857142857,0.18181818181818182,,,,2026-08-21,2026-08-27,6.0,,,73100.0
KRISHNAPATNAM,2026-08-25,30,2,2,11,17,1809391.506,,,,15,14.0,0.7857142857142857,0.18181818181818182,,,,2026-08-19,2026-09-05,17.0,,,4098.847
KRISHNAPATNAM,2026-08-25,30,2,2,11,17,1809391.506,,,,15,14.0,0.7857142857142857,0.18181818181818182,,,,2026-08-25,2026-08-30,5.0,,,75024.0
KRISHNAPATNAM,2026-08-25,30,2,2,11,17,1809391.506,,,,15,14.0,0.7857142857142857,0.18181818181818182,,,,2026-08-25,2026-08-27,2.0,,,9995.419
KRISHNAPATNAM,2026-08-25,30,2,2,11,17,1809391.506,,,,15,14.0,0.7857142857142857,0.18181818181818182,,,,2026-08-25,2026-08-28,3.0,,,21000.0
KRISHNAPATNAM,2026-08-25,30,2,2,11,17,1809391.506,,,,15,14.0,0.7857142857142857,0.18181818181818182,,,,2026-08-25,2026-08-28,3.0,,,79000.0
KRISHNAPATNAM,2026-08-25,30,2,2,11,17,1809391.506,,,,15,14.0,0.7857142857142857,0.18181818181818182,,,,2026-08-26,2026-08-30,4.0,,,73538.0
KRISHNAPATNAM,2026-08-25,30,2,2,11,17,1809391.506,,,,15,14.0,0.7857142857142857,0.18181818181818182,,,,2026-08-26,2026-08-29,3.0,,,78750.0
KRISHNAPATNAM,2026-08-25,30,2,2,11,17,1809391.506,,,,15,14.0,0.7857142857142857,0.18181818181818182,,,,2026-08-26,2026-09-05,10.0,,,195128.0
KRISHNAPATNAM,2026-08-25,30,2,2,11,17,1809391.506,,,,15,14.0,0.7857142857142857,0.18181818181818182,,,,2026-08-26,2026-09-04,9.0,,,165905.0
KRISHNAPATNAM,2026-08-25,30,2,2,11,17,1809391.506,,,,15,14.0,0.7857142857142857,0.18181818181818182,,,,2026-08-26,2026-09-02,7.0,,,50580.543
KRISHNAPATNAM,2026-08-25,30,2,2,11,17,1809391.506,,,,15,14.0,0.7857142857142857,0.18181818181818182,,,,2026-08-26,2026-08-30,4.0,,,14999.984
KRISHNAPATNAM,2026-08-25,30,2,2,11,17,1809391.506,,,,15,14.0,0.7857142857142857,0.18181818181818182,,,,2026-08-27,2026-08-29,2.0,,,75000.0
KRISHNAPATNAM,2026-08-25,30,2,2,11,17,1809391.506,,,,15,14.0,0.7857142857142857,0.18181818181818182,,,,2026-08-27,2026-08-30,3.0,,,54950.0
KRISHNAPATNAM,2026-08-25,30,2,2,11,17,1809391.506,,,,15,14.0,0.7857142857142857,0.18181818181818182,,,,2026-08-28,2026-08-31,3.0,,,75346.0
KRISHNAPATNAM,2026-08-25,30,2,2,11,17,1809391.506,,,,15,14.0,0.7857142857142857,0.18181818181818182,,,,2026-08-29,2026-09-01,3.0,,,25600.0
KRISHNAPATNAM,2026-08-25,30,2,2,11,17,1809391.506,,,,15,14.0,0.7857142857142857,0.18181818181818182,,,,2026-08-31,2026-09-07,7.0,,,73166.0
KRISHNAPATNAM,2026-08-25,30,2,2,11,17,1809391.506,,,,15,14.0,0.7857142857142857,0.18181818181818182,,,,2026-09-02,2026-09-05,3.0,,,27858.0
KRISHNAPATNAM,2026-08-25,30,2,2,11,17,1809391.506,,,,15,14.0,0.7857142857142857,0.18181818181818182,,,,2026-09-02,2026-09-04,2.0,,,42500.0
KRISHNAPATNAM,2026-08-25,30,2,2,11,17,1809391.506,,,,15,14.0,0.7857142857142857,0.18181818181818182,,,,2026-09-05,2026-09-09,4.0,,,82306.0
KRISHNAPATNAM,2026-08-25,30,2,2,11,17,1809391.506,,,,15,14.0,0.7857142857142857,0.18181818181818182,,,,2026-05-28,2026-05-31,3.0,,,48871.0
KRISHNAPATNAM,2026-08-26,32,4,4,11,17,1921111.7289999998,,,,18,14.0,0.7857142857142857,0.36363636363636365,,,,2026-08-24,2026-08-29,5.0,,,35100.0
KRISHNAPATNAM,2026-08-26,32,4,4,11,17,1921111.7289999998,,,,18,14.0,0.7857142857142857,0.36363636363636365,,,,2026-08-25,2026-08-27,2.0,,,9995.419
KRISHNAPATNAM,2026-08-26,32,4,4,11,17,1921111.7289999998,,,,18,14.0,0.7857142857142857,0.36363636363636365,,,,2026-08-25,2026-08-28,3.0,,,21000.0
KRISHNAPATNAM,2026-08-26,32,4,4,11,17,1921111.7289999998,,,,18,14.0,0.7857142857142857,0.36363636363636365,,,,2026-08-21,2026-08-29,8.0,,,77070.0
KRISHNAPATNAM,2026-08-26,32,4,4,11,17,1921111.7289999998,,,,18,14.0,0.7857142857142857,0.36363636363636365,,,,2026-08-25,2026-08-28,3.0,,,79000.0
KRISHNAPATNAM,2026-08-26,32,4,4,11,17,1921111.7289999998,,,,18,14.0,0.7857142857142857,0.36363636363636365,,,,2026-08-22,2026-08-27,5.0,,,75260.0
KRISHNAPATNAM,2026-08-26,32,4,4,11,17,1921111.7289999998,,,,18,14.0,0.7857142857142857,0.36363636363636365,,,,2026-08-23,2026-08-27,4.0,,,77770.0
KRISHNAPATNAM,2026-08-26,32,4,4,11,17,1921111.7289999998,,,,18,14.0,0.7857142857142857,0.36363636363636365,,,,2026-08-24,2026-08-26,2.0,,,37295.0
KRISHNAPATNAM,2026-08-26,32,4,4,11,17,1921111.7289999998,,,,18,14.0,0.7857142857142857,0.36363636363636365,,,,2026-08-23,2026-08-28,5.0,,,49500.0
KRISHNAPATNAM,2026-08-26,32,4,4,11,17,1921111.7289999998,,,,18,14.0,0.7857142857142857,0.36363636363636365,,,,2026-08-21,2026-08-28,7.0,,,73100.0
KRISHNAPATNAM,2026-08-26,32,4,4,11,17,1921111.7289999998,,,,18,14.0,0.7857142857142857,0.36363636363636365,,,,2026-08-19,2026-09-05,17.0,,,4098.847
KRISHNAPATNAM,2026-08-26,32,4,4,11,17,1921111.7289999998,,,,18,14.0,0.7857142857142857,0.36363636363636365,,,,2026-08-25,2026-08-30,5.0,,,75024.0
KRISHNAPATNAM,2026-08-26,32,4,4,11,17,1921111.7289999998,,,,18,14.0,0.7857142857142857,0.36363636363636365,,,,2026-08-26,2026-08-31,5.0,,,73538.0
KRISHNAPATNAM,2026-08-26,32,4,4,11,17,1921111.7289999998,,,,18,14.0,0.7857142857142857,0.36363636363636365,,,,2026-08-26,2026-08-30,4.0,,,14999.984
KRISHNAPATNAM,2026-08-26,32,4,4,11,17,1921111.7289999998,,,,18,14.0,0.7857142857142857,0.36363636363636365,,,,2026-08-26,2026-08-29,3.0,,,78750.0
KRISHNAPATNAM,2026-08-26,32,4,4,11,17,1921111.7289999998,,,,18,14.0,0.7857142857142857,0.36363636363636365,,,,2026-08-26,2026-09-04,9.0,,,165905.0
KRISHNAPATNAM,2026-08-26,32,4,4,11,17,1921111.7289999998,,,,18,14.0,0.7857142857142857,0.36363636363636365,,,,2026-08-26,2026-09-06,11.0,,,195128.0
KRISHNAPATNAM,2026-08-26,32,4,4,11,17,1921111.7289999998,,,,18,14.0,0.7857142857142857,0.36363636363636365,,,,2026-08-26,2026-09-02,7.0,,,50580.543
KRISHNAPATNAM,2026-08-26,32,4,4,11,17,1921111.7289999998,,,,18,14.0,0.7857142857142857,0.36363636363636365,,,,2026-08-27,2026-08-29,2.0,,,75000.0
KRISHNAPATNAM,2026-08-26,32,4,4,11,17,1921111.7289999998,,,,18,14.0,0.7857142857142857,0.36363636363636365,,,,2026-08-27,2026-08-30,3.0,,,53700.0
KRISHNAPATNAM,2026-08-26,32,4,4,11,17,1921111.7289999998,,,,18,14.0,0.7857142857142857,0.36363636363636365,,,,2026-08-27,2026-08-31,4.0,,,75000.0
KRISHNAPATNAM,2026-08-26,32,4,4,11,17,1921111.7289999998,,,,18,14.0,0.7857142857142857,0.36363636363636365,,,,2026-08-28,2026-08-31,3.0,,,54950.0
KRISHNAPATNAM,2026-08-26,32,4,4,11,17,1921111.7289999998,,,,18,14.0,0.7857142857142857,0.36363636363636365,,,,2026-08-28,2026-08-31,3.0,,,75346.0
KRISHNAPATNAM,2026-08-26,32,4,4,11,17,1921111.7289999998,,,,18,14.0,0.7857142857142857,0.36363636363636365,,,,2026-08-30,2026-09-06,7.0,,,53500.0
KRISHNAPATNAM,2026-08-26,32,4,4,11,17,1921111.7289999998,,,,18,14.0,0.7857142857142857,0.36363636363636365,,,,2026-08-30,2026-09-02,3.0,,,25600.0
KRISHNAPATNAM,2026-08-26,32,4,4,11,17,1921111.7289999998,,,,18,14.0,0.7857142857142857,0.36363636363636365,,,,2026-08-30,2026-09-04,5.0,,,32200.0
KRISHNAPATNAM,2026-08-26,32,4,4,11,17,1921111.7289999998,,,,18,14.0,0.7857142857142857,0.36363636363636365,,,,2026-08-30,2026-09-01,2.0,,,7999.936
KRISHNAPATNAM,2026-08-26,32,4,4,11,17,1921111.7289999998,,,,18,14.0,0.7857142857142857,0.36363636363636365,,,,2026-08-31,2026-09-07,7.0,,,73166.0
KRISHNAPATNAM,2026-08-26,32,4,4,11,17,1921111.7289999998,,,,18,14.0,0.7857142857142857,0.36363636363636365,,,,2026-09-01,2026-09-05,4.0,,,27858.0
KRISHNAPATNAM,2026-08-26,32,4,4,11,17,1921111.7289999998,,,,18,14.0,0.7857142857142857,0.36363636363636365,,,,2026-09-02,2026-09-04,2.0,,,42500.0
KRISHNAPATNAM,2026-08-26,32,4,4,11,17,1921111.7289999998,,,,18,14.0,0.7857142857142857,0.36363636363636365,,,,2026-09-05,2026-09-09,4.0,,,82306.0
KRISHNAPATNAM,2026-08-26,32,4,4,11,17,1921111.7289999998,,,,18,14.0,0.7857142857142857,0.36363636363636365,,,,2026-05-28,2026-05-31,3.0,,,48871.0
KRISHNAPATNAM,2026-08-27,29,5,5,10,14,1796051.31,,,,13,14.0,0.7142857142857143,0.5,,,,2026-08-24,2026-08-29,5.0,,,35100.0
KRISHNAPATNAM,2026-08-27,29,5,5,10,14,1796051.31,,,,13,14.0,0.7142857142857143,0.5,,,,2026-08-25,2026-08-28,3.0,,,21000.0
KRISHNAPATNAM,2026-08-27,29,5,5,10,14,1796051.31,,,,13,14.0,0.7142857142857143,0.5,,,,2026-08-21,2026-08-28,7.0,,,77070.0
KRISHNAPATNAM,2026-08-27,29,5,5,10,14,1796051.31,,,,13,14.0,0.7142857142857143,0.5,,,,2026-08-25,2026-08-28,3.0,,,79000.0
KRISHNAPATNAM,2026-08-27,29,5,5,10,14,1796051.31,,,,13,14.0,0.7142857142857143,0.5,,,,2026-08-22,2026-08-27,5.0,,,75260.0
KRISHNAPATNAM,2026-08-27,29,5,5,10,14,1796051.31,,,,13,14.0,0.7142857142857143,0.5,,,,2026-08-26,2026-08-29,3.0,,,73538.0
KRISHNAPATNAM,2026-08-27,29,5,5,10,14,1796051.31,,,,13,14.0,0.7142857142857143,0.5,,,,2026-08-26,2026-09-02,7.0,,,195128.0
KRISHNAPATNAM,2026-08-27,29,5,5,10,14,1796051.31,,,,13,14.0,0.7142857142857143,0.5,,,,2026-08-23,2026-08-28,5.0,,,49500.0
KRISHNAPATNAM,2026-08-27,29,5,5,10,14,1796051.31,,,,13,14.0,0.7142857142857143,0.5,,,,2026-08-21,2026-08-27,6.0,,,73100.0
KRISHNAPATNAM,2026-08-27,29,5,5,10,14,1796051.31,,,,13,14.0,0.7142857142857143,0.5,,,,2026-08-19,2026-09-05,17.0,,,4098.847
KRISHNAPATNAM,2026-08-27,29,5,5,10,14,1796051.31,,,,13,14.0,0.7142857142857143,0.5,,,,2026-08-25,2026-08-31,6.0,,,75024.0
KRISHNAPATNAM,2026-08-27,29,5,5,10,14,1796051.31,,,,13,14.0,0.7142857142857143,0.5,,,,2026-08-26,2026-08-30,4.0,,,14999.984
KRISHNAPATNAM,2026-08-27,29,5,5,10,14,1796051.31,,,,13,14.0,0.7142857142857143,0.5,,,,2026-08-26,2026-08-29,3.0,,,78750.0
KRISHNAPATNAM,2026-08-27,29,5,5,10,14,1796051.31,,,,13,14.0,0.7142857142857143,0.5,,,,2026-08-26,2026-09-03,8.0,,,165905.0
KRISHNAPATNAM,2026-08-27,29,5,5,10,14,1796051.31,,,,13,14.0,0.7142857142857143,0.5,,,,2026-08-27,2026-09-02,6.0,,,50580.543
KRISHNAPATNAM,2026-08-27,29,5,5,10,14,1796051.31,,,,13,14.0,0.7142857142857143,0.5,,,,2026-08-27,2026-08-30,3.0,,,75000.0
KRISHNAPATNAM,2026-08-27,29,5,5,10,14,1796051.31,,,,13,14.0,0.7142857142857143,0.5,,,,2026-08-28,2026-08-31,3.0,,,75000.0
KRISHNAPATNAM,2026-08-27,29,5,5,10,14,1796051.31,,,,13,14.0,0.7142857142857143,0.5,,,,2026-08-28,2026-08-31,3.0,,,53700.0
KRISHNAPATNAM,2026-08-27,29,5,5,10,14,1796051.31,,,,13,14.0,0.7142857142857143,0.5,,,,2026-08-28,2026-09-02,5.0,,,75346.0
KRISHNAPATNAM,2026-08-27,29,5,5,10,14,1796051.31,,,,13,14.0,0.7142857142857143,0.5,,,,2026-08-29,2026-09-03,5.0,,,54950.0
KRISHNAPATNAM,2026-08-27,29,5,5,10,14,1796051.31,,,,13,14.0,0.7142857142857143,0.5,,,,2026-08-30,2026-09-03,4.0,,,53500.0
KRISHNAPATNAM,2026-08-27,29,5,5,10,14,1796051.31,,,,13,14.0,0.7142857142857143,0.5,,,,2026-08-30,2026-09-05,6.0,,,25600.0
KRISHNAPATNAM,2026-08-27,29,5,5,10,14,1796051.31,,,,13,14.0,0.7142857142857143,0.5,,,,2026-08-30,2026-09-02,3.0,,,32200.0
KRISHNAPATNAM,2026-08-27,29,5,5,10,14,1796051.31,,,,13,14.0,0.7142857142857143,0.5,,,,2026-08-30,2026-08-31,1.0,,,7999.936
KRISHNAPATNAM,2026-08-27,29,5,5,10,14,1796051.31,,,,13,14.0,0.7142857142857143,0.5,,,,2026-08-31,2026-09-04,4.0,,,73166.0
KRISHNAPATNAM,2026-08-27,29,5,5,10,14,1796051.31,,,,13,14.0,0.7142857142857143,0.5,,,,2026-09-01,2026-09-04,3.0,,,27858.0
KRISHNAPATNAM,2026-08-27,29,5,5,10,14,1796051.31,,,,13,14.0,0.7142857142857143,0.5,,,,2026-09-02,2026-09-04,2.0,,,42500.0
KRISHNAPATNAM,2026-08-27,29,5,5,10,14,1796051.31,,,,13,14.0,0.7142857142857143,0.5,,,,2026-09-05,2026-09-09,4.0,,,82306.0
KRISHNAPATNAM,2026-08-27,29,5,5,10,14,1796051.31,,,,13,14.0,0.7142857142857143,0.5,,,,2026-05-28,2026-05-31,3.0,,,48871.0
KRISHNAPATNAM,2026-08-31,25,2,2,9,14,1511323.3260000001,,,,13,14.0,0.6428571428571429,0.2222222222222222,,,,2026-08-30,2026-09-01,2.0,,,7999.936
KRISHNAPATNAM,2026-08-31,25,2,2,9,14,1511323.3260000001,,,,13,14.0,0.6428571428571429,0.2222222222222222,,,,2026-08-29,2026-09-01,3.0,,,59011.0
KRISHNAPATNAM,2026-08-31,25,2,2,9,14,1511323.3260000001,,,,13,14.0,0.6428571428571429,0.2222222222222222,,,,2026-08-27,2026-08-31,4.0,,,75000.0
KRISHNAPATNAM,2026-08-31,25,2,2,9,14,1511323.3260000001,,,,13,14.0,0.6428571428571429,0.2222222222222222,,,,2026-08-28,2026-08-31,3.0,,,53700.0
KRISHNAPATNAM,2026-08-31,25,2,2,9,14,1511323.3260000001,,,,13,14.0,0.6428571428571429,0.2222222222222222,,,,2026-08-27,2026-09-01,5.0,,,75000.0
KRISHNAPATNAM,2026-08-31,25,2,2,9,14,1511323.3260000001,,,,13,14.0,0.6428571428571429,0.2222222222222222,,,,2026-08-26,2026-09-05,10.0,,,165905.0
KRISHNAPATNAM,2026-08-31,25,2,2,9,14,1511323.3260000001,,,,13,14.0,0.6428571428571429,0.2222222222222222,,,,2026-08-27,2026-09-02,6.0,,,50580.543
KRISHNAPATNAM,2026-08-31,25,2,2,9,14,1511323.3260000001,,,,13,14.0,0.6428571428571429,0.2222222222222222,,,,2026-08-29,2026-09-02,4.0,,,75346.0
KRISHNAPATNAM,2026-08-31,25,2,2,9,14,1511323.3260000001,,,,13,14.0,0.6428571428571429,0.2222222222222222,,,,2026-08-19,2026-09-02,14.0,,,4098.847
KRISHNAPATNAM,2026-08-31,25,2,2,9,14,1511323.3260000001,,,,13,14.0,0.6428571428571429,0.2222222222222222,,,,2026-08-30,2026-09-02,3.0,,,54950.0
KRISHNAPATNAM,2026-08-31,25,2,2,9,14,1511323.3260000001,,,,13,14.0,0.6428571428571429,0.2222222222222222,,,,2026-08-30,2026-09-02,3.0,,,73481.0
KRISHNAPATNAM,2026-08-31,25,2,2,9,14,1511323.3260000001,,,,13,14.0,0.6428571428571429,0.2222222222222222,,,,2026-08-31,2026-09-05,5.0,,,32200.0
KRISHNAPATNAM,2026-08-31,25,2,2,9,14,1511323.3260000001,,,,13,14.0,0.6428571428571429,0.2222222222222222,,,,2026-08-31,2026-09-05,5.0,,,73166.0
KRISHNAPATNAM,2026-08-31,25,2,2,9,14,1511323.3260000001,,,,13,14.0,0.6428571428571429,0.2222222222222222,,,,2026-08-31,2026-09-04,4.0,,,25600.0
KRISHNAPATNAM,2026-08-31,25,2,2,9,14,1511323.3260000001,,,,13,14.0,0.6428571428571429,0.2222222222222222,,,,2026-08-31,2026-09-03,3.0,,,74500.0
KRISHNAPATNAM,2026-08-31,25,2,2,9,14,1511323.3260000001,,,,13,14.0,0.6428571428571429,0.2222222222222222,,,,2026-09-01,2026-09-06,5.0,,,125290.0
KRISHNAPATNAM,2026-08-31,25,2,2,9,14,1511323.3260000001,,,,13,14.0,0.6428571428571429,0.2222222222222222,,,,2026-09-01,2026-09-04,3.0,,,67500.0
KRISHNAPATNAM,2026-08-31,25,2,2,9,14,1511323.3260000001,,,,13,14.0,0.6428571428571429,0.2222222222222222,,,,2026-09-01,2026-09-08,7.0,,,53500.0
KRISHNAPATNAM,2026-08-31,25,2,2,9,14,1511323.3260000001,,,,13,14.0,0.6428571428571429,0.2222222222222222,,,,2026-09-02,2026-09-05,3.0,,,42500.0
KRISHNAPATNAM,2026-08-31,25,2,2,9,14,1511323.3260000001,,,,13,14.0,0.6428571428571429,0.2222222222222222,,,,2026-09-02,2026-09-05,3.0,,,77590.0
KRISHNAPATNAM,2026-08-31,25,2,2,9,14,1511323.3260000001,,,,13,14.0,0.6428571428571429,0.2222222222222222,,,,2026-09-02,2026-09-09,7.0,,,31300.0
KRISHNAPATNAM,2026-08-31,25,2,2,9,14,1511323.3260000001,,,,13,14.0,0.6428571428571429,0.2222222222222222,,,,2026-09-03,2026-09-08,5.0,,,54070.0
KRISHNAPATNAM,2026-08-31,25,2,2,9,14,1511323.3260000001,,,,13,14.0,0.6428571428571429,0.2222222222222222,,,,2026-09-03,2026-09-06,3.0,,,27858.0
KRISHNAPATNAM,2026-08-31,25,2,2,9,14,1511323.3260000001,,,,13,14.0,0.6428571428571429,0.2222222222222222,,,,2026-09-05,2026-09-09,4.0,,,82306.0
KRISHNAPATNAM,2026-08-31,25,2,2,9,14,1511323.3260000001,,,,13,14.0,0.6428571428571429,0.2222222222222222,,,,2026-05-28,2026-05-31,3.0,,,48871.0
SAGAR,2026-08-10,8,0,2,6,0,0.0,,,,2,,,0.0,16.36,337.3,0.0,2026-08-15,2026-08-17,2.0,,,
SAGAR,2026-08-10,8,0,2,6,0,0.0,,,,2,,,0.0,16.36,337.3,0.0,2026-08-15,2026-08-19,4.0,,,
SAGAR,2026-08-11,8,0,2,6,0,0.0,,,,1,,,0.0,16.36,337.3,0.0,2026-08-14,2026-08-16,2.0,,,
SAGAR,2026-08-11,8,0,2,6,0,0.0,,,,1,,,0.0,16.36,337.3,0.0,2026-08-20,2026-08-22,2.0,,,
SAGAR,2026-08-12,8,0,2,6,0,0.0,,,,1,,,0.0,16.36,337.3,0.0,2026-08-14,2026-08-16,2.0,,,
SAGAR,2026-08-12,8,0,2,6,0,0.0,,,,1,,,0.0,16.36,337.3,0.0,2026-08-20,2026-08-22,2.0,,,
SAGAR,2026-08-13,8,0,2,6,0,0.0,,,,2,,,0.0,16.36,337.3,0.0,2026-08-14,2026-08-16,2.0,,,
SAGAR,2026-08-13,8,0,2,6,0,0.0,,,,2,,,0.0,16.36,337.3,0.0,2026-08-20,2026-08-23,3.0,,,
SAGAR,2026-08-17,7,0,1,6,0,0.0,,,,1,,,0.0,20.9,76.6,0.0,2026-08-20,2026-08-23,3.0,,,
SAGAR,2026-08-18,7,0,1,6,0,0.0,,,,1,,,0.0,20.9,76.6,0.0,2026-08-25,2026-08-28,3.0,,,
SAGAR,2026-08-21,7,0,1,6,0,0.0,,,,1,,,0.0,20.9,76.6,0.0,2026-08-25,2026-08-28,3.0,,,
SAGAR,2026-08-24,7,0,1,6,0,0.0,,,,1,,,0.0,16.63,106.7,0.0,2026-08-25,2026-08-28,3.0,,,
SAGAR,2026-08-25,7,0,1,6,0,0.0,,,,1,,,0.0,16.63,106.7,0.0,2026-08-30,2026-09-01,2.0,,,
SAGAR,2026-08-26,7,0,1,6,0,0.0,,,,1,,,0.0,16.63,106.7,0.0,2026-08-30,2026-09-01,2.0,,,
SAGAR,2026-08-27,7,0,1,6,0,0.0,,,,1,,,0.0,16.63,106.7,0.0,2026-08-30,2026-09-01,2.0,,,
SAGAR,2026-08-31,8,2,2,6,0,0.0,,,,1,,,0.3333333333333333,16.04,66.8,0.0,2026-08-31,2026-09-03,3.0,,,
SAGAR,2026-08-31,8,2,2,6,0,0.0,,,,1,,,0.3333333333333333,16.04,66.8,0.0,2026-08-30,2026-09-01,2.0,,,
VISAKHAPATNAM,2026-08-10,66,6,6,18,42,2518371.0,0.0,0.0,2.0,36,43.0,0.4186046511627907,0.3333333333333333,10.37,35.6,0.0,2026-08-09,2026-08-10,1.0,,,53420.0
VISAKHAPATNAM,2026-08-10,66,6,6,18,42,2518371.0,0.0,0.0,2.0,36,43.0,0.4186046511627907,0.3333333333333333,10.37,35.6,0.0,2026-08-06,2026-08-16,10.0,,,198041.0
VISAKHAPATNAM,2026-08-10,66,6,6,18,42,2518371.0,0.0,0.0,2.0,36,43.0,0.4186046511627907,0.3333333333333333,10.37,35.6,0.0,2026-08-10,2026-08-10,0.0,,both,8000.0
VISAKHAPATNAM,2026-08-10,66,6,6,18,42,2518371.0,0.0,0.0,2.0,36,43.0,0.4186046511627907,0.3333333333333333,10.37,35.6,0.0,2026-08-09,2026-08-11,2.0,,both,40000.0
VISAKHAPATNAM,2026-08-10,66,6,6,18,42,2518371.0,0.0,0.0,2.0,36,43.0,0.4186046511627907,0.3333333333333333,10.37,35.6,0.0,2026-08-04,2026-08-14,10.0,,,29400.0
VISAKHAPATNAM,2026-08-10,66,6,6,18,42,2518371.0,0.0,0.0,2.0,36,43.0,0.4186046511627907,0.3333333333333333,10.37,35.6,0.0,2026-08-05,2026-08-10,5.0,,,29400.0
VISAKHAPATNAM,2026-08-10,66,6,6,18,42,2518371.0,0.0,0.0,2.0,36,43.0,0.4186046511627907,0.3333333333333333,10.37,35.6,0.0,2026-08-01,2026-08-12,11.0,,,31300.0
VISAKHAPATNAM,2026-08-10,66,6,6,18,42,2518371.0,0.0,0.0,2.0,36,43.0,0.4186046511627907,0.3333333333333333,10.37,35.6,0.0,2026-08-09,2026-08-11,2.0,,,10000.0
VISAKHAPATNAM,2026-08-10,66,6,6,18,42,2518371.0,0.0,0.0,2.0,36,43.0,0.4186046511627907,0.3333333333333333,10.37,35.6,0.0,2026-08-06,2026-08-10,4.0,,,78723.0
VISAKHAPATNAM,2026-08-10,66,6,6,18,42,2518371.0,0.0,0.0,2.0,36,43.0,0.4186046511627907,0.3333333333333333,10.37,35.6,0.0,2026-08-09,2026-08-11,2.0,,,28321.0
VISAKHAPATNAM,2026-08-10,66,6,6,18,42,2518371.0,0.0,0.0,2.0,36,43.0,0.4186046511627907,0.3333333333333333,10.37,35.6,0.0,2026-07-23,2026-08-12,20.0,,,28092.0
VISAKHAPATNAM,2026-08-10,66,6,6,18,42,2518371.0,0.0,0.0,2.0,36,43.0,0.4186046511627907,0.3333333333333333,10.37,35.6,0.0,2026-08-05,2026-08-11,6.0,,,33470.0
VISAKHAPATNAM,2026-08-10,66,6,6,18,42,2518371.0,0.0,0.0,2.0,36,43.0,0.4186046511627907,0.3333333333333333,10.37,35.6,0.0,2026-08-07,2026-08-16,9.0,,,31500.0
VISAKHAPATNAM,2026-08-10,66,6,6,18,42,2518371.0,0.0,0.0,2.0,36,43.0,0.4186046511627907,0.3333333333333333,10.37,35.6,0.0,2026-08-04,2026-08-10,6.0,,,55000.0
VISAKHAPATNAM,2026-08-10,66,6,6,18,42,2518371.0,0.0,0.0,2.0,36,43.0,0.4186046511627907,0.3333333333333333,10.37,35.6,0.0,2026-08-06,2026-08-10,4.0,,,35502.0
VISAKHAPATNAM,2026-08-10,66,6,6,18,42,2518371.0,0.0,0.0,2.0,36,43.0,0.4186046511627907,0.3333333333333333,10.37,35.6,0.0,2026-08-07,2026-08-11,4.0,,,3000.0
VISAKHAPATNAM,2026-08-11,67,10,10,19,38,2470499.0,0.0,0.0,2.0,35,43.0,0.4418604651162791,0.5263157894736842,10.37,35.6,0.0,2026-08-09,2026-08-10,1.0,,,53420.0
VISAKHAPATNAM,2026-08-11,67,10,10,19,38,2470499.0,0.0,0.0,2.0,35,43.0,0.4418604651162791,0.5263157894736842,10.37,35.6,0.0,2026-08-06,2026-08-17,11.0,,,198041.0
VISAKHAPATNAM,2026-08-11,67,10,10,19,38,2470499.0,0.0,0.0,2.0,35,43.0,0.4418604651162791,0.5263157894736842,10.37,35.6,0.0,2026-08-10,2026-08-11,1.0,,both,12445.0
VISAKHAPATNAM,2026-08-11,67,10,10,19,38,2470499.0,0.0,0.0,2.0,35,43.0,0.4418604651162791,0.5263157894736842,10.37,35.6,0.0,2026-08-09,2026-08-11,2.0,,both,39356.0
VISAKHAPATNAM,2026-08-11,67,10,10,19,38,2470499.0,0.0,0.0,2.0,35,43.0,0.4418604651162791,0.5263157894736842,10.37,35.6,0.0,2026-08-10,2026-08-14,4.0,,,78846.0
VISAKHAPATNAM,2026-08-11,67,10,10,19,38,2470499.0,0.0,0.0,2.0,35,43.0,0.4418604651162791,0.5263157894736842,10.37,35.6,0.0,2026-08-04,2026-08-16,12.0,,,23070.0
VISAKHAPATNAM,2026-08-11,67,10,10,19,38,2470499.0,0.0,0.0,2.0,35,43.0,0.4418604651162791,0.5263157894736842,10.37,35.6,0.0,2026-08-05,2026-08-11,6.0,,,29400.0
VISAKHAPATNAM,2026-08-11,67,10,10,19,38,2470499.0,0.0,0.0,2.0,35,43.0,0.4418604651162791,0.5263157894736842,10.37,35.6,0.0,2026-08-01,2026-08-12,11.0,,,28400.0
VISAKHAPATNAM,2026-08-11,67,10,10,19,38,2470499.0,0.0,0.0,2.0,35,43.0,0.4418604651162791,0.5263157894736842,10.37,35.6,0.0,2026-08-09,2026-08-11,2.0,,,10000.0
VISAKHAPATNAM,2026-08-11,67,10,10,19,38,2470499.0,0.0,0.0,2.0,35,43.0,0.4418604651162791,0.5263157894736842,10.37,35.6,0.0,2026-08-10,2026-08-14,4.0,,,79841.0
VISAKHAPATNAM,2026-08-11,67,10,10,19,38,2470499.0,0.0,0.0,2.0,35,43.0,0.4418604651162791,0.5263157894736842,10.37,35.6,0.0,2026-08-09,2026-08-11,2.0,,,28321.0
VISAKHAPATNAM,2026-08-11,67,10,10,19,38,2470499.0,0.0,0.0,2.0,35,43.0,0.4418604651162791,0.5263157894736842,10.37,35.6,0.0,2026-07-23,2026-08-13,21.0,,,28092.0
VISAKHAPATNAM,2026-08-11,67,10,10,19,38,2470499.0,0.0,0.0,2.0,35,43.0,0.4418604651162791,0.5263157894736842,10.37,35.6,0.0,2026-08-05,2026-08-11,6.0,,,34100.0
VISAKHAPATNAM,2026-08-11,67,10,10,19,38,2470499.0,0.0,0.0,2.0,35,43.0,0.4418604651162791,0.5263157894736842,10.37,35.6,0.0,2026-08-07,2026-08-17,10.0,,,27600.0
VISAKHAPATNAM,2026-08-11,67,10,10,19,38,2470499.0,0.0,0.0,2.0,35,43.0,0.4418604651162791,0.5263157894736842,10.37,35.6,0.0,2026-08-10,2026-08-12,2.0,,,7000.0
VISAKHAPATNAM,2026-08-11,67,10,10,19,38,2470499.0,0.0,0.0,2.0,35,43.0,0.4418604651162791,0.5263157894736842,10.37,35.6,0.0,2026-08-08,2026-08-12,4.0,,,7000.0
VISAKHAPATNAM,2026-08-11,67,10,10,19,38,2470499.0,0.0,0.0,2.0,35,43.0,0.4418604651162791,0.5263157894736842,10.37,35.6,0.0,2026-08-07,2026-08-11,4.0,,,3827.0
VISAKHAPATNAM,2026-08-11,67,10,10,19,38,2470499.0,0.0,0.0,2.0,35,43.0,0.4418604651162791,0.5263157894736842,10.37,35.6,0.0,2026-08-10,2026-08-12,2.0,,,6000.0
VISAKHAPATNAM,2026-08-12,62,4,4,20,38,2401743.0,0.0,0.0,1.0,31,43.0,0.46511627906976744,0.2,10.37,35.6,0.0,2026-08-11,2026-08-12,1.0,,,9500.0
VISAKHAPATNAM,2026-08-12,62,4,4,20,38,2401743.0,0.0,0.0,1.0,31,43.0,0.46511627906976744,0.2,10.37,35.6,0.0,2026-08-10,2026-08-12,2.0,,,9500.0
VISAKHAPATNAM,2026-08-12,62,4,4,20,38,2401743.0,0.0,0.0,1.0,31,43.0,0.46511627906976744,0.2,10.37,35.6,0.0,2026-08-06,2026-08-17,11.0,,,198041.0
VISAKHAPATNAM,2026-08-12,62,4,4,20,38,2401743.0,0.0,0.0,1.0,31,43.0,0.46511627906976744,0.2,10.37,35.6,0.0,2026-08-11,2026-08-12,1.0,,both,1571.0
VISAKHAPATNAM,2026-08-12,62,4,4,20,38,2401743.0,0.0,0.0,1.0,31,43.0,0.46511627906976744,0.2,10.37,35.6,0.0,2026-08-08,2026-08-13,5.0,,,23900.0
VISAKHAPATNAM,2026-08-12,62,4,4,20,38,2401743.0,0.0,0.0,1.0,31,43.0,0.46511627906976744,0.2,10.37,35.6,0.0,2026-08-10,2026-08-13,3.0,,,78846.0
VISAKHAPATNAM,2026-08-12,62,4,4,20,38,2401743.0,0.0,0.0,1.0,31,43.0,0.46511627906976744,0.2,10.37,35.6,0.0,2026-08-04,2026-08-16,12.0,,,23070.0
VISAKHAPATNAM,2026-08-12,62,4,4,20,38,2401743.0,0.0,0.0,1.0,31,43.0,0.46511627906976744,0.2,10.37,35.6,0.0,2026-08-11,2026-08-20,9.0,,,55000.0
VISAKHAPATNAM,2026-08-12,62,4,4,20,38,2401743.0,0.0,0.0,1.0,31,43.0,0.46511627906976744,0.2,10.37,35.6,0.0,2026-08-01,2026-08-12,11.0,,,28400.0
VISAKHAPATNAM,2026-08-12,62,4,4,20,38,2401743.0,0.0,0.0,1.0,31,43.0,0.46511627906976744,0.2,10.37,35.6,0.0,2026-08-09,2026-08-12,3.0,,,10000.0
VISAKHAPATNAM,2026-08-12,62,4,4,20,38,2401743.0,0.0,0.0,1.0,31,43.0,0.46511627906976744,0.2,10.37,35.6,0.0,2026-08-10,2026-08-14,4.0,,,79841.0
VISAKHAPATNAM,2026-08-12,62,4,4,20,38,2401743.0,0.0,0.0,1.0,31,43.0,0.46511627906976744,0.2,10.37,35.6,0.0,2026-07-23,2026-08-13,21.0,,,29630.0
VISAKHAPATNAM,2026-08-12,62,4,4,20,38,2401743.0,0.0,0.0,1.0,31,43.0,0.46511627906976744,0.2,10.37,35.6,0.0,2026-08-11,2026-08-16,5.0,,,38831.0
VISAKHAPATNAM,2026-08-12,62,4,4,20,38,2401743.0,0.0,0.0,1.0,31,43.0,0.46511627906976744,0.2,10.37,35.6,0.0,2026-08-07,2026-08-17,10.0,,,27600.0
VISAKHAPATNAM,2026-08-12,62,4,4,20,38,2401743.0,0.0,0.0,1.0,31,43.0,0.46511627906976744,0.2,10.37,35.6,0.0,2026-08-10,2026-08-12,2.0,,,7000.0
VISAKHAPATNAM,2026-08-12,62,4,4,20,38,2401743.0,0.0,0.0,1.0,31,43.0,0.46511627906976744,0.2,10.37,35.6,0.0,2026-08-11,2026-08-13,2.0,,,16821.0
VISAKHAPATNAM,2026-08-12,62,4,4,20,38,2401743.0,0.0,0.0,1.0,31,43.0,0.46511627906976744,0.2,10.37,35.6,0.0,2026-08-08,2026-08-12,4.0,,,10346.0
VISAKHAPATNAM,2026-08-12,62,4,4,20,38,2401743.0,0.0,0.0,1.0,31,43.0,0.46511627906976744,0.2,10.37,35.6,0.0,2026-08-10,2026-08-12,2.0,,,9258.0
VISAKHAPATNAM,2026-08-13,57,8,8,16,33,2471702.0,,,,27,43.0,0.37209302325581395,0.5,10.37,35.6,0.0,2026-08-11,2026-08-14,3.0,,,56760.0
VISAKHAPATNAM,2026-08-13,57,8,8,16,33,2471702.0,,,,27,43.0,0.37209302325581395,0.5,10.37,35.6,0.0,2026-08-06,2026-08-17,11.0,,,198041.0
VISAKHAPATNAM,2026-08-13,57,8,8,16,33,2471702.0,,,,27,43.0,0.37209302325581395,0.5,10.37,35.6,0.0,2026-08-08,2026-08-14,6.0,,,23900.0
VISAKHAPATNAM,2026-08-13,57,8,8,16,33,2471702.0,,,,27,43.0,0.37209302325581395,0.5,10.37,35.6,0.0,2026-08-10,2026-08-13,3.0,,,78846.0
VISAKHAPATNAM,2026-08-13,57,8,8,16,33,2471702.0,,,,27,43.0,0.37209302325581395,0.5,10.37,35.6,0.0,2026-08-04,2026-08-15,11.0,,,22830.0
VISAKHAPATNAM,2026-08-13,57,8,8,16,33,2471702.0,,,,27,43.0,0.37209302325581395,0.5,10.37,35.6,0.0,2026-08-11,2026-08-20,9.0,,,55000.0
VISAKHAPATNAM,2026-08-13,57,8,8,16,33,2471702.0,,,,27,43.0,0.37209302325581395,0.5,10.37,35.6,0.0,2026-08-10,2026-08-14,4.0,,,79841.0
VISAKHAPATNAM,2026-08-13,57,8,8,16,33,2471702.0,,,,27,43.0,0.37209302325581395,0.5,10.37,35.6,0.0,2026-07-23,2026-08-13,21.0,,,29829.0
VISAKHAPATNAM,2026-08-13,57,8,8,16,33,2471702.0,,,,27,43.0,0.37209302325581395,0.5,10.37,35.6,0.0,2026-08-11,2026-08-16,5.0,,,38831.0
VISAKHAPATNAM,2026-08-13,57,8,8,16,33,2471702.0,,,,27,43.0,0.37209302325581395,0.5,10.37,35.6,0.0,2026-08-07,2026-08-19,12.0,,,27600.0
VISAKHAPATNAM,2026-08-13,57,8,8,16,33,2471702.0,,,,27,43.0,0.37209302325581395,0.5,10.37,35.6,0.0,2026-08-12,2026-08-20,8.0,,,23750.0
VISAKHAPATNAM,2026-08-13,57,8,8,16,33,2471702.0,,,,27,43.0,0.37209302325581395,0.5,10.37,35.6,0.0,2026-08-12,2026-08-20,8.0,,,31500.0
VISAKHAPATNAM,2026-08-13,57,8,8,16,33,2471702.0,,,,27,43.0,0.37209302325581395,0.5,10.37,35.6,0.0,2026-08-11,2026-08-13,2.0,,,16821.0
VISAKHAPATNAM,2026-08-13,57,8,8,16,33,2471702.0,,,,27,43.0,0.37209302325581395,0.5,10.37,35.6,0.0,2026-08-11,2026-08-15,4.0,,,35502.0
VISAKHAPATNAM,2026-08-17,67,10,10,21,36,2536354.546,0.0,0.0,3.0,28,43.0,0.4883720930232558,0.47619047619047616,10.21,45.4,0.0,2026-08-06,2026-08-18,12.0,,,198041.0
VISAKHAPATNAM,2026-08-17,67,10,10,21,36,2536354.546,0.0,0.0,3.0,28,43.0,0.4883720930232558,0.47619047619047616,10.21,45.4,0.0,2026-08-16,2026-08-18,2.0,,both,28097.0
VISAKHAPATNAM,2026-08-17,67,10,10,21,36,2536354.546,0.0,0.0,3.0,28,43.0,0.4883720930232558,0.47619047619047616,10.21,45.4,0.0,2026-08-15,2026-08-17,2.0,,both,29989.0
VISAKHAPATNAM,2026-08-17,67,10,10,21,36,2536354.546,0.0,0.0,3.0,28,43.0,0.4883720930232558,0.47619047619047616,10.21,45.4,0.0,2026-08-16,2026-08-17,1.0,,both,30477.0
VISAKHAPATNAM,2026-08-17,67,10,10,21,36,2536354.546,0.0,0.0,3.0,28,43.0,0.4883720930232558,0.47619047619047616,10.21,45.4,0.0,2026-08-16,2026-08-18,2.0,,,326527.0
VISAKHAPATNAM,2026-08-17,67,10,10,21,36,2536354.546,0.0,0.0,3.0,28,43.0,0.4883720930232558,0.47619047619047616,10.21,45.4,0.0,2026-08-12,2026-08-18,6.0,,,23000.0
VISAKHAPATNAM,2026-08-17,67,10,10,21,36,2536354.546,0.0,0.0,3.0,28,43.0,0.4883720930232558,0.47619047619047616,10.21,45.4,0.0,2026-08-13,2026-08-20,7.0,,,30010.0
VISAKHAPATNAM,2026-08-17,67,10,10,21,36,2536354.546,0.0,0.0,3.0,28,43.0,0.4883720930232558,0.47619047619047616,10.21,45.4,0.0,2026-08-12,2026-08-20,8.0,,,31500.0
VISAKHAPATNAM,2026-08-17,67,10,10,21,36,2536354.546,0.0,0.0,3.0,28,43.0,0.4883720930232558,0.47619047619047616,10.21,45.4,0.0,2026-08-11,2026-08-20,9.0,,,55000.0
VISAKHAPATNAM,2026-08-17,67,10,10,21,36,2536354.546,0.0,0.0,3.0,28,43.0,0.4883720930232558,0.47619047619047616,10.21,45.4,0.0,2026-08-16,2026-08-20,4.0,,,16450.0
VISAKHAPATNAM,2026-08-17,67,10,10,21,36,2536354.546,0.0,0.0,3.0,28,43.0,0.4883720930232558,0.47619047619047616,10.21,45.4,0.0,2026-08-15,2026-08-18,3.0,,,47600.0
VISAKHAPATNAM,2026-08-17,67,10,10,21,36,2536354.546,0.0,0.0,3.0,28,43.0,0.4883720930232558,0.47619047619047616,10.21,45.4,0.0,2026-08-14,2026-08-19,5.0,,,71670.0
VISAKHAPATNAM,2026-08-17,67,10,10,21,36,2536354.546,0.0,0.0,3.0,28,43.0,0.4883720930232558,0.47619047619047616,10.21,45.4,0.0,2026-08-13,2026-08-19,6.0,,,5396.546
VISAKHAPATNAM,2026-08-17,67,10,10,21,36,2536354.546,0.0,0.0,3.0,28,43.0,0.4883720930232558,0.47619047619047616,10.21,45.4,0.0,2026-08-15,2026-08-20,5.0,,,77000.0
VISAKHAPATNAM,2026-08-17,67,10,10,21,36,2536354.546,0.0,0.0,3.0,28,43.0,0.4883720930232558,0.47619047619047616,10.21,45.4,0.0,2026-08-11,2026-08-19,8.0,,,38831.0
VISAKHAPATNAM,2026-08-17,67,10,10,21,36,2536354.546,0.0,0.0,3.0,28,43.0,0.4883720930232558,0.47619047619047616,10.21,45.4,0.0,2026-08-07,2026-08-20,13.0,,,27600.0
VISAKHAPATNAM,2026-08-17,67,10,10,21,36,2536354.546,0.0,0.0,3.0,28,43.0,0.4883720930232558,0.47619047619047616,10.21,45.4,0.0,2026-08-12,2026-08-20,8.0,,,23750.0
VISAKHAPATNAM,2026-08-17,67,10,10,21,36,2536354.546,0.0,0.0,3.0,28,43.0,0.4883720930232558,0.47619047619047616,10.21,45.4,0.0,2026-08-12,2026-08-18,6.0,,,30600.0
VISAKHAPATNAM,2026-08-17,67,10,10,21,36,2536354.546,0.0,0.0,3.0,28,43.0,0.4883720930232558,0.47619047619047616,10.21,45.4,0.0,2026-08-14,2026-08-17,3.0,,,21512.0
VISAKHAPATNAM,2026-08-17,67,10,10,21,36,2536354.546,0.0,0.0,3.0,28,43.0,0.4883720930232558,0.47619047619047616,10.21,45.4,0.0,2026-07-17,2026-08-18,32.0,,,10000.0
VISAKHAPATNAM,2026-08-17,67,10,10,21,36,2536354.546,0.0,0.0,3.0,28,43.0,0.4883720930232558,0.47619047619047616,10.21,45.4,0.0,2026-08-15,2026-08-18,3.0,,,5000.0
VISAKHAPATNAM,2026-08-17,67,10,10,21,36,2536354.546,0.0,0.0,3.0,28,43.0,0.4883720930232558,0.47619047619047616,10.21,45.4,0.0,2026-08-17,2026-08-18,1.0,,both,40000.0
VISAKHAPATNAM,2026-08-18,71,9,9,25,37,2626110.546,0.0,0.0,2.0,32,43.0,0.5813953488372093,0.36,10.21,45.4,0.0,2026-08-18,2026-08-19,1.0,,,105000.0
VISAKHAPATNAM,2026-08-18,71,9,9,25,37,2626110.546,0.0,0.0,2.0,32,43.0,0.5813953488372093,0.36,10.21,45.4,0.0,2026-08-06,2026-08-18,12.0,,,198041.0
VISAKHAPATNAM,2026-08-18,71,9,9,25,37,2626110.546,0.0,0.0,2.0,32,43.0,0.5813953488372093,0.36,10.21,45.4,0.0,2026-08-18,2026-08-19,1.0,,both,20000.0
VISAKHAPATNAM,2026-08-18,71,9,9,25,37,2626110.546,0.0,0.0,2.0,32,43.0,0.5813953488372093,0.36,10.21,45.4,0.0,2026-08-17,2026-08-18,1.0,,both,46123.0
VISAKHAPATNAM,2026-08-18,71,9,9,25,37,2626110.546,0.0,0.0,2.0,32,43.0,0.5813953488372093,0.36,10.21,45.4,0.0,2026-08-16,2026-08-19,3.0,,,326527.0
VISAKHAPATNAM,2026-08-18,71,9,9,25,37,2626110.546,0.0,0.0,2.0,32,43.0,0.5813953488372093,0.36,10.21,45.4,0.0,2026-08-12,2026-08-19,7.0,,,22000.0
VISAKHAPATNAM,2026-08-18,71,9,9,25,37,2626110.546,0.0,0.0,2.0,32,43.0,0.5813953488372093,0.36,10.21,45.4,0.0,2026-08-13,2026-08-19,6.0,,,30265.0
VISAKHAPATNAM,2026-08-18,71,9,9,25,37,2626110.546,0.0,0.0,2.0,32,43.0,0.5813953488372093,0.36,10.21,45.4,0.0,2026-08-14,2026-08-21,7.0,,,48500.0
VISAKHAPATNAM,2026-08-18,71,9,9,25,37,2626110.546,0.0,0.0,2.0,32,43.0,0.5813953488372093,0.36,10.21,45.4,0.0,2026-08-12,2026-08-20,8.0,,,31500.0
VISAKHAPATNAM,2026-08-18,71,9,9,25,37,2626110.546,0.0,0.0,2.0,32,43.0,0.5813953488372093,0.36,10.21,45.4,0.0,2026-08-11,2026-08-20,9.0,,,55000.0
VISAKHAPATNAM,2026-08-18,71,9,9,25,37,2626110.546,0.0,0.0,2.0,32,43.0,0.5813953488372093,0.36,10.21,45.4,0.0,2026-08-16,2026-08-22,6.0,,,16450.0
VISAKHAPATNAM,2026-08-18,71,9,9,25,37,2626110.546,0.0,0.0,2.0,32,43.0,0.5813953488372093,0.36,10.21,45.4,0.0,2026-08-15,2026-08-18,3.0,,,47600.0
VISAKHAPATNAM,2026-08-18,71,9,9,25,37,2626110.546,0.0,0.0,2.0,32,43.0,0.5813953488372093,0.36,10.21,45.4,0.0,2026-08-14,2026-08-19,5.0,,,71670.0
VISAKHAPATNAM,2026-08-18,71,9,9,25,37,2626110.546,0.0,0.0,2.0,32,43.0,0.5813953488372093,0.36,10.21,45.4,0.0,2026-08-13,2026-08-20,7.0,,,5396.546
VISAKHAPATNAM,2026-08-18,71,9,9,25,37,2626110.546,0.0,0.0,2.0,32,43.0,0.5813953488372093,0.36,10.21,45.4,0.0,2026-08-15,2026-08-19,4.0,,,75200.0
VISAKHAPATNAM,2026-08-18,71,9,9,25,37,2626110.546,0.0,0.0,2.0,32,43.0,0.5813953488372093,0.36,10.21,45.4,0.0,2026-08-11,2026-08-19,8.0,,,38831.0
VISAKHAPATNAM,2026-08-18,71,9,9,25,37,2626110.546,0.0,0.0,2.0,32,43.0,0.5813953488372093,0.36,10.21,45.4,0.0,2026-08-12,2026-08-21,9.0,,,23750.0
VISAKHAPATNAM,2026-08-18,71,9,9,25,37,2626110.546,0.0,0.0,2.0,32,43.0,0.5813953488372093,0.36,10.21,45.4,0.0,2026-08-12,2026-08-18,6.0,,,30600.0
VISAKHAPATNAM,2026-08-18,71,9,9,25,37,2626110.546,0.0,0.0,2.0,32,43.0,0.5813953488372093,0.36,10.21,45.4,0.0,2026-08-17,2026-08-19,2.0,,,23500.0
VISAKHAPATNAM,2026-08-18,71,9,9,25,37,2626110.546,0.0,0.0,2.0,32,43.0,0.5813953488372093,0.36,10.21,45.4,0.0,2026-08-17,2026-08-19,2.0,,,14982.0
VISAKHAPATNAM,2026-08-18,71,9,9,25,37,2626110.546,0.0,0.0,2.0,32,43.0,0.5813953488372093,0.36,10.21,45.4,0.0,2026-08-15,2026-08-18,3.0,,,4188.0
VISAKHAPATNAM,2026-08-18,71,9,9,25,37,2626110.546,0.0,0.0,2.0,32,43.0,0.5813953488372093,0.36,10.21,45.4,0.0,2026-07-17,2026-08-19,33.0,,,10000.0
VISAKHAPATNAM,2026-08-21,70,11,11,18,41,2145314.0,0.0,0.0,2.0,36,43.0,0.4186046511627907,0.6111111111111112,10.21,45.4,0.0,2026-08-18,2026-08-21,3.0,,,79430.0
VISAKHAPATNAM,2026-08-21,70,11,11,18,41,2145314.0,0.0,0.0,2.0,36,43.0,0.4186046511627907,0.6111111111111112,10.21,45.4,0.0,2026-08-19,2026-08-21,2.0,,both,27271.0
VISAKHAPATNAM,2026-08-21,70,11,11,18,41,2145314.0,0.0,0.0,2.0,36,43.0,0.4186046511627907,0.6111111111111112,10.21,45.4,0.0,2026-08-21,2026-08-22,1.0,,both,22500.0
VISAKHAPATNAM,2026-08-21,70,11,11,18,41,2145314.0,0.0,0.0,2.0,36,43.0,0.4186046511627907,0.6111111111111112,10.21,45.4,0.0,2026-08-19,2026-08-21,2.0,,,45000.0
VISAKHAPATNAM,2026-08-21,70,11,11,18,41,2145314.0,0.0,0.0,2.0,36,43.0,0.4186046511627907,0.6111111111111112,10.21,45.4,0.0,2026-08-16,2026-08-21,5.0,,,10000.0
VISAKHAPATNAM,2026-08-21,70,11,11,18,41,2145314.0,0.0,0.0,2.0,36,43.0,0.4186046511627907,0.6111111111111112,10.21,45.4,0.0,2026-08-11,2026-08-22,11.0,,,55000.0
VISAKHAPATNAM,2026-08-21,70,11,11,18,41,2145314.0,0.0,0.0,2.0,36,43.0,0.4186046511627907,0.6111111111111112,10.21,45.4,0.0,2026-08-21,2026-08-24,3.0,,,20000.0
VISAKHAPATNAM,2026-08-21,70,11,11,18,41,2145314.0,0.0,0.0,2.0,36,43.0,0.4186046511627907,0.6111111111111112,10.21,45.4,0.0,2026-08-14,2026-08-23,9.0,,,17700.0
VISAKHAPATNAM,2026-08-21,70,11,11,18,41,2145314.0,0.0,0.0,2.0,36,43.0,0.4186046511627907,0.6111111111111112,10.21,45.4,0.0,2026-08-16,2026-08-26,10.0,,,32680.0
VISAKHAPATNAM,2026-08-21,70,11,11,18,41,2145314.0,0.0,0.0,2.0,36,43.0,0.4186046511627907,0.6111111111111112,10.21,45.4,0.0,2026-08-13,2026-08-28,15.0,,,35000.0
VISAKHAPATNAM,2026-08-21,70,11,11,18,41,2145314.0,0.0,0.0,2.0,36,43.0,0.4186046511627907,0.6111111111111112,10.21,45.4,0.0,2026-08-12,2026-08-22,10.0,,,23750.0
VISAKHAPATNAM,2026-08-21,70,11,11,18,41,2145314.0,0.0,0.0,2.0,36,43.0,0.4186046511627907,0.6111111111111112,10.21,45.4,0.0,2026-08-12,2026-08-25,13.0,,,31500.0
VISAKHAPATNAM,2026-08-21,70,11,11,18,41,2145314.0,0.0,0.0,2.0,36,43.0,0.4186046511627907,0.6111111111111112,10.21,45.4,0.0,2026-08-19,2026-08-23,4.0,,,29000.0
VISAKHAPATNAM,2026-08-21,70,11,11,18,41,2145314.0,0.0,0.0,2.0,36,43.0,0.4186046511627907,0.6111111111111112,10.21,45.4,0.0,2026-08-19,2026-08-21,2.0,,,33448.0
VISAKHAPATNAM,2026-08-21,70,11,11,18,41,2145314.0,0.0,0.0,2.0,36,43.0,0.4186046511627907,0.6111111111111112,10.21,45.4,0.0,2026-08-18,2026-08-23,5.0,,,35502.0
VISAKHAPATNAM,2026-08-21,70,11,11,18,41,2145314.0,0.0,0.0,2.0,36,43.0,0.4186046511627907,0.6111111111111112,10.21,45.4,0.0,2026-08-14,2026-08-26,12.0,,,48500.0
VISAKHAPATNAM,2026-08-24,71,12,12,21,38,2483856.0,0.0,0.0,2.0,34,43.0,0.4883720930232558,0.5714285714285714,11.72,44.8,0.0,2026-08-23,2026-08-24,1.0,,,
VISAKHAPATNAM,2026-08-24,71,12,12,21,38,2483856.0,0.0,0.0,2.0,34,43.0,0.4883720930232558,0.5714285714285714,11.72,44.8,0.0,2026-08-22,2026-08-25,3.0,,,77870.0
VISAKHAPATNAM,2026-08-24,71,12,12,21,38,2483856.0,0.0,0.0,2.0,34,43.0,0.4883720930232558,0.5714285714285714,11.72,44.8,0.0,2026-08-24,2026-08-25,1.0,,both,10000.0
VISAKHAPATNAM,2026-08-24,71,12,12,21,38,2483856.0,0.0,0.0,2.0,34,43.0,0.4883720930232558,0.5714285714285714,11.72,44.8,0.0,2026-08-24,2026-08-25,1.0,,both,24000.0
VISAKHAPATNAM,2026-08-24,71,12,12,21,38,2483856.0,0.0,0.0,2.0,34,43.0,0.4883720930232558,0.5714285714285714,11.72,44.8,0.0,2026-08-19,2026-08-25,6.0,,,23722.0
VISAKHAPATNAM,2026-08-24,71,12,12,21,38,2483856.0,0.0,0.0,2.0,34,43.0,0.4883720930232558,0.5714285714285714,11.72,44.8,0.0,2026-08-20,2026-08-24,4.0,,,58523.0
VISAKHAPATNAM,2026-08-24,71,12,12,21,38,2483856.0,0.0,0.0,2.0,34,43.0,0.4883720930232558,0.5714285714285714,11.72,44.8,0.0,2026-08-20,2026-08-29,9.0,,,54266.0
VISAKHAPATNAM,2026-08-24,71,12,12,21,38,2483856.0,0.0,0.0,2.0,34,43.0,0.4883720930232558,0.5714285714285714,11.72,44.8,0.0,2026-08-15,2026-08-29,14.0,,,40500.0
VISAKHAPATNAM,2026-08-24,71,12,12,21,38,2483856.0,0.0,0.0,2.0,34,43.0,0.4883720930232558,0.5714285714285714,11.72,44.8,0.0,2026-08-21,2026-08-28,7.0,,,20400.0
VISAKHAPATNAM,2026-08-24,71,12,12,21,38,2483856.0,0.0,0.0,2.0,34,43.0,0.4883720930232558,0.5714285714285714,11.72,44.8,0.0,2026-08-23,2026-08-26,3.0,,,52965.0
VISAKHAPATNAM,2026-08-24,71,12,12,21,38,2483856.0,0.0,0.0,2.0,34,43.0,0.4883720930232558,0.5714285714285714,11.72,44.8,0.0,2026-08-14,2026-08-24,10.0,,,17700.0
VISAKHAPATNAM,2026-08-24,71,12,12,21,38,2483856.0,0.0,0.0,2.0,34,43.0,0.4883720930232558,0.5714285714285714,11.72,44.8,0.0,2026-08-16,2026-08-25,9.0,,,32680.0
VISAKHAPATNAM,2026-08-24,71,12,12,21,38,2483856.0,0.0,0.0,2.0,34,43.0,0.4883720930232558,0.5714285714285714,11.72,44.8,0.0,2026-08-13,2026-08-30,17.0,,,33800.0
VISAKHAPATNAM,2026-08-24,71,12,12,21,38,2483856.0,0.0,0.0,2.0,34,43.0,0.4883720930232558,0.5714285714285714,11.72,44.8,0.0,2026-08-19,2026-08-30,11.0,,,30393.0
VISAKHAPATNAM,2026-08-24,71,12,12,21,38,2483856.0,0.0,0.0,2.0,34,43.0,0.4883720930232558,0.5714285714285714,11.72,44.8,0.0,2026-08-12,2026-08-26,14.0,,,31500.0
VISAKHAPATNAM,2026-08-24,71,12,12,21,38,2483856.0,0.0,0.0,2.0,34,43.0,0.4883720930232558,0.5714285714285714,11.72,44.8,0.0,2026-08-22,2026-08-29,7.0,,,52700.0
VISAKHAPATNAM,2026-08-24,71,12,12,21,38,2483856.0,0.0,0.0,2.0,34,43.0,0.4883720930232558,0.5714285714285714,11.72,44.8,0.0,2026-08-23,2026-08-24,1.0,,,2711.0
VISAKHAPATNAM,2026-08-24,71,12,12,21,38,2483856.0,0.0,0.0,2.0,34,43.0,0.4883720930232558,0.5714285714285714,11.72,44.8,0.0,2026-08-20,2026-08-25,5.0,,,12000.0
VISAKHAPATNAM,2026-08-24,71,12,12,21,38,2483856.0,0.0,0.0,2.0,34,43.0,0.4883720930232558,0.5714285714285714,11.72,44.8,0.0,2026-08-14,2026-08-27,13.0,,,48500.0
VISAKHAPATNAM,2026-08-24,71,12,12,21,38,2483856.0,0.0,0.0,2.0,34,43.0,0.4883720930232558,0.5714285714285714,11.72,44.8,0.0,2026-08-24,2026-08-25,1.0,,,9794.0
VISAKHAPATNAM,2026-08-25,72,8,8,25,39,2660287.0,0.0,0.0,3.0,34,43.0,0.5813953488372093,0.32,11.72,44.8,0.0,2026-08-24,2026-08-25,1.0,,,72014.0
VISAKHAPATNAM,2026-08-25,72,8,8,25,39,2660287.0,0.0,0.0,3.0,34,43.0,0.5813953488372093,0.32,11.72,44.8,0.0,2026-08-23,2026-08-27,4.0,,,
VISAKHAPATNAM,2026-08-25,72,8,8,25,39,2660287.0,0.0,0.0,3.0,34,43.0,0.5813953488372093,0.32,11.72,44.8,0.0,2026-08-22,2026-08-25,3.0,,,77870.0
VISAKHAPATNAM,2026-08-25,72,8,8,25,39,2660287.0,0.0,0.0,3.0,34,43.0,0.5813953488372093,0.32,11.72,44.8,0.0,2026-08-24,2026-08-25,1.0,,both,27180.0
VISAKHAPATNAM,2026-08-25,72,8,8,25,39,2660287.0,0.0,0.0,3.0,34,43.0,0.5813953488372093,0.32,11.72,44.8,0.0,2026-08-25,2026-08-26,1.0,,both,17400.0
VISAKHAPATNAM,2026-08-25,72,8,8,25,39,2660287.0,0.0,0.0,3.0,34,43.0,0.5813953488372093,0.32,11.72,44.8,0.0,2026-08-24,2026-08-25,1.0,,both,28703.0
VISAKHAPATNAM,2026-08-25,72,8,8,25,39,2660287.0,0.0,0.0,3.0,34,43.0,0.5813953488372093,0.32,11.72,44.8,0.0,2026-08-19,2026-08-25,6.0,,,23722.0
VISAKHAPATNAM,2026-08-25,72,8,8,25,39,2660287.0,0.0,0.0,3.0,34,43.0,0.5813953488372093,0.32,11.72,44.8,0.0,2026-08-22,2026-08-26,4.0,,,27089.0
VISAKHAPATNAM,2026-08-25,72,8,8,25,39,2660287.0,0.0,0.0,3.0,34,43.0,0.5813953488372093,0.32,11.72,44.8,0.0,2026-08-14,2026-08-28,14.0,,,48500.0
VISAKHAPATNAM,2026-08-25,72,8,8,25,39,2660287.0,0.0,0.0,3.0,34,43.0,0.5813953488372093,0.32,11.72,44.8,0.0,2026-08-20,2026-08-31,11.0,,,54266.0
VISAKHAPATNAM,2026-08-25,72,8,8,25,39,2660287.0,0.0,0.0,3.0,34,43.0,0.5813953488372093,0.32,11.72,44.8,0.0,2026-08-15,2026-08-30,15.0,,,40500.0
VISAKHAPATNAM,2026-08-25,72,8,8,25,39,2660287.0,0.0,0.0,3.0,34,43.0,0.5813953488372093,0.32,11.72,44.8,0.0,2026-08-21,2026-08-26,5.0,,,20400.0
VISAKHAPATNAM,2026-08-25,72,8,8,25,39,2660287.0,0.0,0.0,3.0,34,43.0,0.5813953488372093,0.32,11.72,44.8,0.0,2026-08-25,2026-08-27,2.0,,,46058.0
VISAKHAPATNAM,2026-08-25,72,8,8,25,39,2660287.0,0.0,0.0,3.0,34,43.0,0.5813953488372093,0.32,11.72,44.8,0.0,2026-08-23,2026-08-25,2.0,,,52966.0
VISAKHAPATNAM,2026-08-25,72,8,8,25,39,2660287.0,0.0,0.0,3.0,34,43.0,0.5813953488372093,0.32,11.72,44.8,0.0,2026-08-22,2026-08-28,6.0,,,76000.0
VISAKHAPATNAM,2026-08-25,72,8,8,25,39,2660287.0,0.0,0.0,3.0,34,43.0,0.5813953488372093,0.32,11.72,44.8,0.0,2026-08-16,2026-08-25,9.0,,,32680.0
VISAKHAPATNAM,2026-08-25,72,8,8,25,39,2660287.0,0.0,0.0,3.0,34,43.0,0.5813953488372093,0.32,11.72,44.8,0.0,2026-08-13,2026-08-30,17.0,,,33800.0
VISAKHAPATNAM,2026-08-25,72,8,8,25,39,2660287.0,0.0,0.0,3.0,34,43.0,0.5813953488372093,0.32,11.72,44.8,0.0,2026-08-19,2026-08-30,11.0,,,30393.0
VISAKHAPATNAM,2026-08-25,72,8,8,25,39,2660287.0,0.0,0.0,3.0,34,43.0,0.5813953488372093,0.32,11.72,44.8,0.0,2026-08-12,2026-08-26,14.0,,,31500.0
VISAKHAPATNAM,2026-08-25,72,8,8,25,39,2660287.0,0.0,0.0,3.0,34,43.0,0.5813953488372093,0.32,11.72,44.8,0.0,2026-08-22,2026-08-29,7.0,,,52700.0
VISAKHAPATNAM,2026-08-25,72,8,8,25,39,2660287.0,0.0,0.0,3.0,34,43.0,0.5813953488372093,0.32,11.72,44.8,0.0,2026-08-24,2026-08-26,2.0,,,9995.0
VISAKHAPATNAM,2026-08-25,72,8,8,25,39,2660287.0,0.0,0.0,3.0,34,43.0,0.5813953488372093,0.32,11.72,44.8,0.0,2026-08-20,2026-08-25,5.0,,,12562.0
VISAKHAPATNAM,2026-08-25,72,8,8,25,39,2660287.0,0.0,0.0,3.0,34,43.0,0.5813953488372093,0.32,11.72,44.8,0.0,2026-08-24,2026-08-26,2.0,,,18500.0
VISAKHAPATNAM,2026-08-26,70,9,9,22,39,2620605.33,0.0,0.0,2.0,36,43.0,0.5116279069767442,0.4090909090909091,11.72,44.8,0.0,2026-08-24,2026-08-26,2.0,,,72014.0
VISAKHAPATNAM,2026-08-26,70,9,9,22,39,2620605.33,0.0,0.0,2.0,36,43.0,0.5116279069767442,0.4090909090909091,11.72,44.8,0.0,2026-08-23,2026-08-28,5.0,,,
VISAKHAPATNAM,2026-08-26,70,9,9,22,39,2620605.33,0.0,0.0,2.0,36,43.0,0.5116279069767442,0.4090909090909091,11.72,44.8,0.0,2026-08-22,2026-08-27,5.0,,,34780.0
VISAKHAPATNAM,2026-08-26,70,9,9,22,39,2620605.33,0.0,0.0,2.0,36,43.0,0.5116279069767442,0.4090909090909091,11.72,44.8,0.0,2026-08-25,2026-08-26,1.0,,both,21362.0
VISAKHAPATNAM,2026-08-26,70,9,9,22,39,2620605.33,0.0,0.0,2.0,36,43.0,0.5116279069767442,0.4090909090909091,11.72,44.8,0.0,2026-08-26,2026-08-27,1.0,,both,40000.0
VISAKHAPATNAM,2026-08-26,70,9,9,22,39,2620605.33,0.0,0.0,2.0,36,43.0,0.5116279069767442,0.4090909090909091,11.72,44.8,0.0,2026-08-22,2026-08-26,4.0,,,21081.0
VISAKHAPATNAM,2026-08-26,70,9,9,22,39,2620605.33,0.0,0.0,2.0,36,43.0,0.5116279069767442,0.4090909090909091,11.72,44.8,0.0,2026-08-14,2026-08-29,15.0,,,48500.0
VISAKHAPATNAM,2026-08-26,70,9,9,22,39,2620605.33,0.0,0.0,2.0,36,43.0,0.5116279069767442,0.4090909090909091,11.72,44.8,0.0,2026-08-20,2026-08-31,11.0,,,54266.0
VISAKHAPATNAM,2026-08-26,70,9,9,22,39,2620605.33,0.0,0.0,2.0,36,43.0,0.5116279069767442,0.4090909090909091,11.72,44.8,0.0,2026-08-15,2026-08-30,15.0,,,40500.0
VISAKHAPATNAM,2026-08-26,70,9,9,22,39,2620605.33,0.0,0.0,2.0,36,43.0,0.5116279069767442,0.4090909090909091,11.72,44.8,0.0,2026-08-21,2026-08-26,5.0,,,20400.0
VISAKHAPATNAM,2026-08-26,70,9,9,22,39,2620605.33,0.0,0.0,2.0,36,43.0,0.5116279069767442,0.4090909090909091,11.72,44.8,0.0,2026-08-25,2026-08-26,1.0,,,46058.0
VISAKHAPATNAM,2026-08-26,70,9,9,22,39,2620605.33,0.0,0.0,2.0,36,43.0,0.5116279069767442,0.4090909090909091,11.72,44.8,0.0,2026-08-26,2026-08-28,2.0,,,52069.0
VISAKHAPATNAM,2026-08-26,70,9,9,22,39,2620605.33,0.0,0.0,2.0,36,43.0,0.5116279069767442,0.4090909090909091,11.72,44.8,0.0,2026-08-22,2026-08-27,5.0,,,73206.0
VISAKHAPATNAM,2026-08-26,70,9,9,22,39,2620605.33,0.0,0.0,2.0,36,43.0,0.5116279069767442,0.4090909090909091,11.72,44.8,0.0,2026-08-23,2026-08-29,6.0,,,32680.0
VISAKHAPATNAM,2026-08-26,70,9,9,22,39,2620605.33,0.0,0.0,2.0,36,43.0,0.5116279069767442,0.4090909090909091,11.72,44.8,0.0,2026-08-13,2026-08-30,17.0,,,33800.0
VISAKHAPATNAM,2026-08-26,70,9,9,22,39,2620605.33,0.0,0.0,2.0,36,43.0,0.5116279069767442,0.4090909090909091,11.72,44.8,0.0,2026-08-19,2026-08-30,11.0,,,30393.0
VISAKHAPATNAM,2026-08-26,70,9,9,22,39,2620605.33,0.0,0.0,2.0,36,43.0,0.5116279069767442,0.4090909090909091,11.72,44.8,0.0,2026-08-19,2026-08-31,12.0,,,31500.0
VISAKHAPATNAM,2026-08-26,70,9,9,22,39,2620605.33,0.0,0.0,2.0,36,43.0,0.5116279069767442,0.4090909090909091,11.72,44.8,0.0,2026-08-22,2026-08-29,7.0,,,52700.0
VISAKHAPATNAM,2026-08-26,70,9,9,22,39,2620605.33,0.0,0.0,2.0,36,43.0,0.5116279069767442,0.4090909090909091,11.72,44.8,0.0,2026-08-25,2026-08-28,3.0,,,34650.0
VISAKHAPATNAM,2026-08-26,70,9,9,22,39,2620605.33,0.0,0.0,2.0,36,43.0,0.5116279069767442,0.4090909090909091,11.72,44.8,0.0,2026-08-24,2026-08-26,2.0,,,18305.33
VISAKHAPATNAM,2026-08-27,70,9,9,21,40,2512007.0,0.0,0.0,2.0,33,43.0,0.4883720930232558,0.42857142857142855,11.72,44.8,0.0,2026-08-22,2026-08-27,5.0,,,59000.0
VISAKHAPATNAM,2026-08-27,70,9,9,21,40,2512007.0,0.0,0.0,2.0,33,43.0,0.4883720930232558,0.42857142857142855,11.72,44.8,0.0,2026-08-23,2026-08-28,5.0,,,
VISAKHAPATNAM,2026-08-27,70,9,9,21,40,2512007.0,0.0,0.0,2.0,33,43.0,0.4883720930232558,0.42857142857142855,11.72,44.8,0.0,2026-08-22,2026-08-27,5.0,,,34780.0
VISAKHAPATNAM,2026-08-27,70,9,9,21,40,2512007.0,0.0,0.0,2.0,33,43.0,0.4883720930232558,0.42857142857142855,11.72,44.8,0.0,2026-08-26,2026-08-28,2.0,,both,34780.0
VISAKHAPATNAM,2026-08-27,70,9,9,21,40,2512007.0,0.0,0.0,2.0,33,43.0,0.4883720930232558,0.42857142857142855,11.72,44.8,0.0,2026-08-26,2026-08-27,1.0,,both,43801.0
VISAKHAPATNAM,2026-08-27,70,9,9,21,40,2512007.0,0.0,0.0,2.0,33,43.0,0.4883720930232558,0.42857142857142855,11.72,44.8,0.0,2026-08-20,2026-08-31,11.0,,,54266.0
VISAKHAPATNAM,2026-08-27,70,9,9,21,40,2512007.0,0.0,0.0,2.0,33,43.0,0.4883720930232558,0.42857142857142855,11.72,44.8,0.0,2026-08-15,2026-08-30,15.0,,,40500.0
VISAKHAPATNAM,2026-08-27,70,9,9,21,40,2512007.0,0.0,0.0,2.0,33,43.0,0.4883720930232558,0.42857142857142855,11.72,44.8,0.0,2026-08-21,2026-08-26,5.0,,,20400.0
VISAKHAPATNAM,2026-08-27,70,9,9,21,40,2512007.0,0.0,0.0,2.0,33,43.0,0.4883720930232558,0.42857142857142855,11.72,44.8,0.0,2026-08-25,2026-08-29,4.0,,,40500.0
VISAKHAPATNAM,2026-08-27,70,9,9,21,40,2512007.0,0.0,0.0,2.0,33,43.0,0.4883720930232558,0.42857142857142855,11.72,44.8,0.0,2026-08-26,2026-08-29,3.0,,,52069.0
VISAKHAPATNAM,2026-08-27,70,9,9,21,40,2512007.0,0.0,0.0,2.0,33,43.0,0.4883720930232558,0.42857142857142855,11.72,44.8,0.0,2026-08-22,2026-08-28,6.0,,,73206.0
VISAKHAPATNAM,2026-08-27,70,9,9,21,40,2512007.0,0.0,0.0,2.0,33,43.0,0.4883720930232558,0.42857142857142855,11.72,44.8,0.0,2026-08-23,2026-08-28,5.0,,,27089.0
VISAKHAPATNAM,2026-08-27,70,9,9,21,40,2512007.0,0.0,0.0,2.0,33,43.0,0.4883720930232558,0.42857142857142855,11.72,44.8,0.0,2026-08-13,2026-08-30,17.0,,,33800.0
VISAKHAPATNAM,2026-08-27,70,9,9,21,40,2512007.0,0.0,0.0,2.0,33,43.0,0.4883720930232558,0.42857142857142855,11.72,44.8,0.0,2026-08-19,2026-08-30,11.0,,,30393.0
VISAKHAPATNAM,2026-08-27,70,9,9,21,40,2512007.0,0.0,0.0,2.0,33,43.0,0.4883720930232558,0.42857142857142855,11.72,44.8,0.0,2026-08-19,2026-08-27,8.0,,,30550.0
VISAKHAPATNAM,2026-08-27,70,9,9,21,40,2512007.0,0.0,0.0,2.0,33,43.0,0.4883720930232558,0.42857142857142855,11.72,44.8,0.0,2026-08-22,2026-08-29,7.0,,,52700.0
VISAKHAPATNAM,2026-08-27,70,9,9,21,40,2512007.0,0.0,0.0,2.0,33,43.0,0.4883720930232558,0.42857142857142855,11.72,44.8,0.0,2026-08-27,2026-08-28,1.0,,,8097.0
VISAKHAPATNAM,2026-08-27,70,9,9,21,40,2512007.0,0.0,0.0,2.0,33,43.0,0.4883720930232558,0.42857142857142855,11.72,44.8,0.0,2026-08-25,2026-08-29,4.0,,,35502.0
VISAKHAPATNAM,2026-08-27,70,9,9,21,40,2512007.0,0.0,0.0,2.0,33,43.0,0.4883720930232558,0.42857142857142855,11.72,44.8,0.0,2026-08-14,2026-08-28,14.0,,,48500.0
VISAKHAPATNAM,2026-08-31,65,11,11,19,35,2322142.407,0.0,0.0,1.0,27,43.0,0.4418604651162791,0.5789473684210527,11.12,22.8,0.0,2026-08-30,2026-09-01,2.0,,,75480.0
VISAKHAPATNAM,2026-08-31,65,11,11,19,35,2322142.407,0.0,0.0,1.0,27,43.0,0.4418604651162791,0.5789473684210527,11.12,22.8,0.0,2026-08-29,2026-08-31,2.0,,,59200.0
VISAKHAPATNAM,2026-08-31,65,11,11,19,35,2322142.407,0.0,0.0,1.0,27,43.0,0.4418604651162791,0.5789473684210527,11.12,22.8,0.0,2026-08-23,2026-08-31,8.0,,,
VISAKHAPATNAM,2026-08-31,65,11,11,19,35,2322142.407,0.0,0.0,1.0,27,43.0,0.4418604651162791,0.5789473684210527,11.12,22.8,0.0,2026-08-29,2026-09-01,3.0,,,52510.0
VISAKHAPATNAM,2026-08-31,65,11,11,19,35,2322142.407,0.0,0.0,1.0,27,43.0,0.4418604651162791,0.5789473684210527,11.12,22.8,0.0,2026-08-30,2026-08-31,1.0,,both,25147.0
VISAKHAPATNAM,2026-08-31,65,11,11,19,35,2322142.407,0.0,0.0,1.0,27,43.0,0.4418604651162791,0.5789473684210527,11.12,22.8,0.0,2026-08-29,2026-08-31,2.0,,,6000.0
VISAKHAPATNAM,2026-08-31,65,11,11,19,35,2322142.407,0.0,0.0,1.0,27,43.0,0.4418604651162791,0.5789473684210527,11.12,22.8,0.0,2026-08-20,2026-09-02,13.0,,,54266.0
VISAKHAPATNAM,2026-08-31,65,11,11,19,35,2322142.407,0.0,0.0,1.0,27,43.0,0.4418604651162791,0.5789473684210527,11.12,22.8,0.0,2026-08-22,2026-09-02,11.0,,,10000.0
VISAKHAPATNAM,2026-08-31,65,11,11,19,35,2322142.407,0.0,0.0,1.0,27,43.0,0.4418604651162791,0.5789473684210527,11.12,22.8,0.0,2026-08-29,2026-09-01,3.0,,,31044.0
VISAKHAPATNAM,2026-08-31,65,11,11,19,35,2322142.407,0.0,0.0,1.0,27,43.0,0.4418604651162791,0.5789473684210527,11.12,22.8,0.0,2026-08-26,2026-09-01,6.0,,,46506.0
VISAKHAPATNAM,2026-08-31,65,11,11,19,35,2322142.407,0.0,0.0,1.0,27,43.0,0.4418604651162791,0.5789473684210527,11.12,22.8,0.0,2026-08-30,2026-09-03,4.0,,,24000.0
VISAKHAPATNAM,2026-08-31,65,11,11,19,35,2322142.407,0.0,0.0,1.0,27,43.0,0.4418604651162791,0.5789473684210527,11.12,22.8,0.0,2026-08-17,2026-09-02,16.0,,,10845.0
VISAKHAPATNAM,2026-08-31,65,11,11,19,35,2322142.407,0.0,0.0,1.0,27,43.0,0.4418604651162791,0.5789473684210527,11.12,22.8,0.0,2026-08-29,2026-09-03,5.0,,,23250.0
VISAKHAPATNAM,2026-08-31,65,11,11,19,35,2322142.407,0.0,0.0,1.0,27,43.0,0.4418604651162791,0.5789473684210527,11.12,22.8,0.0,2026-08-17,2026-08-31,14.0,,,20024.0
VISAKHAPATNAM,2026-08-31,65,11,11,19,35,2322142.407,0.0,0.0,1.0,27,43.0,0.4418604651162791,0.5789473684210527,11.12,22.8,0.0,2026-08-26,2026-09-03,8.0,,,52552.407
VISAKHAPATNAM,2026-08-31,65,11,11,19,35,2322142.407,0.0,0.0,1.0,27,43.0,0.4418604651162791,0.5789473684210527,11.12,22.8,0.0,2026-08-28,2026-09-01,4.0,,,18985.0
VISAKHAPATNAM,2026-08-31,65,11,11,19,35,2322142.407,0.0,0.0,1.0,27,43.0,0.4418604651162791,0.5789473684210527,11.12,22.8,0.0,2026-08-25,2026-09-02,8.0,,,35502.0
