date,load_port,unload_port,vessel_type,cargo_intake,rate_usd_mt,corridor_id,vessel_class,log_rate,ret_1w,ret_2w,ret_4w,ret_8w,roll_mean_4w,roll_std_8w,roll_cv_8w,dev_from_mean_4w,log_rate_vs_class,weeks_since_start,load_port_code,vessel_class_code,coal_aus_level,coal_aus_ret_4w,coal_saf_level,coal_saf_ret_4w,iron_ore_level,iron_ore_ret_4w,crude_oil_level,crude_oil_ret_4w,bdi_ret_1w,bdi_ret_4w,bdi_vol_4w,wx_now_wind_max_kt,wx_now_gust_max_kt,wx_now_precip_mm,wx_now_pressure_msl,wx_now_wave_height_m,wx_now_gale_days,wx_now_cyclone_days,wx_now_rainy_days,wx_tgt_wind_max_kt,wx_tgt_gust_max_kt,wx_tgt_precip_mm,wx_tgt_pressure_msl,wx_tgt_wave_height_m,wx_tgt_gale_days,wx_tgt_cyclone_days,wx_tgt_rainy_days,wx_org_wind_max_kt,wx_org_gust_max_kt,wx_org_precip_mm,wx_org_pressure_msl,wx_org_wave_height_m,wx_org_gale_days,wx_org_cyclone_days,wx_org_rainy_days,log_wx_now_precip,log_wx_tgt_precip,log_wx_org_precip,future_rate,target_ret,min_rate_in_window,should_have_waited,potential_savings_usd_mt
2025-10-31,Nikolaev,Paradip,Panamax,41000.0,47.5,Nikolaev->Paradip,Panamax,3.8607297110405954,0.0,0.004642337942752734,-0.005877430857067987,,47.505,0.20396078054371278,0.004288494124131892,-0.00010525761811730921,0.5158146607964449,4.0,0.0,1.0,-1.5508996560670287,-0.053383846561227556,2.0443589061695526,-0.010993859382405359,1.1005381929212026,0.0348769464204106,2.0206967908732896,-0.0039146634428078786,-0.012636003357084376,0.02942147698136416,0.030360021174432483,12.9,12.9,83.39999999999999,1009.2714285714285,,0.0,0.0,6.0,8.69,8.69,0.0,1014.5142857142857,,0.0,0.0,0.0,12.04,12.04,4.7,1016.2142857142857,,0.0,0.0,1.0,4.4355674016019115,0.0,1.7404661748405046,47.59,0.0018929440924236956,47.48,0.0,0.020000000000003126
2025-11-07,Nikolaev,Paradip,Panamax,41000.0,47.48,Nikolaev->Paradip,Panamax,3.860308569741467,-0.0004211412991282786,-0.0004211412991282786,-0.005461051169216888,,47.44,0.1853285371082048,0.0038978239717092993,0.0008428150519971494,0.5141365754161695,5.0,0.0,1.0,-1.5508996560670287,-0.053383846561227556,2.0443589061695526,-0.010993859382405359,1.1005381929212026,0.0348769464204106,2.0206967908732896,-0.0039146634428078786,0.06783927315048867,0.08995382826882066,0.030997524585593173,9.4,9.4,0.30000000000000004,1009.9571428571428,,0.0,0.0,0.0,8.53,8.53,0.0,1015.2571428571429,,0.0,0.0,0.0,7.67,7.67,7.800000000000001,1022.4285714285714,,0.0,0.0,3.0,0.26236426446749106,0.0,2.174751721484161,47.57,0.001893740702722798,47.57,0.0,0.0
2025-11-14,Nikolaev,Paradip,Panamax,41000.0,47.59,Nikolaev->Paradip,Panamax,3.862622655133019,0.002314085391551942,0.0018929440924236956,0.006535282035176347,,47.5175,0.16997198648741127,0.0035743801045810043,0.001524590890163516,0.5156228343519214,6.0,0.0,1.0,-1.5508996560670287,-0.053383846561227556,2.0443589061695526,-0.010993859382405359,1.1005381929212026,0.0348769464204106,2.0206967908732896,-0.0039146634428078786,0.009931507500916713,0.03788513484694538,0.017082731033072552,8.69,8.69,0.0,1014.5142857142857,,0.0,0.0,0.0,9.72,9.72,0.0,1015.0714285714286,,0.0,0.0,0.0,11.34,11.34,16.3,1018.1142857142858,,0.0,0.0,2.0,0.0,0.0,2.8507065015037334,47.18,-0.008652581153490213,47.18,0.0,0.4100000000000037
2025-11-21,Nikolaev,Paradip,Panamax,41000.0,47.57,Nikolaev->Paradip,Panamax,3.8622023104441903,-0.00042034468882902286,0.001893740702722798,0.0014725994035945658,,47.535,0.15748015748023766,0.003311537324786829,0.0007360286331965253,0.5189982348165252,7.0,0.0,1.0,-1.5508996560670287,-0.053383846561227556,2.0443589061695526,-0.010993859382405359,1.1005381929212026,0.0348769464204106,2.0206967908732896,-0.0039146634428078786,0.06820825002653357,0.1333430273208545,0.015410505383491998,8.53,8.53,0.0,1015.2571428571429,,0.0,0.0,0.0,10.21,10.21,0.0,1015.8285714285714,,0.0,0.0,0.0,13.28,13.28,14.7,1015.4857142857143,,0.0,0.0,3.0,0.0,0.0,2.7536607123542622,47.3,-0.005692014946302859,47.18,0.0,0.39000000000000057
2025-11-28,Nikolaev,Paradip,Panamax,41000.0,47.18,Nikolaev->Paradip,Panamax,3.853970073979529,-0.008232236464661135,-0.008652581153490213,-0.006759637061066548,-0.012637067918134553,47.455,0.17671607575025977,0.0037219055549759855,-0.005811819602926465,0.5199269628340173,8.0,0.0,1.0,-1.5508996560670287,-0.053383846561227556,2.0443589061695526,-0.010993859382405359,1.1005381929212026,0.0348769464204106,2.0206967908732896,-0.0039146634428078786,0.11802720608855737,0.26400623676649637,0.016462898601555614,9.72,9.72,0.0,1015.0714285714286,,0.0,0.0,0.0,8.37,8.37,0.0,1015.4857142857143,,0.0,0.0,0.0,13.01,13.01,6.8,1017.0714285714286,,0.0,0.0,1.0,0.0,0.0,2.0541237336955462,46.15,-0.022073113030667838,46.15,1.0,1.0300000000000011
2025-12-05,Nikolaev,Paradip,Panamax,41000.0,47.3,Nikolaev->Paradip,Panamax,3.856510295497887,0.0025402215183581785,-0.005692014946302859,-0.00379827424357995,-0.009259325412796825,47.41,0.15080735109024576,0.0031799125163994887,-0.0023228814161396385,0.5202545310247046,9.0,0.0,1.0,-1.5508996560670287,-0.053383846561227556,2.0443589061695526,-0.010993859382405359,1.1005381929212026,0.0348769464204106,2.0206967908732896,-0.0039146634428078786,0.06319484537198032,0.25936180898798805,0.025828637638046704,10.21,10.21,0.0,1015.8285714285714,,0.0,0.0,0.0,6.37,6.37,0.0,1015.1142857142858,,0.0,0.0,0.0,11.61,11.61,3.8000000000000003,1021.8142857142857,,0.0,0.0,1.0,0.0,0.0,1.5686159179138455,44.63,-0.05810401685670864,44.63,1.0,2.6699999999999946
2025-12-12,Nikolaev,Paradip,Panamax,41000.0,46.15,Nikolaev->Paradip,Panamax,3.8318969609488613,-0.02461333454902606,-0.022073113030667838,-0.03072569418415807,-0.024190412148981672,47.05,0.47871666239764615,0.010124337904621486,-0.0193139050825275,0.529032798484617,10.0,0.0,1.0,-1.5508996560670287,-0.053383846561227556,2.0443589061695526,-0.010993859382405359,1.1005381929212026,0.0348769464204106,2.0206967908732896,-0.0039146634428078786,-0.21247459496464213,0.03695570652242912,0.036078065880198615,8.37,8.37,0.0,1015.4857142857143,,0.0,0.0,0.0,7.56,7.56,0.0,1014.842857142857,,0.0,0.0,0.0,11.72,11.72,9.9,1021.3571428571429,,0.0,0.0,3.0,0.0,0.0,2.388762789235098,43.07,-0.06907026188284192,43.07,1.0,3.0799999999999983
2025-12-19,Nikolaev,Paradip,Panamax,41000.0,44.63,Nikolaev->Paradip,Panamax,3.7984062786411785,-0.033490682307682526,-0.05810401685670864,-0.06379603180301156,-0.06232343239941697,46.315,1.0399313164133184,0.022161562416906092,-0.037059604064812166,0.5255961027423974,11.0,0.0,1.0,-1.5508996560670287,-0.053383846561227556,2.0443589061695526,-0.010993859382405359,1.1005381929212026,0.0348769464204106,2.0206967908732896,-0.0039146634428078786,-0.08614595071320094,-0.11739849421730528,0.03652203634583283,6.37,6.37,0.0,1015.1142857142858,,0.0,0.0,0.0,8.1,8.1,1.5,1015.1857142857143,,0.0,0.0,1.0,7.83,7.83,0.1,1025.8428571428572,,0.0,0.0,0.0,0.0,0.9162907318741551,0.09531017980432487,41.96,-0.061689495113082166,41.96,1.0,2.6700000000000017
2025-12-26,Nikolaev,Paradip,Panamax,41000.0,43.07,Nikolaev->Paradip,Panamax,3.7628266990660193,-0.03557957957515936,-0.06907026188284192,-0.09114337491350971,-0.09790301197457629,45.2875,1.6753459131091166,0.03612897890630761,-0.05020435715517646,0.5249152672263127,12.0,0.0,1.0,-1.5508996560670287,-0.053383846561227556,2.0443589061695526,-0.010993859382405359,1.1005381929212026,0.0348769464204106,2.0206967908732896,-0.0039146634428078786,-0.12221291797817364,-0.24621055963474445,0.0355793086188129,7.56,7.56,0.0,1014.842857142857,,0.0,0.0,0.0,8.96,8.96,0.0,1018.5428571428572,,0.0,0.0,0.0,14.63,14.63,7.0,1019.6857142857143,,0.0,0.0,2.0,0.0,0.0,2.0794415416798357,41.9,-0.027540872137927237,41.9,1.0,1.1700000000000017
2026-01-02,Nikolaev,Paradip,Panamax,41000.0,41.96,Nikolaev->Paradip,Panamax,3.7367167835280966,-0.02610991553792272,-0.061689495113082166,-0.11979351196979077,-0.12359178621337077,43.9525,2.2061112360246646,0.0482935829475915,-0.04639272180671119,0.534236476944018,13.0,0.0,1.0,-1.5508996560670287,-0.053383846561227556,2.0443589061695526,-0.010993859382405359,1.1005381929212026,0.0348769464204106,2.0206967908732896,-0.0039146634428078786,-0.09569654125025925,-0.2759235190137029,0.03420926286602914,8.1,8.1,1.5,1015.1857142857143,,0.0,0.0,1.0,9.34,9.34,0.0,1015.2714285714285,,0.0,0.0,0.0,19.55,19.55,13.0,1007.6999999999999,,0.0,0.0,1.0,0.9162907318741551,0.0,2.6390573296152584,42.05,0.0021426028908604474,41.9,0.0,0.060000000000002274
2026-01-09,Nikolaev,Paradip,Panamax,41000.0,41.9,Nikolaev->Paradip,Panamax,3.735285826928092,-0.0014309566000044386,-0.027540872137927237,-0.09661113402076917,-0.12733682820492717,42.89,2.4105719534701984,0.05360400163376025,-0.023352871600697097,0.5360033623459608,14.0,0.0,1.0,-1.5508996560670287,-0.053383846561227556,2.0443589061695526,-0.010993859382405359,1.1005381929212026,0.0348769464204106,2.0206967908732896,-0.0039146634428078786,-0.10879064498942247,-0.511062562518432,0.018264510939543184,8.96,8.96,0.0,1018.5428571428572,,0.0,0.0,0.0,8.26,8.26,0.0,1016.0857142857143,,0.0,0.0,0.0,17.39,17.39,19.5,1007.6857142857143,,0.0,0.0,5.0,0.0,0.0,3.0204248861443626,42.73,0.01961542272784147,42.05,0.0,0.0
2026-01-16,Nikolaev,Paradip,Panamax,41000.0,42.05,Nikolaev->Paradip,Panamax,3.738859386418957,0.003573559490864922,0.0021426028908604474,-0.05954689222222158,-0.12334292402523316,42.245,2.3492734439153087,0.05305495582464563,-0.004626617185851105,0.5298536256659263,15.0,0.0,1.0,-1.5508996560670287,-0.053383846561227556,2.0443589061695526,-0.010993859382405359,1.1005381929212026,0.0348769464204106,2.0206967908732896,-0.0039146634428078786,-0.07438143279988157,-0.3811340553332952,0.016750917249105456,9.34,9.34,0.0,1015.2714285714285,,0.0,0.0,0.0,8.1,8.1,0.0,1017.342857142857,,0.0,0.0,0.0,12.2,12.2,0.0,1027.0428571428572,,0.0,0.0,0.0,0.0,0.0,0.0,43.24,0.027906606352050545,42.73,0.0,0.0
2026-01-23,Nikolaev,Paradip,Panamax,41000.0,42.73,Nikolaev->Paradip,Panamax,3.7549012496559335,0.01604186323697641,0.01961542272784147,-0.007925449410085673,-0.0990688243235955,42.16,2.0753928199603155,0.04746602978839454,0.013429345422826613,0.5250513866325948,16.0,0.0,1.0,-1.5508996560670287,-0.053383846561227556,2.0443589061695526,-0.010993859382405359,1.1005381929212026,0.0348769464204106,2.0206967908732896,-0.0039146634428078786,0.11728656414010392,-0.1615820548994593,0.02789935154437591,8.26,8.26,0.0,1016.0857142857143,,0.0,0.0,0.0,7.99,7.99,0.0,1016.657142857143,,0.0,0.0,0.0,9.94,9.94,2.2,1022.6285714285714,,0.0,0.0,1.0,0.0,0.0,1.1631508098056809,43.43,0.016249196890796982,43.24,0.0,0.0
2026-01-30,Nikolaev,Paradip,Panamax,41000.0,43.24,Nikolaev->Paradip,Panamax,3.7667659927710075,0.011864743115074168,0.027906606352050545,0.030049209242911115,-0.08974430272687962,42.48,1.4897165358358686,0.034471212468362454,0.01773261583732421,0.50922097000482,17.0,0.0,1.0,-1.5508996560670287,-0.053383846561227556,2.0443589061695526,-0.010993859382405359,1.1005381929212026,0.0348769464204106,2.0206967908732896,-0.0039146634428078786,0.1980876491326305,0.13220213548343046,0.04014145211869005,8.1,8.1,0.0,1017.342857142857,,0.0,0.0,0.0,8.37,8.37,0.3,1015.0142857142857,,0.0,0.0,0.0,13.44,13.44,21.900000000000002,1007.7428571428571,,0.0,0.0,5.0,0.0,0.262364264467491,3.131136910560194,44.6,0.03096786625501089,43.43,0.0,0.0
2026-02-06,Nikolaev,Paradip,Panamax,41000.0,43.43,Nikolaev->Paradip,Panamax,3.7711504465467307,0.004384453775722993,0.016249196890796982,0.03586461961863841,-0.06074651440213062,42.8625,0.9295765164847677,0.02168045284941588,0.013153128757691751,0.5107537290967401,18.0,0.0,1.0,-1.5508996560670287,-0.053383846561227556,2.0443589061695526,-0.010993859382405359,1.1005381929212026,0.0348769464204106,2.0206967908732896,-0.0039146634428078786,-0.11065071003997562,0.13034207043287735,0.04082953992894732,7.99,7.99,0.0,1016.657142857143,,0.0,0.0,0.0,8.75,8.75,0.0,1012.9857142857143,,0.0,0.0,0.0,11.29,11.29,5.300000000000001,1013.9714285714286,,0.0,0.0,1.0,0.0,0.0,1.8405496333974871,45.34,0.0430391985326526,44.6,0.0,0.0
2026-02-13,Nikolaev,Paradip,Panamax,41000.0,44.6,Nikolaev->Paradip,Panamax,3.7977338590260183,0.02658341247928797,0.03096786625501089,0.05887447260706139,-0.0006724196151601411,43.5,0.9215166070900801,0.021494352022627092,0.024972920931380097,0.5214794780700287,19.0,0.0,1.0,-1.5508996560670287,-0.053383846561227556,2.0443589061695526,-0.010993859382405359,1.1005381929212026,0.0348769464204106,2.0206967908732896,-0.0039146634428078786,0.07992269567219219,0.28464619890495124,0.04100131442838908,8.37,8.37,0.3,1015.0142857142857,,0.0,0.0,0.0,11.45,11.45,6.7,1009.5,,0.0,0.0,2.0,14.31,14.31,24.6,1007.2714285714286,,0.0,0.0,3.0,0.262364264467491,2.0412203288596382,3.242592351485517,45.32,0.016014577133787053,45.32,0.0,0.0
2026-02-20,Nikolaev,Paradip,Panamax,41000.0,45.34,Nikolaev->Paradip,Panamax,3.814189645079383,0.016455786053364577,0.0430391985326526,0.05928839542344952,0.05136294601336369,44.152499999999996,1.2733413581148134,0.029505375423370044,0.02654009449099407,0.5297941003853075,20.0,0.0,1.0,-1.5508996560670287,-0.053383846561227556,2.0443589061695526,-0.010993859382405359,1.1005381929212026,0.0348769464204106,2.0206967908732896,-0.0039146634428078786,-0.019389846443349974,0.14796978832149715,0.03882977897325752,8.75,8.75,0.0,1012.9857142857143,,0.0,0.0,0.0,9.56,9.56,4.4,1010.3285714285714,,0.0,0.0,2.0,16.25,16.25,12.600000000000001,1013.5285714285714,,0.0,0.0,3.0,0.0,1.6863989535702288,2.6100697927420065,51.76,0.132428005113262,45.32,0.0,0.020000000000003126
2026-02-27,Nikolaev,Paradip,Panamax,41000.0,45.32,Nikolaev->Paradip,Panamax,3.8137484361598055,-0.00044120891957742436,0.016014577133787053,0.046982443388798,0.07703165263170915,44.6725,1.3726609975830477,0.031500209347592956,0.014390336389126386,0.5246432402855254,21.0,0.0,1.0,-1.5508996560670287,-0.053383846561227556,2.0443589061695526,-0.010993859382405359,1.1005381929212026,0.0348769464204106,2.0206967908732896,-0.0039146634428078786,0.04638651319827518,-0.0037313476128581356,0.025547894639641817,11.45,11.45,6.7,1009.5,,0.0,0.0,2.0,14.69,14.69,2.4,1010.842857142857,,0.0,0.0,1.0,13.93,13.93,5.9,1022.0714285714286,,0.0,0.0,1.0,2.0412203288596382,1.2237754316221157,1.9315214116032138,55.12,0.19576419054559754,51.76,0.0,0.0
2026-03-06,Nikolaev,Paradip,Panamax,41000.0,51.76,Nikolaev->Paradip,Panamax,3.946617650192645,0.13286921403283955,0.132428005113262,0.17546720364591462,0.21133182326455302,46.755,3.0519522440562534,0.06811063116146407,0.10169644830523493,0.49162233424825574,22.0,0.0,1.0,-1.5508996560670287,-0.053383846561227556,2.0443589061695526,-0.010993859382405359,1.1005381929212026,0.0348769464204106,2.0206967908732896,-0.0039146634428078786,-0.06267110696277568,0.0442482554643418,0.02843308737840595,9.56,9.56,4.4,1010.3285714285714,,0.0,0.0,2.0,12.53,12.53,21.6,1010.8285714285714,,0.0,0.0,3.0,12.26,12.26,0.3,1025.4142857142856,,0.0,0.0,0.0,1.6863989535702288,3.1179499062782403,0.262364264467491,58.54,0.12309263107109464,55.12,0.0,0.0
2026-03-13,Nikolaev,Paradip,Panamax,41000.0,55.12,Nikolaev->Paradip,Panamax,4.009512626705403,0.06289497651275797,0.19576419054559754,0.2117787676793846,0.27065324028644605,49.385000000000005,4.51282220852033,0.09717009653916844,0.10986589234531226,0.429080066310104,23.0,0.0,1.0,-1.5508996560670287,-0.053383846561227556,2.0443589061695526,-0.010993859382405359,1.1005381929212026,0.0348769464204106,2.0206967908732896,-0.0039146634428078786,0.008915363657952329,-0.026759076549898224,0.029507714238750066,14.69,14.69,2.4,1010.842857142857,,0.0,0.0,1.0,11.93,11.93,2.0,1008.9857142857143,,0.0,0.0,1.0,11.99,11.99,0.0,1026.5428571428572,,0.0,0.0,0.0,1.2237754316221157,1.0986122886681098,0.0,58.54,0.06019765455833679,58.54,0.0,0.0
2025-10-31,Nikolaev,Paradip,Supramax,33000.0,56.02,Nikolaev->Paradip,Supramax,4.0257087698319625,0.0001785236102216802,0.004114127974525561,-0.004275033229748206,,56.010000000000005,0.1888120758849894,0.0033680356026576774,0.0001785236102214582,0.7728806452476809,4.0,0.0,2.0,-1.5508996560670287,-0.053383846561227556,2.0443589061695526,-0.010993859382405359,1.1005381929212026,0.0348769464204106,2.0206967908732896,-0.0039146634428078786,-0.012636003357084376,0.02942147698136416,0.030360021174432483,12.9,12.9,83.39999999999999,1009.2714285714285,,0.0,0.0,6.0,8.69,8.69,0.0,1014.5142857142857,,0.0,0.0,0.0,12.04,12.04,4.7,1016.2142857142857,,0.0,0.0,1.0,4.4355674016019115,0.0,1.7404661748405046,56.12,0.0017834854022976481,56.0,0.0,0.020000000000003126
2025-11-07,Nikolaev,Paradip,Supramax,33000.0,56.0,Nikolaev->Paradip,Supramax,4.02535169073515,-0.00035707909681332786,-0.00017855548659163407,-0.003920874743236551,,55.955,0.17064583206160974,0.003044528671928809,0.0008038944651588517,0.7710665210179641,5.0,0.0,2.0,-1.5508996560670287,-0.053383846561227556,2.0443589061695526,-0.010993859382405359,1.1005381929212026,0.0348769464204106,2.0206967908732896,-0.0039146634428078786,0.06783927315048867,0.08995382826882066,0.030997524585593173,9.4,9.4,0.30000000000000004,1009.9571428571428,,0.0,0.0,0.0,8.53,8.53,0.0,1015.2571428571429,,0.0,0.0,0.0,7.67,7.67,7.800000000000001,1022.4285714285714,,0.0,0.0,3.0,0.26236426446749106,0.0,2.174751721484161,56.1,0.001784121793501392,56.1,0.0,0.0
2025-11-14,Nikolaev,Paradip,Supramax,33000.0,56.12,Nikolaev->Paradip,Supramax,4.02749225523426,0.0021405644991108167,0.0017834854022976481,0.005897613376823222,,56.037499999999994,0.1580084385932155,0.002818559375547904,0.0014711457527023667,0.7730394235944567,6.0,0.0,2.0,-1.5508996560670287,-0.053383846561227556,2.0443589061695526,-0.010993859382405359,1.1005381929212026,0.0348769464204106,2.0206967908732896,-0.0039146634428078786,0.009931507500916713,0.03788513484694538,0.017082731033072552,8.69,8.69,0.0,1014.5142857142857,,0.0,0.0,0.0,9.72,9.72,0.0,1015.0714285714286,,0.0,0.0,0.0,11.34,11.34,16.3,1018.1142857142858,,0.0,0.0,2.0,0.0,0.0,2.8507065015037334,55.68,-0.007871239208095987,55.68,0.0,0.4399999999999977
2025-11-21,Nikolaev,Paradip,Supramax,33000.0,56.1,Nikolaev->Paradip,Supramax,4.027135812528651,-0.0003564427056094528,0.001784121793501392,0.0016055663069097306,,56.06,0.1469693845669888,0.002621410587121891,0.0007132667920083311,0.777542267410332,7.0,0.0,2.0,-1.5508996560670287,-0.053383846561227556,2.0443589061695526,-0.010993859382405359,1.1005381929212026,0.0348769464204106,2.0206967908732896,-0.0039146634428078786,0.06820825002653357,0.1333430273208545,0.015410505383491998,8.53,8.53,0.0,1015.2571428571429,,0.0,0.0,0.0,10.21,10.21,0.0,1015.8285714285714,,0.0,0.0,0.0,13.28,13.28,14.7,1015.4857142857143,,0.0,0.0,3.0,0.0,0.0,2.7536607123542622,55.81,-0.005182747728308389,55.68,0.0,0.4200000000000017
2025-11-28,Nikolaev,Paradip,Supramax,33000.0,55.68,Nikolaev->Paradip,Supramax,4.019621016026164,-0.007514796502486499,-0.007871239208095987,-0.00608775380579833,-0.010362787035546547,55.975,0.17701896589267926,0.003161476374383699,-0.00528414645865434,0.778603830632072,8.0,0.0,2.0,-1.5508996560670287,-0.053383846561227556,2.0443589061695526,-0.010993859382405359,1.1005381929212026,0.0348769464204106,2.0206967908732896,-0.0039146634428078786,0.11802720608855737,0.26400623676649637,0.016462898601555614,9.72,9.72,0.0,1015.0714285714286,,0.0,0.0,0.0,8.37,8.37,0.0,1015.4857142857143,,0.0,0.0,0.0,13.01,13.01,6.8,1017.0714285714286,,0.0,0.0,1.0,0.0,0.0,2.0541237336955462,54.7,-0.017757306598228655,54.7,0.0,0.9799999999999969
2025-12-05,Nikolaev,Paradip,Supramax,33000.0,55.81,Nikolaev->Paradip,Supramax,4.021953064800342,0.0023320487741780092,-0.005182747728308389,-0.0033986259348069733,-0.007319500678043565,55.927499999999995,0.16030662583222705,0.0028656246657381996,-0.002103144303580183,0.7789218365918971,9.0,0.0,2.0,-1.5508996560670287,-0.053383846561227556,2.0443589061695526,-0.010993859382405359,1.1005381929212026,0.0348769464204106,2.0206967908732896,-0.0039146634428078786,0.06319484537198032,0.25936180898798805,0.025828637638046704,10.21,10.21,0.0,1015.8285714285714,,0.0,0.0,0.0,6.37,6.37,0.0,1015.1142857142858,,0.0,0.0,0.0,11.61,11.61,3.8000000000000003,1021.8142857142857,,0.0,0.0,1.0,0.0,0.0,1.5686159179138455,53.14,-0.049023124468674746,53.14,1.0,2.6700000000000017
2025-12-12,Nikolaev,Paradip,Supramax,33000.0,54.7,Nikolaev->Paradip,Supramax,4.001863709427935,-0.020089355372406616,-0.017757306598228655,-0.025628545806324593,-0.019730932429501413,55.572500000000005,0.4704405230358942,0.008430078362797137,-0.015824765154992305,0.7906418247681963,10.0,0.0,2.0,-1.5508996560670287,-0.053383846561227556,2.0443589061695526,-0.010993859382405359,1.1005381929212026,0.0348769464204106,2.0206967908732896,-0.0039146634428078786,-0.21247459496464213,0.03695570652242912,0.036078065880198615,8.37,8.37,0.0,1015.4857142857143,,0.0,0.0,0.0,7.56,7.56,0.0,1014.842857142857,,0.0,0.0,0.0,11.72,11.72,9.9,1021.3571428571429,,0.0,0.0,3.0,0.0,0.0,2.388762789235098,51.6,-0.058342036940418444,51.6,1.0,3.1000000000000014
2025-12-19,Nikolaev,Paradip,Supramax,33000.0,53.14,Nikolaev->Paradip,Supramax,3.9729299403316674,-0.028933769096268068,-0.049023124468674746,-0.05420587219698316,-0.05260030589007339,54.832499999999996,1.0405896336761629,0.018767538538244925,-0.03135314352177614,0.7883326563532211,11.0,0.0,2.0,-1.5508996560670287,-0.053383846561227556,2.0443589061695526,-0.010993859382405359,1.1005381929212026,0.0348769464204106,2.0206967908732896,-0.0039146634428078786,-0.08614595071320094,-0.11739849421730528,0.03652203634583283,6.37,6.37,0.0,1015.1142857142858,,0.0,0.0,0.0,8.1,8.1,1.5,1015.1857142857143,,0.0,0.0,1.0,7.83,7.83,0.1,1025.8428571428572,,0.0,0.0,0.0,0.0,0.9162907318741551,0.09531017980432487,50.53,-0.05036272102785022,50.53,1.0,2.6099999999999994
2025-12-26,Nikolaev,Paradip,Supramax,33000.0,51.6,Nikolaev->Paradip,Supramax,3.9435216724875173,-0.0294082678441504,-0.058342036940418444,-0.07609934353864717,-0.08218709734444546,53.8125,1.673413427698012,0.030484589369427523,-0.04198410970043248,0.786054954414587,12.0,0.0,2.0,-1.5508996560670287,-0.053383846561227556,2.0443589061695526,-0.010993859382405359,1.1005381929212026,0.0348769464204106,2.0206967908732896,-0.0039146634428078786,-0.12221291797817364,-0.24621055963474445,0.0355793086188129,7.56,7.56,0.0,1014.842857142857,,0.0,0.0,0.0,8.96,8.96,0.0,1018.5428571428572,,0.0,0.0,0.0,14.63,14.63,7.0,1019.6857142857143,,0.0,0.0,2.0,0.0,0.0,2.0794415416798357,50.47,-0.022142572135346032,50.47,1.0,1.1300000000000026
2026-01-02,Nikolaev,Paradip,Supramax,33000.0,50.53,Nikolaev->Paradip,Supramax,3.9225672193038172,-0.020954453183699807,-0.05036272102785022,-0.09938584549652497,-0.10278447143133199,52.49250000000001,2.1935164202062167,0.04046331710397005,-0.03810308294585021,0.8001924372894966,13.0,0.0,2.0,-1.5508996560670287,-0.053383846561227556,2.0443589061695526,-0.010993859382405359,1.1005381929212026,0.0348769464204106,2.0206967908732896,-0.0039146634428078786,-0.09569654125025925,-0.2759235190137029,0.03420926286602914,8.1,8.1,1.5,1015.1857142857143,,0.0,0.0,1.0,9.34,9.34,0.0,1015.2714285714285,,0.0,0.0,0.0,19.55,19.55,13.0,1007.6999999999999,,0.0,0.0,1.0,0.9162907318741551,0.0,2.6390573296152584,50.63,0.0019770666780006664,50.47,0.0,0.060000000000002274
2026-01-09,Nikolaev,Paradip,Supramax,33000.0,50.47,Nikolaev->Paradip,Supramax,3.921379100352171,-0.0011881189516461993,-0.022142572135346032,-0.08048460907576459,-0.10611315488208921,51.435,2.3913471248291387,0.04469494427641313,-0.018939774230822427,0.8028355269818839,14.0,0.0,2.0,-1.5508996560670287,-0.053383846561227556,2.0443589061695526,-0.010993859382405359,1.1005381929212026,0.0348769464204106,2.0206967908732896,-0.0039146634428078786,-0.10879064498942247,-0.511062562518432,0.018264510939543184,8.96,8.96,0.0,1018.5428571428572,,0.0,0.0,0.0,8.26,8.26,0.0,1016.0857142857143,,0.0,0.0,0.0,17.39,17.39,19.5,1007.6857142857143,,0.0,0.0,5.0,0.0,0.0,3.0204248861443626,51.3,0.016311651824552735,50.63,0.0,0.0
2026-01-16,Nikolaev,Paradip,Supramax,33000.0,50.63,Nikolaev->Paradip,Supramax,3.924544285981818,0.0031651856296467584,0.0019770666780006664,-0.04838565434984956,-0.10259152654683286,50.807500000000005,2.324023604502703,0.043998932307889115,-0.003499695500507277,0.7941135647097739,15.0,0.0,2.0,-1.5508996560670287,-0.053383846561227556,2.0443589061695526,-0.010993859382405359,1.1005381929212026,0.0348769464204106,2.0206967908732896,-0.0039146634428078786,-0.07438143279988157,-0.3811340553332952,0.016750917249105456,9.34,9.34,0.0,1015.2714285714285,,0.0,0.0,0.0,8.1,8.1,0.0,1017.342857142857,,0.0,0.0,0.0,12.2,12.2,0.0,1027.0428571428572,,0.0,0.0,0.0,0.0,0.0,0.0,52.33,0.03302553440229856,51.3,0.0,0.0
2026-01-23,Nikolaev,Paradip,Supramax,33000.0,51.3,Nikolaev->Paradip,Supramax,3.937690752176724,0.0131464661949059,0.016311651824552735,-0.0058309203107933215,-0.08193026384944037,50.732499999999995,2.0542760281909613,0.03929936444958556,0.01112402130773711,0.7763465419088798,16.0,0.0,2.0,-1.5508996560670287,-0.053383846561227556,2.0443589061695526,-0.010993859382405359,1.1005381929212026,0.0348769464204106,2.0206967908732896,-0.0039146634428078786,0.11728656414010392,-0.1615820548994593,0.02789935154437591,8.26,8.26,0.0,1016.0857142857143,,0.0,0.0,0.0,7.99,7.99,0.0,1016.657142857143,,0.0,0.0,0.0,9.94,9.94,2.2,1022.6285714285714,,0.0,0.0,1.0,0.0,0.0,1.1631508098056809,52.54,0.023884032080669935,52.33,0.0,0.0
2026-01-30,Nikolaev,Paradip,Supramax,33000.0,52.33,Nikolaev->Paradip,Supramax,3.9575698203841165,0.019879068207392634,0.03302553440229856,0.03500260108029924,-0.06438324441622582,51.1825,1.4888130459242768,0.028720772528078645,0.02217214363951977,0.7655774080456683,17.0,0.0,2.0,-1.5508996560670287,-0.053383846561227556,2.0443589061695526,-0.010993859382405359,1.1005381929212026,0.0348769464204106,2.0206967908732896,-0.0039146634428078786,0.1980876491326305,0.13220213548343046,0.04014145211869005,8.1,8.1,0.0,1017.342857142857,,0.0,0.0,0.0,8.37,8.37,0.3,1015.0142857142857,,0.0,0.0,0.0,13.44,13.44,21.900000000000002,1007.7428571428571,,0.0,0.0,5.0,0.0,0.262364264467491,3.131136910560194,53.77,0.02714587043747027,52.54,0.0,0.0
2026-02-06,Nikolaev,Paradip,Supramax,33000.0,52.54,Nikolaev->Paradip,Supramax,3.961574784257394,0.0040049638732772685,0.023884032080669935,0.04019568390522272,-0.04028892517054176,51.699999999999996,1.0164609471804094,0.019711270609985152,0.016117002743010325,0.7678313815241586,18.0,0.0,2.0,-1.5508996560670287,-0.053383846561227556,2.0443589061695526,-0.010993859382405359,1.1005381929212026,0.0348769464204106,2.0206967908732896,-0.0039146634428078786,-0.11065071003997562,0.13034207043287735,0.04082953992894732,7.99,7.99,0.0,1016.657142857143,,0.0,0.0,0.0,8.75,8.75,0.0,1012.9857142857143,,0.0,0.0,0.0,11.29,11.29,5.300000000000001,1013.9714285714286,,0.0,0.0,1.0,0.0,0.0,1.8405496333974871,54.56,0.03772622927781296,53.77,0.0,0.0
2026-02-13,Nikolaev,Paradip,Supramax,33000.0,53.77,Nikolaev->Paradip,Supramax,3.9847156908215866,0.023140906564192914,0.02714587043747027,0.06017140483976899,0.011785750489919422,52.485,1.1686981462905186,0.022628906189520414,0.024188276333825726,0.779575812083114,19.0,0.0,2.0,-1.5508996560670287,-0.053383846561227556,2.0443589061695526,-0.010993859382405359,1.1005381929212026,0.0348769464204106,2.0206967908732896,-0.0039146634428078786,0.07992269567219219,0.28464619890495124,0.04100131442838908,8.37,8.37,0.3,1015.0142857142857,,0.0,0.0,0.0,11.45,11.45,6.7,1009.5,,0.0,0.0,2.0,14.31,14.31,24.6,1007.2714285714286,,0.0,0.0,3.0,0.262364264467491,2.0412203288596382,3.242592351485517,54.54,0.014218686595855736,54.54,0.0,0.0
2026-02-20,Nikolaev,Paradip,Supramax,33000.0,54.56,Nikolaev->Paradip,Supramax,3.9993010135352067,0.01458532271361992,0.03772622927781296,0.06161026135848288,0.05577934104768962,53.300000000000004,1.5562586775432306,0.0299187018968732,0.023364682363407673,0.7886495498235448,20.0,0.0,2.0,-1.5508996560670287,-0.053383846561227556,2.0443589061695526,-0.010993859382405359,1.1005381929212026,0.0348769464204106,2.0206967908732896,-0.0039146634428078786,-0.019389846443349974,0.14796978832149715,0.03882977897325752,8.75,8.75,0.0,1012.9857142857143,,0.0,0.0,0.0,9.56,9.56,4.4,1010.3285714285714,,0.0,0.0,2.0,16.25,16.25,12.600000000000001,1013.5285714285714,,0.0,0.0,3.0,0.0,1.6863989535702288,2.6100697927420065,60.35,0.10085993400833392,54.54,0.0,0.020000000000003126
2026-02-27,Nikolaev,Paradip,Supramax,33000.0,54.54,Nikolaev->Paradip,Supramax,3.9989343774174424,-0.0003666361177643039,0.014218686595855736,0.04136455703332612,0.07636715811362531,53.8525,1.6520095987268781,0.031456364044877956,0.0126855496373249,0.7809431373644347,21.0,0.0,2.0,-1.5508996560670287,-0.053383846561227556,2.0443589061695526,-0.010993859382405359,1.1005381929212026,0.0348769464204106,2.0206967908732896,-0.0039146634428078786,0.04638651319827518,-0.0037313476128581356,0.025547894639641817,11.45,11.45,6.7,1009.5,,0.0,0.0,2.0,14.69,14.69,2.4,1010.842857142857,,0.0,0.0,1.0,13.93,13.93,5.9,1022.0714285714286,,0.0,0.0,1.0,2.0412203288596382,1.2237754316221157,1.9315214116032138,63.92,0.15869792404057675,60.35,0.0,0.0
2026-03-06,Nikolaev,Paradip,Supramax,33000.0,60.35,Nikolaev->Paradip,Supramax,4.10016094754354,0.10122657012609801,0.10085993400833392,0.13858616328614673,0.1787818471913695,55.805,3.025084414406599,0.05627802268557925,0.07829747643586223,0.7294451872853243,22.0,0.0,2.0,-1.5508996560670287,-0.053383846561227556,2.0443589061695526,-0.010993859382405359,1.1005381929212026,0.0348769464204106,2.0206967908732896,-0.0039146634428078786,-0.06267110696277568,0.0442482554643418,0.02843308737840595,9.56,9.56,4.4,1010.3285714285714,,0.0,0.0,2.0,12.53,12.53,21.6,1010.8285714285714,,0.0,0.0,3.0,12.26,12.26,0.3,1025.4142857142856,,0.0,0.0,0.0,1.6863989535702288,3.1179499062782403,0.262364264467491,67.33,0.10944495501364893,63.92,0.0,0.0
2026-03-13,Nikolaev,Paradip,Supramax,33000.0,63.92,Nikolaev->Paradip,Supramax,4.157632301458019,0.05747135391447864,0.15869792404057675,0.1729166106364325,0.2330880154762013,58.3425,4.401428136736657,0.07942844757369166,0.09130148569111746,0.6468195240581252,23.0,0.0,2.0,-1.5508996560670287,-0.053383846561227556,2.0443589061695526,-0.010993859382405359,1.1005381929212026,0.0348769464204106,2.0206967908732896,-0.0039146634428078786,0.008915363657952329,-0.026759076549898224,0.029507714238750066,14.69,14.69,2.4,1010.842857142857,,0.0,0.0,1.0,11.93,11.93,2.0,1008.9857142857143,,0.0,0.0,1.0,11.99,11.99,0.0,1026.5428571428572,,0.0,0.0,0.0,1.2237754316221157,1.0986122886681098,0.0,67.33,0.051973601099170284,67.33,0.0,0.0
2025-10-31,Nikolaev,Paradip/Haldia,Panamax,41000.0,49.84,Nikolaev->Paradip/Haldia,Panamax,3.908817874479198,0.000200662185884569,0.004625448166240202,-0.0058017567962143695,,49.8425,0.21307275752662563,0.004269995140814141,-5.015925564713211e-05,0.5639028242350475,4.0,0.0,1.0,-1.1240822767331884,0.01103743316272771,-0.4006943456091501,-0.007506154361515097,1.6682761495868896,0.002417679239634746,-0.1234685211177958,-0.05278038879017052,-0.012636003357084376,0.02942147698136416,0.030360021174432483,12.9,12.9,114.4,1009.5714285714286,,0.0,0.0,11.0,8.69,8.69,0.0,1014.5357142857143,,0.0,0.0,0.0,12.04,12.04,4.7,1016.2142857142857,,0.0,0.0,1.0,4.748404354073999,0.0,1.7404661748405046,49.92,0.0016038495819743989,49.81,0.0,0.030000000000001137
2025-11-07,Nikolaev,Paradip/Haldia,Panamax,41000.0,49.81,Nikolaev->Paradip/Haldia,Panamax,3.908215767085192,-0.0006021073940056671,-0.00040144520812107913,-0.00560562028433345,,49.7725,0.19408760908414535,0.0038907007935079754,0.0007531444133774887,0.5620437727598944,5.0,0.0,1.0,-1.1240822767331884,0.01103743316272771,-0.4006943456091501,-0.007506154361515097,1.6682761495868896,0.002417679239634746,-0.1234685211177958,-0.05278038879017052,0.06783927315048867,0.08995382826882066,0.030997524585593173,10.15,10.15,0.30000000000000004,1009.8571428571429,,0.0,0.0,0.0,8.53,8.53,0.0,1015.3642857142858,,0.0,0.0,0.0,7.67,7.67,7.800000000000001,1022.4285714285714,,0.0,0.0,3.0,0.26236426446749106,0.0,2.174751721484161,49.91,0.002005616396325729,49.91,0.0,0.0
2025-11-14,Nikolaev,Paradip/Haldia,Panamax,41000.0,49.92,Nikolaev->Paradip/Haldia,Panamax,3.9104217240611723,0.002205956975980201,0.0016038495819743989,0.0062292977482147505,,49.85,0.17767010628315252,0.003561236846725847,0.0014032276533248295,0.5634219032800747,6.0,0.0,1.0,-1.1240822767331884,0.01103743316272771,-0.4006943456091501,-0.007506154361515097,1.6682761495868896,0.002417679239634746,-0.1234685211177958,-0.05278038879017052,0.009931507500916713,0.03788513484694538,0.017082731033072552,8.69,8.69,0.0,1014.5357142857143,,0.0,0.0,0.0,9.72,9.72,0.0,1015.1357142857142,,0.0,0.0,0.0,11.34,11.34,16.3,1018.1142857142858,,0.0,0.0,2.0,0.0,0.0,2.8507065015037334,49.5,-0.008449054486527633,49.5,0.0,0.4200000000000017
2025-11-21,Nikolaev,Paradip/Haldia,Panamax,41000.0,49.91,Nikolaev->Paradip/Haldia,Panamax,3.9102213834815176,-0.0002003405796544341,0.002005616396325729,0.001604171188204726,,49.870000000000005,0.16464246978572353,0.003299944275907672,0.0008017639234866079,0.5670173078538525,7.0,0.0,1.0,-1.1240822767331884,0.01103743316272771,-0.4006943456091501,-0.007506154361515097,1.6682761495868896,0.002417679239634746,-0.1234685211177958,-0.05278038879017052,0.06820825002653357,0.1333430273208545,0.015410505383491998,8.53,8.53,0.0,1015.3642857142858,,0.0,0.0,0.0,10.21,10.21,0.0,1015.907142857143,,0.0,0.0,0.0,13.28,13.28,14.7,1015.4857142857143,,0.0,0.0,3.0,0.0,0.0,2.7536607123542622,49.63,-0.005625893882168326,49.5,0.0,0.4099999999999966
2025-11-28,Nikolaev,Paradip/Haldia,Panamax,41000.0,49.5,Nikolaev->Paradip/Haldia,Panamax,3.901972669574645,-0.008248713906873196,-0.008449054486527633,-0.006845204904553175,-0.012646961700767421,49.785000000000004,0.18430855340201158,0.0036999533944345,-0.005741064265403073,0.5679295584291331,8.0,0.0,1.0,-1.1240822767331884,0.01103743316272771,-0.4006943456091501,-0.007506154361515097,1.6682761495868896,0.002417679239634746,-0.1234685211177958,-0.05278038879017052,0.11802720608855737,0.26400623676649637,0.016462898601555614,9.72,9.72,0.0,1015.1357142857142,,0.0,0.0,0.0,8.37,8.37,0.0,1015.4857142857143,,0.0,0.0,0.0,13.01,13.01,6.8,1017.0714285714286,,0.0,0.0,1.0,0.0,0.0,2.0541237336955462,48.43,-0.02185321315950688,48.43,1.0,1.0700000000000003
2025-12-05,Nikolaev,Paradip/Haldia,Panamax,41000.0,49.63,Nikolaev->Paradip/Haldia,Panamax,3.9045954895993495,0.0026228200247049465,-0.005625893882168326,-0.003620277485842531,-0.009225897770176057,49.74,0.15528200153269056,0.0031208541948537236,-0.0022139487759091268,0.568339725126167,9.0,0.0,1.0,-1.1240822767331884,0.01103743316272771,-0.4006943456091501,-0.007506154361515097,1.6682761495868896,0.002417679239634746,-0.1234685211177958,-0.05278038879017052,0.06319484537198032,0.25936180898798805,0.025828637638046704,10.21,10.21,0.0,1015.907142857143,,0.0,0.0,0.0,7.45,7.45,0.0,1015.1428571428571,,0.0,0.0,0.0,11.61,11.61,3.8000000000000003,1021.8142857142857,,0.0,0.0,1.0,0.0,0.0,1.5686159179138455,46.86,-0.05743105651969985,46.86,1.0,2.770000000000003
2025-12-12,Nikolaev,Paradip/Haldia,Panamax,41000.0,48.43,Nikolaev->Paradip/Haldia,Panamax,3.880119456415138,-0.024476033184211713,-0.02185321315950688,-0.03030226764603455,-0.024072969897819714,49.3675,0.49746320754115986,0.010027731147048854,-0.019172856534189816,0.5772552939508935,10.0,0.0,1.0,-1.1240822767331884,0.01103743316272771,-0.4006943456091501,-0.007506154361515097,1.6682761495868896,0.002417679239634746,-0.1234685211177958,-0.05278038879017052,-0.21247459496464213,0.03695570652242912,0.036078065880198615,8.37,8.37,0.0,1015.4857142857143,,0.0,0.0,0.0,8.21,8.21,0.0,1014.9499999999999,,0.0,0.0,0.0,11.72,11.72,9.9,1021.3571428571429,,0.0,0.0,3.0,0.0,0.0,2.388762789235098,45.24,-0.06813780516721803,45.24,1.0,3.1899999999999977
2025-12-19,Nikolaev,Paradip/Haldia,Panamax,41000.0,46.86,Nikolaev->Paradip/Haldia,Panamax,3.8471644330796497,-0.032955023335488116,-0.05743105651969985,-0.06305695040186826,-0.061452779213663565,48.605,1.0781167442748063,0.021896252739777737,-0.03656197319338263,0.5743542571808686,11.0,0.0,1.0,-1.1240822767331884,0.01103743316272771,-0.4006943456091501,-0.007506154361515097,1.6682761495868896,0.002417679239634746,-0.1234685211177958,-0.05278038879017052,-0.08614595071320094,-0.11739849421730528,0.03652203634583283,7.45,7.45,0.0,1015.1428571428571,,0.0,0.0,0.0,8.1,8.1,1.5,1015.3785714285714,,0.0,0.0,1.0,7.83,7.83,0.1,1025.8428571428572,,0.0,0.0,0.0,0.0,0.9162907318741551,0.09531017980432487,44.08,-0.061158268234990584,44.08,1.0,2.780000000000001
2025-12-26,Nikolaev,Paradip/Haldia,Panamax,41000.0,45.24,Nikolaev->Paradip/Haldia,Panamax,3.81198165124792,-0.03518278183172989,-0.06813780516721803,-0.08999101832672492,-0.09683622323127804,47.54,1.7365133375325847,0.035684836116775434,-0.049589810684128065,0.5740702194082132,12.0,0.0,1.0,-1.1240822767331884,0.01103743316272771,-0.4006943456091501,-0.007506154361515097,1.6682761495868896,0.002417679239634746,-0.1234685211177958,-0.05278038879017052,-0.12221291797817364,-0.24621055963474445,0.0355793086188129,8.21,8.21,0.0,1014.9499999999999,,0.0,0.0,0.0,9.29,9.29,0.0,1018.6714285714286,,0.0,0.0,0.0,14.63,14.63,7.0,1019.6857142857143,,0.0,0.0,2.0,0.0,0.0,2.0794415416798357,44.02,-0.027337575149604085,44.02,1.0,1.2199999999999989
2026-01-02,Nikolaev,Paradip/Haldia,Panamax,41000.0,44.08,Nikolaev->Paradip/Haldia,Panamax,3.786006164844659,-0.025975486403260792,-0.061158268234990584,-0.1185893247546905,-0.12220960224053311,46.1525,2.289316413879287,0.047747559274798075,-0.04594496581792856,0.5835258582605802,13.0,0.0,1.0,-1.1240822767331884,0.01103743316272771,-0.4006943456091501,-0.007506154361515097,1.6682761495868896,0.002417679239634746,-0.1234685211177958,-0.05278038879017052,-0.09569654125025925,-0.2759235190137029,0.03420926286602914,8.1,8.1,1.5,1015.3785714285714,,0.0,0.0,1.0,9.34,9.34,0.0,1015.2214285714286,,0.0,0.0,0.0,19.55,19.55,13.0,1007.6999999999999,,0.0,0.0,1.0,0.9162907318741551,0.0,2.6390573296152584,44.17,0.0020396607637760437,44.02,0.0,0.05999999999999517
2026-01-09,Nikolaev,Paradip/Haldia,Panamax,41000.0,44.02,Nikolaev->Paradip/Haldia,Panamax,3.7846440760983158,-0.0013620887463433626,-0.027337575149604085,-0.09547538031682211,-0.1257776479628566,45.05,2.50300640658959,0.05301996783625048,-0.023128907956031175,0.5853616115161846,14.0,0.0,1.0,-1.1240822767331884,0.01103743316272771,-0.4006943456091501,-0.007506154361515097,1.6682761495868896,0.002417679239634746,-0.1234685211177958,-0.05278038879017052,-0.10879064498942247,-0.511062562518432,0.018264510939543184,9.29,9.29,0.0,1018.6714285714286,,0.0,0.0,0.0,8.26,8.26,0.0,1016.0571428571428,,0.0,0.0,0.0,17.39,17.39,19.5,1007.6857142857143,,0.0,0.0,5.0,0.0,0.0,3.0204248861443626,44.88,0.019348185116125332,44.17,0.0,0.0
2026-01-16,Nikolaev,Paradip/Haldia,Panamax,41000.0,44.17,Nikolaev->Paradip/Haldia,Panamax,3.7880458256084353,0.0034017495101193456,0.0020396607637760437,-0.05911860747121443,-0.12217555787308271,44.377500000000005,2.4399674324524345,0.05248229360261199,-0.004686758628386767,0.5790400648554046,15.0,0.0,1.0,-1.1240822767331884,0.01103743316272771,-0.4006943456091501,-0.007506154361515097,1.6682761495868896,0.002417679239634746,-0.1234685211177958,-0.05278038879017052,-0.07438143279988157,-0.3811340553332952,0.016750917249105456,9.34,9.34,0.0,1015.2214285714286,,0.0,0.0,0.0,8.32,8.32,0.0,1017.35,,0.0,0.0,0.0,12.2,12.2,0.0,1027.0428571428572,,0.0,0.0,0.0,0.0,0.0,0.0,45.41,0.027686519501424537,44.88,0.0,0.0
2026-01-23,Nikolaev,Paradip/Haldia,Panamax,41000.0,44.88,Nikolaev->Paradip/Haldia,Panamax,3.803992261214441,0.015946435606005768,0.019348185116125332,-0.007989390033478863,-0.09798040836020366,44.2875,2.1563722015061586,0.04696571727437115,0.013289791022850564,0.574142398191102,16.0,0.0,1.0,-1.1240822767331884,0.01103743316272771,-0.4006943456091501,-0.007506154361515097,1.6682761495868896,0.002417679239634746,-0.1234685211177958,-0.05278038879017052,0.11728656414010392,-0.1615820548994593,0.02789935154437591,8.26,8.26,0.0,1016.0571428571428,,0.0,0.0,0.0,9.45,9.45,0.0,1016.6428571428571,,0.0,0.0,0.0,9.94,9.94,2.2,1022.6285714285714,,0.0,0.0,1.0,0.0,0.0,1.1631508098056809,45.61,0.016134729509168052,45.41,0.0,0.0
2026-01-30,Nikolaev,Paradip/Haldia,Panamax,41000.0,45.41,Nikolaev->Paradip/Haldia,Panamax,3.8157323451098595,0.011740083895418802,0.027686519501424537,0.02972618026520069,-0.08886314448948983,44.62,1.5476612540032106,0.03409978251129385,0.017550156105473367,0.558187322343672,17.0,0.0,1.0,-1.1240822767331884,0.01103743316272771,-0.4006943456091501,-0.007506154361515097,1.6682761495868896,0.002417679239634746,-0.1234685211177958,-0.05278038879017052,0.1980876491326305,0.13220213548343046,0.04014145211869005,8.32,8.32,0.0,1017.35,,0.0,0.0,0.0,9.45,9.45,0.3,1014.9428571428572,,0.0,0.0,0.0,13.44,13.44,21.900000000000002,1007.7428571428571,,0.0,0.0,5.0,0.0,0.262364264467491,3.131136910560194,46.8,0.030150857813741206,45.61,0.0,0.0
2026-02-06,Nikolaev,Paradip/Haldia,Panamax,41000.0,45.61,Nikolaev->Paradip/Haldia,Panamax,3.820126990723609,0.004394645613749445,0.016134729509168052,0.03548291462529339,-0.059992465691528656,45.0175,0.9679424053113515,0.021493710945931693,0.013075687662085533,0.5597302732736185,18.0,0.0,1.0,-1.1240822767331884,0.01103743316272771,-0.4006943456091501,-0.007506154361515097,1.6682761495868896,0.002417679239634746,-0.1234685211177958,-0.05278038879017052,-0.11065071003997562,0.13034207043287735,0.04082953992894732,9.45,9.45,0.0,1016.6428571428571,,0.0,0.0,0.0,9.77,9.77,0.0,1012.907142857143,,0.0,0.0,0.0,11.29,11.29,5.300000000000001,1013.9714285714286,,0.0,0.0,1.0,0.0,0.0,1.8405496333974871,47.56,0.041865081098972,46.8,0.0,0.0
2026-02-13,Nikolaev,Paradip/Haldia,Panamax,41000.0,46.8,Nikolaev->Paradip/Haldia,Panamax,3.845883202923601,0.025756212199992023,0.030150857813741206,0.057837377315165826,-0.001281230156048573,45.675,0.9518694013060722,0.021140321508144076,0.02433210065953072,0.5696288219676116,19.0,0.0,1.0,-1.1240822767331884,0.01103743316272771,-0.4006943456091501,-0.007506154361515097,1.6682761495868896,0.002417679239634746,-0.1234685211177958,-0.05278038879017052,0.07992269567219219,0.28464619890495124,0.04100131442838908,9.45,9.45,0.3,1014.9428571428572,,0.0,0.0,0.0,11.45,11.45,12.3,1009.4499999999999,,0.0,0.0,4.0,14.31,14.31,24.6,1007.2714285714286,,0.0,0.0,3.0,0.262364264467491,2.5877640352277083,3.242592351485517,47.55,0.015898586067798204,47.55,0.0,0.0
2026-02-20,Nikolaev,Paradip/Haldia,Panamax,41000.0,47.56,Nikolaev->Paradip/Haldia,Panamax,3.861992071822581,0.01610886889898019,0.041865081098972,0.057999810608140294,0.050010420574661416,46.345,1.3116939701883605,0.02894533352138274,0.025878660494785124,0.5775965271285055,20.0,0.0,1.0,-1.1240822767331884,0.01103743316272771,-0.4006943456091501,-0.007506154361515097,1.6682761495868896,0.002417679239634746,-0.1234685211177958,-0.05278038879017052,-0.019389846443349974,0.14796978832149715,0.03882977897325752,9.77,9.77,0.0,1012.907142857143,,0.0,0.0,0.0,9.56,9.56,6.699999999999999,1010.4428571428572,,0.0,0.0,3.0,16.25,16.25,12.600000000000001,1013.5285714285714,,0.0,0.0,3.0,0.0,2.0412203288596382,2.6100697927420065,54.25,0.13161092059798776,47.55,0.0,0.010000000000005116
2026-02-27,Nikolaev,Paradip/Haldia,Panamax,41000.0,47.55,Nikolaev->Paradip/Haldia,Panamax,3.8617817889913995,-0.0002102828311818771,0.015898586067798204,0.046049443881539545,0.07577562414674019,46.879999999999995,1.4142135623730734,0.030911771855149144,0.014190643722642277,0.5726765931171194,21.0,0.0,1.0,-1.1240822767331884,0.01103743316272771,-0.4006943456091501,-0.007506154361515097,1.6682761495868896,0.002417679239634746,-0.1234685211177958,-0.05278038879017052,0.04638651319827518,-0.0037313476128581356,0.025547894639641817,11.45,11.45,12.3,1009.4499999999999,,0.0,0.0,4.0,16.9,16.9,21.3,1010.8214285714286,,0.0,0.0,4.0,13.93,13.93,5.9,1022.0714285714286,,0.0,0.0,1.0,2.5877640352277083,3.104586678466073,1.9315214116032138,57.7,0.19347538452265475,54.25,0.0,0.0
2026-03-06,Nikolaev,Paradip/Haldia,Panamax,41000.0,54.25,Nikolaev->Paradip/Haldia,Panamax,3.993602992420569,0.13182120342916964,0.13161092059798776,0.17347600169695984,0.20895891632225325,49.03999999999999,3.1662390375423506,0.06732560481710338,0.10096670079261305,0.5386076764761798,22.0,0.0,1.0,-1.1240822767331884,0.01103743316272771,-0.4006943456091501,-0.007506154361515097,1.6682761495868896,0.002417679239634746,-0.1234685211177958,-0.05278038879017052,-0.06267110696277568,0.0442482554643418,0.02843308737840595,9.56,9.56,6.699999999999999,1010.4428571428572,,0.0,0.0,3.0,13.55,13.55,63.800000000000004,1010.7642857142857,,0.0,0.0,7.0,12.26,12.26,0.3,1025.4142857142856,,0.0,0.0,0.0,2.0412203288596382,4.171305603358229,0.262364264467491,61.25,0.12136085700426753,57.7,0.0,0.0
2026-03-13,Nikolaev,Paradip/Haldia,Panamax,41000.0,57.7,Nikolaev->Paradip/Haldia,Panamax,4.055257173514054,0.06165418109348508,0.19347538452265475,0.20937397059045287,0.26721134790561873,51.765,4.675101221211306,0.09595856365376244,0.1085429282959774,0.4748246131187548,23.0,0.0,1.0,-1.1240822767331884,0.01103743316272771,-0.4006943456091501,-0.007506154361515097,1.6682761495868896,0.002417679239634746,-0.1234685211177958,-0.05278038879017052,0.008915363657952329,-0.026759076549898224,0.029507714238750066,16.9,16.9,21.3,1010.8214285714286,,0.0,0.0,4.0,11.93,11.93,16.4,1009.0142857142857,,0.0,0.0,4.0,11.99,11.99,0.0,1026.5428571428572,,0.0,0.0,0.0,3.104586678466073,2.856470206220483,0.0,61.25,0.059706675910782415,61.25,0.0,0.0
2025-10-31,Nikolaev,Paradip/Haldia,Supramax,33000.0,58.06,Nikolaev->Paradip/Haldia,Supramax,4.061476958596484,0.00017225045258349733,0.00414222200828378,-0.004296646637580749,,58.05,0.1971547615453443,0.0033932525824471502,0.00017225045258349733,0.8086488340122022,4.0,0.0,2.0,-1.1240822767331884,0.01103743316272771,-0.4006943456091501,-0.007506154361515097,1.6682761495868896,0.002417679239634746,-0.1234685211177958,-0.05278038879017052,-0.012636003357084376,0.02942147698136416,0.030360021174432483,12.9,12.9,114.4,1009.5714285714286,,0.0,0.0,11.0,8.69,8.69,0.0,1014.5357142857143,,0.0,0.0,0.0,12.04,12.04,4.7,1016.2142857142857,,0.0,0.0,1.0,4.748404354073999,0.0,1.7404661748405046,58.16,0.0017208746287800613,58.04,0.0,0.020000000000003126
2025-11-07,Nikolaev,Paradip/Haldia,Supramax,33000.0,58.04,Nikolaev->Paradip/Haldia,Supramax,4.061132428015987,-0.0003445305804968187,-0.0001722801279133529,-0.003954953138995823,,57.9925,0.17814787864767856,0.0030666684030585894,0.0008187361756988716,0.8068472582988013,5.0,0.0,2.0,-1.1240822767331884,0.01103743316272771,-0.4006943456091501,-0.007506154361515097,1.6682761495868896,0.002417679239634746,-0.1234685211177958,-0.05278038879017052,0.06783927315048867,0.08995382826882066,0.030997524585593173,10.15,10.15,0.30000000000000004,1009.8571428571429,,0.0,0.0,0.0,8.53,8.53,0.0,1015.3642857142858,,0.0,0.0,0.0,7.67,7.67,7.800000000000001,1022.4285714285714,,0.0,0.0,3.0,0.26236426446749106,0.0,2.174751721484161,58.14,0.001721467114742902,58.14,0.0,0.0
2025-11-14,Nikolaev,Paradip/Haldia,Supramax,33000.0,58.16,Nikolaev->Paradip/Haldia,Supramax,4.063197833225264,0.0020654052092768578,0.0017208746287800613,0.005863096637063796,,58.0775,0.1646641603819324,0.0028340810962934936,0.0014195077122810238,0.8087450015854603,6.0,0.0,2.0,-1.1240822767331884,0.01103743316272771,-0.4006943456091501,-0.007506154361515097,1.6682761495868896,0.002417679239634746,-0.1234685211177958,-0.05278038879017052,0.009931507500916713,0.03788513484694538,0.017082731033072552,8.69,8.69,0.0,1014.5357142857143,,0.0,0.0,0.0,9.72,9.72,0.0,1015.1357142857142,,0.0,0.0,0.0,11.34,11.34,16.3,1018.1142857142858,,0.0,0.0,2.0,0.0,0.0,2.8507065015037334,57.71,-0.007767364502388755,57.71,0.0,0.44999999999999574
2025-11-21,Nikolaev,Paradip/Haldia,Supramax,33000.0,58.14,Nikolaev->Paradip/Haldia,Supramax,4.06285389513073,-0.00034393809453394053,0.001721467114742902,0.0015491869868293187,,58.099999999999994,0.15305811221325907,0.0026341075566442347,0.0006882312728645313,0.8132603500124111,7.0,0.0,2.0,-1.1240822767331884,0.01103743316272771,-0.4006943456091501,-0.007506154361515097,1.6682761495868896,0.002417679239634746,-0.1234685211177958,-0.05278038879017052,0.06820825002653357,0.1333430273208545,0.015410505383491998,8.53,8.53,0.0,1015.3642857142858,,0.0,0.0,0.0,10.21,10.21,0.0,1015.907142857143,,0.0,0.0,0.0,13.28,13.28,14.7,1015.4857142857143,,0.0,0.0,3.0,0.0,0.0,2.7536607123542622,57.84,-0.005173317280220528,57.71,0.0,0.4299999999999997
2025-11-28,Nikolaev,Paradip/Haldia,Supramax,33000.0,57.71,Nikolaev->Paradip/Haldia,Supramax,4.055430468722875,-0.007423426407854772,-0.007767364502388755,-0.00604648987360878,-0.010343136511189554,58.012499999999996,0.1830251739125393,0.0031539071433501656,-0.005228035844419015,0.8144132833287827,8.0,0.0,2.0,-1.1240822767331884,0.01103743316272771,-0.4006943456091501,-0.007506154361515097,1.6682761495868896,0.002417679239634746,-0.1234685211177958,-0.05278038879017052,0.11802720608855737,0.26400623676649637,0.016462898601555614,9.72,9.72,0.0,1015.1357142857142,,0.0,0.0,0.0,8.37,8.37,0.0,1015.4857142857143,,0.0,0.0,0.0,13.01,13.01,6.8,1017.0714285714286,,0.0,0.0,1.0,0.0,0.0,2.0541237336955462,56.69,-0.0178326403866628,56.69,0.0,1.0200000000000031
2025-12-05,Nikolaev,Paradip/Haldia,Supramax,33000.0,57.84,Nikolaev->Paradip/Haldia,Supramax,4.057680577850509,0.0022501091276342137,-0.005173317280220528,-0.003451850165477787,-0.007406803304473588,57.9625,0.16516225788167185,0.0028487302467624827,-0.0021156718670698755,0.8146493496420644,9.0,0.0,2.0,-1.1240822767331884,0.01103743316272771,-0.4006943456091501,-0.007506154361515097,1.6682761495868896,0.002417679239634746,-0.1234685211177958,-0.05278038879017052,0.06319484537198032,0.25936180898798805,0.025828637638046704,10.21,10.21,0.0,1015.907142857143,,0.0,0.0,0.0,7.45,7.45,0.0,1015.1428571428571,,0.0,0.0,0.0,11.61,11.61,3.8000000000000003,1021.8142857142857,,0.0,0.0,1.0,0.0,0.0,1.5686159179138455,55.09,-0.048712366365884024,55.09,1.0,2.75
2025-12-12,Nikolaev,Paradip/Haldia,Supramax,33000.0,56.69,Nikolaev->Paradip/Haldia,Supramax,4.037597828336212,-0.020082749514297074,-0.0178326403866628,-0.025600004889051634,-0.019736908251987737,57.595,0.4875869885759593,0.008430473769927326,-0.01583793004225743,0.826375943676473,10.0,0.0,2.0,-1.1240822767331884,0.01103743316272771,-0.4006943456091501,-0.007506154361515097,1.6682761495868896,0.002417679239634746,-0.1234685211177958,-0.05278038879017052,-0.21247459496464213,0.03695570652242912,0.036078065880198615,8.37,8.37,0.0,1015.4857142857143,,0.0,0.0,0.0,8.21,8.21,0.0,1014.9499999999999,,0.0,0.0,0.0,11.72,11.72,9.9,1021.3571428571429,,0.0,0.0,3.0,0.0,0.0,2.388762789235098,53.5,-0.057916174434251406,53.5,1.0,3.1899999999999977
2025-12-19,Nikolaev,Paradip/Haldia,Supramax,33000.0,55.09,Nikolaev->Paradip/Haldia,Supramax,4.008968211484625,-0.028629616851587096,-0.048712366365884024,-0.05388568364610469,-0.052336496659275235,56.8325,1.0733916539908177,0.018678644491172083,-0.031140133706739164,0.8243709275061786,11.0,0.0,2.0,-1.1240822767331884,0.01103743316272771,-0.4006943456091501,-0.007506154361515097,1.6682761495868896,0.002417679239634746,-0.1234685211177958,-0.05278038879017052,-0.08614595071320094,-0.11739849421730528,0.03652203634583283,7.45,7.45,0.0,1015.1428571428571,,0.0,0.0,0.0,8.1,8.1,1.5,1015.3785714285714,,0.0,0.0,1.0,7.83,7.83,0.1,1025.8428571428572,,0.0,0.0,0.0,0.0,0.9162907318741551,0.09531017980432487,52.39,-0.05025247806449683,52.39,1.0,2.700000000000003
2025-12-26,Nikolaev,Paradip/Haldia,Supramax,33000.0,53.5,Nikolaev->Paradip/Haldia,Supramax,3.979681653901961,-0.029286557582664307,-0.057916174434251406,-0.07574881482091417,-0.08179530469452302,55.78,1.725629802213011,0.03032941190698879,-0.0417337282973821,0.8222149358290305,12.0,0.0,2.0,-1.1240822767331884,0.01103743316272771,-0.4006943456091501,-0.007506154361515097,1.6682761495868896,0.002417679239634746,-0.1234685211177958,-0.05278038879017052,-0.12221291797817364,-0.24621055963474445,0.0355793086188129,8.21,8.21,0.0,1014.9499999999999,,0.0,0.0,0.0,9.29,9.29,0.0,1018.6714285714286,,0.0,0.0,0.0,14.63,14.63,7.0,1019.6857142857143,,0.0,0.0,2.0,0.0,0.0,2.0794415416798357,52.32,-0.022302946753017645,52.32,1.0,1.1799999999999997
2026-01-02,Nikolaev,Paradip/Haldia,Supramax,33000.0,52.39,Nikolaev->Paradip/Haldia,Supramax,3.9587157334201284,-0.02096592048183254,-0.05025247806449683,-0.0989648444303809,-0.10241669459585871,54.417500000000004,2.263133100056519,0.040276438869131855,-0.03797005988672677,0.8363409514058078,13.0,0.0,2.0,-1.1240822767331884,0.01103743316272771,-0.4006943456091501,-0.007506154361515097,1.6682761495868896,0.002417679239634746,-0.1234685211177958,-0.05278038879017052,-0.09569654125025925,-0.2759235190137029,0.03420926286602914,8.1,8.1,1.5,1015.3785714285714,,0.0,0.0,1.0,9.34,9.34,0.0,1015.2214285714286,,0.0,0.0,0.0,19.55,19.55,13.0,1007.6999999999999,,0.0,0.0,1.0,0.9162907318741551,0.0,2.6390573296152584,52.49,0.0019069418440800228,52.32,0.0,0.07000000000000028
2026-01-09,Nikolaev,Paradip/Haldia,Supramax,33000.0,52.32,Nikolaev->Paradip/Haldia,Supramax,3.9573787071489432,-0.0013370262711851098,-0.022302946753017645,-0.080219121187269,-0.1058191260763206,53.325,2.469389745318814,0.04452559944678712,-0.019026557208471056,0.8388351337786562,14.0,0.0,2.0,-1.1240822767331884,0.01103743316272771,-0.4006943456091501,-0.007506154361515097,1.6682761495868896,0.002417679239634746,-0.1234685211177958,-0.05278038879017052,-0.10879064498942247,-0.511062562518432,0.018264510939543184,9.29,9.29,0.0,1018.6714285714286,,0.0,0.0,0.0,8.26,8.26,0.0,1016.0571428571428,,0.0,0.0,0.0,17.39,17.39,19.5,1007.6857142857143,,0.0,0.0,5.0,0.0,0.0,3.0204248861443626,53.18,0.01630367866593044,52.49,0.0,0.0
2026-01-16,Nikolaev,Paradip/Haldia,Supramax,33000.0,52.49,Nikolaev->Paradip/Haldia,Supramax,3.9606226752642084,0.0032439681152651575,0.0019069418440800228,-0.0483455362204168,-0.10223121986652146,52.675,2.4003984044320648,0.0438398904994099,-0.0035182844260442142,0.8301919539921645,15.0,0.0,2.0,-1.1240822767331884,0.01103743316272771,-0.4006943456091501,-0.007506154361515097,1.6682761495868896,0.002417679239634746,-0.1234685211177958,-0.05278038879017052,-0.07438143279988157,-0.3811340553332952,0.016750917249105456,9.34,9.34,0.0,1015.2214285714286,,0.0,0.0,0.0,8.32,8.32,0.0,1017.35,,0.0,0.0,0.0,12.2,12.2,0.0,1027.0428571428572,,0.0,0.0,0.0,0.0,0.0,0.0,54.25,0.03298031715636052,53.18,0.0,0.0
2026-01-23,Nikolaev,Paradip/Haldia,Supramax,33000.0,53.18,Nikolaev->Paradip/Haldia,Supramax,3.9736823858148735,0.013059710550665403,0.01630367866593044,-0.0059992680870870705,-0.08174808290800128,52.595,2.1215072135495707,0.03915122885443268,0.01106132762363624,0.8123381755470294,16.0,0.0,2.0,-1.1240822767331884,0.01103743316272771,-0.4006943456091501,-0.007506154361515097,1.6682761495868896,0.002417679239634746,-0.1234685211177958,-0.05278038879017052,0.11728656414010392,-0.1615820548994593,0.02789935154437591,8.26,8.26,0.0,1016.0571428571428,,0.0,0.0,0.0,9.45,9.45,0.0,1016.6428571428571,,0.0,0.0,0.0,9.94,9.94,2.2,1022.6285714285714,,0.0,0.0,1.0,0.0,0.0,1.1631508098056809,54.46,0.023784101430739807,54.25,0.0,0.0
2026-01-30,Nikolaev,Paradip/Haldia,Supramax,33000.0,54.25,Nikolaev->Paradip/Haldia,Supramax,3.993602992420569,0.019920606605695095,0.03298031715636052,0.03488725900044054,-0.06407758542994031,53.06,1.5379804708030043,0.028619580299188284,0.022179643710975375,0.8016105800821207,17.0,0.0,2.0,-1.1240822767331884,0.01103743316272771,-0.4006943456091501,-0.007506154361515097,1.6682761495868896,0.002417679239634746,-0.1234685211177958,-0.05278038879017052,0.1980876491326305,0.13220213548343046,0.04014145211869005,8.32,8.32,0.0,1017.35,,0.0,0.0,0.0,9.45,9.45,0.3,1014.9428571428572,,0.0,0.0,0.0,13.44,13.44,21.900000000000002,1007.7428571428571,,0.0,0.0,5.0,0.0,0.262364264467491,3.131136910560194,55.73,0.026915609160876017,54.46,0.0,0.0
2026-02-06,Nikolaev,Paradip/Haldia,Supramax,33000.0,54.46,Nikolaev->Paradip/Haldia,Supramax,3.9974664872456134,0.0038634948250446392,0.023784101430739807,0.04008778009667037,-0.04013134109059868,53.595,1.0519641493076546,0.019677593514920586,0.0160107071021308,0.8037230845123782,18.0,0.0,2.0,-1.1240822767331884,0.01103743316272771,-0.4006943456091501,-0.007506154361515097,1.6682761495868896,0.002417679239634746,-0.1234685211177958,-0.05278038879017052,-0.11065071003997562,0.13034207043287735,0.04082953992894732,9.45,9.45,0.0,1016.6428571428571,,0.0,0.0,0.0,9.77,9.77,0.0,1012.907142857143,,0.0,0.0,0.0,11.29,11.29,5.300000000000001,1013.9714285714286,,0.0,0.0,1.0,0.0,0.0,1.8405496333974871,56.53,0.037304983441585865,55.73,0.0,0.0
2026-02-13,Nikolaev,Paradip/Haldia,Supramax,33000.0,55.73,Nikolaev->Paradip/Haldia,Supramax,4.020518601581445,0.02305211433583137,0.026915609160876017,0.059895926317236406,0.011550390096819671,54.404999999999994,1.2066008927088177,0.022536438040881915,0.024062540178469653,0.8153787228429725,19.0,0.0,2.0,-1.1240822767331884,0.01103743316272771,-0.4006943456091501,-0.007506154361515097,1.6682761495868896,0.002417679239634746,-0.1234685211177958,-0.05278038879017052,0.07992269567219219,0.28464619890495124,0.04100131442838908,9.45,9.45,0.3,1014.9428571428572,,0.0,0.0,0.0,11.45,11.45,12.3,1009.4499999999999,,0.0,0.0,4.0,14.31,14.31,24.6,1007.2714285714286,,0.0,0.0,3.0,0.262364264467491,2.5877640352277083,3.242592351485517,56.52,0.014075956234881747,56.52,0.0,0.0
2026-02-20,Nikolaev,Paradip/Haldia,Supramax,33000.0,56.53,Nikolaev->Paradip/Haldia,Supramax,4.0347714706871995,0.014252869105754434,0.037304983441585865,0.06108908487232572,0.05508981678523858,55.2425,1.6027693667078686,0.029725640277414974,0.023038886110076637,0.8241200069755377,20.0,0.0,2.0,-1.1240822767331884,0.01103743316272771,-0.4006943456091501,-0.007506154361515097,1.6682761495868896,0.002417679239634746,-0.1234685211177958,-0.05278038879017052,-0.019389846443349974,0.14796978832149715,0.03882977897325752,9.77,9.77,0.0,1012.907142857143,,0.0,0.0,0.0,9.56,9.56,6.699999999999999,1010.4428571428572,,0.0,0.0,3.0,16.25,16.25,12.600000000000001,1013.5285714285714,,0.0,0.0,3.0,0.0,2.0412203288596382,2.6100697927420065,62.53,0.10087497089200713,56.52,0.0,0.00999999999999801
2026-02-27,Nikolaev,Paradip/Haldia,Supramax,33000.0,56.52,Nikolaev->Paradip/Haldia,Supramax,4.034594557816327,-0.00017691287087266317,0.014075956234881747,0.04099156539575783,0.07587882439619847,55.81,1.702074364667167,0.0312680144147546,0.012641493015984577,0.816603317763319,21.0,0.0,2.0,0.7206369051333972,0.04635086813787257,-0.5070010087299677,-0.0003276361084297011,-0.71622326840899,-0.010193768189542944,-0.5652711688173779,-0.011230277813107344,0.04638651319827518,-0.0037313476128581356,0.025547894639641817,11.45,11.45,12.3,1009.4499999999999,,0.0,0.0,4.0,16.9,16.9,21.3,1010.8214285714286,,0.0,0.0,4.0,13.93,13.93,5.9,1022.0714285714286,,0.0,0.0,1.0,2.5877640352277083,3.104586678466073,1.9315214116032138,66.2,0.15808590512663573,62.53,0.0,0.0
2026-03-06,Nikolaev,Paradip/Haldia,Supramax,33000.0,62.53,Nikolaev->Paradip/Haldia,Supramax,4.1356464415792065,0.10105188376287975,0.10087497089200713,0.138179954333593,0.17826773443026328,57.8275,3.12374974989995,0.05607035831901006,0.0781820005008877,0.7649306813209904,22.0,0.0,2.0,0.7206369051333972,0.04635086813787257,-0.5070010087299677,-0.0003276361084297011,-0.71622326840899,-0.010193768189542944,-0.5652711688173779,-0.011230277813107344,-0.06267110696277568,0.0442482554643418,0.02843308737840595,9.56,9.56,6.699999999999999,1010.4428571428572,,0.0,0.0,3.0,13.55,13.55,63.800000000000004,1010.7642857142857,,0.0,0.0,7.0,12.26,12.26,0.3,1025.4142857142856,,0.0,0.0,0.0,2.0412203288596382,4.171305603358229,0.262364264467491,69.72,0.10884077907261352,66.2,0.0,0.0
2026-03-13,Nikolaev,Paradip/Haldia,Supramax,33000.0,66.2,Nikolaev->Paradip/Haldia,Supramax,4.192680462942962,0.057034021363756016,0.15808590512663573,0.17216186136151765,0.2320577876787541,60.44500000000001,4.5426015202115835,0.07910494593315774,0.0909466022890072,0.6818676855430685,23.0,0.0,2.0,0.7206369051333972,0.04635086813787257,-0.5070010087299677,-0.0003276361084297011,-0.71622326840899,-0.010193768189542944,-0.5652711688173779,-0.011230277813107344,0.008915363657952329,-0.026759076549898224,0.029507714238750066,16.9,16.9,21.3,1010.8214285714286,,0.0,0.0,4.0,11.93,11.93,16.4,1009.0142857142857,,0.0,0.0,4.0,11.99,11.99,0.0,1026.5428571428572,,0.0,0.0,0.0,3.104586678466073,2.856470206220483,0.0,69.72,0.051806757708857516,69.72,0.0,0.0
2025-10-31,Richards Bay,Paradip,Supramax,55000.0,14.31,Richards Bay->Paradip,Supramax,2.6609585935683597,-0.002094241603114737,0.019760699453990036,-0.04642471854614681,,14.415,0.43260836792646506,0.02977345959576497,-0.00731073752200584,-0.5918695310159219,4.0,1.0,2.0,0.7206369051333972,0.04635086813787257,-0.5070010087299677,-0.0003276361084297011,-0.71622326840899,-0.010193768189542944,-0.5652711688173779,-0.011230277813107344,-0.012636003357084376,0.02942147698136416,0.030360021174432483,12.9,12.9,83.39999999999999,1009.2714285714285,,0.0,0.0,6.0,8.69,8.69,0.0,1014.5142857142857,,0.0,0.0,0.0,16.63,16.63,24.6,1019.1428571428571,,0.0,0.0,5.0,4.4355674016019115,0.0,3.242592351485517,14.32,0.0006985679641400653,14.32,0.0,0.0
2025-11-07,Richards Bay,Paradip,Supramax,55000.0,14.35,Richards Bay->Paradip,Supramax,2.66374994220563,0.00279134863727055,0.0006971070341557344,-0.04296603588344337,,14.2575,0.3938527643675995,0.027162259611558583,0.00646685815707314,-0.5905352275115554,5.0,1.0,2.0,0.7206369051333972,0.04635086813787257,-0.5070010087299677,-0.0003276361084297011,-0.71622326840899,-0.010193768189542944,-0.5652711688173779,-0.011230277813107344,0.06783927315048867,0.08995382826882066,0.030997524585593173,9.4,9.4,0.30000000000000004,1009.9571428571428,,0.0,0.0,0.0,8.53,8.53,0.0,1015.2571428571429,,0.0,0.0,0.0,15.01,15.01,3.5000000000000004,1020.8571428571429,,0.0,0.0,1.0,0.26236426446749106,0.0,1.5040773967762742,14.16,-0.013328853940056394,14.16,0.0,0.1899999999999995
2025-11-14,Richards Bay,Paradip,Supramax,55000.0,14.32,Richards Bay->Paradip,Supramax,2.6616571615324998,-0.0020927806731304973,0.0006985679641400653,0.020459267418130065,,14.33,0.36591698251821814,0.025280486356371173,-0.0006980803075808872,-0.5927956701073036,6.0,1.0,2.0,0.7206369051333972,0.04635086813787257,-0.5070010087299677,-0.0003276361084297011,-0.71622326840899,-0.010193768189542944,-0.5652711688173779,-0.011230277813107344,0.009931507500916713,0.03788513484694538,0.017082731033072552,8.69,8.69,0.0,1014.5142857142857,,0.0,0.0,0.0,9.72,9.72,0.0,1015.0714285714286,,0.0,0.0,0.0,15.5,15.5,50.1,1016.6428571428571,,0.0,0.0,2.0,0.0,0.0,3.933784497209659,13.97,-0.024744988263629104,13.97,1.0,0.34999999999999964
2025-11-21,Richards Bay,Paradip,Supramax,55000.0,14.16,Richards Bay->Paradip,Supramax,2.6504210882655737,-0.011236073266925842,-0.013328853940056394,-0.012631746905900574,,14.285,0.3565309042906178,0.02469905814275149,-0.008788947417162697,-0.5991724568527452,7.0,1.0,2.0,0.7206369051333972,0.04635086813787257,-0.5070010087299677,-0.0003276361084297011,-0.71622326840899,-0.010193768189542944,-0.5652711688173779,-0.011230277813107344,0.06820825002653357,0.1333430273208545,0.015410505383491998,8.53,8.53,0.0,1015.2571428571429,,0.0,0.0,0.0,10.21,10.21,0.0,1015.8285714285714,,0.0,0.0,0.0,14.42,14.42,20.1,1016.7857142857143,,0.0,0.0,3.0,0.0,0.0,3.0492730404820207,14.02,-0.009936206659129719,13.97,0.0,0.1899999999999995
2025-11-28,Richards Bay,Paradip,Supramax,55000.0,13.97,Richards Bay->Paradip,Supramax,2.6369121732688705,-0.013508914996703255,-0.024744988263629104,-0.0240464202994891,-0.07047113884563586,14.200000000000001,0.3089035910626949,0.021590326127044895,-0.016329791338344574,-0.6041050121252218,8.0,1.0,2.0,0.7206369051333972,0.04635086813787257,-0.5070010087299677,-0.0003276361084297011,-0.71622326840899,-0.010193768189542944,-0.5652711688173779,-0.011230277813107344,0.11802720608855737,0.26400623676649637,0.016462898601555614,9.72,9.72,0.0,1015.0714285714286,,0.0,0.0,0.0,8.37,8.37,0.0,1015.4857142857143,,0.0,0.0,0.0,17.33,17.33,32.9,1014.9285714285714,,0.0,0.0,5.0,0.0,0.0,3.5234150143864045,13.63,-0.02463892756042921,13.63,1.0,0.33999999999999986
2025-12-05,Richards Bay,Paradip,Supramax,55000.0,14.02,Richards Bay->Paradip,Supramax,2.640484881606444,0.003572708337573496,-0.009936206659129719,-0.023265060599186073,-0.0662310964826295,14.1175,0.16175378114370575,0.011401147569600405,-0.006930280958410736,-0.6025463466020007,9.0,1.0,2.0,0.7206369051333972,0.04635086813787257,-0.5070010087299677,-0.0003276361084297011,-0.71622326840899,-0.010193768189542944,-0.5652711688173779,-0.011230277813107344,0.06319484537198032,0.25936180898798805,0.025828637638046704,10.21,10.21,0.0,1015.8285714285714,,0.0,0.0,0.0,6.37,6.37,0.0,1015.1142857142858,,0.0,0.0,0.0,11.61,11.61,20.2,1015.9428571428572,,0.0,0.0,5.0,0.0,0.0,3.054001181677967,13.2,-0.06026805201411893,13.2,1.0,0.8200000000000003
2025-12-12,Richards Bay,Paradip,Supramax,55000.0,13.63,Richards Bay->Paradip,Supramax,2.612273245708441,-0.028211635898002733,-0.02463892756042921,-0.049383915824058294,-0.028924648405928184,13.945,0.2533067028609504,0.017917361829244947,-0.022847775371010945,-0.5989486389512977,10.0,1.0,2.0,0.7206369051333972,0.04635086813787257,-0.5070010087299677,-0.0003276361084297011,-0.71622326840899,-0.010193768189542944,-0.5652711688173779,-0.011230277813107344,-0.21247459496464213,0.03695570652242912,0.036078065880198615,8.37,8.37,0.0,1015.4857142857143,,0.0,0.0,0.0,7.56,7.56,0.0,1014.842857142857,,0.0,0.0,0.0,15.28,15.28,19.3,1014.6714285714286,,0.0,0.0,2.0,0.0,0.0,3.0106208860477417,13.06,-0.04271912186015624,13.06,1.0,0.5700000000000003
2025-12-19,Richards Bay,Paradip,Supramax,55000.0,13.2,Richards Bay->Paradip,Supramax,2.580216829592325,-0.032056416116116204,-0.06026805201411893,-0.07020425867324857,-0.08283600557914918,13.705000000000002,0.4008205868679197,0.028640270587203982,-0.03754390016242411,-0.6043804543861211,11.0,1.0,2.0,0.7206369051333972,0.04635086813787257,-0.5070010087299677,-0.0003276361084297011,-0.71622326840899,-0.010193768189542944,-0.5652711688173779,-0.011230277813107344,-0.08614595071320094,-0.11739849421730528,0.03652203634583283,6.37,6.37,0.0,1015.1142857142858,,0.0,0.0,0.0,8.1,8.1,1.5,1015.1857142857143,,0.0,0.0,1.0,13.98,13.98,31.1,1014.1285714285714,,0.0,0.0,4.0,0.0,0.9162907318741551,3.4688560301359703,12.42,-0.06090875308699246,12.42,1.0,0.7799999999999994
2025-12-26,Richards Bay,Paradip,Supramax,55000.0,13.06,Richards Bay->Paradip,Supramax,2.569554123848285,-0.010662705744040069,-0.04271912186015624,-0.06735804942058549,-0.09140446972007459,13.4775,0.4934264310483821,0.03565541909842884,-0.031467504495401664,-0.5879125942246453,12.0,1.0,2.0,0.7206369051333972,0.04635086813787257,-0.5070010087299677,-0.0003276361084297011,-0.71622326840899,-0.010193768189542944,-0.5652711688173779,-0.011230277813107344,-0.12221291797817364,-0.24621055963474445,0.0355793086188129,7.56,7.56,0.0,1014.842857142857,,0.0,0.0,0.0,8.96,8.96,0.0,1018.5428571428572,,0.0,0.0,0.0,14.63,14.63,66.7,1013.0857142857143,,0.0,0.0,6.0,0.0,0.0,4.215086179918229,12.32,-0.05833016574291135,12.32,1.0,0.7400000000000002
2026-01-02,Richards Bay,Paradip,Supramax,55000.0,12.42,Richards Bay->Paradip,Supramax,2.519308076505333,-0.05024604734295232,-0.06090875308699246,-0.12117680510111128,-0.14444186570029735,13.0775,0.6535780639788082,0.0480660462569449,-0.05158511975729645,-0.6030667055089878,13.0,1.0,2.0,0.7206369051333972,0.04635086813787257,-0.5070010087299677,-0.0003276361084297011,-0.71622326840899,-0.010193768189542944,-0.5652711688173779,-0.011230277813107344,-0.09569654125025925,-0.2759235190137029,0.03420926286602914,8.1,8.1,1.5,1015.1857142857143,,0.0,0.0,1.0,9.34,9.34,0.0,1015.2714285714285,,0.0,0.0,0.0,13.44,13.44,10.8,1013.5571428571428,,0.0,0.0,3.0,0.9162907318741551,0.0,2.468099531471619,12.61,0.01518207347149555,12.32,0.0,0.09999999999999964
2026-01-09,Richards Bay,Paradip,Supramax,55000.0,12.32,Richards Bay->Paradip,Supramax,2.511223958105374,-0.008084118399958911,-0.05833016574291135,-0.1010492876030676,-0.15043320342712585,12.75,0.7171521058026283,0.05372932053213173,-0.0343073134990614,-0.6073196152649132,14.0,1.0,2.0,0.7206369051333972,0.04635086813787257,-0.5070010087299677,-0.0003276361084297011,-0.71622326840899,-0.010193768189542944,-0.5652711688173779,-0.011230277813107344,-0.10879064498942247,-0.511062562518432,0.018264510939543184,8.96,8.96,0.0,1018.5428571428572,,0.0,0.0,0.0,8.26,8.26,0.0,1016.0857142857143,,0.0,0.0,0.0,15.5,15.5,41.8,1013.0428571428572,,0.0,0.0,4.0,0.0,0.0,3.756538102587751,13.24,0.07201859240348843,12.61,0.0,0.0
2026-01-16,Richards Bay,Paradip,Supramax,55000.0,12.61,Richards Bay->Paradip,Supramax,2.534490149976828,0.02326619187145435,0.01518207347149555,-0.045726679615496965,-0.11593093828874551,12.6025,0.6743872880516919,0.051269583810829,0.0005949430021792773,-0.5959405712952157,15.0,1.0,2.0,0.7206369051333972,0.04635086813787257,-0.5070010087299677,-0.0003276361084297011,-0.71622326840899,-0.010193768189542944,-0.5652711688173779,-0.011230277813107344,-0.07438143279988157,-0.3811340553332952,0.016750917249105456,9.34,9.34,0.0,1015.2714285714285,,0.0,0.0,0.0,8.1,8.1,0.0,1017.342857142857,,0.0,0.0,0.0,17.22,17.22,152.7,1010.8000000000001,,0.0,0.0,7.0,0.0,0.0,5.03500265054455,13.96,0.10170594735739828,13.24,0.0,0.0
2026-01-23,Richards Bay,Paradip,Supramax,55000.0,13.24,Richards Bay->Paradip,Supramax,2.5832425505088623,0.048752400532034,0.07201859240348843,0.013688426660577107,-0.05366962276000834,12.6475,0.592591162366,0.045365830611751194,0.04578298332490806,-0.5781016597589819,16.0,1.0,2.0,0.7206369051333972,0.04635086813787257,-0.5070010087299677,-0.0003276361084297011,-0.71622326840899,-0.010193768189542944,-0.5652711688173779,-0.011230277813107344,0.11728656414010392,-0.1615820548994593,0.02789935154437591,8.26,8.26,0.0,1016.0857142857143,,0.0,0.0,0.0,7.99,7.99,0.0,1016.657142857143,,0.0,0.0,0.0,15.01,15.01,22.2,1014.2714285714285,,0.0,0.0,4.0,0.0,0.0,3.1441522786722644,14.01,0.056528809840053366,13.96,0.0,0.0
2026-01-30,Richards Bay,Paradip,Supramax,55000.0,13.96,Richards Bay->Paradip,Supramax,2.6361960973342264,0.05295354682536425,0.10170594735739828,0.1168880208288938,-0.0042887842722174815,13.0325,0.5789645930452065,0.0443481113018159,0.06874985967410249,-0.5557963150042218,17.0,1.0,2.0,0.7206369051333972,0.04635086813787257,-0.5070010087299677,-0.0003276361084297011,-0.71622326840899,-0.010193768189542944,-0.5652711688173779,-0.011230277813107344,0.1980876491326305,0.13220213548343046,0.04014145211869005,8.1,8.1,0.0,1017.342857142857,,0.0,0.0,0.0,8.37,8.37,0.3,1015.0142857142857,,0.0,0.0,0.0,12.42,12.42,2.4000000000000004,1013.6428571428571,,0.0,0.0,1.0,0.0,0.262364264467491,1.2237754316221159,14.15,0.013518526755020136,14.01,0.0,0.0
2026-02-06,Richards Bay,Paradip,Supramax,55000.0,14.01,Richards Bay->Paradip,Supramax,2.6397713603489157,0.0035752630146890477,0.056528809840053366,0.12854740224354191,0.027498114640474382,13.455,0.6447313947905539,0.049206746406453256,0.040420576170046546,-0.5539720423843195,18.0,1.0,2.0,0.7206369051333972,0.04635086813787257,-0.5070010087299677,-0.0003276361084297011,-0.71622326840899,-0.010193768189542944,-0.5652711688173779,-0.011230277813107344,-0.11065071003997562,0.13034207043287735,0.04082953992894732,7.99,7.99,0.0,1016.657142857143,,0.0,0.0,0.0,8.75,8.75,0.0,1012.9857142857143,,0.0,0.0,0.0,12.74,12.74,1.3,1013.1714285714286,,0.0,0.0,0.0,0.0,0.0,0.832909122935104,14.21,0.014174581760093813,14.15,0.0,0.0
2026-02-13,Richards Bay,Paradip,Supramax,55000.0,14.15,Richards Bay->Paradip,Supramax,2.649714624089247,0.009943263740331144,0.013518526755020136,0.11522447411241846,0.0694977944969215,13.84,0.7449532583611264,0.056345145758617855,0.02215167389972324,-0.5554252546492258,19.0,1.0,2.0,0.7206369051333972,0.04635086813787257,-0.5070010087299677,-0.0003276361084297011,-0.71622326840899,-0.010193768189542944,-0.5652711688173779,-0.011230277813107344,0.07992269567219219,0.28464619890495124,0.04100131442838908,8.37,8.37,0.3,1015.0142857142857,,0.0,0.0,0.0,11.45,11.45,6.7,1009.5,,0.0,0.0,2.0,17.6,17.6,62.50000000000001,1014.3000000000001,,0.0,0.0,3.0,0.262364264467491,2.0412203288596382,4.151039905898646,14.47,0.02236291655414593,14.21,0.0,0.0
2026-02-20,Richards Bay,Paradip,Supramax,55000.0,14.21,Richards Bay->Paradip,Supramax,2.6539459421090092,0.004231318019762624,0.014174581760093813,0.0707033916001472,0.08439181826072431,14.0825,0.8168755806643486,0.06112050734488205,0.009013050322277423,-0.5567055216026526,20.0,1.0,2.0,0.7206369051333972,0.04635086813787257,-0.5070010087299677,-0.0003276361084297011,-0.71622326840899,-0.010193768189542944,-0.5652711688173779,-0.011230277813107344,-0.019389846443349974,0.14796978832149715,0.03882977897325752,8.75,8.75,0.0,1012.9857142857143,,0.0,0.0,0.0,9.56,9.56,4.4,1010.3285714285714,,0.0,0.0,2.0,8.75,8.75,12.6,1014.7857142857143,,0.0,0.0,3.0,0.0,1.6863989535702288,2.6100697927420065,18.01,0.23698121707885544,14.47,0.0,0.0
2026-02-27,Richards Bay,Paradip,Supramax,55000.0,14.47,Richards Bay->Paradip,Supramax,2.6720775406433925,0.01813159853438311,0.02236291655414593,0.035881443309165956,0.15276946413805984,14.21,0.7994361852491529,0.05869036874362874,0.01813159853438311,-0.5459136994096152,21.0,1.0,2.0,0.7206369051333972,0.04635086813787257,-0.5070010087299677,-0.0003276361084297011,-0.71622326840899,-0.010193768189542944,-0.5652711688173779,-0.011230277813107344,0.04638651319827518,-0.0037313476128581356,0.025547894639641817,11.45,11.45,6.7,1009.5,,0.0,0.0,2.0,14.69,14.69,2.4,1010.842857142857,,0.0,0.0,1.0,13.71,13.71,12.9,1008.3142857142857,,0.0,0.0,2.0,2.0412203288596382,1.2237754316221157,2.631888840136646,23.06,0.46602197419752045,18.01,0.0,0.0
2026-03-06,Richards Bay,Paradip,Supramax,55000.0,18.01,Richards Bay->Paradip,Supramax,2.8909271591878647,0.21884961854447235,0.23698121707885544,0.2511557988389491,0.379703201082491,15.21,1.6033246708012725,0.11186636461198482,0.1689740529166632,-0.4797886010703514,22.0,1.0,2.0,0.7206369051333972,0.04635086813787257,-0.5070010087299677,-0.0003276361084297011,-0.71622326840899,-0.010193768189542944,-0.5652711688173779,-0.011230277813107344,-0.06267110696277568,0.0442482554643418,0.02843308737840595,9.56,9.56,4.4,1010.3285714285714,,0.0,0.0,2.0,12.53,12.53,21.6,1010.8285714285714,,0.0,0.0,3.0,18.9,18.9,29.3,1014.8000000000001,,0.0,0.0,4.0,1.6863989535702288,3.1179499062782403,3.4111477125153233,24.34,0.3011939283715163,23.06,0.0,0.0
2026-03-13,Richards Bay,Paradip,Supramax,55000.0,23.06,Richards Bay->Paradip,Supramax,3.138099514840913,0.24717235565304807,0.46602197419752045,0.4883848907516662,0.6036093648640848,17.4375,3.328373422988646,0.2128286098945661,0.27947645525932857,-0.37271326255898085,23.0,1.0,2.0,0.7206369051333972,0.04635086813787257,-0.5070010087299677,-0.0003276361084297011,-0.71622326840899,-0.010193768189542944,-0.5652711688173779,-0.011230277813107344,0.008915363657952329,-0.026759076549898224,0.029507714238750066,14.69,14.69,2.4,1010.842857142857,,0.0,0.0,1.0,11.93,11.93,2.0,1008.9857142857143,,0.0,0.0,1.0,9.67,9.67,6.6,1020.5,,0.0,0.0,3.0,1.2237754316221157,1.0986122886681098,2.028148247292285,24.34,0.054021572718468115,24.34,0.0,0.0
2025-10-31,Vanino,Paradip,Supramax,55000.0,19.8,Vanino->Paradip,Supramax,2.9856819377004897,0.0,0.0,-0.03425502455031869,,19.872500000000002,0.3033644672666838,0.01517125761485716,-0.003654928764641136,-0.2671461868837919,4.0,2.0,2.0,0.7206369051333972,0.04635086813787257,-0.5070010087299677,-0.0003276361084297011,-0.71622326840899,-0.010193768189542944,-0.5652711688173779,-0.011230277813107344,-0.012636003357084376,0.02942147698136416,0.030360021174432483,12.9,12.9,83.39999999999999,1009.2714285714285,,0.0,0.0,6.0,8.69,8.69,0.0,1014.5142857142857,,0.0,0.0,0.0,16.31,16.31,39.8,1012.9571428571428,,0.0,0.0,1.0,4.4355674016019115,0.0,3.708682081410116,19.8,0.0,19.8,0.0,0.0
2025-11-07,Vanino,Paradip,Supramax,55000.0,19.8,Vanino->Paradip,Supramax,2.9856819377004897,0.0,0.0,-0.014540241126353406,,19.8,0.2828898489989798,0.014170471647970266,0.0,-0.2686032320166958,5.0,2.0,2.0,0.7206369051333972,0.04635086813787257,-0.5070010087299677,-0.0003276361084297011,-0.71622326840899,-0.010193768189542944,-0.5652711688173779,-0.011230277813107344,0.06783927315048867,0.08995382826882066,0.030997524585593173,9.4,9.4,0.30000000000000004,1009.9571428571428,,0.0,0.0,0.0,8.53,8.53,0.0,1015.2571428571429,,0.0,0.0,0.0,14.69,14.69,13.9,1016.4857142857143,,0.0,0.0,2.0,0.26236426446749106,0.0,2.7013612129514133,19.8,0.0,19.8,0.0,0.0
2025-11-14,Vanino,Paradip,Supramax,55000.0,19.8,Vanino->Paradip,Supramax,2.9856819377004897,0.0,0.0,0.0,,19.8,0.26551836094703307,0.013315865644284506,0.0,-0.26877089393931364,6.0,2.0,2.0,0.7206369051333972,0.04635086813787257,-0.5070010087299677,-0.0003276361084297011,-0.71622326840899,-0.010193768189542944,-0.5652711688173779,-0.011230277813107344,0.009931507500916713,0.03788513484694538,0.017082731033072552,8.69,8.69,0.0,1014.5142857142857,,0.0,0.0,0.0,9.72,9.72,0.0,1015.0714285714286,,0.0,0.0,0.0,16.52,16.52,10.7,1011.5857142857142,,0.0,0.0,1.0,0.0,0.0,2.4595888418037104,19.8,0.0,19.8,0.0,0.0
2025-11-21,Vanino,Paradip,Supramax,55000.0,19.8,Vanino->Paradip,Supramax,2.9856819377004897,0.0,0.0,0.0,,19.8,0.25075599978578866,0.012586572959507525,0.0,-0.26391160741782915,7.0,2.0,2.0,0.7206369051333972,0.04635086813787257,-0.5070010087299677,-0.0003276361084297011,-0.71622326840899,-0.010193768189542944,-0.5652711688173779,-0.011230277813107344,0.06820825002653357,0.1333430273208545,0.015410505383491998,8.53,8.53,0.0,1015.2571428571429,,0.0,0.0,0.0,10.21,10.21,0.0,1015.8285714285714,,0.0,0.0,0.0,19.65,19.65,3.1999999999999997,1007.7142857142857,,0.0,0.0,1.0,0.0,0.0,1.4350845252893225,19.8,0.0,19.8,0.0,0.0
2025-11-28,Vanino,Paradip,Supramax,55000.0,19.8,Vanino->Paradip,Supramax,2.9856819377004897,0.0,0.0,0.0,-0.03425502455031869,19.8,0.10253048327204606,0.005168844074461961,0.0,-0.2553352476936026,8.0,2.0,2.0,0.7206369051333972,0.04635086813787257,-0.5070010087299677,-0.0003276361084297011,-0.71622326840899,-0.010193768189542944,-0.5652711688173779,-0.011230277813107344,0.11802720608855737,0.26400623676649637,0.016462898601555614,9.72,9.72,0.0,1015.0714285714286,,0.0,0.0,0.0,8.37,8.37,0.0,1015.4857142857143,,0.0,0.0,0.0,20.95,20.95,14.799999999999999,1013.8142857142857,,0.0,0.0,2.0,0.0,0.0,2.760009940032921,19.03,-0.0396652563924314,19.03,1.0,0.7699999999999996
2025-12-05,Vanino,Paradip,Supramax,55000.0,19.8,Vanino->Paradip,Supramax,2.9856819377004897,0.0,0.0,0.0,-0.014540241126353406,19.8,0.0,0.0,0.0,-0.2573492905079551,9.0,2.0,2.0,0.7206369051333972,0.04635086813787257,-0.5070010087299677,-0.0003276361084297011,-0.71622326840899,-0.010193768189542944,-0.5652711688173779,-0.011230277813107344,0.06319484537198032,0.25936180898798805,0.025828637638046704,10.21,10.21,0.0,1015.8285714285714,,0.0,0.0,0.0,6.37,6.37,0.0,1015.1142857142858,,0.0,0.0,0.0,19.98,19.98,0.8,1005.2285714285715,,0.0,0.0,0.0,0.0,0.0,0.5877866649021191,18.74,-0.055021660890213556,18.74,1.0,1.0600000000000023
2025-12-12,Vanino,Paradip,Supramax,55000.0,19.03,Vanino->Paradip,Supramax,2.946016681308058,-0.0396652563924314,-0.0396652563924314,-0.0396652563924314,-0.0396652563924314,19.6075,0.27223611075682036,0.013816461879430076,-0.0298954647966264,-0.26520520335168074,10.0,2.0,2.0,0.7206369051333972,0.04635086813787257,-0.5070010087299677,-0.0003276361084297011,-0.71622326840899,-0.010193768189542944,-0.5652711688173779,-0.011230277813107344,-0.21247459496464213,0.03695570652242912,0.036078065880198615,8.37,8.37,0.0,1015.4857142857143,,0.0,0.0,0.0,7.56,7.56,0.0,1014.842857142857,,0.0,0.0,0.0,14.15,14.15,0.0,1015.4142857142857,,0.0,0.0,0.0,0.0,0.0,0.0,18.17,-0.04624479889997822,18.17,1.0,0.8599999999999994
2025-12-19,Vanino,Paradip,Supramax,55000.0,18.74,Vanino->Paradip,Supramax,2.930660276810276,-0.015356404497782144,-0.055021660890213556,-0.055021660890213556,-0.055021660890213556,19.3425,0.4305955178586973,0.022001431582484375,-0.031644470631196464,-0.25393700716817014,11.0,2.0,2.0,0.7206369051333972,0.04635086813787257,-0.5070010087299677,-0.0003276361084297011,-0.71622326840899,-0.010193768189542944,-0.5652711688173779,-0.011230277813107344,-0.08614595071320094,-0.11739849421730528,0.03652203634583283,6.37,6.37,0.0,1015.1142857142858,,0.0,0.0,0.0,8.1,8.1,1.5,1015.1857142857143,,0.0,0.0,1.0,23.87,23.87,3.5,1013.0142857142857,,1.0,0.0,1.0,0.0,0.9162907318741551,1.5040773967762742,17.6,-0.06276137476616984,17.6,1.0,1.139999999999997
2025-12-26,Vanino,Paradip,Supramax,55000.0,18.17,Vanino->Paradip,Supramax,2.89977188240808,-0.030888394402196165,-0.04624479889997822,-0.08591005529240965,-0.08591005529240965,18.935000000000002,0.6410872461240011,0.033101187356344444,-0.04124017894567834,-0.2576948356648505,12.0,2.0,2.0,0.7206369051333972,0.04635086813787257,-0.5070010087299677,-0.0003276361084297011,-0.71622326840899,-0.010193768189542944,-0.5652711688173779,-0.011230277813107344,-0.12221291797817364,-0.24621055963474445,0.0355793086188129,7.56,7.56,0.0,1014.842857142857,,0.0,0.0,0.0,8.96,8.96,0.0,1018.5428571428572,,0.0,0.0,0.0,15.82,15.82,2.4,1013.7428571428571,,0.0,0.0,1.0,0.0,0.0,1.2237754316221157,17.6,-0.03187298036397369,17.6,1.0,0.5700000000000003
2026-01-02,Vanino,Paradip,Supramax,55000.0,17.6,Vanino->Paradip,Supramax,2.8678989020441064,-0.03187298036397369,-0.06276137476616984,-0.11778303565638339,-0.11778303565638339,18.385,0.8626330125179021,0.045181773603137465,-0.04363621270912924,-0.25447587997021426,13.0,2.0,2.0,0.7206369051333972,0.04635086813787257,-0.5070010087299677,-0.0003276361084297011,-0.71622326840899,-0.010193768189542944,-0.5652711688173779,-0.011230277813107344,-0.09569654125025925,-0.2759235190137029,0.03420926286602914,8.1,8.1,1.5,1015.1857142857143,,0.0,0.0,1.0,9.34,9.34,0.0,1015.2714285714285,,0.0,0.0,0.0,19.71,19.71,15.2,1008.1999999999999,,0.0,0.0,2.0,0.9162907318741551,0.0,2.785011242238338,17.66,0.003403293131707865,17.6,0.0,0.0
2026-01-09,Vanino,Paradip,Supramax,55000.0,17.6,Vanino->Paradip,Supramax,2.8678989020441064,0.0,-0.03187298036397369,-0.07811777926395204,-0.11778303565638339,18.0275,0.9510107405131776,0.05053863374588429,-0.02399946776467132,-0.25064467132618073,14.0,2.0,2.0,0.7206369051333972,0.04635086813787257,-0.5070010087299677,-0.0003276361084297011,-0.71622326840899,-0.010193768189542944,-0.5652711688173779,-0.011230277813107344,-0.10879064498942247,-0.511062562518432,0.018264510939543184,8.96,8.96,0.0,1018.5428571428572,,0.0,0.0,0.0,8.26,8.26,0.0,1016.0857142857143,,0.0,0.0,0.0,19.92,19.92,3.3,1009.0714285714286,,0.0,0.0,1.0,0.0,0.0,1.4586150226995167,18.02,0.023583350136085597,17.66,0.0,0.0
2026-01-16,Vanino,Paradip,Supramax,55000.0,17.66,Vanino->Paradip,Supramax,2.8713021951758138,0.003403293131707865,0.003403293131707865,-0.059358081634462115,-0.11437974252467563,17.7575,0.9360250301903509,0.05045957036066581,-0.005505766714014031,-0.25912852609623016,15.0,2.0,2.0,0.7206369051333972,0.04635086813787257,-0.5070010087299677,-0.0003276361084297011,-0.71622326840899,-0.010193768189542944,-0.5652711688173779,-0.011230277813107344,-0.07438143279988157,-0.3811340553332952,0.016750917249105456,9.34,9.34,0.0,1015.2714285714285,,0.0,0.0,0.0,8.1,8.1,0.0,1017.342857142857,,0.0,0.0,0.0,25.54,25.54,3.3000000000000003,1005.9142857142857,,3.0,0.0,1.0,0.0,0.0,1.458615022699517,18.02,0.020180057004377822,18.02,0.0,0.0
2026-01-23,Vanino,Paradip,Supramax,55000.0,18.02,Vanino->Paradip,Supramax,2.8914822521801917,0.020180057004377822,0.023583350136085597,-0.008289630227888058,-0.09419968552029773,17.720000000000002,0.7977960713293579,0.04352999979971943,0.016788307003256828,-0.26986195808765245,16.0,2.0,2.0,0.7206369051333972,0.04635086813787257,-0.5070010087299677,-0.0003276361084297011,-0.71622326840899,-0.010193768189542944,-0.5652711688173779,-0.011230277813107344,0.11728656414010392,-0.1615820548994593,0.02789935154437591,8.26,8.26,0.0,1016.0857142857143,,0.0,0.0,0.0,7.99,7.99,0.0,1016.657142857143,,0.0,0.0,0.0,18.09,18.09,1.2,1012.6714285714286,,0.0,0.0,0.0,0.0,0.0,0.7884573603642702,17.95,-0.003892137245904021,17.95,0.0,0.07000000000000028
2026-01-30,Vanino,Paradip,Supramax,55000.0,18.02,Vanino->Paradip,Supramax,2.8914822521801917,0.0,0.020180057004377822,0.023583350136085597,-0.09419968552029773,17.825,0.5325947266516309,0.029416996777223467,0.010880285879832216,-0.3005101601582565,17.0,2.0,2.0,0.7206369051333972,0.04635086813787257,-0.5070010087299677,-0.0003276361084297011,-0.71622326840899,-0.010193768189542944,-0.5652711688173779,-0.011230277813107344,0.1980876491326305,0.13220213548343046,0.04014145211869005,8.1,8.1,0.0,1017.342857142857,,0.0,0.0,0.0,8.37,8.37,0.3,1015.0142857142857,,0.0,0.0,0.0,14.15,14.15,2.3000000000000003,1015.342857142857,,0.0,0.0,1.0,0.0,0.262364264467491,1.1939224684724346,17.95,-0.003892137245904021,17.95,0.0,0.07000000000000028
2026-02-06,Vanino,Paradip,Supramax,55000.0,17.95,Vanino->Paradip,Supramax,2.8875901149342877,-0.003892137245904021,-0.003892137245904021,0.01969121289018168,-0.05842656637377038,17.9125,0.37951096351561625,0.021119140985843977,0.002091321779997527,-0.30615328779894746,18.0,2.0,2.0,0.7206369051333972,0.04635086813787257,-0.5070010087299677,-0.0003276361084297011,-0.71622326840899,-0.010193768189542944,-0.5652711688173779,-0.011230277813107344,-0.11065071003997562,0.13034207043287735,0.04082953992894732,7.99,7.99,0.0,1016.657142857143,,0.0,0.0,0.0,8.75,8.75,0.0,1012.9857142857143,,0.0,0.0,0.0,15.06,15.06,4.8999999999999995,1010.6142857142858,,0.0,0.0,1.0,0.0,0.0,1.7749523509116736,17.95,0.0,17.95,0.0,0.0
2026-02-13,Vanino,Paradip,Supramax,55000.0,17.95,Vanino->Paradip,Supramax,2.8875901149342877,0.0,-0.003892137245904021,0.01628791975847383,-0.04307016187598822,17.985,0.21963850169892812,0.012290046958043121,-0.0019479622132994312,-0.31754976380418487,19.0,2.0,2.0,0.7206369051333972,0.04635086813787257,-0.5070010087299677,-0.0003276361084297011,-0.71622326840899,-0.010193768189542944,-0.5652711688173779,-0.011230277813107344,0.07992269567219219,0.28464619890495124,0.04100131442838908,8.37,8.37,0.3,1015.0142857142857,,0.0,0.0,0.0,11.45,11.45,6.7,1009.5,,0.0,0.0,2.0,10.21,10.21,1.6,1011.5571428571428,,0.0,0.0,0.0,0.262364264467491,2.0412203288596382,0.9555114450274363,18.02,0.0038921372459039616,17.95,0.0,0.0
2026-02-20,Vanino,Paradip,Supramax,55000.0,17.95,Vanino->Paradip,Supramax,2.8875901149342877,0.0,0.0,-0.003892137245904021,-0.012181767473792052,17.9675,0.18844760545036898,0.010560986645204566,-0.0009744554261728947,-0.32306134877737414,20.0,2.0,2.0,0.7206369051333972,0.04635086813787257,-0.5070010087299677,-0.0003276361084297011,-0.71622326840899,-0.010193768189542944,-0.5652711688173779,-0.011230277813107344,-0.019389846443349974,0.14796978832149715,0.03882977897325752,8.75,8.75,0.0,1012.9857142857143,,0.0,0.0,0.0,9.56,9.56,4.4,1010.3285714285714,,0.0,0.0,2.0,16.31,16.31,6.4,1011.5857142857143,,0.0,0.0,1.0,0.0,1.6863989535702288,2.0014800002101243,20.13,0.11462112471741215,18.02,0.0,0.0
2026-02-27,Vanino,Paradip,Supramax,55000.0,18.02,Vanino->Paradip,Supramax,2.8914822521801917,0.0038921372459039616,0.0038921372459039616,0.0,0.023583350136085597,17.9675,0.16826318670457593,0.009402147751879636,0.0029176818197312092,-0.326508987872816,21.0,2.0,2.0,0.7206369051333972,0.04635086813787257,-0.5070010087299677,-0.0003276361084297011,-0.71622326840899,-0.010193768189542944,-0.5652711688173779,-0.011230277813107344,0.04638651319827518,-0.0037313476128581356,0.025547894639641817,11.45,11.45,6.7,1009.5,,0.0,0.0,2.0,14.69,14.69,2.4,1010.842857142857,,0.0,0.0,1.0,21.81,21.81,18.7,1021.4,,1.0,0.0,3.0,2.0412203288596382,1.2237754316221157,2.9806186357439426,21.21,0.16299051639639925,20.13,0.0,0.0
2026-03-06,Vanino,Paradip,Supramax,55000.0,20.13,Vanino->Paradip,Supramax,3.0022112396517002,0.11072898747150828,0.11462112471741215,0.11462112471741215,0.13431233760759387,18.5125,0.7837592560401162,0.043034138972689984,0.08376506005778298,-0.36850452060651584,22.0,2.0,2.0,0.7206369051333972,0.04635086813787257,-0.5070010087299677,-0.0003276361084297011,-0.71622326840899,-0.010193768189542944,-0.5652711688173779,-0.011230277813107344,-0.06267110696277568,0.0442482554643418,0.02843308737840595,9.56,9.56,4.4,1010.3285714285714,,0.0,0.0,2.0,12.53,12.53,21.6,1010.8285714285714,,0.0,0.0,3.0,16.41,16.41,9.6,1025.857142857143,,0.0,0.0,2.0,1.6863989535702288,3.1179499062782403,2.3608540011180215,38.6,0.6510410368190852,21.21,0.0,0.0
2026-03-13,Vanino,Paradip,Supramax,55000.0,21.21,Vanino->Paradip,Supramax,3.0544727685765913,0.05226152892489104,0.16299051639639925,0.16688265364230326,0.1831705734007771,19.3275,1.2764004913371463,0.06841677675508992,0.09294381636409826,-0.4563400088233025,23.0,2.0,2.0,0.7206369051333972,0.04635086813787257,-0.5070010087299677,-0.0003276361084297011,-0.71622326840899,-0.010193768189542944,-0.5652711688173779,-0.011230277813107344,0.008915363657952329,-0.026759076549898224,0.029507714238750066,14.69,14.69,2.4,1010.842857142857,,0.0,0.0,1.0,11.93,11.93,2.0,1008.9857142857143,,0.0,0.0,1.0,11.39,11.39,6.1,1025.7285714285715,,0.0,0.0,2.0,1.2237754316221157,1.0986122886681098,1.9600947840472698,38.6,0.5987795078941941,38.6,0.0,0.0
2025-10-31,Xingang,Paradip,HandyMax,22000.0,25.71,Xingang->Paradip,Handymax,3.246880021277798,0.00038902937662399706,0.011343755516490181,-0.03740894213863462,,25.880000000000003,0.6028847319347213,0.02315047738018283,-0.006590448354901814,0.0,4.0,3.0,0.0,0.7206369051333972,0.04635086813787257,-0.5070010087299677,-0.0003276361084297011,-0.71622326840899,-0.010193768189542944,-0.5652711688173779,-0.011230277813107344,-0.012636003357084376,0.02942147698136416,0.030360021174432483,12.9,12.9,83.39999999999999,1009.2714285714285,,0.0,0.0,6.0,8.69,8.69,0.0,1014.5142857142857,,0.0,0.0,0.0,17.17,17.17,4.4,1023.1714285714286,,0.0,0.0,1.0,4.4355674016019115,0.0,1.6863989535702288,25.78,0.0027189762332431367,25.78,0.0,0.0
2025-11-07,Xingang,Paradip,HandyMax,22000.0,25.79,Xingang->Paradip,Handymax,3.2499868198932536,0.0031067986154553326,0.003495827992079283,-0.03430214352317939,,25.655,0.5489626581107322,0.021113948388874315,0.005248335499325146,0.0,5.0,3.0,0.0,0.7206369051333972,0.04635086813787257,-0.5070010087299677,-0.0003276361084297011,-0.71622326840899,-0.010193768189542944,-0.5652711688173779,-0.011230277813107344,0.06783927315048867,0.08995382826882066,0.030997524585593173,9.4,9.4,0.30000000000000004,1009.9571428571428,,0.0,0.0,0.0,8.53,8.53,0.0,1015.2571428571429,,0.0,0.0,0.0,13.39,13.39,2.3000000000000003,1024.357142857143,,0.0,0.0,1.0,0.26236426446749106,0.0,1.1939224684724346,25.57,-0.008567030590158082,25.57,0.0,0.21999999999999886
2025-11-14,Xingang,Paradip,HandyMax,22000.0,25.78,Xingang->Paradip,Handymax,3.2495989975110415,-0.0003878223822120318,0.0027189762332431367,0.014062731749733336,,25.744999999999997,0.5079838767595085,0.01956148716754626,0.0013585640129367446,0.0,6.0,3.0,0.0,0.7206369051333972,0.04635086813787257,-0.5070010087299677,-0.0003276361084297011,-0.71622326840899,-0.010193768189542944,-0.5652711688173779,-0.011230277813107344,0.009931507500916713,0.03788513484694538,0.017082731033072552,8.69,8.69,0.0,1014.5142857142857,,0.0,0.0,0.0,9.72,9.72,0.0,1015.0714285714286,,0.0,0.0,0.0,11.29,11.29,0.0,1023.4285714285714,,0.0,0.0,0.0,0.0,0.0,0.0,25.3,-0.018794601777566776,25.3,0.0,0.4800000000000004
2025-11-21,Xingang,Paradip,HandyMax,22000.0,25.57,Xingang->Paradip,Handymax,3.2414197893030954,-0.00817920820794611,-0.008567030590158082,-0.005071202598078845,,25.712500000000002,0.49095933785658064,0.01894224597469325,-0.005557465675980412,0.0,7.0,3.0,0.0,0.7206369051333972,0.04635086813787257,-0.5070010087299677,-0.0003276361084297011,-0.71622326840899,-0.010193768189542944,-0.5652711688173779,-0.011230277813107344,0.06820825002653357,0.1333430273208545,0.015410505383491998,8.53,8.53,0.0,1015.2571428571429,,0.0,0.0,0.0,10.21,10.21,0.0,1015.8285714285714,,0.0,0.0,0.0,11.83,11.83,0.0,1024.4714285714285,,0.0,0.0,0.0,0.0,0.0,0.0,25.35,-0.008641059265903028,25.3,0.0,0.2699999999999996
2025-11-28,Xingang,Paradip,HandyMax,22000.0,25.3,Xingang->Paradip,Handymax,3.2308043957334744,-0.010615393569620692,-0.018794601777566776,-0.01607562554432352,-0.05348456768295823,25.61,0.4198298975265395,0.016307240144748086,-0.012178504477959266,0.0,8.0,3.0,0.0,0.7206369051333972,0.04635086813787257,-0.5070010087299677,-0.0003276361084297011,-0.71622326840899,-0.010193768189542944,-0.5652711688173779,-0.011230277813107344,0.11802720608855737,0.26400623676649637,0.016462898601555614,9.72,9.72,0.0,1015.0714285714286,,0.0,0.0,0.0,8.37,8.37,0.0,1015.4857142857143,,0.0,0.0,0.0,12.85,12.85,1.7,1018.3285714285714,,0.0,0.0,1.0,0.0,0.0,0.9932517730102833,24.26,-0.041975492217570465,24.26,1.0,1.0399999999999991
2025-12-05,Xingang,Paradip,HandyMax,22000.0,25.35,Xingang->Paradip,Handymax,3.232778730037192,0.001974334303717608,-0.008641059265903028,-0.017208089856061197,-0.05151023337924057,25.5,0.19724893626366213,0.0077118145347927726,-0.005899722127188271,0.0,9.0,3.0,0.0,0.7206369051333972,0.04635086813787257,-0.5070010087299677,-0.0003276361084297011,-0.71622326840899,-0.010193768189542944,-0.5652711688173779,-0.011230277813107344,0.06319484537198032,0.25936180898798805,0.025828637638046704,10.21,10.21,0.0,1015.8285714285714,,0.0,0.0,0.0,6.37,6.37,0.0,1015.1142857142858,,0.0,0.0,0.0,12.96,12.96,0.0,1024.9428571428573,,0.0,0.0,0.0,0.0,0.0,0.0,23.59,-0.07195583661760856,23.59,1.0,1.7600000000000016
2025-12-12,Xingang,Paradip,HandyMax,22000.0,24.26,Xingang->Paradip,Handymax,3.1888289035159043,-0.04394982652128807,-0.041975492217570465,-0.06077009399513723,-0.046707362245403936,25.12,0.5092220958060916,0.02002249467437694,-0.03483543808409382,0.0,10.0,3.0,0.0,0.7206369051333972,0.04635086813787257,-0.5070010087299677,-0.0003276361084297011,-0.71622326840899,-0.010193768189542944,-0.5652711688173779,-0.011230277813107344,-0.21247459496464213,0.03695570652242912,0.036078065880198615,8.37,8.37,0.0,1015.4857142857143,,0.0,0.0,0.0,7.56,7.56,0.0,1014.842857142857,,0.0,0.0,0.0,13.82,13.82,1.3,1028.142857142857,,0.0,0.0,1.0,0.0,0.0,0.832909122935104,22.77,-0.06338502344025593,22.77,1.0,1.490000000000002
2025-12-19,Xingang,Paradip,HandyMax,22000.0,23.59,Xingang->Paradip,Handymax,3.1608228934195837,-0.028006010096320495,-0.07195583661760856,-0.08059689588351156,-0.08566809848159038,24.625,0.8090459549017391,0.03214486038844754,-0.04293929363856887,0.0,11.0,3.0,0.0,0.7206369051333972,0.04635086813787257,-0.5070010087299677,-0.0003276361084297011,-0.71622326840899,-0.010193768189542944,-0.5652711688173779,-0.011230277813107344,-0.08614595071320094,-0.11739849421730528,0.03652203634583283,6.37,6.37,0.0,1015.1142857142858,,0.0,0.0,0.0,8.1,8.1,1.5,1015.1857142857143,,0.0,0.0,1.0,12.42,12.42,0.0,1024.8714285714284,,0.0,0.0,0.0,0.0,0.9162907318741551,0.0,21.74,-0.08166901172652033,21.74,1.0,1.8500000000000014
2025-12-26,Xingang,Paradip,HandyMax,22000.0,22.77,Xingang->Paradip,Handymax,3.125443880075648,-0.03537901334393539,-0.06338502344025593,-0.1053605156578264,-0.12143614120214996,23.9925,1.1315278861534401,0.045623824853724716,-0.05229740143399745,0.0,12.0,3.0,0.0,0.7206369051333972,0.04635086813787257,-0.5070010087299677,-0.0003276361084297011,-0.71622326840899,-0.010193768189542944,-0.5652711688173779,-0.011230277813107344,-0.12221291797817364,-0.24621055963474445,0.0355793086188129,7.56,7.56,0.0,1014.842857142857,,0.0,0.0,0.0,8.96,8.96,0.0,1018.5428571428572,,0.0,0.0,0.0,11.5,11.5,1.7000000000000002,1024.6857142857143,,0.0,0.0,1.0,0.0,0.0,0.9932517730102834,21.62,-0.05182506786458602,21.62,1.0,1.1499999999999986
2026-01-02,Xingang,Paradip,HandyMax,22000.0,21.74,Xingang->Paradip,Handymax,3.0791538816930633,-0.04628999838258493,-0.08166901172652033,-0.15362484834412887,-0.17083293820019013,23.090000000000003,1.4786963370289659,0.06086422461531038,-0.06024574167334078,0.0,13.0,3.0,0.0,0.7206369051333972,0.04635086813787257,-0.5070010087299677,-0.0003276361084297011,-0.71622326840899,-0.010193768189542944,-0.5652711688173779,-0.011230277813107344,-0.09569654125025925,-0.2759235190137029,0.03420926286602914,8.1,8.1,1.5,1015.1857142857143,,0.0,0.0,1.0,9.34,9.34,0.0,1015.2714285714285,,0.0,0.0,0.0,9.23,9.23,0.0,1030.3714285714286,,0.0,0.0,0.0,0.9162907318741551,0.0,0.0,22.0,0.011888571665252505,21.62,0.0,0.11999999999999744
2026-01-09,Xingang,Paradip,HandyMax,22000.0,21.62,Xingang->Paradip,Handymax,3.073618812211062,-0.005535069482001028,-0.05182506786458602,-0.1152100913048418,-0.1759801852999791,22.43,1.6077046637098225,0.06762164726434584,-0.0367805363210547,0.0,14.0,3.0,0.0,0.7206369051333972,0.04635086813787257,-0.5070010087299677,-0.0003276361084297011,-0.71622326840899,-0.010193768189542944,-0.5652711688173779,-0.011230277813107344,-0.10879064498942247,-0.511062562518432,0.018264510939543184,8.96,8.96,0.0,1018.5428571428572,,0.0,0.0,0.0,8.26,8.26,0.0,1016.0857142857143,,0.0,0.0,0.0,13.88,13.88,0.0,1022.6714285714286,,0.0,0.0,0.0,0.0,0.0,0.0,23.58,0.08678008289816247,22.0,0.0,0.0
2026-01-16,Xingang,Paradip,HandyMax,22000.0,22.0,Xingang->Paradip,Handymax,3.091042453358316,0.017423641147253692,0.011888571665252505,-0.06978044006126781,-0.15037733594477937,22.0325,1.5319682717714225,0.06566868228136623,-0.0014761826333626006,0.0,15.0,3.0,0.0,0.7206369051333972,0.04635086813787257,-0.5070010087299677,-0.0003276361084297011,-0.71622326840899,-0.010193768189542944,-0.5652711688173779,-0.011230277813107344,-0.07438143279988157,-0.3811340553332952,0.016750917249105456,9.34,9.34,0.0,1015.2714285714285,,0.0,0.0,0.0,8.1,8.1,0.0,1017.342857142857,,0.0,0.0,0.0,14.85,14.85,0.3,1023.1428571428571,,0.0,0.0,0.0,0.0,0.0,0.262364264467491,24.66,0.11414004437788233,23.58,0.0,0.0
2026-01-23,Xingang,Paradip,HandyMax,22000.0,23.58,Xingang->Paradip,Handymax,3.160398895109225,0.06935644175090898,0.08678008289816247,0.034955015033576634,-0.07040550062424973,22.235,1.3221188351603461,0.05720053367196349,0.05873127114656507,0.0,16.0,3.0,0.0,0.7206369051333972,0.04635086813787257,-0.5070010087299677,-0.0003276361084297011,-0.71622326840899,-0.010193768189542944,-0.5652711688173779,-0.011230277813107344,0.11728656414010392,-0.1615820548994593,0.02789935154437591,8.26,8.26,0.0,1016.0857142857143,,0.0,0.0,0.0,7.99,7.99,0.0,1016.657142857143,,0.0,0.0,0.0,8.26,8.26,0.0,1033.2,,0.0,0.0,0.0,0.0,0.0,0.0,24.69,0.045999408247863326,24.66,0.0,0.0
2026-01-30,Xingang,Paradip,HandyMax,22000.0,24.66,Xingang->Paradip,Handymax,3.2051824977361982,0.044783602626973444,0.11414004437788233,0.12602861604313487,-0.027596232300993936,22.964999999999996,1.1690380661039383,0.05076704228005378,0.07121117995844164,0.0,17.0,3.0,0.0,0.7206369051333972,0.04635086813787257,-0.5070010087299677,-0.0003276361084297011,-0.71622326840899,-0.010193768189542944,-0.5652711688173779,-0.011230277813107344,0.1980876491326305,0.13220213548343046,0.04014145211869005,8.1,8.1,0.0,1017.342857142857,,0.0,0.0,0.0,8.37,8.37,0.3,1015.0142857142857,,0.0,0.0,0.0,10.15,10.15,0.0,1032.1142857142856,,0.0,0.0,0.0,0.0,0.262364264467491,0.0,24.83,0.0068701017838768644,24.69,0.0,0.0
2026-02-06,Xingang,Paradip,HandyMax,22000.0,24.69,Xingang->Paradip,Handymax,3.206398303357088,0.0012158056208899498,0.045999408247863326,0.13277949114602602,0.017569399841183976,23.7325,1.241444291368511,0.05378583444867636,0.03955288658327165,0.0,18.0,3.0,0.0,0.7206369051333972,0.04635086813787257,-0.5070010087299677,-0.0003276361084297011,-0.71622326840899,-0.010193768189542944,-0.5652711688173779,-0.011230277813107344,-0.11065071003997562,0.13034207043287735,0.04082953992894732,7.99,7.99,0.0,1016.657142857143,,0.0,0.0,0.0,8.75,8.75,0.0,1012.9857142857143,,0.0,0.0,0.0,13.98,13.98,0.0,1028.1571428571428,,0.0,0.0,0.0,0.0,0.0,0.0,24.83,0.005654296162987024,24.83,0.0,0.0
2026-02-13,Xingang,Paradip,HandyMax,22000.0,24.83,Xingang->Paradip,Handymax,3.2120525995200753,0.005654296162987024,0.0068701017838768644,0.12101014616175941,0.051229706100491615,24.44,1.383338998840964,0.05953365964133472,0.015831465216680444,0.0,19.0,3.0,0.0,0.7206369051333972,0.04635086813787257,-0.5070010087299677,-0.0003276361084297011,-0.71622326840899,-0.010193768189542944,-0.5652711688173779,-0.011230277813107344,0.07992269567219219,0.28464619890495124,0.04100131442838908,8.37,8.37,0.3,1015.0142857142857,,0.0,0.0,0.0,11.45,11.45,6.7,1009.5,,0.0,0.0,2.0,11.83,11.83,0.0,1020.2428571428571,,0.0,0.0,0.0,0.262364264467491,2.0412203288596382,0.0,25.09,0.0104167608582558,24.83,0.0,0.0
2026-02-20,Xingang,Paradip,HandyMax,22000.0,24.83,Xingang->Paradip,Handymax,3.2120525995200753,0.0,0.005654296162987024,0.051653704410850425,0.0866087194444269,24.7525,1.4729750022124917,0.06269646191912708,0.0031261055055424214,0.0,20.0,3.0,0.0,0.7206369051333972,0.04635086813787257,-0.5070010087299677,-0.0003276361084297011,-0.71622326840899,-0.010193768189542944,-0.5652711688173779,-0.011230277813107344,-0.019389846443349974,0.14796978832149715,0.03882977897325752,8.75,8.75,0.0,1012.9857142857143,,0.0,0.0,0.0,9.56,9.56,4.4,1010.3285714285714,,0.0,0.0,2.0,14.2,14.2,0.0,1016.2714285714286,,0.0,0.0,0.0,0.0,1.6863989535702288,0.0,29.72,0.17976762032948324,25.09,0.0,0.0
2026-02-27,Xingang,Paradip,HandyMax,22000.0,25.09,Xingang->Paradip,Handymax,3.222469360378331,0.0104167608582558,0.0104167608582558,0.01728686264213257,0.14331547868526764,24.86,1.3761826083149726,0.05755076250141026,0.00920927429576599,0.0,21.0,3.0,0.0,0.7206369051333972,0.04635086813787257,-0.5070010087299677,-0.0003276361084297011,-0.71622326840899,-0.010193768189542944,-0.5652711688173779,-0.011230277813107344,0.04638651319827518,-0.0037313476128581356,0.025547894639641817,11.45,11.45,6.7,1009.5,,0.0,0.0,2.0,14.69,14.69,2.4,1010.842857142857,,0.0,0.0,1.0,15.44,15.44,4.6000000000000005,1024.4,,0.0,0.0,2.0,2.0412203288596382,1.2237754316221157,1.7227665977411037,36.31,0.3696238250479135,29.72,0.0,0.0
2026-03-06,Xingang,Paradip,HandyMax,22000.0,29.72,Xingang->Paradip,Handymax,3.391820219849558,0.16935085947122747,0.17976762032948324,0.1854219164924701,0.3182014076384961,26.1175,2.188522006155889,0.0878042931256124,0.1292146321200323,0.0,22.0,3.0,0.0,0.7206369051333972,0.04635086813787257,-0.5070010087299677,-0.0003276361084297011,-0.71622326840899,-0.010193768189542944,-0.5652711688173779,-0.011230277813107344,-0.06267110696277568,0.0442482554643418,0.02843308737840595,9.56,9.56,4.4,1010.3285714285714,,0.0,0.0,2.0,12.53,12.53,21.6,1010.8285714285714,,0.0,0.0,3.0,11.34,11.34,4.199999999999999,1029.3285714285714,,0.0,0.0,1.0,1.6863989535702288,3.1179499062782403,1.6486586255873816,37.16,0.22341269409607933,36.31,0.0,0.0
2026-03-13,Xingang,Paradip,HandyMax,22000.0,36.31,Xingang->Paradip,Handymax,3.5920931854262443,0.20027296557668606,0.3696238250479135,0.38004058590616935,0.5010507320679287,28.987499999999997,4.2927345180964975,0.16069381940373395,0.22522848284459449,0.0,23.0,3.0,0.0,0.7206369051333972,0.04635086813787257,-0.5070010087299677,-0.0003276361084297011,-0.71622326840899,-0.010193768189542944,-0.5652711688173779,-0.011230277813107344,0.008915363657952329,-0.026759076549898224,0.029507714238750066,14.69,14.69,2.4,1010.842857142857,,0.0,0.0,1.0,11.93,11.93,2.0,1008.9857142857143,,0.0,0.0,1.0,11.34,11.34,2.4,1028.8999999999999,,0.0,0.0,1.0,1.2237754316221157,1.0986122886681098,1.2237754316221157,37.16,0.02313972851939313,37.16,0.0,0.0
2025-10-31,Xingang,Paradip,Panamax,44000.0,15.61,Xingang->Paradip,Panamax,2.7479117345273405,0.0,0.010950189930710622,-0.0370995077109977,,15.715,0.36092935596872655,0.02282629369900876,-0.006703935722190218,-0.59700331571681,4.0,3.0,1.0,0.7206369051333972,0.04635086813787257,-0.5070010087299677,-0.0003276361084297011,-0.71622326840899,-0.010193768189542944,-0.5652711688173779,-0.011230277813107344,-0.012636003357084376,0.02942147698136416,0.030360021174432483,12.9,12.9,83.39999999999999,1009.2714285714285,,0.0,0.0,6.0,8.69,8.69,0.0,1014.5142857142857,,0.0,0.0,0.0,17.17,17.17,4.4,1023.1714285714286,,0.0,0.0,1.0,4.4355674016019115,0.0,1.6863989535702288,15.65,0.0025591824588216613,15.65,0.0,0.0
2025-11-07,Xingang,Paradip,Panamax,44000.0,15.66,Xingang->Paradip,Panamax,2.751109690562657,0.003197956035316293,0.003197956035316293,-0.03390155167568134,,15.58,0.32873494895837646,0.020823582070843102,0.005121650120054924,-0.5950623037626408,5.0,3.0,1.0,0.7206369051333972,0.04635086813787257,-0.5070010087299677,-0.0003276361084297011,-0.71622326840899,-0.010193768189542944,-0.5652711688173779,-0.011230277813107344,0.06783927315048867,0.08995382826882066,0.030997524585593173,9.4,9.4,0.30000000000000004,1009.9571428571428,,0.0,0.0,0.0,8.53,8.53,0.0,1015.2571428571429,,0.0,0.0,0.0,13.39,13.39,2.3000000000000003,1024.357142857143,,0.0,0.0,1.0,0.26236426446749106,0.0,1.1939224684724346,15.53,-0.008336053402061375,15.53,0.0,0.13000000000000078
2025-11-14,Xingang,Paradip,Panamax,44000.0,15.65,Xingang->Paradip,Panamax,2.750470916986162,-0.0006387735764947879,0.0025591824588216613,0.013509372389532159,,15.6325,0.30450584481058685,0.019312683824174212,0.0011188365268463834,-0.5965289037949355,6.0,3.0,1.0,0.7206369051333972,0.04635086813787257,-0.5070010087299677,-0.0003276361084297011,-0.71622326840899,-0.010193768189542944,-0.5652711688173779,-0.011230277813107344,0.009931507500916713,0.03788513484694538,0.017082731033072552,8.69,8.69,0.0,1014.5142857142857,,0.0,0.0,0.0,9.72,9.72,0.0,1015.0714285714286,,0.0,0.0,0.0,11.29,11.29,0.0,1023.4285714285714,,0.0,0.0,0.0,0.0,0.0,0.0,15.37,-0.018053359435657765,15.37,0.0,0.28000000000000114
2025-11-21,Xingang,Paradip,Panamax,44000.0,15.53,Xingang->Paradip,Panamax,2.7427736371605955,-0.0076972798255666,-0.008336053402061375,-0.005138097366745041,,15.6125,0.2941209663678238,0.018689179753316843,-0.0052982382911004305,-0.6004304384670696,7.0,3.0,1.0,0.7206369051333972,0.04635086813787257,-0.5070010087299677,-0.0003276361084297011,-0.71622326840899,-0.010193768189542944,-0.5652711688173779,-0.011230277813107344,0.06820825002653357,0.1333430273208545,0.015410505383491998,8.53,8.53,0.0,1015.2571428571429,,0.0,0.0,0.0,10.21,10.21,0.0,1015.8285714285714,,0.0,0.0,0.0,11.83,11.83,0.0,1024.4714285714285,,0.0,0.0,0.0,0.0,0.0,0.0,15.4,-0.008406127741012149,15.37,0.0,0.16000000000000014
2025-11-28,Xingang,Paradip,Panamax,44000.0,15.37,Xingang->Paradip,Panamax,2.7324175575505043,-0.010356079610091164,-0.018053359435657765,-0.015494176976836232,-0.05259368468783392,15.5525,0.25088059197269746,0.016047371358291995,-0.011803839856533414,-0.6016255535950075,8.0,3.0,1.0,0.7206369051333972,0.04635086813787257,-0.5070010087299677,-0.0003276361084297011,-0.71622326840899,-0.010193768189542944,-0.5652711688173779,-0.011230277813107344,0.11802720608855737,0.26400623676649637,0.016462898601555614,9.72,9.72,0.0,1015.0714285714286,,0.0,0.0,0.0,8.37,8.37,0.0,1015.4857142857143,,0.0,0.0,0.0,12.85,12.85,1.7,1018.3285714285714,,0.0,0.0,1.0,0.0,0.0,0.9932517730102833,14.75,-0.04117447476467559,14.75,1.0,0.6199999999999992
2025-12-05,Xingang,Paradip,Panamax,44000.0,15.4,Xingang->Paradip,Panamax,2.7343675094195836,0.0019499518690791566,-0.008406127741012149,-0.016742181143073524,-0.0506437328187548,15.487499999999999,0.11624327937562529,0.007483272189627442,-0.005665737535677308,-0.6018882550535989,9.0,3.0,1.0,0.7206369051333972,0.04635086813787257,-0.5070010087299677,-0.0003276361084297011,-0.71622326840899,-0.010193768189542944,-0.5652711688173779,-0.011230277813107344,0.06319484537198032,0.25936180898798805,0.025828637638046704,10.21,10.21,0.0,1015.8285714285714,,0.0,0.0,0.0,6.37,6.37,0.0,1015.1142857142858,,0.0,0.0,0.0,12.96,12.96,0.0,1024.9428571428573,,0.0,0.0,0.0,0.0,0.0,0.0,14.35,-0.07061756721395342,14.35,1.0,1.0500000000000007
2025-12-12,Xingang,Paradip,Panamax,44000.0,14.75,Xingang->Paradip,Panamax,2.691243082785829,-0.04312442663375469,-0.04117447476467559,-0.05922783420033336,-0.04571846181080121,15.2625,0.3025014757933298,0.01958255224426799,-0.03415575665099423,-0.6116210796784154,10.0,3.0,1.0,0.7206369051333972,0.04635086813787257,-0.5070010087299677,-0.0003276361084297011,-0.71622326840899,-0.010193768189542944,-0.5652711688173779,-0.011230277813107344,-0.21247459496464213,0.03695570652242912,0.036078065880198615,8.37,8.37,0.0,1015.4857142857143,,0.0,0.0,0.0,7.56,7.56,0.0,1014.842857142857,,0.0,0.0,0.0,13.82,13.82,1.3,1028.142857142857,,0.0,0.0,1.0,0.0,0.0,0.832909122935104,13.85,-0.06295785015248137,13.85,1.0,0.9000000000000004
2025-12-19,Xingang,Paradip,Panamax,44000.0,14.35,Xingang->Paradip,Panamax,2.66374994220563,-0.027493140580198732,-0.07061756721395342,-0.07902369495496557,-0.08416179232171059,14.9675,0.48109993021943215,0.031465005246529246,-0.04213124161173996,-0.609060233693151,11.0,3.0,1.0,0.7206369051333972,0.04635086813787257,-0.5070010087299677,-0.0003276361084297011,-0.71622326840899,-0.010193768189542944,-0.5652711688173779,-0.011230277813107344,-0.08614595071320094,-0.11739849421730528,0.03652203634583283,6.37,6.37,0.0,1015.1142857142858,,0.0,0.0,0.0,8.1,8.1,1.5,1015.1857142857143,,0.0,0.0,1.0,12.42,12.42,0.0,1024.8714285714284,,0.0,0.0,0.0,0.0,0.9162907318741551,0.0,13.23,-0.08126296407876575,13.23,1.0,1.1199999999999992
2025-12-26,Xingang,Paradip,Panamax,44000.0,13.85,Xingang->Paradip,Panamax,2.6282852326333477,-0.035464709572282656,-0.06295785015248137,-0.10413232491715696,-0.11962650189399322,14.5875,0.6765669642709851,0.0448949544970793,-0.051879764979326885,-0.609626199206359,12.0,3.0,1.0,0.7206369051333972,0.04635086813787257,-0.5070010087299677,-0.0003276361084297011,-0.71622326840899,-0.010193768189542944,-0.5652711688173779,-0.011230277813107344,-0.12221291797817364,-0.24621055963474445,0.0355793086188129,7.56,7.56,0.0,1014.842857142857,,0.0,0.0,0.0,8.96,8.96,0.0,1018.5428571428572,,0.0,0.0,0.0,11.5,11.5,1.7000000000000002,1024.6857142857143,,0.0,0.0,1.0,0.0,0.0,0.9932517730102834,13.16,-0.05110330673617629,13.16,1.0,0.6899999999999995
2026-01-02,Xingang,Paradip,Panamax,44000.0,13.23,Xingang->Paradip,Panamax,2.5824869781268642,-0.04579825450648316,-0.08126296407876575,-0.1518805312927191,-0.1686227124357927,14.045,0.8866943022904139,0.06004871259056388,-0.05977948242934261,-0.6199933284572143,13.0,3.0,1.0,0.7206369051333972,0.04635086813787257,-0.5070010087299677,-0.0003276361084297011,-0.71622326840899,-0.010193768189542944,-0.5652711688173779,-0.011230277813107344,-0.09569654125025925,-0.2759235190137029,0.03420926286602914,8.1,8.1,1.5,1015.1857142857143,,0.0,0.0,1.0,9.34,9.34,0.0,1015.2714285714285,,0.0,0.0,0.0,9.23,9.23,0.0,1030.3714285714286,,0.0,0.0,0.0,0.9162907318741551,0.0,0.0,13.38,0.011274076573218161,13.16,0.0,0.07000000000000028
2026-01-09,Xingang,Paradip,Panamax,44000.0,13.16,Xingang->Paradip,Panamax,2.5771819258971713,-0.005305052229693229,-0.05110330673617629,-0.11406115688865764,-0.1732889910889911,13.6475,0.9656677926255399,0.06680510498966033,-0.036374428776604524,-0.6221005386849598,14.0,3.0,1.0,0.7206369051333972,0.04635086813787257,-0.5070010087299677,-0.0003276361084297011,-0.71622326840899,-0.010193768189542944,-0.5652711688173779,-0.011230277813107344,-0.10879064498942247,-0.511062562518432,0.018264510939543184,8.96,8.96,0.0,1018.5428571428572,,0.0,0.0,0.0,8.26,8.26,0.0,1016.0857142857143,,0.0,0.0,0.0,13.88,13.88,0.0,1022.6714285714286,,0.0,0.0,0.0,0.0,0.0,0.0,13.74,0.04312936089703224,13.38,0.0,0.0
2026-01-16,Xingang,Paradip,Panamax,44000.0,13.38,Xingang->Paradip,Panamax,2.5937610547000824,0.016579128802911264,0.011274076573218161,-0.06998888750554766,-0.14901258246051327,13.405000000000001,0.9219379821100436,0.06498813866314519,-0.0018667169878402356,-0.6152447060529482,15.0,3.0,1.0,0.7206369051333972,0.04635086813787257,-0.5070010087299677,-0.0003276361084297011,-0.71622326840899,-0.010193768189542944,-0.5652711688173779,-0.011230277813107344,-0.07438143279988157,-0.3811340553332952,0.016750917249105456,9.34,9.34,0.0,1015.2714285714285,,0.0,0.0,0.0,8.1,8.1,0.0,1017.342857142857,,0.0,0.0,0.0,14.85,14.85,0.3,1023.1428571428571,,0.0,0.0,0.0,0.0,0.0,0.262364264467491,14.37,0.07138164539085105,13.74,0.0,0.0
2026-01-23,Xingang,Paradip,Panamax,44000.0,13.74,Xingang->Paradip,Panamax,2.620311286794203,0.02655023209412075,0.04312936089703224,-0.007973945839144228,-0.11210627075630113,13.3775,0.7942246893309558,0.05680133662298987,0.02673709559088061,-0.6095385762291357,16.0,3.0,1.0,0.7206369051333972,0.04635086813787257,-0.5070010087299677,-0.0003276361084297011,-0.71622326840899,-0.010193768189542944,-0.5652711688173779,-0.011230277813107344,0.11728656414010392,-0.1615820548994593,0.02789935154437591,8.26,8.26,0.0,1016.0857142857143,,0.0,0.0,0.0,7.99,7.99,0.0,1016.657142857143,,0.0,0.0,0.0,8.26,8.26,0.0,1033.2,,0.0,0.0,0.0,0.0,0.0,0.0,14.39,0.04622223410507326,14.37,0.0,0.0
2026-01-30,Xingang,Paradip,Panamax,44000.0,14.37,Xingang->Paradip,Panamax,2.6651427000909336,0.04483141329673011,0.07138164539085105,0.08265572196406919,-0.06922480932865004,13.662500000000001,0.588434666843187,0.04247475714829465,0.050487846588276354,-0.592402322675254,17.0,3.0,1.0,0.7206369051333972,0.04635086813787257,-0.5070010087299677,-0.0003276361084297011,-0.71622326840899,-0.010193768189542944,-0.5652711688173779,-0.011230277813107344,0.1980876491326305,0.13220213548343046,0.04014145211869005,8.1,8.1,0.0,1017.342857142857,,0.0,0.0,0.0,8.37,8.37,0.3,1015.0142857142857,,0.0,0.0,0.0,10.15,10.15,0.0,1032.1142857142856,,0.0,0.0,0.0,0.0,0.262364264467491,0.0,14.47,0.006934840552458953,14.39,0.0,0.0
2026-02-06,Xingang,Paradip,Panamax,44000.0,14.39,Xingang->Paradip,Panamax,2.6665335208992764,0.0013908208083430271,0.04622223410507326,0.08935159500210543,-0.02470956188655233,13.969999999999999,0.5198746414830581,0.0376482043257397,0.029621347630406067,-0.5938631965507142,18.0,3.0,1.0,0.7206369051333972,0.04635086813787257,-0.5070010087299677,-0.0003276361084297011,-0.71622326840899,-0.010193768189542944,-0.5652711688173779,-0.011230277813107344,-0.11065071003997562,0.13034207043287735,0.04082953992894732,7.99,7.99,0.0,1016.657142857143,,0.0,0.0,0.0,8.75,8.75,0.0,1012.9857142857143,,0.0,0.0,0.0,13.98,13.98,0.0,1028.1571428571428,,0.0,0.0,0.0,0.0,0.0,0.0,14.47,0.0055440197441161175,14.47,0.0,0.0
2026-02-13,Xingang,Paradip,Panamax,44000.0,14.47,Xingang->Paradip,Panamax,2.6720775406433925,0.0055440197441161175,0.006934840552458953,0.07831648594331014,0.008327598437762354,14.242500000000001,0.5390981225289893,0.03899796527924689,0.015847088270978957,-0.6041768403125971,19.0,3.0,1.0,0.7206369051333972,0.04635086813787257,-0.5070010087299677,-0.0003276361084297011,-0.71622326840899,-0.010193768189542944,-0.5652711688173779,-0.011230277813107344,0.07992269567219219,0.28464619890495124,0.04100131442838908,8.37,8.37,0.3,1015.0142857142857,,0.0,0.0,0.0,11.45,11.45,6.7,1009.5,,0.0,0.0,2.0,11.83,11.83,0.0,1020.2428571428571,,0.0,0.0,0.0,0.262364264467491,2.0412203288596382,0.0,14.62,0.010312913678239765,14.47,0.0,0.0
2026-02-20,Xingang,Paradip,Panamax,44000.0,14.47,Xingang->Paradip,Panamax,2.6720775406433925,0.0,0.0055440197441161175,0.051766253849189245,0.04379230801004496,14.425,0.5859409404660861,0.04215023400529349,0.003114728249229164,-0.612318004050683,20.0,3.0,1.0,0.7206369051333972,0.04635086813787257,-0.5070010087299677,-0.0003276361084297011,-0.71622326840899,-0.010193768189542944,-0.5652711688173779,-0.011230277813107344,-0.019389846443349974,0.14796978832149715,0.03882977897325752,8.75,8.75,0.0,1012.9857142857143,,0.0,0.0,0.0,9.56,9.56,4.4,1010.3285714285714,,0.0,0.0,2.0,14.2,14.2,0.0,1016.2714285714286,,0.0,0.0,0.0,0.0,1.6863989535702288,0.0,17.94,0.2149553159872576,14.62,0.0,0.0
2026-02-27,Xingang,Paradip,Panamax,44000.0,14.62,Xingang->Paradip,Panamax,2.6823904543216326,0.010312913678239765,0.010312913678239765,0.01724775423069882,0.09990347619476794,14.487499999999999,0.5641428390550914,0.0400811963804683,0.009104245655762294,-0.6067147415526475,21.0,3.0,1.0,0.7206369051333972,0.04635086813787257,-0.5070010087299677,-0.0003276361084297011,-0.71622326840899,-0.010193768189542944,-0.5652711688173779,-0.011230277813107344,0.04638651319827518,-0.0037313476128581356,0.025547894639641817,11.45,11.45,6.7,1009.5,,0.0,0.0,2.0,14.69,14.69,2.4,1010.842857142857,,0.0,0.0,1.0,15.44,15.44,4.6000000000000005,1024.4,,0.0,0.0,2.0,2.0412203288596382,1.2237754316221157,1.7227665977411037,21.78,0.39860166318318213,17.94,0.0,0.0
2026-03-06,Xingang,Paradip,Panamax,44000.0,17.94,Xingang->Paradip,Panamax,2.88703285663065,0.2046424023090178,0.2149553159872576,0.2204993357313737,0.3098509307334789,15.375000000000002,1.387327852898719,0.09455292914627493,0.15429004293806842,-0.5679624593137391,22.0,3.0,1.0,0.7206369051333972,0.04635086813787257,-0.5070010087299677,-0.0003276361084297011,-0.71622326840899,-0.010193768189542944,-0.5652711688173779,-0.011230277813107344,-0.06267110696277568,0.0442482554643418,0.02843308737840595,9.56,9.56,4.4,1010.3285714285714,,0.0,0.0,2.0,12.53,12.53,21.6,1010.8285714285714,,0.0,0.0,3.0,11.34,11.34,4.199999999999999,1029.3285714285714,,0.0,0.0,1.0,1.6863989535702288,3.1179499062782403,1.6486586255873816,22.89,0.2436672773338252,21.78,0.0,0.0
2026-03-13,Xingang,Paradip,Panamax,44000.0,21.78,Xingang->Paradip,Panamax,3.0809921175048145,0.19395926087416443,0.39860166318318213,0.4089145768614219,0.48723106280473205,17.2025,2.764539486321108,0.17583332716305344,0.23593739541031655,-0.4994404428904846,23.0,3.0,1.0,0.7206369051333972,0.04635086813787257,-0.5070010087299677,-0.0003276361084297011,-0.71622326840899,-0.010193768189542944,-0.5652711688173779,-0.011230277813107344,0.008915363657952329,-0.026759076549898224,0.029507714238750066,14.69,14.69,2.4,1010.842857142857,,0.0,0.0,1.0,11.93,11.93,2.0,1008.9857142857143,,0.0,0.0,1.0,11.34,11.34,2.4,1028.8999999999999,,0.0,0.0,1.0,1.2237754316221157,1.0986122886681098,1.2237754316221157,22.89,0.04970801645966093,22.89,0.0,0.0
2025-10-31,Xingang,Paradip,Supramax,38000.0,17.34,Xingang->Paradip,Supramax,2.853015971352396,0.0005768676248810656,0.012768600638799739,-0.03846628082779605,,17.4525,0.4236507995979699,0.024117659091311052,-0.00646693351002371,-0.3998121532318857,4.0,3.0,2.0,0.7206369051333972,0.04635086813787257,-0.5070010087299677,-0.0003276361084297011,-0.71622326840899,-0.010193768189542944,-0.5652711688173779,-0.011230277813107344,-0.012636003357084376,0.02942147698136416,0.030360021174432483,12.9,12.9,83.39999999999999,1009.2714285714285,,0.0,0.0,6.0,8.69,8.69,0.0,1014.5142857142857,,0.0,0.0,0.0,17.17,17.17,4.4,1023.1714285714286,,0.0,0.0,1.0,4.4355674016019115,0.0,1.6863989535702288,17.39,0.002879357013795951,17.39,0.0,0.0
2025-11-07,Xingang,Paradip,Supramax,38000.0,17.4,Xingang->Paradip,Supramax,2.856470206220483,0.0034542348680873824,0.004031102492968743,-0.035012045959708575,,17.2975,0.3849372243193248,0.021948335511887764,0.0059082238296541845,-0.3978149634967023,5.0,3.0,2.0,0.7206369051333972,0.04635086813787257,-0.5070010087299677,-0.0003276361084297011,-0.71622326840899,-0.010193768189542944,-0.5652711688173779,-0.011230277813107344,0.06783927315048867,0.08995382826882066,0.030997524585593173,9.4,9.4,0.30000000000000004,1009.9571428571428,,0.0,0.0,0.0,8.53,8.53,0.0,1015.2571428571429,,0.0,0.0,0.0,13.39,13.39,2.3000000000000003,1024.357142857143,,0.0,0.0,1.0,0.26236426446749106,0.0,1.1939224684724346,17.24,-0.009237940984936362,17.24,0.0,0.16000000000000014
2025-11-14,Xingang,Paradip,Supramax,38000.0,17.39,Xingang->Paradip,Supramax,2.855895328366192,-0.0005748778542915523,0.002879357013795951,0.015647957652595506,,17.365,0.35584239421942,0.020313951716978796,0.0014386421701544536,-0.3985575032736115,6.0,3.0,2.0,0.7206369051333972,0.04635086813787257,-0.5070010087299677,-0.0003276361084297011,-0.71622326840899,-0.010193768189542944,-0.5652711688173779,-0.011230277813107344,0.009931507500916713,0.03788513484694538,0.017082731033072552,8.69,8.69,0.0,1014.5142857142857,,0.0,0.0,0.0,9.72,9.72,0.0,1015.0714285714286,,0.0,0.0,0.0,11.29,11.29,0.0,1023.4285714285714,,0.0,0.0,0.0,0.0,0.0,0.0,17.04,-0.020331806965022084,17.04,1.0,0.3500000000000014
2025-11-21,Xingang,Paradip,Supramax,38000.0,17.24,Xingang->Paradip,Supramax,2.847232265235547,-0.008663063130644777,-0.009237940984936362,-0.005206838491967642,,17.342499999999998,0.343708763760417,0.0196601609472568,-0.005927871041772241,-0.40236127988277204,7.0,3.0,2.0,0.7206369051333972,0.04635086813787257,-0.5070010087299677,-0.0003276361084297011,-0.71622326840899,-0.010193768189542944,-0.5652711688173779,-0.011230277813107344,0.06820825002653357,0.1333430273208545,0.015410505383491998,8.53,8.53,0.0,1015.2571428571429,,0.0,0.0,0.0,10.21,10.21,0.0,1015.8285714285714,,0.0,0.0,0.0,11.83,11.83,0.0,1024.4714285714285,,0.0,0.0,0.0,0.0,0.0,0.0,17.07,-0.009909728429197672,17.04,0.0,0.1999999999999993
2025-11-28,Xingang,Paradip,Supramax,38000.0,17.04,Xingang->Paradip,Supramax,2.8355635214011694,-0.011668743834377378,-0.020331806965022084,-0.017452449951226166,-0.05591873077902226,17.2675,0.29611773720213896,0.01705747334113704,-0.013262600579821199,-0.40545366399292293,8.0,3.0,2.0,0.7206369051333972,0.04635086813787257,-0.5070010087299677,-0.0003276361084297011,-0.71622326840899,-0.010193768189542944,-0.5652711688173779,-0.011230277813107344,0.11802720608855737,0.26400623676649637,0.016462898601555614,9.72,9.72,0.0,1015.0714285714286,,0.0,0.0,0.0,8.37,8.37,0.0,1015.4857142857143,,0.0,0.0,0.0,12.85,12.85,1.7,1018.3285714285714,,0.0,0.0,1.0,0.0,0.0,0.9932517730102833,16.37,-0.04011313001812607,16.37,1.0,0.6699999999999982
2025-12-05,Xingang,Paradip,Supramax,38000.0,17.07,Xingang->Paradip,Supramax,2.837322536806349,0.0017590154051796245,-0.009909728429197672,-0.01914766941413397,-0.05415971537384255,17.185,0.1461347225776908,0.008475877478587157,-0.006714373495447845,-0.40570869140209576,9.0,3.0,2.0,0.7206369051333972,0.04635086813787257,-0.5070010087299677,-0.0003276361084297011,-0.71622326840899,-0.010193768189542944,-0.5652711688173779,-0.011230277813107344,0.06319484537198032,0.25936180898798805,0.025828637638046704,10.21,10.21,0.0,1015.8285714285714,,0.0,0.0,0.0,6.37,6.37,0.0,1015.1142857142858,,0.0,0.0,0.0,12.96,12.96,0.0,1024.9428571428573,,0.0,0.0,0.0,0.0,0.0,0.0,15.92,-0.06974635639011237,15.92,1.0,1.1500000000000004
2025-12-12,Xingang,Paradip,Supramax,38000.0,16.37,Xingang->Paradip,Supramax,2.7954503913830435,-0.04187214542330563,-0.04011313001812607,-0.06044493698314811,-0.0447969793305525,16.93,0.343001457722852,0.020003000887759265,-0.033636804762000344,-0.4157714932766954,10.0,3.0,2.0,0.7206369051333972,0.04635086813787257,-0.5070010087299677,-0.0003276361084297011,-0.71622326840899,-0.010193768189542944,-0.5652711688173779,-0.011230277813107344,-0.21247459496464213,0.03695570652242912,0.036078065880198615,8.37,8.37,0.0,1015.4857142857143,,0.0,0.0,0.0,7.56,7.56,0.0,1014.842857142857,,0.0,0.0,0.0,13.82,13.82,1.3,1028.142857142857,,0.0,0.0,1.0,0.0,0.0,0.832909122935104,15.42,-0.05978502324786014,15.42,1.0,0.9500000000000011
2025-12-19,Xingang,Paradip,Supramax,38000.0,15.92,Xingang->Paradip,Supramax,2.767576180416237,-0.027874210966806694,-0.06974635639011237,-0.07965608481931004,-0.08486292331127764,16.6,0.5409630961799275,0.03187526529748413,-0.04182651494626064,-0.4170211035622091,11.0,3.0,2.0,0.7206369051333972,0.04635086813787257,-0.5070010087299677,-0.0003276361084297011,-0.71622326840899,-0.010193768189542944,-0.5652711688173779,-0.011230277813107344,-0.08614595071320094,-0.11739849421730528,0.03652203634583283,6.37,6.37,0.0,1015.1142857142858,,0.0,0.0,0.0,8.1,8.1,1.5,1015.1857142857143,,0.0,0.0,1.0,12.42,12.42,0.0,1024.8714285714284,,0.0,0.0,0.0,0.0,0.9162907318741551,0.0,14.76,-0.07565536124391056,14.76,1.0,1.1600000000000001
2025-12-26,Xingang,Paradip,Supramax,38000.0,15.42,Xingang->Paradip,Supramax,2.7356653681351832,-0.031910812281053524,-0.05978502324786014,-0.09989815326598622,-0.1173506032172124,16.195,0.7423983816946663,0.04437196155067113,-0.04903718448810923,-0.4218013499377471,12.0,3.0,2.0,0.7206369051333972,0.04635086813787257,-0.5070010087299677,-0.0003276361084297011,-0.71622326840899,-0.010193768189542944,-0.5652711688173779,-0.011230277813107344,-0.12221291797817364,-0.24621055963474445,0.0355793086188129,7.56,7.56,0.0,1014.842857142857,,0.0,0.0,0.0,8.96,8.96,0.0,1018.5428571428572,,0.0,0.0,0.0,11.5,11.5,1.7000000000000002,1024.6857142857143,,0.0,0.0,1.0,0.0,0.0,0.9932517730102834,14.67,-0.049860775980293134,14.67,1.0,0.75
2026-01-02,Xingang,Paradip,Supramax,38000.0,14.76,Xingang->Paradip,Supramax,2.6919208191723265,-0.04374454896285695,-0.07565536124391056,-0.14540171763402282,-0.16454938704815686,15.617500000000001,0.9580849574616485,0.058415362088965694,-0.05647126121326158,-0.4304539628419941,13.0,3.0,2.0,0.7206369051333972,0.04635086813787257,-0.5070010087299677,-0.0003276361084297011,-0.71622326840899,-0.010193768189542944,-0.5652711688173779,-0.011230277813107344,-0.09569654125025925,-0.2759235190137029,0.03420926286602914,8.1,8.1,1.5,1015.1857142857143,,0.0,0.0,1.0,9.34,9.34,0.0,1015.2714285714285,,0.0,0.0,0.0,9.23,9.23,0.0,1030.3714285714286,,0.0,0.0,0.0,0.9162907318741551,0.0,0.0,14.96,0.01345915337400471,14.67,0.0,0.08999999999999986
2026-01-09,Xingang,Paradip,Supramax,38000.0,14.67,Xingang->Paradip,Supramax,2.6858045921548905,-0.006116227017436094,-0.049860775980293134,-0.10964579922815322,-0.1700907362113013,15.192499999999999,1.0364973640652877,0.06453404087884117,-0.0349972928724828,-0.43273898121539656,14.0,3.0,2.0,0.7206369051333972,0.04635086813787257,-0.5070010087299677,-0.0003276361084297011,-0.71622326840899,-0.010193768189542944,-0.5652711688173779,-0.011230277813107344,-0.10879064498942247,-0.511062562518432,0.018264510939543184,8.96,8.96,0.0,1018.5428571428572,,0.0,0.0,0.0,8.26,8.26,0.0,1016.0857142857143,,0.0,0.0,0.0,13.88,13.88,0.0,1022.6714285714286,,0.0,0.0,0.0,0.0,0.0,0.0,15.66,0.06530509840776674,14.96,0.0,0.0
2026-01-16,Xingang,Paradip,Supramax,38000.0,14.96,Xingang->Paradip,Supramax,2.7053799725463312,0.01957538039144099,0.01345915337400471,-0.06219620786990569,-0.14185229268921568,14.9525,0.977883099937238,0.061984508355105813,0.0005014626097562411,-0.4250507487257127,15.0,3.0,2.0,0.7206369051333972,0.04635086813787257,-0.5070010087299677,-0.0003276361084297011,-0.71622326840899,-0.010193768189542944,-0.5652711688173779,-0.011230277813107344,-0.07438143279988157,-0.3811340553332952,0.016750917249105456,9.34,9.34,0.0,1015.2714285714285,,0.0,0.0,0.0,8.1,8.1,0.0,1017.342857142857,,0.0,0.0,0.0,14.85,14.85,0.3,1023.1428571428571,,0.0,0.0,0.0,0.0,0.0,0.262364264467491,16.4,0.0919013622838215,15.66,0.0,0.0
2026-01-23,Xingang,Paradip,Supramax,38000.0,15.66,Xingang->Paradip,Supramax,2.751109690562657,0.04572971801632572,0.06530509840776674,0.015444322427473556,-0.08445383083851252,15.0125,0.8342821978888747,0.05346677547954015,0.042226503156555094,-0.4102345197051873,16.0,3.0,2.0,0.7206369051333972,0.04635086813787257,-0.5070010087299677,-0.0003276361084297011,-0.71622326840899,-0.010193768189542944,-0.5652711688173779,-0.011230277813107344,0.11728656414010392,-0.1615820548994593,0.02789935154437591,8.26,8.26,0.0,1016.0857142857143,,0.0,0.0,0.0,7.99,7.99,0.0,1016.657142857143,,0.0,0.0,0.0,8.26,8.26,0.0,1033.2,,0.0,0.0,0.0,0.0,0.0,0.0,16.43,0.04799924148651957,16.4,0.0,0.0
2026-01-30,Xingang,Paradip,Supramax,38000.0,16.4,Xingang->Paradip,Supramax,2.797281334830153,0.04617164426749558,0.0919013622838215,0.10536051565782614,-0.04004120197619656,15.4225,0.6866273682698268,0.04424145414109709,0.061453852728496065,-0.39471107750829537,17.0,3.0,2.0,0.7206369051333972,0.04635086813787257,-0.5070010087299677,-0.0003276361084297011,-0.71622326840899,-0.010193768189542944,-0.5652711688173779,-0.011230277813107344,0.1980876491326305,0.13220213548343046,0.04014145211869005,8.1,8.1,0.0,1017.342857142857,,0.0,0.0,0.0,8.37,8.37,0.3,1015.0142857142857,,0.0,0.0,0.0,10.15,10.15,0.0,1032.1142857142856,,0.0,0.0,0.0,0.0,0.262364264467491,0.0,16.53,0.007895577002780188,16.43,0.0,0.0
2026-02-06,Xingang,Paradip,Supramax,38000.0,16.43,Xingang->Paradip,Supramax,2.799108932049177,0.0018275972190240858,0.04799924148651957,0.11330433989428645,0.003658540666133,15.862499999999999,0.6974801584479496,0.04491902485576878,0.03515109900867082,-0.3946344706840583,18.0,3.0,2.0,0.7206369051333972,0.04635086813787257,-0.5070010087299677,-0.0003276361084297011,-0.71622326840899,-0.010193768189542944,-0.5652711688173779,-0.011230277813107344,-0.11065071003997562,0.13034207043287735,0.04082953992894732,7.99,7.99,0.0,1016.657142857143,,0.0,0.0,0.0,8.75,8.75,0.0,1012.9857142857143,,0.0,0.0,0.0,13.98,13.98,0.0,1028.1571428571428,,0.0,0.0,0.0,0.0,0.0,0.0,16.53,0.006067979783756268,16.53,0.0,0.0
2026-02-13,Xingang,Paradip,Supramax,38000.0,16.53,Xingang->Paradip,Supramax,2.805176911832933,0.006067979783756268,0.007895577002780188,0.09979693928660166,0.03760073141669584,16.255,0.7754986874816231,0.049699507328791026,0.0167763580770643,-0.39996296690553956,19.0,3.0,2.0,0.7206369051333972,0.04635086813787257,-0.5070010087299677,-0.0003276361084297011,-0.71622326840899,-0.010193768189542944,-0.5652711688173779,-0.011230277813107344,0.07992269567219219,0.28464619890495124,0.04100131442838908,8.37,8.37,0.3,1015.0142857142857,,0.0,0.0,0.0,11.45,11.45,6.7,1009.5,,0.0,0.0,2.0,11.83,11.83,0.0,1020.2428571428571,,0.0,0.0,0.0,0.262364264467491,2.0412203288596382,0.0,16.72,0.01142869582362263,16.53,0.0,0.0
2026-02-20,Xingang,Paradip,Supramax,38000.0,16.53,Xingang->Paradip,Supramax,2.805176911832933,0.0,0.006067979783756268,0.05406722127027579,0.06951154369774956,16.4725,0.8349465337886735,0.05303773439978869,0.003484588027094991,-0.40547455187872883,20.0,3.0,2.0,0.7206369051333972,0.04635086813787257,-0.5070010087299677,-0.0003276361084297011,-0.71622326840899,-0.010193768189542944,-0.5652711688173779,-0.011230277813107344,-0.019389846443349974,0.14796978832149715,0.03882977897325752,8.75,8.75,0.0,1012.9857142857143,,0.0,0.0,0.0,9.56,9.56,4.4,1010.3285714285714,,0.0,0.0,2.0,14.2,14.2,0.0,1016.2714285714286,,0.0,0.0,0.0,0.0,1.6863989535702288,0.0,20.32,0.20642871087734826,16.72,0.0,0.0
2026-02-27,Xingang,Paradip,Supramax,38000.0,16.72,Xingang->Paradip,Supramax,2.8166056076565553,0.01142869582362263,0.01142869582362263,0.019324272826402842,0.12468478848422908,16.552500000000002,0.791919007402727,0.04953363611588597,0.01006845983969123,-0.4013856323964524,21.0,3.0,2.0,0.7206369051333972,0.04635086813787257,-0.5070010087299677,-0.0003276361084297011,-0.71622326840899,-0.010193768189542944,-0.5652711688173779,-0.011230277813107344,0.04638651319827518,-0.0037313476128581356,0.025547894639641817,11.45,11.45,6.7,1009.5,,0.0,0.0,2.0,14.69,14.69,2.4,1010.842857142857,,0.0,0.0,1.0,15.44,15.44,4.6000000000000005,1024.4,,0.0,0.0,2.0,2.0412203288596382,1.2237754316221157,1.7227665977411037,25.22,0.41103172288021794,20.32,0.0,0.0
2026-03-06,Xingang,Paradip,Supramax,38000.0,20.32,Xingang->Paradip,Supramax,3.011605622710281,0.1950000150537257,0.20642871087734826,0.2124966906611045,0.3258010305553908,17.525,1.5781719759627884,0.09453669642607491,0.14797718978962748,-0.3591101375479351,22.0,3.0,2.0,0.7206369051333972,0.04635086813787257,-0.5070010087299677,-0.0003276361084297011,-0.71622326840899,-0.010193768189542944,-0.5652711688173779,-0.011230277813107344,-0.06267110696277568,0.0442482554643418,0.02843308737840595,9.56,9.56,4.4,1010.3285714285714,,0.0,0.0,2.0,12.53,12.53,21.6,1010.8285714285714,,0.0,0.0,3.0,11.34,11.34,4.199999999999999,1029.3285714285714,,0.0,0.0,1.0,1.6863989535702288,3.1179499062782403,1.6486586255873816,26.38,0.26100052457888734,25.22,0.0,0.0
2026-03-13,Xingang,Paradip,Supramax,38000.0,25.22,Xingang->Paradip,Supramax,3.2276373305367736,0.21603170782649236,0.41103172288021794,0.42246041870384055,0.5222573579904422,19.697499999999998,3.250648012320005,0.1808301515788891,0.24714560639906752,-0.28317544686312024,23.0,3.0,2.0,0.7206369051333972,0.04635086813787257,-0.5070010087299677,-0.0003276361084297011,-0.71622326840899,-0.010193768189542944,-0.5652711688173779,-0.011230277813107344,0.008915363657952329,-0.026759076549898224,0.029507714238750066,14.69,14.69,2.4,1010.842857142857,,0.0,0.0,1.0,11.93,11.93,2.0,1008.9857142857143,,0.0,0.0,1.0,11.34,11.34,2.4,1028.8999999999999,,0.0,0.0,1.0,1.2237754316221157,1.0986122886681098,1.2237754316221157,26.38,0.0449688167523951,26.38,0.0,0.0
2025-10-31,Xingang,Paradip/Haldia,Panamax,44000.0,17.5,Xingang->Paradip/Haldia,Panamax,2.8622008809294686,0.0,0.009761777201953833,-0.034815419685364966,,17.612499999999997,0.377067633190652,0.021286419396559335,-0.006407996295330071,-0.4827141693146819,4.0,3.0,1.0,0.7206369051333972,0.04635086813787257,-0.5070010087299677,-0.0003276361084297011,-0.71622326840899,-0.010193768189542944,-0.5652711688173779,-0.011230277813107344,-0.012636003357084376,0.02942147698136416,0.030360021174432483,12.9,12.9,114.4,1009.5714285714286,,0.0,0.0,11.0,8.69,8.69,0.0,1014.5357142857143,,0.0,0.0,0.0,17.17,17.17,4.4,1023.1714285714286,,0.0,0.0,1.0,4.748404354073999,0.0,1.6863989535702288,17.54,0.00228310601456855,17.54,0.0,0.0
2025-11-07,Xingang,Paradip/Haldia,Panamax,44000.0,17.55,Xingang->Paradip/Haldia,Panamax,2.865053949911875,0.0028530689824064807,0.0028530689824064807,-0.03196235070295845,,17.47,0.34384104854811426,0.01944069253004792,0.004568825765909649,-0.48111804441342265,5.0,3.0,1.0,0.7206369051333972,0.04635086813787257,-0.5070010087299677,-0.0003276361084297011,-0.71622326840899,-0.010193768189542944,-0.5652711688173779,-0.011230277813107344,0.06783927315048867,0.08995382826882066,0.030997524585593173,10.15,10.15,0.30000000000000004,1009.8571428571429,,0.0,0.0,0.0,8.53,8.53,0.0,1015.3642857142858,,0.0,0.0,0.0,13.39,13.39,2.3000000000000003,1024.357142857143,,0.0,0.0,1.0,0.26236426446749106,0.0,1.1939224684724346,17.42,-0.007434978487517978,17.42,0.0,0.129999999999999
2025-11-14,Xingang,Paradip/Haldia,Panamax,44000.0,17.54,Xingang->Paradip/Haldia,Panamax,2.864483986944037,-0.0005699629678378702,0.00228310601456855,0.012044883216522381,,17.5225,0.318740079210692,0.018042863937205597,0.0009982175516940195,-0.48251583383706054,6.0,3.0,1.0,0.7206369051333972,0.04635086813787257,-0.5070010087299677,-0.0003276361084297011,-0.71622326840899,-0.010193768189542944,-0.5652711688173779,-0.011230277813107344,0.009931507500916713,0.03788513484694538,0.017082731033072552,8.69,8.69,0.0,1014.5357142857143,,0.0,0.0,0.0,9.72,9.72,0.0,1015.1357142857142,,0.0,0.0,0.0,11.29,11.29,0.0,1023.4285714285714,,0.0,0.0,0.0,0.0,0.0,0.0,17.25,-0.01667184346666812,17.25,0.0,0.28999999999999915
2025-11-21,Xingang,Paradip/Haldia,Panamax,44000.0,17.42,Xingang->Paradip/Haldia,Panamax,2.857618971424357,-0.006865015519680084,-0.007434978487517978,-0.004581909505111509,,17.5025,0.3076175733415949,0.01744358227057527,-0.004724756444858858,-0.48558510420330814,7.0,3.0,1.0,0.7206369051333972,0.04635086813787257,-0.5070010087299677,-0.0003276361084297011,-0.71622326840899,-0.010193768189542944,-0.5652711688173779,-0.011230277813107344,0.06820825002653357,0.1333430273208545,0.015410505383491998,8.53,8.53,0.0,1015.3642857142858,,0.0,0.0,0.0,10.21,10.21,0.0,1015.907142857143,,0.0,0.0,0.0,11.83,11.83,0.0,1024.4714285714285,,0.0,0.0,0.0,0.0,0.0,0.0,17.28,-0.00806920804844724,17.25,0.0,0.1700000000000017
2025-11-28,Xingang,Paradip/Haldia,Panamax,44000.0,17.25,Xingang->Paradip/Haldia,Panamax,2.847812143477369,-0.009806827946988063,-0.01667184346666812,-0.014388737452099556,-0.049204157137464594,17.44,0.2620761884861513,0.014953352170952216,-0.010954275003464922,-0.4862309676681429,8.0,3.0,1.0,0.7206369051333972,0.04635086813787257,-0.5070010087299677,-0.0003276361084297011,-0.71622326840899,-0.010193768189542944,-0.5652711688173779,-0.011230277813107344,0.11802720608855737,0.26400623676649637,0.016462898601555614,9.72,9.72,0.0,1015.1357142857142,,0.0,0.0,0.0,8.37,8.37,0.0,1015.4857142857143,,0.0,0.0,0.0,12.85,12.85,1.7,1018.3285714285714,,0.0,0.0,1.0,0.0,0.0,0.9932517730102833,16.58,-0.03961499377021991,16.58,1.0,0.6700000000000017
2025-12-05,Xingang,Paradip/Haldia,Panamax,44000.0,17.28,Xingang->Paradip/Haldia,Panamax,2.8495497633759097,0.001737619898540878,-0.00806920804844724,-0.015504186535965199,-0.047466537238923724,17.372500000000002,0.11993301701962154,0.0068842945838916,-0.0053387328304359185,-0.4867060010972728,9.0,3.0,1.0,0.7206369051333972,0.04635086813787257,-0.5070010087299677,-0.0003276361084297011,-0.71622326840899,-0.010193768189542944,-0.5652711688173779,-0.011230277813107344,0.06319484537198032,0.25936180898798805,0.025828637638046704,10.21,10.21,0.0,1015.907142857143,,0.0,0.0,0.0,7.45,7.45,0.0,1015.1428571428571,,0.0,0.0,0.0,12.96,12.96,0.0,1024.9428571428573,,0.0,0.0,0.0,0.0,0.0,0.0,16.15,-0.06762971370724422,16.15,1.0,1.1300000000000026
2025-12-12,Xingang,Paradip/Haldia,Panamax,44000.0,16.58,Xingang->Paradip/Haldia,Panamax,2.8081971497071487,-0.04135261366876081,-0.03961499377021991,-0.056286837236888126,-0.044241954020365834,17.1325,0.3228776858192598,0.018633829797677668,-0.03278009477069287,-0.49466701275709557,10.0,3.0,1.0,0.7206369051333972,0.04635086813787257,-0.5070010087299677,-0.0003276361084297011,-0.71622326840899,-0.010193768189542944,-0.5652711688173779,-0.011230277813107344,-0.21247459496464213,0.03695570652242912,0.036078065880198615,8.37,8.37,0.0,1015.4857142857143,,0.0,0.0,0.0,8.21,8.21,0.0,1014.9499999999999,,0.0,0.0,0.0,13.82,13.82,1.3,1028.142857142857,,0.0,0.0,1.0,0.0,0.0,0.832909122935104,15.62,-0.05964500529560894,15.62,1.0,0.9599999999999991
2025-12-19,Xingang,Paradip/Haldia,Panamax,44000.0,16.15,Xingang->Paradip/Haldia,Panamax,2.7819200496686656,-0.026277100038483363,-0.06762971370724422,-0.0756989217556914,-0.08028083126080286,16.814999999999998,0.5152929125403205,0.0300309120734506,-0.040351295523567345,-0.4908901262301155,11.0,3.0,1.0,0.7206369051333972,0.04635086813787257,-0.5070010087299677,-0.0003276361084297011,-0.71622326840899,-0.010193768189542944,-0.5652711688173779,-0.011230277813107344,-0.08614595071320094,-0.11739849421730528,0.03652203634583283,7.45,7.45,0.0,1015.1428571428571,,0.0,0.0,0.0,8.1,8.1,1.5,1015.3785714285714,,0.0,0.0,1.0,12.42,12.42,0.0,1024.8714285714284,,0.0,0.0,0.0,0.0,0.9162907318741551,0.0,14.95,-0.07720874983197008,14.95,1.0,1.1999999999999993
2025-12-26,Xingang,Paradip/Haldia,Panamax,44000.0,15.62,Xingang->Paradip/Haldia,Panamax,2.7485521444115397,-0.033367905257125546,-0.05964500529560894,-0.09925999906582889,-0.11364873651792846,16.4075,0.7238969441255326,0.04277402727678751,-0.049186402954200834,-0.4893592874281669,12.0,3.0,1.0,0.7206369051333972,0.04635086813787257,-0.5070010087299677,-0.0003276361084297011,-0.71622326840899,-0.010193768189542944,-0.5652711688173779,-0.011230277813107344,-0.12221291797817364,-0.24621055963474445,0.0355793086188129,8.21,8.21,0.0,1014.9499999999999,,0.0,0.0,0.0,9.29,9.29,0.0,1018.6714285714286,,0.0,0.0,0.0,11.5,11.5,1.7000000000000002,1024.6857142857143,,0.0,0.0,1.0,0.0,0.0,0.9932517730102834,14.88,-0.04853411500659405,14.88,1.0,0.7399999999999984
2026-01-02,Xingang,Paradip/Haldia,Panamax,44000.0,14.95,Xingang->Paradip/Haldia,Panamax,2.7047112998366956,-0.04384084457484449,-0.07720874983197008,-0.1448384635392142,-0.1603426500751795,15.824999999999998,0.9506905385034583,0.05727482723117454,-0.056879668193544314,-0.497769006747383,13.0,3.0,1.0,0.7206369051333972,0.04635086813787257,-0.5070010087299677,-0.0003276361084297011,-0.71622326840899,-0.010193768189542944,-0.5652711688173779,-0.011230277813107344,-0.09569654125025925,-0.2759235190137029,0.03420926286602914,8.1,8.1,1.5,1015.3785714285714,,0.0,0.0,1.0,9.34,9.34,0.0,1015.2214285714286,,0.0,0.0,0.0,9.23,9.23,0.0,1030.3714285714286,,0.0,0.0,0.0,0.9162907318741551,0.0,0.0,15.11,0.010645476447952672,14.88,0.0,0.06999999999999851
2026-01-09,Xingang,Paradip/Haldia,Panamax,44000.0,14.88,Xingang->Paradip/Haldia,Panamax,2.700018029404946,-0.0046932704317495565,-0.04853411500659405,-0.10817912030220289,-0.16446595753909105,15.4,1.035814896591081,0.06367877639843732,-0.03434948001463768,-0.4992644351771851,14.0,3.0,1.0,0.7206369051333972,0.04635086813787257,-0.5070010087299677,-0.0003276361084297011,-0.71622326840899,-0.010193768189542944,-0.5652711688173779,-0.011230277813107344,-0.10879064498942247,-0.511062562518432,0.018264510939543184,9.29,9.29,0.0,1018.6714285714286,,0.0,0.0,0.0,8.26,8.26,0.0,1016.0571428571428,,0.0,0.0,0.0,13.88,13.88,0.0,1022.6714285714286,,0.0,0.0,0.0,0.0,0.0,0.0,15.49,0.04017662502383147,15.11,0.0,0.0
2026-01-16,Xingang,Paradip/Haldia,Panamax,44000.0,15.11,Xingang->Paradip/Haldia,Panamax,2.715356776284648,0.015338746879702327,0.010645476447952672,-0.06656327338401724,-0.1422621951397087,15.14,0.9891663156416056,0.06190995560266661,-0.0019834717246546415,-0.4936489844683827,15.0,3.0,1.0,0.7206369051333972,0.04635086813787257,-0.5070010087299677,-0.0003276361084297011,-0.71622326840899,-0.010193768189542944,-0.5652711688173779,-0.011230277813107344,-0.07438143279988157,-0.3811340553332952,0.016750917249105456,9.34,9.34,0.0,1015.2214285714286,,0.0,0.0,0.0,8.32,8.32,0.0,1017.35,,0.0,0.0,0.0,14.85,14.85,0.3,1023.1428571428571,,0.0,0.0,0.0,0.0,0.0,0.262364264467491,16.16,0.06718227680830124,15.49,0.0,0.0
2026-01-23,Xingang,Paradip/Haldia,Panamax,44000.0,15.49,Xingang->Paradip/Haldia,Panamax,2.740194654428777,0.024837878144129192,0.04017662502383147,-0.008357489982762551,-0.10761748904859149,15.1075,0.8519180041026673,0.05406428710789575,0.025003345175200788,-0.4896552085945616,16.0,3.0,1.0,0.7206369051333972,0.04635086813787257,-0.5070010087299677,-0.0003276361084297011,-0.71622326840899,-0.010193768189542944,-0.5652711688173779,-0.011230277813107344,0.11728656414010392,-0.1615820548994593,0.02789935154437591,8.26,8.26,0.0,1016.0571428571428,,0.0,0.0,0.0,9.45,9.45,0.0,1016.6428571428571,,0.0,0.0,0.0,8.26,8.26,0.0,1033.2,,0.0,0.0,0.0,0.0,0.0,0.0,16.18,0.04358125720156828,16.16,0.0,0.0
2026-01-30,Xingang,Paradip/Haldia,Panamax,44000.0,16.16,Xingang->Paradip/Haldia,Panamax,2.7825390530929495,0.04234439866417201,0.06718227680830124,0.07782775325625396,-0.06701071028296031,15.41,0.6287799978643329,0.040261245261042605,0.047522403760924876,-0.47500596967323805,17.0,3.0,1.0,0.7206369051333972,0.04635086813787257,-0.5070010087299677,-0.0003276361084297011,-0.71622326840899,-0.010193768189542944,-0.5652711688173779,-0.011230277813107344,0.1980876491326305,0.13220213548343046,0.04014145211869005,8.32,8.32,0.0,1017.35,,0.0,0.0,0.0,9.45,9.45,0.3,1014.9428571428572,,0.0,0.0,0.0,10.15,10.15,0.0,1032.1142857142856,,0.0,0.0,0.0,0.0,0.262364264467491,0.0,16.27,0.006783868137997171,16.18,0.0,0.0
2026-02-06,Xingang,Paradip/Haldia,Panamax,44000.0,16.18,Xingang->Paradip/Haldia,Panamax,2.7837759116303458,0.0012368585373962004,0.04358125720156828,0.08375788222539986,-0.024421238076803194,15.735,0.5525977612280659,0.03549688525633955,0.02788838111397546,-0.47662080581964483,18.0,3.0,1.0,0.7206369051333972,0.04635086813787257,-0.5070010087299677,-0.0003276361084297011,-0.71622326840899,-0.010193768189542944,-0.5652711688173779,-0.011230277813107344,-0.11065071003997562,0.13034207043287735,0.04082953992894732,9.45,9.45,0.0,1016.6428571428571,,0.0,0.0,0.0,9.77,9.77,0.0,1012.907142857143,,0.0,0.0,0.0,13.98,13.98,0.0,1028.1571428571428,,0.0,0.0,0.0,0.0,0.0,0.0,16.27,0.005547009600600683,16.27,0.0,0.0
2026-02-13,Xingang,Paradip/Haldia,Panamax,44000.0,16.27,Xingang->Paradip/Haldia,Panamax,2.7893229212309465,0.005547009600600683,0.006783868137997171,0.07396614494629815,0.007402871562280881,16.025,0.5719577906504111,0.03670513657310515,0.01517291842421284,-0.48693145972504315,19.0,3.0,1.0,0.7206369051333972,0.04635086813787257,-0.5070010087299677,-0.0003276361084297011,-0.71622326840899,-0.010193768189542944,-0.5652711688173779,-0.011230277813107344,0.07992269567219219,0.28464619890495124,0.04100131442838908,9.45,9.45,0.3,1014.9428571428572,,0.0,0.0,0.0,11.45,11.45,12.3,1009.4499999999999,,0.0,0.0,4.0,11.83,11.83,0.0,1020.2428571428571,,0.0,0.0,0.0,0.262364264467491,2.5877640352277083,0.0,16.42,0.009177182793335901,16.27,0.0,0.0
2026-02-20,Xingang,Paradip/Haldia,Panamax,44000.0,16.27,Xingang->Paradip/Haldia,Panamax,2.7893229212309465,0.0,0.005547009600600683,0.04912826680216911,0.04077077681940651,16.22,0.6220229095459312,0.039710982973166144,0.0030778725436796366,-0.4950726234631291,20.0,3.0,1.0,0.7206369051333972,0.04635086813787257,-0.5070010087299677,-0.0003276361084297011,-0.71622326840899,-0.010193768189542944,-0.5652711688173779,-0.011230277813107344,-0.019389846443349974,0.14796978832149715,0.03882977897325752,9.77,9.77,0.0,1012.907142857143,,0.0,0.0,0.0,9.56,9.56,6.699999999999999,1010.4428571428572,,0.0,0.0,3.0,14.2,14.2,0.0,1016.2714285714286,,0.0,0.0,0.0,0.0,2.0412203288596382,0.0,19.94,0.2034048433027459,16.42,0.0,0.0
2026-02-27,Xingang,Paradip/Haldia,Panamax,44000.0,16.42,Xingang->Paradip/Haldia,Panamax,2.7985001040242823,0.009177182793335901,0.009177182793335901,0.015961050931332967,0.09378880418758691,16.285,0.5977039400907337,0.03771597665819427,0.008255665296085412,-0.4906050918499978,21.0,3.0,1.0,0.7206369051333972,0.04635086813787257,-0.5070010087299677,-0.0003276361084297011,-0.71622326840899,-0.010193768189542944,-0.5652711688173779,-0.011230277813107344,0.04638651319827518,-0.0037313476128581356,0.025547894639641817,11.45,11.45,12.3,1009.4499999999999,,0.0,0.0,4.0,16.9,16.9,21.3,1010.8214285714286,,0.0,0.0,4.0,15.44,15.44,4.6000000000000005,1024.4,,0.0,0.0,2.0,2.5877640352277083,3.104586678466073,1.7227665977411037,23.95,0.377468219832642,19.94,0.0,0.0
2026-03-06,Xingang,Paradip/Haldia,Panamax,44000.0,19.94,Xingang->Paradip/Haldia,Panamax,2.9927277645336923,0.19422766050941012,0.2034048433027459,0.20895185290334675,0.2927097351287465,17.225,1.4693438768958824,0.08915921583106082,0.14636594763396993,-0.46226755141069686,22.0,3.0,1.0,0.7206369051333972,0.04635086813787257,-0.5070010087299677,-0.0003276361084297011,-0.71622326840899,-0.010193768189542944,-0.5652711688173779,-0.011230277813107344,-0.06267110696277568,0.0442482554643418,0.02843308737840595,9.56,9.56,6.699999999999999,1010.4428571428572,,0.0,0.0,3.0,13.55,13.55,63.800000000000004,1010.7642857142857,,0.0,0.0,7.0,11.34,11.34,4.199999999999999,1029.3285714285714,,0.0,0.0,1.0,2.0412203288596382,4.171305603358229,1.6486586255873816,25.14,0.23173243862840898,23.95,0.0,0.0
2026-03-13,Xingang,Paradip/Haldia,Panamax,44000.0,23.95,Xingang->Paradip/Haldia,Panamax,3.175968323856924,0.18324055932323183,0.377468219832642,0.38664540262597785,0.46061154757227607,19.145000000000003,2.9098011714106615,0.1654706381240069,0.22392673892766615,-0.40446423653837504,23.0,3.0,1.0,0.7206369051333972,0.04635086813787257,-0.5070010087299677,-0.0003276361084297011,-0.71622326840899,-0.010193768189542944,-0.5652711688173779,-0.011230277813107344,0.008915363657952329,-0.026759076549898224,0.029507714238750066,16.9,16.9,21.3,1010.8214285714286,,0.0,0.0,4.0,11.93,11.93,16.4,1009.0142857142857,,0.0,0.0,4.0,11.34,11.34,2.4,1028.8999999999999,,0.0,0.0,1.0,3.104586678466073,2.856470206220483,1.2237754316221157,25.14,0.04849187930517717,25.14,0.0,0.0
2025-10-31,Xingang,Paradip/Haldia,Supramax,38000.0,18.73,Xingang->Paradip/Haldia,Supramax,2.930126516455997,0.000534045406551155,0.012355784371718104,-0.037206282576295886,,18.8475,0.44235732163037766,0.02332370144629219,-0.006253762647722685,-0.3227016081282845,4.0,3.0,2.0,0.7206369051333972,0.04635086813787257,-0.5070010087299677,-0.0003276361084297011,-0.71622326840899,-0.010193768189542944,-0.5652711688173779,-0.011230277813107344,-0.012636003357084376,0.02942147698136416,0.030360021174432483,12.9,12.9,114.4,1009.5714285714286,,0.0,0.0,11.0,8.69,8.69,0.0,1014.5357142857143,,0.0,0.0,0.0,17.17,17.17,4.4,1023.1714285714286,,0.0,0.0,1.0,4.748404354073999,0.0,1.6863989535702288,18.78,0.002665957324119696,18.78,0.0,0.0
2025-11-07,Xingang,Paradip/Haldia,Supramax,38000.0,18.79,Xingang->Paradip/Haldia,Supramax,2.933324813425374,0.0031982969693767037,0.0037323423759279455,-0.034007985606919186,,18.685,0.40212767458441345,0.021235399115529664,0.005603750487926698,-0.3209603562918115,5.0,3.0,2.0,0.7206369051333972,0.04635086813787257,-0.5070010087299677,-0.0003276361084297011,-0.71622326840899,-0.010193768189542944,-0.5652711688173779,-0.011230277813107344,0.06783927315048867,0.08995382826882066,0.030997524585593173,10.15,10.15,0.30000000000000004,1009.8571428571429,,0.0,0.0,0.0,8.53,8.53,0.0,1015.3642857142858,,0.0,0.0,0.0,13.39,13.39,2.3000000000000003,1024.357142857143,,0.0,0.0,1.0,0.26236426446749106,0.0,1.1939224684724346,18.62,-0.009088541576452808,18.62,0.0,0.16999999999999815
2025-11-14,Xingang,Paradip/Haldia,Supramax,38000.0,18.78,Xingang->Paradip/Haldia,Supramax,2.932792473780117,-0.0005323396452569987,0.002665957324119696,0.015021741695837781,,18.755,0.3718358572837022,0.019658995475724438,0.001332090246266353,-0.3216603578596864,6.0,3.0,2.0,0.7206369051333972,0.04635086813787257,-0.5070010087299677,-0.0003276361084297011,-0.71622326840899,-0.010193768189542944,-0.5652711688173779,-0.011230277813107344,0.009931507500916713,0.03788513484694538,0.017082731033072552,8.69,8.69,0.0,1014.5357142857143,,0.0,0.0,0.0,9.72,9.72,0.0,1015.1357142857142,,0.0,0.0,0.0,11.29,11.29,0.0,1023.4285714285714,,0.0,0.0,0.0,0.0,0.0,0.0,18.41,-0.019898478535130416,18.41,0.0,0.370000000000001
2025-11-21,Xingang,Paradip/Haldia,Supramax,38000.0,18.62,Xingang->Paradip/Haldia,Supramax,2.924236271848921,-0.0085562019311958,-0.009088541576452808,-0.005356199200524847,,18.73,0.3596327491841019,0.019050867391556182,-0.005890244607076138,-0.3253572732693977,7.0,3.0,2.0,0.7206369051333972,0.04635086813787257,-0.5070010087299677,-0.0003276361084297011,-0.71622326840899,-0.010193768189542944,-0.5652711688173779,-0.011230277813107344,0.06820825002653357,0.1333430273208545,0.015410505383491998,8.53,8.53,0.0,1015.3642857142858,,0.0,0.0,0.0,10.21,10.21,0.0,1015.907142857143,,0.0,0.0,0.0,11.83,11.83,0.0,1024.4714285714285,,0.0,0.0,0.0,0.0,0.0,0.0,18.45,-0.00917190136238487,18.41,0.0,0.21000000000000085
2025-11-28,Xingang,Paradip/Haldia,Supramax,38000.0,18.41,Xingang->Paradip/Haldia,Supramax,2.9128939952449864,-0.011342276603934607,-0.019898478535130416,-0.01723252121101065,-0.05443880378730658,18.65,0.3105036231672684,0.016561297322075785,-0.012952150844837978,-0.32812319014910596,8.0,3.0,2.0,0.7206369051333972,0.04635086813787257,-0.5070010087299677,-0.0003276361084297011,-0.71622326840899,-0.010193768189542944,-0.5652711688173779,-0.011230277813107344,0.11802720608855737,0.26400623676649637,0.016462898601555614,9.72,9.72,0.0,1015.1357142857142,,0.0,0.0,0.0,8.37,8.37,0.0,1015.4857142857143,,0.0,0.0,0.0,12.85,12.85,1.7,1018.3285714285714,,0.0,0.0,1.0,0.0,0.0,0.9932517730102833,17.71,-0.038764543450244306,17.71,1.0,0.6999999999999993
2025-12-05,Xingang,Paradip/Haldia,Supramax,38000.0,18.45,Xingang->Paradip/Haldia,Supramax,2.915064370486536,0.0021703752415496605,-0.00917190136238487,-0.01826044293883772,-0.052268428545756945,18.565,0.15297058540778743,0.008213185793706708,-0.006213717142507334,-0.3279668577219086,9.0,3.0,2.0,0.7206369051333972,0.04635086813787257,-0.5070010087299677,-0.0003276361084297011,-0.71622326840899,-0.010193768189542944,-0.5652711688173779,-0.011230277813107344,0.06319484537198032,0.25936180898798805,0.025828637638046704,10.21,10.21,0.0,1015.907142857143,,0.0,0.0,0.0,7.45,7.45,0.0,1015.1428571428571,,0.0,0.0,0.0,12.96,12.96,0.0,1024.9428571428573,,0.0,0.0,0.0,0.0,0.0,0.0,17.24,-0.0678321052509892,17.24,1.0,1.2100000000000009
2025-12-12,Xingang,Paradip/Haldia,Supramax,38000.0,17.71,Xingang->Paradip/Haldia,Supramax,2.8741294517947424,-0.04093491869179388,-0.038764543450244306,-0.058663021985374736,-0.04364128028953697,18.2975,0.3600372004589064,0.01943389517354599,-0.03263498669850285,-0.33709243286499646,10.0,3.0,2.0,0.7206369051333972,0.04635086813787257,-0.5070010087299677,-0.0003276361084297011,-0.71622326840899,-0.010193768189542944,-0.5652711688173779,-0.011230277813107344,-0.21247459496464213,0.03695570652242912,0.036078065880198615,8.37,8.37,0.0,1015.4857142857143,,0.0,0.0,0.0,8.21,8.21,0.0,1014.9499999999999,,0.0,0.0,0.0,13.82,13.82,1.3,1028.142857142857,,0.0,0.0,1.0,0.0,0.0,0.832909122935104,16.72,-0.05752384413818672,16.72,1.0,0.990000000000002
2025-12-19,Xingang,Paradip/Haldia,Supramax,38000.0,17.24,Xingang->Paradip/Haldia,Supramax,2.847232265235547,-0.026897186559195235,-0.0678321052509892,-0.07700400661337413,-0.08236020581389901,17.9525,0.5670081254141927,0.03091436654612922,-0.04049711576678859,-0.33736501874289937,11.0,3.0,2.0,0.7206369051333972,0.04635086813787257,-0.5070010087299677,-0.0003276361084297011,-0.71622326840899,-0.010193768189542944,-0.5652711688173779,-0.011230277813107344,-0.08614595071320094,-0.11739849421730528,0.03652203634583283,7.45,7.45,0.0,1015.1428571428571,,0.0,0.0,0.0,8.1,8.1,1.5,1015.3785714285714,,0.0,0.0,1.0,12.42,12.42,0.0,1024.8714285714284,,0.0,0.0,0.0,0.0,0.9162907318741551,0.0,16.02,-0.07339432359533382,16.02,1.0,1.2199999999999989
2025-12-26,Xingang,Paradip/Haldia,Supramax,38000.0,16.72,Xingang->Paradip/Haldia,Supramax,2.8166056076565553,-0.03062665757899149,-0.05752384413818672,-0.09628838758843104,-0.11352090879944161,17.53,0.7766963002726016,0.04293511886526267,-0.04730809127658773,-0.340861110416375,12.0,3.0,2.0,0.7206369051333972,0.04635086813787257,-0.5070010087299677,-0.0003276361084297011,-0.71622326840899,-0.010193768189542944,-0.5652711688173779,-0.011230277813107344,-0.12221291797817364,-0.24621055963474445,0.0355793086188129,8.21,8.21,0.0,1014.9499999999999,,0.0,0.0,0.0,9.29,9.29,0.0,1018.6714285714286,,0.0,0.0,0.0,11.5,11.5,1.7000000000000002,1024.6857142857143,,0.0,0.0,1.0,0.0,0.0,0.9932517730102834,15.92,-0.04902942724031852,15.92,1.0,0.7999999999999989
2026-01-02,Xingang,Paradip/Haldia,Supramax,38000.0,16.02,Xingang->Paradip/Haldia,Supramax,2.7738379416402132,-0.04276766601634237,-0.07339432359533382,-0.14122642884632303,-0.1594868717851608,16.9225,1.0041761015166373,0.056593228687094745,-0.05480615576041242,-0.34853684037410737,13.0,3.0,2.0,0.7206369051333972,0.04635086813787257,-0.5070010087299677,-0.0003276361084297011,-0.71622326840899,-0.010193768189542944,-0.5652711688173779,-0.011230277813107344,-0.09569654125025925,-0.2759235190137029,0.03420926286602914,8.1,8.1,1.5,1015.3785714285714,,0.0,0.0,1.0,9.34,9.34,0.0,1015.2214285714286,,0.0,0.0,0.0,9.23,9.23,0.0,1030.3714285714286,,0.0,0.0,0.0,0.9162907318741551,0.0,0.0,16.22,0.01240710704705373,15.92,0.0,0.09999999999999964
2026-01-09,Xingang,Paradip/Haldia,Supramax,38000.0,15.92,Xingang->Paradip/Haldia,Supramax,2.767576180416237,-0.006261761223976222,-0.04902942724031852,-0.10655327137850523,-0.16521629336387997,16.474999999999998,1.0881430775145653,0.06258641613427653,-0.03426789997233385,-0.35096739295405,14.0,3.0,2.0,0.7206369051333972,0.04635086813787257,-0.5070010087299677,-0.0003276361084297011,-0.71622326840899,-0.010193768189542944,-0.5652711688173779,-0.011230277813107344,-0.10879064498942247,-0.511062562518432,0.018264510939543184,9.29,9.29,0.0,1018.6714285714286,,0.0,0.0,0.0,8.26,8.26,0.0,1016.0571428571428,,0.0,0.0,0.0,13.88,13.88,0.0,1022.6714285714286,,0.0,0.0,0.0,0.0,0.0,0.0,16.96,0.06328144994752001,16.22,0.0,0.0
2026-01-16,Xingang,Paradip/Haldia,Supramax,38000.0,16.22,Xingang->Paradip/Haldia,Supramax,2.7862450486872667,0.018668868271029797,0.01240710704705373,-0.060987216548280106,-0.1379912231616543,16.22,1.0286181785010762,0.06020151750683012,0.0,-0.34418567258477717,15.0,3.0,2.0,0.7206369051333972,0.04635086813787257,-0.5070010087299677,-0.0003276361084297011,-0.71622326840899,-0.010193768189542944,-0.5652711688173779,-0.011230277813107344,-0.07438143279988157,-0.3811340553332952,0.016750917249105456,9.34,9.34,0.0,1015.2214285714286,,0.0,0.0,0.0,8.32,8.32,0.0,1017.35,,0.0,0.0,0.0,14.85,14.85,0.3,1023.1428571428571,,0.0,0.0,0.0,0.0,0.0,0.262364264467491,17.74,0.0895769281941665,16.96,0.0,0.0
2026-01-23,Xingang,Paradip/Haldia,Supramax,38000.0,16.96,Xingang->Paradip/Haldia,Supramax,2.830857630363757,0.04461258167649036,0.06328144994752001,0.014252022707201632,-0.0820363648812294,16.28,0.8788954106474552,0.051990263865569666,0.04092026978936273,-0.33048657990408703,16.0,3.0,2.0,0.7206369051333972,0.04635086813787257,-0.5070010087299677,-0.0003276361084297011,-0.71622326840899,-0.010193768189542944,-0.5652711688173779,-0.011230277813107344,0.11728656414010392,-0.1615820548994593,0.02789935154437591,8.26,8.26,0.0,1016.0571428571428,,0.0,0.0,0.0,9.45,9.45,0.0,1016.6428571428571,,0.0,0.0,0.0,8.26,8.26,0.0,1033.2,,0.0,0.0,0.0,0.0,0.0,0.0,17.76,0.04609110720026709,17.74,0.0,0.0
2026-01-30,Xingang,Paradip/Haldia,Supramax,38000.0,17.74,Xingang->Paradip/Haldia,Supramax,2.8758219768814333,0.04496434651767634,0.0895769281941665,0.10198403524122031,-0.039242393605102774,16.71,0.722533983382701,0.042966415424526935,0.05981463427413086,-0.31617043545701495,17.0,3.0,2.0,0.7206369051333972,0.04635086813787257,-0.5070010087299677,-0.0003276361084297011,-0.71622326840899,-0.010193768189542944,-0.5652711688173779,-0.011230277813107344,0.1980876491326305,0.13220213548343046,0.04014145211869005,8.32,8.32,0.0,1017.35,,0.0,0.0,0.0,9.45,9.45,0.3,1014.9428571428572,,0.0,0.0,0.0,10.15,10.15,0.0,1032.1142857142856,,0.0,0.0,0.0,0.0,0.262364264467491,0.0,17.87,0.007301352289903404,17.76,0.0,0.0
2026-02-06,Xingang,Paradip/Haldia,Supramax,38000.0,17.76,Xingang->Paradip/Haldia,Supramax,2.876948737564024,0.0011267606825906672,0.04609110720026709,0.1093725571477872,0.0028192857692818487,17.17,0.731529708409529,0.04348519592269455,0.03378506265463974,-0.31679466516921106,18.0,3.0,2.0,0.7206369051333972,0.04635086813787257,-0.5070010087299677,-0.0003276361084297011,-0.71622326840899,-0.010193768189542944,-0.5652711688173779,-0.011230277813107344,-0.11065071003997562,0.13034207043287735,0.04082953992894732,9.45,9.45,0.0,1016.6428571428571,,0.0,0.0,0.0,9.77,9.77,0.0,1012.907142857143,,0.0,0.0,0.0,13.98,13.98,0.0,1028.1571428571428,,0.0,0.0,0.0,0.0,0.0,0.0,17.87,0.006174591607312687,17.87,0.0,0.0
2026-02-13,Xingang,Paradip/Haldia,Supramax,38000.0,17.87,Xingang->Paradip/Haldia,Supramax,2.8831233291713367,0.006174591607312687,0.007301352289903404,0.09687828048406986,0.0358910639357897,17.5825,0.8123411932714792,0.048063971201625866,0.016219239971300422,-0.3220165495671359,19.0,3.0,2.0,0.7206369051333972,0.04635086813787257,-0.5070010087299677,-0.0003276361084297011,-0.71622326840899,-0.010193768189542944,-0.5652711688173779,-0.011230277813107344,0.07992269567219219,0.28464619890495124,0.04100131442838908,9.45,9.45,0.3,1014.9428571428572,,0.0,0.0,0.0,11.45,11.45,12.3,1009.4499999999999,,0.0,0.0,4.0,11.83,11.83,0.0,1020.2428571428571,,0.0,0.0,0.0,0.262364264467491,2.5877640352277083,0.0,18.07,0.01112977543280046,17.87,0.0,0.0
2026-02-20,Xingang,Paradip/Haldia,Supramax,38000.0,17.87,Xingang->Paradip/Haldia,Supramax,2.8831233291713367,0.0,0.006174591607312687,0.052265698807579745,0.06651772151478128,17.810000000000002,0.8750183671541754,0.051335779827173675,0.003363231869766232,-0.32752813454032514,20.0,3.0,2.0,0.7206369051333972,0.04635086813787257,-0.5070010087299677,-0.0003276361084297011,-0.71622326840899,-0.010193768189542944,-0.5652711688173779,-0.011230277813107344,-0.019389846443349974,0.14796978832149715,0.03882977897325752,9.77,9.77,0.0,1012.907142857143,,0.0,0.0,0.0,9.56,9.56,6.699999999999999,1010.4428571428572,,0.0,0.0,3.0,14.2,14.2,0.0,1016.2714285714286,,0.0,0.0,0.0,0.0,2.0412203288596382,0.0,21.84,0.2006198217053676,18.07,0.0,0.0
2026-02-27,Xingang,Paradip/Haldia,Supramax,38000.0,18.07,Xingang->Paradip/Haldia,Supramax,2.8942531046041373,0.01112977543280046,0.01112977543280046,0.018431127722703902,0.12041516296392395,17.892500000000002,0.8310309861852415,0.04803300259722514,0.009871473973521453,-0.3237381354488704,21.0,3.0,2.0,0.7206369051333972,0.04635086813787257,-0.5070010087299677,-0.0003276361084297011,-0.71622326840899,-0.010193768189542944,-0.5652711688173779,-0.011230277813107344,0.04638651319827518,-0.0037313476128581356,0.025547894639641817,11.45,11.45,12.3,1009.4499999999999,,0.0,0.0,4.0,16.9,16.9,21.3,1010.8214285714286,,0.0,0.0,4.0,15.44,15.44,4.6000000000000005,1024.4,,0.0,0.0,2.0,2.5877640352277083,3.104586678466073,1.7227665977411037,26.96,0.40010118143996914,21.84,0.0,0.0
2026-03-06,Xingang,Paradip/Haldia,Supramax,38000.0,21.84,Xingang->Paradip/Haldia,Supramax,3.083743150876704,0.1894900462725672,0.2006198217053676,0.2067944133126802,0.3161669704604674,18.9125,1.6538218724258962,0.09166891830809373,0.14392007176222998,-0.2869726093815119,22.0,3.0,2.0,0.7206369051333972,0.04635086813787257,-0.5070010087299677,-0.0003276361084297011,-0.71622326840899,-0.010193768189542944,-0.5652711688173779,-0.011230277813107344,-0.06267110696277568,0.0442482554643418,0.02843308737840595,9.56,9.56,6.699999999999999,1010.4428571428572,,0.0,0.0,3.0,13.55,13.55,63.800000000000004,1010.7642857142857,,0.0,0.0,7.0,11.34,11.34,4.199999999999999,1029.3285714285714,,0.0,0.0,1.0,2.0412203288596382,4.171305603358229,1.6486586255873816,28.19,0.25522415424931694,26.96,0.0,0.0
2026-03-13,Xingang,Paradip/Haldia,Supramax,38000.0,26.96,Xingang->Paradip/Haldia,Supramax,3.2943542860441064,0.21061113516740204,0.40010118143996914,0.41123095687276967,0.5081092373568395,21.185,3.4007265505224877,0.1754421384160695,0.2410609019655838,-0.21645849135578743,23.0,3.0,2.0,0.7206369051333972,0.04635086813787257,-0.5070010087299677,-0.0003276361084297011,-0.71622326840899,-0.010193768189542944,-0.5652711688173779,-0.011230277813107344,0.008915363657952329,-0.026759076549898224,0.029507714238750066,16.9,16.9,21.3,1010.8214285714286,,0.0,0.0,4.0,11.93,11.93,16.4,1009.0142857142857,,0.0,0.0,4.0,11.34,11.34,2.4,1028.8999999999999,,0.0,0.0,1.0,3.104586678466073,2.856470206220483,1.2237754316221157,28.19,0.04461301908191496,28.19,0.0,0.0
